title,price,currency,location,surface_raw,bedrooms_raw,bathrooms_raw,link,image,municipality,surface_m2,bedrooms,bathrooms,price_per_m2
"Departamento En Venta, Atizapán De Zaragoza, 2 Recámaras",3150000,MXN,"San Miguel Xochimanga, Atizapán De Zaragoza, Estado De México",100 m² construidos,2 recámaras,2 baños,https://departamento.mercadolibre.com.mx/MLM-4794579416-departamento-en-venta-atizapan-de-zaragoza-2-recamaras-_JM,https://http2.mlstatic.com/D_NQ_NP_2X_610221-MLM107399354435_022026-E.webp,Atizapan De Zaragoza,100.0,2.0,2.0,31500.0
"Departamento En Venta, Atizapán De Zaragoza, 3 Recámaras",2850000,MXN,"San Miguel Xochimanga, Atizapán De Zaragoza, Estado De México",81 m² construidos,3 recámaras,2 baños,https://departamento.mercadolibre.com.mx/MLM-5205050526-departamento-en-venta-atizapan-de-zaragoza-3-recamaras-_JM,https://http2.mlstatic.com/D_NQ_NP_2X_914896-MLM110568425277_042026-E.webp,Atizapan De Zaragoza,81.0,3.0,2.0,35185.18518518518
Departamento / Venta / Atizapán,2550000,MXN,"San Miguel Xochimanga, Atizapán De Zaragoza, Estado De México",67 m² construidos,2 recámaras,2 baños,https://departamento.mercadolibre.com.mx/MLM-5534035294-departamento-venta-atizapan-_JM,https://http2.mlstatic.com/D_NQ_NP_2X_941813-MLM113357446008_072026-E.webp,Atizapan De Zaragoza,67.0,2.0,2.0,38059.701492537315
Departamento / Venta / Atizapán,2850000,MXN,"San Miguel Xochimanga, Atizapán De Zaragoza, Estado De México",80 m² construidos,3 recámaras,2 baños,https://departamento.mercadolibre.com.mx/MLM-5533130892-departamento-venta-atizapan-_JM,https://http2.mlstatic.com/D_NQ_NP_2X_695861-MLM114606509367_072026-E.webp,Atizapan De Zaragoza,80.0,3.0,2.0,35625.0
Venta O Renta  Lujoso Departamento En Zona Esmeralda (escrituras Gratis Julio),3594000,MXN,"Residencial Lago Esmeralda, Atizapán De Zaragoza, Estado De México",70 m² construidos,2 recámaras,2 baños,https://departamento.mercadolibre.com.mx/MLM-5171438626-venta-o-renta-lujoso-departamento-en-zona-esmeralda-escrituras-gratis-julio-_JM,https://http2.mlstatic.com/D_NQ_NP_2X_843141-MLM115017139125_072026-E.webp,Atizapan De Zaragoza,70.0,2.0,2.0,51342.857142857145
"Venta Departamento Planta Baja En Bosque Esmeralda, Park View, Atizapán.",2450000,MXN,"Residencial Lago Esmeralda, Atizapán De Zaragoza, Estado De México",53 m² construidos,2 recámaras,2 baños,https://departamento.mercadolibre.com.mx/MLM-2801271629-venta-departamento-planta-baja-en-bosque-esmeralda-park-view-atizapan-_JM,https://http2.mlstatic.com/D_NQ_NP_2X_988882-MLM108258129194_032026-E.webp,Atizapan De Zaragoza,53.0,2.0,2.0,46226.41509433962
"Departamento En Venta En Colonia Nuevo Madin, Atizapán De Zaragoza, Estado De México",2450000,MXN,"Lago Ercina M11, Nuevo Madin, Atizapán De Zaragoza, Estado De México",52 m² construidos,2 recámaras,2 baños,https://departamento.mercadolibre.com.mx/MLM-5730685922-departamento-en-venta-en-colonia-nuevo-madin-atizapan-de-zaragoza-estado-de-mexico-_JM,https://http2.mlstatic.com/D_NQ_NP_2X_951753-MLM113401151760_072026-E.webp,Atizapan De Zaragoza,52.0,2.0,2.0,47115.38461538462
Departamento En Venta En Adolfo López Mateos,13044380,MXN,"Blvd. Bellavista, Atizapán De Zaragoza, Estado De México",310 m² construidos,3 recámaras,3 baños,https://departamento.mercadolibre.com.mx/MLM-5495630700-departamento-en-venta-en-adolfo-lopez-mateos-_JM,https://http2.mlstatic.com/D_NQ_NP_2X_677594-MLM113144348475_062026-E.webp,Atizapan De Zaragoza,310.0,3.0,3.0,42078.645161290326
Vendo Departamento  Rincon De La Montaña Atizapan De Zaragoza Estado De Mexico,2950000,MXN,"Nuevo León 18, MZ 1 - 300, Lomas De San Lorenzo, Cdad. López Mateos, Lomas De San Lorenzo, Atizapán De Zaragoza, Estado De México",100 m² construidos,2 recámaras,2 baños,https://departamento.mercadolibre.com.mx/MLM-3240657635-vendo-departamento-rincon-de-la-montana-atizapan-de-zaragoza-estado-de-mexico-_JM,https://http2.mlstatic.com/D_NQ_NP_2X_803667-MLM114201942254_082026-E.webp,Atizapan De Zaragoza,100.0,2.0,2.0,29500.0
Departamento En Venta Planta Baja En Atizapán,3600000,MXN,"Lomas De Atizapan, Ciudad López Mateos, Lomas De Atizapan 1a Secc., Atizapán De Zaragoza, Estado De México",101 m² construidos,3 recámaras,2 baños,https://departamento.mercadolibre.com.mx/MLM-4979691084-departamento-en-venta-planta-baja-en-atizapan-_JM,https://http2.mlstatic.com/D_NQ_NP_2X_670319-MLM107701719006_032026-E.webp,Atizapan De Zaragoza,101.0,3.0,2.0,35643.56435643564
"Departamento En Venta Zona Esmeralda, Preventa 2027",11055000,MXN,"La Estadia, Ciudad López Mateos, Rancho Blanco, Atizapán De Zaragoza, Estado De México",272 m² construidos,3 recámaras,4 baños,https://departamento.mercadolibre.com.mx/MLM-2926898615-departamento-en-venta-zona-esmeralda-preventa-2027-_JM,https://http2.mlstatic.com/D_NQ_NP_2X_943786-MLM110659262736_052026-E.webp,Atizapan De Zaragoza,272.0,3.0,4.0,40643.382352941175
Departamento En Venta Atizapán,4170000,MXN,"C. Coporo 102, Rincon De Los Bosques, 52967 Cdad. López Mateos, Méx., Mexico, Rincón De Los Bosques, Atizapán De Zaragoza, Estado De México",129 m² construidos,3 recámaras,2 baños,https://departamento.mercadolibre.com.mx/MLM-2697959957-departamento-en-venta-atizapan-_JM,https://http2.mlstatic.com/D_NQ_NP_2X_916569-MLM105259577403_012026-E.webp,Atizapan De Zaragoza,129.0,3.0,2.0,32325.581395348836
Departamento En Venta Con 3 Habitaciones En Lomas De Atizapan,3950000,MXN,"Jardines De Atizapán, Atizapán De Zaragoza, Estado De México",93 m² construidos,3 recámaras,2 baños,https://departamento.mercadolibre.com.mx/MLM-2982643541-departamento-en-venta-con-3-habitaciones-en-lomas-de-atizapan-_JM,https://http2.mlstatic.com/D_NQ_NP_2X_862955-MLM111687498456_062026-E.webp,Atizapan De Zaragoza,93.0,3.0,2.0,42473.11827956989
Departamento En Venta Zona Esmeralda,8335000,MXN,"La Estadia, Ciudad López Mateos, Rancho Blanco, Atizapán De Zaragoza, Estado De México",204 m² construidos,3 recámaras,3 baños,https://departamento.mercadolibre.com.mx/MLM-2926894565-departamento-en-venta-zona-esmeralda-_JM,https://http2.mlstatic.com/D_NQ_NP_2X_879746-MLM111611581631_052026-E.webp,Atizapan De Zaragoza,204.0,3.0,3.0,40857.8431372549
Departamento En Preventa En Zona Esmeralda,9015000,MXN,"La Estadia, Ciudad López Mateos, La Estadía, Atizapán De Zaragoza, Estado De México",221 m² construidos,3 recámaras,4 baños,https://departamento.mercadolibre.com.mx/MLM-2927050957-departamento-en-preventa-en-zona-esmeralda-_JM,https://http2.mlstatic.com/D_NQ_NP_2X_687699-MLM111611359541_052026-E.webp,Atizapan De Zaragoza,221.0,3.0,4.0,40791.85520361991
Departamento En Venta En Zona Esmeralda,7223000,MXN,"La Estadia, Ciudad López Mateos, La Estadía, Atizapán De Zaragoza, Estado De México",176 m² construidos,2 recámaras,2 baños,https://departamento.mercadolibre.com.mx/MLM-5332960514-departamento-en-venta-en-zona-esmeralda-_JM,https://http2.mlstatic.com/D_NQ_NP_2X_898801-MLM110658324128_052026-E.webp,Atizapan De Zaragoza,176.0,2.0,2.0,41039.77272727273
Departamento En Venta Zona Esmeralda,7663295,MXN,"GPRM+VW, 52989 Ciudad López Mateos, State Of Mexico, Mexico, Lago Esmeralda, Atizapán De Zaragoza, Estado De México",163 m² construidos,2 recámaras,1 baño,https://departamento.mercadolibre.com.mx/MLM-4667550308-departamento-en-venta-zona-esmeralda-_JM,https://http2.mlstatic.com/D_NQ_NP_2X_706277-MLM107598958863_022026-E.webp,Atizapan De Zaragoza,163.0,2.0,1.0,47014.079754601225
"Departamento En Venta, City Esmeralda",3200000,MXN,"Bosque Esmeralda, Atizapán De Zaragoza, Estado De México",68 m² construidos,2 recámaras,2 baños,https://departamento.mercadolibre.com.mx/MLM-2864887317-departamento-en-venta-city-esmeralda-_JM,https://http2.mlstatic.com/D_NQ_NP_2X_767955-MLM114971904429_072026-E.webp,Atizapan De Zaragoza,68.0,2.0,2.0,47058.82352941176
Departamento En Pre Venta Atizapán,4400000,MXN,"C. Coporo 102, Rincon De Los Bosques, 52967 Cdad. López Mateos, Méx., Mexico, Rincón De Los Bosques, Atizapán De Zaragoza, Estado De México",129 m² construidos,3 recámaras,2 baños,https://departamento.mercadolibre.com.mx/MLM-2698289181-departamento-en-pre-venta-atizapan-_JM,https://http2.mlstatic.com/D_NQ_NP_2X_842631-MLM105259517397_012026-E.webp,Atizapan De Zaragoza,129.0,3.0,2.0,34108.52713178295
"Departamento En Venta En Carretera A Bellavista, Atizapan De Zaragoza, Edo. Mex.",5290000,MXN,"Lomas De Bellavista, Atizapán De Zaragoza, Estado De México",140 m² construidos,3 recámaras,3 baños,https://departamento.mercadolibre.com.mx/MLM-2903128915-departamento-en-venta-en-carretera-a-bellavista-atizapan-de-zaragoza-edo-mex-_JM,https://http2.mlstatic.com/D_NQ_NP_2X_875070-MLM113687566954_072026-E.webp,Atizapan De Zaragoza,140.0,3.0,3.0,37785.71428571428
"Estrena Departamento En Rincón De La Montaña, Atizapán De Zaragoza",3463000,MXN,"Pedro Guzman 48, Rincón De La Montaña, Atizapán De Zaragoza, Estado De México",100 m² construidos,3 recámaras,2 baños,https://departamento.mercadolibre.com.mx/MLM-4956333212-estrena-departamento-en-rincon-de-la-montana-atizapan-de-zaragoza-_JM,https://http2.mlstatic.com/D_NQ_NP_2X_734306-MLM107477194516_032026-E.webp,Atizapan De Zaragoza,100.0,3.0,2.0,34630.0
Amplio Departamento Vilaqua-kinder Copan,3450000,MXN,"El Calvario, Atizapán De Zaragoza, Estado De México",127 m² construidos,3 recámaras,2 baños,https://departamento.mercadolibre.com.mx/MLM-4033373726-amplio-departamento-vilaqua-kinder-copan-_JM,https://http2.mlstatic.com/D_NQ_NP_2X_661988-MLM91214298004_092025-E.webp,Atizapan De Zaragoza,127.0,3.0,2.0,27165.354330708662
Departamento En Venta Barrio Norte Atizapan De Zaragoza Con Elevador,2300000,MXN,"Leandro Valle 3-MZ 029, MZ 029, Barrio Nte, Cdad. López Mateos, Barrio Atizapán, Atizapán De Zaragoza, Estado De México",70 m² construidos,2 recámaras,2 baños,https://departamento.mercadolibre.com.mx/MLM-5717471356-departamento-en-venta-barrio-norte-atizapan-de-zaragoza-con-elevador-_JM,https://http2.mlstatic.com/D_NQ_NP_2X_862029-MLM114563123989_072026-E.webp,Atizapan De Zaragoza,70.0,2.0,2.0,32857.142857142855
Departamento En Venta Atizapán,4500000,MXN,"Ahorro Popular 157, MZ 006, Mexico Nuevo, Cdad. López Mateos, México Nuevo, Atizapán De Zaragoza, Estado De México",146 m² construidos,3 recámaras,2 baños,https://departamento.mercadolibre.com.mx/MLM-2684990973-departamento-en-venta-atizapan-_JM,https://http2.mlstatic.com/D_NQ_NP_2X_963926-MLM104689217561_012026-E.webp,Atizapan De Zaragoza,146.0,3.0,2.0,30821.91780821918
Se Vende Departamento Torre Molinos Jardines De Atizapan,3700000,MXN,"Jardines De Atizapan, Ciudad López Mateos, Adolfo López Mateos, Atizapán De Zaragoza, Estado De México",106 m² construidos,3 recámaras,2 baños,https://departamento.mercadolibre.com.mx/MLM-4846796234-se-vende-departamento-torre-molinos-jardines-de-atizapan-_JM,https://http2.mlstatic.com/D_NQ_NP_2X_954148-MLM107811005447_022026-E.webp,Atizapan De Zaragoza,106.0,3.0,2.0,34905.660377358494
Departamento En Venta Sky View Esmeralda,4400000,MXN,"GPVM+X9 Ciudad López Mateos, State Of Mexico, Mexico, Lago Esmeralda, Atizapán De Zaragoza, Estado De México",92 m² construidos,3 recámaras,2 baños,https://departamento.mercadolibre.com.mx/MLM-2962871069-departamento-en-venta-sky-view-esmeralda-_JM,https://http2.mlstatic.com/D_NQ_NP_2X_871501-MLM112356815105_052026-E.webp,Atizapan De Zaragoza,92.0,3.0,2.0,47826.086956521736
Departamento En Venta Grand Viure/ Bosque Esmeralda/ Seguridad Y Amenidades,10500000,MXN,"Bosque Esmeralda, Atizapán De Zaragoza, Estado De México",224 m² construidos,3 recámaras,3 baños,https://departamento.mercadolibre.com.mx/MLM-5833451506-departamento-en-venta-grand-viure-bosque-esmeralda-seguridad-y-amenidades-_JM,https://http2.mlstatic.com/D_NQ_NP_2X_874742-MLM113946607124_072026-E.webp,Atizapan De Zaragoza,224.0,3.0,3.0,46875.0
"En Venta Departamento En Reserva Escondida, Precio Inmejorable Para Que Los Acabados Sean A Tu Gusto",8500000,MXN,"Av. Parque De Los Ciervos 4, MZ 001, Rancho De San Juan, Cd. Adolfo López Mateos, Rancho San Juan, Atizapán De Zaragoza, Estado De México",253 m² construidos,2 recámaras,3 baños,https://departamento.mercadolibre.com.mx/MLM-4721935860-en-venta-departamento-en-reserva-escondida-precio-inmejorable-para-que-los-acabados-sean-a-tu-gusto-_JM,https://http2.mlstatic.com/D_NQ_NP_2X_838559-MLM105506859744_012026-E.webp,Atizapan De Zaragoza,253.0,2.0,3.0,33596.83794466403
Departamento En Venta Atizapán,5900000,MXN,"Esfuerzo Campesino 53, Mexico Nuevo, 52966 Adolfo López Mateos, Méx., Mexico, México Nuevo, Atizapán De Zaragoza, Estado De México",146 m² construidos,3 recámaras,2 baños,https://departamento.mercadolibre.com.mx/MLM-4661983126-departamento-en-venta-atizapan-_JM,https://http2.mlstatic.com/D_NQ_NP_2X_963926-MLM104689217561_012026-E.webp,Atizapan De Zaragoza,146.0,3.0,2.0,40410.95890410959
"Departamento Ph En Venta Reserva Escondida, Valle Escondido, Atizapan",9500000,MXN,"Rancho San Juan, Atizapán De Zaragoza, Estado De México",256 m² construidos,3 recámaras,3 baños,https://departamento.mercadolibre.com.mx/MLM-5731571560-departamento-ph-en-venta-reserva-escondida-valle-escondido-atizapan-_JM,https://http2.mlstatic.com/D_NQ_NP_2X_907219-MLM113409389274_072026-E.webp,Atizapan De Zaragoza,256.0,3.0,3.0,37109.375
"Departamento En Pre Venta, Cumbre 424, Lago Esmeralda",2310000,MXN,"Residencial Lago Esmeralda, Atizapán De Zaragoza, Estado De México",42 m² construidos,2 recámaras,1 baño,https://departamento.mercadolibre.com.mx/MLM-5113841192-departamento-en-pre-venta-cumbre-424-lago-esmeralda-_JM,https://http2.mlstatic.com/D_NQ_NP_2X_611369-MLM113721056877_062026-E.webp,Atizapan De Zaragoza,42.0,2.0,1.0,55000.0
Gran Oportunidad: Inmueble En Venta En Atizapán De Zaragoza Con Departamentos Rentados,3250000,MXN,"3ra Cerrada Leandro  11, Barrio Norte, Atizapán De Zaragoza, Estado De México",260 m² construidos,4 recámaras,4 baños,https://departamento.mercadolibre.com.mx/MLM-5649492028-gran-oportunidad-inmueble-en-venta-en-atizapan-de-zaragoza-con-departamentos-rentados-_JM,https://http2.mlstatic.com/D_NQ_NP_2X_619097-MLM112999703150_072026-E.webp,Atizapan De Zaragoza,260.0,4.0,4.0,12500.0
"Departamentos En Venta, Jardines De Atizapán Desde $3,150,000.00",3150000,MXN,"Jardines De Atizapán, Atizapán De Zaragoza, Estado De México",125 m² construidos,2 recámaras,2 baños,https://departamento.mercadolibre.com.mx/MLM-5725668122-departamentos-en-venta-jardines-de-atizapan-desde-315000000-_JM,https://http2.mlstatic.com/D_NQ_NP_2X_905215-MLM114676223387_072026-E.webp,Atizapan De Zaragoza,125.0,2.0,2.0,25200.0
"Departamento En Venta En Gran Viure Zona Esmeralda, 3 Habitaciones, Cuarto De Tv, 3 Lugares De Estacionamiento, Gimnasio, Salones De Fiesta, Business Center Y Cancha De Padel",10500000,MXN,"Vialidad Privada Manzana 8 Lote 3, Bosque Esmeralda, Cdad. López Mateos, Bosque Esmeralda, Atizapán De Zaragoza, Estado De México",220 m² construidos,3 recámaras,3 baños,https://departamento.mercadolibre.com.mx/MLM-2821640337-departamento-en-venta-en-gran-viure-zona-esmeralda-3-habitaciones-cuarto-de-tv-3-lugares-de-estacionamiento-gimnasio-salones-de-fiesta-business-center-y-cancha-de-padel-_JM,https://http2.mlstatic.com/D_NQ_NP_2X_974715-MLM109564950715_032026-E.webp,Atizapan De Zaragoza,220.0,3.0,3.0,47727.27272727273
Pent House En Venta En Fuentes De Satélite,4650000,MXN,"Fuentes De Satélite, Atizapán De Zaragoza, Estado De México",180 m² construidos,3 recámaras,2 baños,https://departamento.mercadolibre.com.mx/MLM-2769860489-pent-house-en-venta-en-fuentes-de-satelite-_JM,https://http2.mlstatic.com/D_NQ_NP_2X_973928-MLM93220105783_092025-E.webp,Atizapan De Zaragoza,180.0,3.0,2.0,25833.333333333332
Es Venta De Departamento En Bosque Esmeralda,4100000,MXN,"Bosque Esmeralda, Atizapán De Zaragoza, Estado De México",110 m² construidos,3 recámaras,2 baños,https://departamento.mercadolibre.com.mx/MLM-5561572134-es-venta-de-departamento-en-bosque-esmeralda-_JM,https://http2.mlstatic.com/D_NQ_NP_2X_715210-MLM113674760107_062026-E.webp,Atizapan De Zaragoza,110.0,3.0,2.0,37272.72727272727
"Preventa Departamentos, México Nuevo, Atizapán",3450000,MXN,"México Nuevo, Atizapán De Zaragoza, Estado De México",102 m² construidos,3 recámaras,2 baños,https://departamento.mercadolibre.com.mx/MLM-2836778363-preventa-departamentos-mexico-nuevo-atizapan-_JM,https://http2.mlstatic.com/D_NQ_NP_2X_660168-MLM109099577054_042026-E.webp,Atizapan De Zaragoza,102.0,3.0,2.0,33823.529411764706
Venta De Departamento En Fracc. Veranda Lago Esmeralda,5500000,MXN,"CONJ. HABITACIONAL VERANDA 52989 Cdad. López Mateos, Méx., Mexico, Lago Esmeralda, Atizapán De Zaragoza, Estado De México",172 m² construidos,3 recámaras,4 baños,https://departamento.mercadolibre.com.mx/MLM-5306219834-venta-de-departamento-en-fracc-veranda-lago-esmeralda-_JM,https://http2.mlstatic.com/D_NQ_NP_2X_618293-MLM111365430687_052026-E.webp,Atizapan De Zaragoza,172.0,3.0,4.0,31976.74418604651
Venta Departamento En Reserva Escondida.,10800000,MXN,"Av. Parque De Los Ciervos 123, MZ 001, Valle Escondido Y Club De Golf Valle Escondido, Cdad. López Mateos, Bosque Esmeralda, Atizapán De Zaragoza, Estado De México",198 m² construidos,2 recámaras,3 baños,https://departamento.mercadolibre.com.mx/MLM-2951120727-venta-departamento-en-reserva-escondida-_JM,https://http2.mlstatic.com/D_NQ_NP_2X_619365-MLM111094464488_052026-E.webp,Atizapan De Zaragoza,198.0,2.0,3.0,54545.454545454544
"Vive El Lujo De La Zona Esmeralda En Este Amplisimo Y Confortable Departamento, Ubicado En Edificio De Solo 3 Departamentos (1 Por Piso) En Bosque Esmeralda.",9300000,MXN,"Bosque Esmeralda, Ciudad López Mateos, Bosque Esmeralda, Atizapán De Zaragoza, Estado De México",250 m² construidos,3 recámaras,5 baños,https://departamento.mercadolibre.com.mx/MLM-3014836737-vive-el-lujo-de-la-zona-esmeralda-en-este-amplisimo-y-confortable-departamento-ubicado-en-edificio-de-solo-3-departamentos-1-por-piso-en-bosque-esmeralda-_JM,https://http2.mlstatic.com/D_NQ_NP_2X_681943-MLM113322776703_062026-E.webp,Atizapan De Zaragoza,250.0,3.0,5.0,37200.0
Departamentos En Venta Lago Esmeralda,2500000,MXN,"Vía Dr Jorge Jiménez Cantú, Los Cajones, 52989 Cdad. López Mateos, Méx., Mexico, Nuevo Madin, Atizapán De Zaragoza, Estado De México",45 m² construidos,2 recámaras,1 baño,https://departamento.mercadolibre.com.mx/MLM-3160674891-departamentos-en-venta-lago-esmeralda-_JM,https://http2.mlstatic.com/D_NQ_NP_2X_849592-MLM114852145195_072026-E.webp,Atizapan De Zaragoza,45.0,2.0,1.0,55555.555555555555
Departamento En Venta En Residencial San Mateo | 2 Recámaras Con Opción A 3,2149000,MXN,"Atizapán Centro, Atizapán De Zaragoza, Estado De México",63 m² construidos,2 recámaras,1 baño,https://departamento.mercadolibre.com.mx/MLM-2911334613-departamento-en-venta-en-residencial-san-mateo-2-recamaras-con-opcion-a-3-_JM,https://http2.mlstatic.com/D_NQ_NP_2X_940927-MLM111284797797_052026-E.webp,Atizapan De Zaragoza,63.0,2.0,1.0,34111.11111111111
Hermoso Departamento En Un Fraccionamiento Con Seguridad Y Amenidades,2900000,MXN,"Av Pdte Adolfo López Mateos 45B, MZ 001, Lomas De Atizapan, Cdad. López Mateos, Lomas De Atizapan 1a Secc., Atizapán De Zaragoza, Estado De México",70 m² construidos,2 recámaras,2 baños,https://departamento.mercadolibre.com.mx/MLM-2845773571-hermoso-departamento-en-un-fraccionamiento-con-seguridad-y-amenidades-_JM,https://http2.mlstatic.com/D_NQ_NP_2X_838147-MLM109237156688_042026-E.webp,Atizapan De Zaragoza,70.0,2.0,2.0,41428.57142857143
"Departamento En Venta, Skyview, Zona Esmeralda, Lago Esmeralda, A Estrenar, 91 M2",4110000,MXN,"Lago Esmeralda, Residencial Lago Esmeralda, Atizapán De Zaragoza, Estado De México",92 m² construidos,3 recámaras,2 baños,https://departamento.mercadolibre.com.mx/MLM-4213358502-departamento-en-venta-skyview-zona-esmeralda-lago-esmeralda-a-estrenar-91-m2-_JM,https://http2.mlstatic.com/D_NQ_NP_2X_874072-MLM95238209971_102025-E.webp,Atizapan De Zaragoza,92.0,3.0,2.0,44673.913043478264
"Departamento En Venta, Albar, Lago Esmeralda",2250000,MXN,"Lago Ballen 304, 52989 Lago Esmeralda, Méx., Mexico, Lago Esmeralda, Atizapán De Zaragoza, Estado De México",38 m² construidos,2 recámaras,1 baño,https://departamento.mercadolibre.com.mx/MLM-2746873327-departamento-en-venta-albar-lago-esmeralda-_JM,https://http2.mlstatic.com/D_NQ_NP_2X_959289-MLM106788019856_022026-E.webp,Atizapan De Zaragoza,38.0,2.0,1.0,59210.52631578947
"Departamento En Venta En Coporo, Atizapán De Zaragoza, México",3120000,MXN,"COPORO 64, Cóporo, Atizapán De Zaragoza, Estado De México",140 m² construidos,3 recámaras,2 baños,https://departamento.mercadolibre.com.mx/MLM-4633866712-departamento-en-venta-en-coporo-atizapan-de-zaragoza-mexico-_JM,https://http2.mlstatic.com/D_NQ_NP_2X_664708-MLM103494438342_012026-E.webp,Atizapan De Zaragoza,140.0,3.0,2.0,22285.714285714286
"Departamento En Venta, Para Estrenar Con Vistas Panorámicas, Muy Amplio Y Luminoso. Calle Lincoln, Condado De Sayavedra. - Hain",5200000,MXN,"Priv. De Lincoln, Condado De Sayavedra, Cdad. López Mateos, Condado De Sayavedra, Atizapán De Zaragoza, Estado De México",139 m² construidos,3 recámaras,2 baños,https://departamento.mercadolibre.com.mx/MLM-3227105613-departamento-en-venta-para-estrenar-con-vistas-panoramicas-muy-amplio-y-luminoso-calle-lincoln-condado-de-sayavedra-hain-_JM,https://http2.mlstatic.com/D_NQ_NP_2X_790903-MLM105908548823_012026-E.webp,Atizapan De Zaragoza,139.0,3.0,2.0,37410.07194244604
Departamento En Venta En Lomas De Atizapán Muy Amplio Y Con Estilo Minimalista,3200000,MXN,"Lomas De Atizapán, Atizapán De Zaragoza, Estado De México",122 m² construidos,3 recámaras,2 baños,https://departamento.mercadolibre.com.mx/MLM-5091453044-departamento-en-venta-en-lomas-de-atizapan-muy-amplio-y-con-estilo-minimalista-_JM,https://http2.mlstatic.com/D_NQ_NP_2X_814492-MLM115083744413_072026-E.webp,Atizapan De Zaragoza,122.0,3.0,2.0,26229.508196721312
"Departamento En Venta En Bosque Esmeralda, Atizapán De Zaragoza, México",3650000,MXN,"Cima Esmeralda 0, Bosque Esmeralda, Atizapán De Zaragoza, Estado De México",100 m² construidos,2 recámaras,2 baños,https://departamento.mercadolibre.com.mx/MLM-4635910230-departamento-en-venta-en-bosque-esmeralda-atizapan-de-zaragoza-mexico-_JM,https://http2.mlstatic.com/D_NQ_NP_2X_635051-MLM104016846955_012026-E.webp,Atizapan De Zaragoza,100.0,2.0,2.0,36500.0
Excelente Departamento En Primer Piso En Real Antigua. Zona Esmeralda,8900000,MXN,"Aeropuerto 11454, MZ 041, Valle Escondido Y Club De Golf Valle Escondido, Cdad. López Mateos, Valle Escondido, Atizapán De Zaragoza, Estado De México",253 m² construidos,3 recámaras,3 baños,https://departamento.mercadolibre.com.mx/MLM-2776234773-excelente-departamento-en-primer-piso-en-real-antigua-zona-esmeralda-_JM,https://http2.mlstatic.com/D_NQ_NP_2X_736495-MLM107702869104_032026-E.webp,Atizapan De Zaragoza,253.0,3.0,3.0,35177.865612648224
Departamento En Venta En Bosque Esmeralda,8750000,MXN,"Aeropuerto 11454, Rancho San Juan, Atizapán De Zaragoza, Atizapán De Zaragoza, Estado De México",250 m² construidos,4 recámaras,5 baños,https://departamento.mercadolibre.com.mx/MLM-4829882258-departamento-en-venta-en-bosque-esmeralda-_JM,https://http2.mlstatic.com/D_NQ_NP_2X_867660-MLM107523524175_022026-E.webp,Atizapan De Zaragoza,250.0,4.0,5.0,35000.0
"Departamentos En Preventa, Ubicados En México Nuevo, Residencial Boutique 16 Departamentos. Acceso Inmediato A Servicios, Vialidades Y Zonas Comerciales, Facilidades De Pago",3400000,MXN,"Veracruz, Mexico Nuevo, Cdad. López Mateos, Ciudad Adolfo López Mateos, Atizapán De Zaragoza, Estado De México",102 m² construidos,2 recámaras,2 baños,https://departamento.mercadolibre.com.mx/MLM-5752370260-departamentos-en-preventa-ubicados-en-mexico-nuevo-residencial-boutique-16-departamentos-acceso-inmediato-a-servicios-vialidades-y-zonas-comerciales-facilidades-de-pago-_JM,https://http2.mlstatic.com/D_NQ_NP_2X_834001-MLM104902112181_012026-E.webp,Atizapan De Zaragoza,102.0,2.0,2.0,33333.333333333336
"Departamento En Venta, Ubicado Frente A La Comer Zona Esmeralda, Cerca De Escuelas, Comercios Y Autopista Chamapa-la Venta",3400000,MXN,"Bosque De Arrayan, Bosque Esmeralda, Cdad. López Mateos, Ciudad Adolfo López Mateos, Atizapán De Zaragoza, Estado De México",78 m² construidos,2 recámaras,2 baños,https://departamento.mercadolibre.com.mx/MLM-5752416100-departamento-en-venta-ubicado-frente-a-la-comer-zona-esmeralda-cerca-de-escuelas-comercios-y-autopista-chamapa-la-venta-_JM,https://http2.mlstatic.com/D_NQ_NP_2X_764248-MLM113547755194_072026-E.webp,Atizapan De Zaragoza,78.0,2.0,2.0,43589.743589743586
"Venta De Lujoso Departamento En Venta , Solo Para Exigentes !!",10800000,MXN,"Aeropuerto 11454, MZ 041, Valle Escondido Y Club De Golf Valle Escondido, Cdad. López Mateos, Valle Escondido, Atizapán De Zaragoza, Estado De México",250 m² construidos,3 recámaras,3 baños,https://departamento.mercadolibre.com.mx/MLM-2947593225-venta-de-lujoso-departamento-en-venta-solo-para-exigentes--_JM,https://http2.mlstatic.com/D_NQ_NP_2X_616371-MLM83476049791_042025-E.webp,Atizapan De Zaragoza,250.0,3.0,3.0,43200.0
"Departamento En Venta, Valle Esmeralda, Ubicado Atrás De La Comer Ze, Cerca De Autopista Chamapa-lechería",3300000,MXN,"Bosque De Arrayan, Bosque Esmeralda, Cdad. López Mateos, Ciudad Adolfo López Mateos, Atizapán De Zaragoza, Estado De México",76 m² construidos,2 recámaras,2 baños,https://departamento.mercadolibre.com.mx/MLM-4748235176-departamento-en-venta-valle-esmeralda-ubicado-atras-de-la-comer-ze-cerca-de-autopista-chamapa-lecheria-_JM,https://http2.mlstatic.com/D_NQ_NP_2X_748427-MLM105987335652_022026-E.webp,Atizapan De Zaragoza,76.0,2.0,2.0,43421.05263157895
Moderno Departamento Con Hermosas Amenidades En Venta,3250000,MXN,"Colonia, Lago Garda SN-1, Lago Esmeralda, Lago Esmeralda, Atizapán De Zaragoza, Estado De México",68 m² construidos,2 recámaras,2 baños,https://departamento.mercadolibre.com.mx/MLM-3029685793-moderno-departamento-con-hermosas-amenidades-en-venta-_JM,https://http2.mlstatic.com/D_NQ_NP_2X_932796-MLM113472187233_062026-E.webp,Atizapan De Zaragoza,68.0,2.0,2.0,47794.117647058825
Venta De Casa En   Vila Loma,8350000,MXN,"Blvd. Valle Escondido 22, La Cruz, Cdad. López Mateos, Lomas De Bellavista, Atizapán De Zaragoza, Estado De México",245 m² construidos,3 recámaras,2 baños,https://departamento.mercadolibre.com.mx/MLM-5382715352-venta-de-casa-en-vila-loma-_JM,https://http2.mlstatic.com/D_NQ_NP_2X_943554-MLM92547501152_092025-E.webp,Atizapan De Zaragoza,245.0,3.0,2.0,34081.63265306123
"Departamentos En Preventa En México Nuevo, Atizapán De Zaragoza",3450000,MXN,"México Nuevo, Atizapán De Zaragoza, Estado De México",98 m² construidos,2 recámaras,2 baños,https://departamento.mercadolibre.com.mx/MLM-5512304322-departamentos-en-preventa-en-mexico-nuevo-atizapan-de-zaragoza-_JM,https://http2.mlstatic.com/D_NQ_NP_2X_843123-MLM113322533241_062026-E.webp,Atizapan De Zaragoza,98.0,2.0,2.0,35204.08163265306
Departamento En Venta En Bosque Esmeralda,8250000,MXN,"Bosque De Jade, Bosque Esmeralda, Cdad. López Mateos, Bosque Esmeralda, Atizapán De Zaragoza, Estado De México",150 m² construidos,3 recámaras,2 baños,https://departamento.mercadolibre.com.mx/MLM-2947761301-departamento-en-venta-en-bosque-esmeralda-_JM,https://http2.mlstatic.com/D_NQ_NP_2X_985908-MLM92550942250_092025-E.webp,Atizapan De Zaragoza,150.0,3.0,2.0,55000.0
Departamento En Venta En Bosque Esmeralda,3250000,MXN,"Lago Garda 1, 52989 Cdad. López Mateos, Méx., Mexico, Bosque Esmeralda, Atizapán De Zaragoza, Estado De México",67 m² construidos,2 recámaras,2 baños,https://departamento.mercadolibre.com.mx/MLM-4687077612-departamento-en-venta-en-bosque-esmeralda-_JM,https://http2.mlstatic.com/D_NQ_NP_2X_750989-MLM104711842026_012026-E.webp,Atizapan De Zaragoza,67.0,2.0,2.0,48507.46268656717
Casa En Venta En Esquina Bellavista Atizapán,5450000,MXN,"Blvd. Bellavista, Lomas De Bellavista, Cdad. López Mateos, Rincón De Bellavista, Atizapán De Zaragoza, Estado De México",137 m² construidos,3 recámaras,2 baños,https://departamento.mercadolibre.com.mx/MLM-4756926212-casa-en-venta-en-esquina-bellavista-atizapan-_JM,https://http2.mlstatic.com/D_NQ_NP_2X_724043-MLM113937416808_072026-E.webp,Atizapan De Zaragoza,137.0,3.0,2.0,39781.02189781022
"Excelente Departamento En Venta, Listo Para Habitarse. Seminuevo, Cuenta Con Amenidades Como Gimnasio, Ludoteca, Jardines, Rooftop Con Asadores, Elevador Y Accesos Con Biométricos, Seguridad 24 Horas",2700000,MXN,"C. Lago Ercina MZ 023, Los Cajones, Cdad. López Mateos, Adolfo López Mateos, Atizapán De Zaragoza, Estado De México",52 m² construidos,2 recámaras,2 baños,https://departamento.mercadolibre.com.mx/MLM-3097686097-excelente-departamento-en-venta-listo-para-habitarse-seminuevo-cuenta-con-amenidades-como-gimnasio-ludoteca-jardines-rooftop-con-asadores-elevador-y-accesos-con-biometricos-seguridad-24-horas-_JM,https://http2.mlstatic.com/D_NQ_NP_2X_700675-MLM114264378835_072026-E.webp,Atizapan De Zaragoza,52.0,2.0,2.0,51923.07692307692
Venta Departamento En Enquadro Atizapán,3950000,MXN,"Lomas De Atizapán, Atizapán De Zaragoza, Estado De México",96 m² construidos,3 recámaras,2 baños,https://departamento.mercadolibre.com.mx/MLM-2881215103-venta-departamento-en-enquadro-atizapan-_JM,https://http2.mlstatic.com/D_NQ_NP_2X_992622-MLM109828767562_042026-E.webp,Atizapan De Zaragoza,96.0,3.0,2.0,41145.833333333336
Venta Departamento En Bosque Esmeralda City Center,4500000,MXN,"Bosque Esmeralda, Atizapán De Zaragoza, Estado De México",73 m² construidos,2 recámaras,2 baños,https://departamento.mercadolibre.com.mx/MLM-2881215085-venta-departamento-en-bosque-esmeralda-city-center-_JM,https://http2.mlstatic.com/D_NQ_NP_2X_987933-MLM109828766956_042026-E.webp,Atizapan De Zaragoza,73.0,2.0,2.0,61643.83561643836
Departamento En Venta En Rincon De La Montaña Dhv274,2950000,MXN,"Rincón De La Montaña, Atizapán De Zaragoza, Estado De México",100 m² construidos,2 recámaras,2 baños,https://departamento.mercadolibre.com.mx/MLM-5262373756-departamento-en-venta-en-rincon-de-la-montana-dhv274-_JM,https://http2.mlstatic.com/D_NQ_NP_2X_818158-MLM111038733485_042026-E.webp,Atizapan De Zaragoza,100.0,2.0,2.0,29500.0
"Venta Departamento,plaza Antigua, Hacienda Valle Escondido",8500000,MXN,"Hacienda De Valle Escondido, Atizapán De Zaragoza, Estado De México",188 m² construidos,3 recámaras,4 baños,https://departamento.mercadolibre.com.mx/MLM-2881215123-venta-departamentoplaza-antigua-hacienda-valle-escondido-_JM,https://http2.mlstatic.com/D_NQ_NP_2X_817762-MLM110723697867_042026-E.webp,Atizapan De Zaragoza,188.0,3.0,4.0,45212.765957446805
Venta Departamento En  Camino Real De Calacoaya Atizapán,4950000,MXN,"La Cruz, Atizapán De Zaragoza, Estado De México",150 m² construidos,3 recámaras,2 baños,https://departamento.mercadolibre.com.mx/MLM-5730763448-venta-departamento-en-camino-real-de-calacoaya-atizapan-_JM,https://http2.mlstatic.com/D_NQ_NP_2X_952078-MLM113401794704_072026-E.webp,Atizapan De Zaragoza,150.0,3.0,2.0,33000.0
Venta De Modernos Departamentos En Rincon De La Montaña,3235000,MXN,"Rincón De La Montaña, Atizapán De Zaragoza, Estado De México",100 m² construidos,2 recámaras,2 baños,https://departamento.mercadolibre.com.mx/MLM-2881215077-venta-de-modernos-departamentos-en-rincon-de-la-montana-_JM,https://http2.mlstatic.com/D_NQ_NP_2X_776775-MLM110723631857_042026-E.webp,Atizapan De Zaragoza,100.0,2.0,2.0,32350.0
Venta Departamento En Lomas Lindas,1750000,MXN,"Lomas Lindas I Sección, Atizapán De Zaragoza, Estado De México",75 m² construidos,3 recámaras,1 baño,https://departamento.mercadolibre.com.mx/MLM-5808865824-venta-departamento-en-lomas-lindas-_JM,https://http2.mlstatic.com/D_NQ_NP_2X_846568-MLM113835003860_072026-E.webp,Atizapan De Zaragoza,75.0,3.0,1.0,23333.333333333332
"Bonito Departamento En Primer Piso,  Listo Para Habitarse Estancia, Cocina Equipada Área De Lavado Dos Recamaras Dos Baños Completos Dos Estacionamientos ,jardín Y Área Para Mascotas Vigilancia 24 Hr",3600000,MXN,"Bosque De Acanto, La Estadia, Cdad. López Mateos, Adolfo López Mateos, Atizapán De Zaragoza, Estado De México",70 m² construidos,2 recámaras,2 baños,https://departamento.mercadolibre.com.mx/MLM-5451516094-bonito-departamento-en-primer-piso-listo-para-habitarse-estancia-cocina-equipada-area-de-lavado-dos-recamaras-dos-banos-completos-dos-estacionamientos-jardin-y-area-para-mascotas-vigilancia-24-hr-_JM,https://http2.mlstatic.com/D_NQ_NP_2X_947372-MLM111637995438_062026-E.webp,Atizapan De Zaragoza,70.0,2.0,2.0,51428.57142857143
"Apartamento En Venta En Las Colonias, Atizapán De Zaragoza, Ubicación Estratégica",3400000,MXN,"Av. De Las Granjas 33, Las Colonias, Atizapán De Zaragoza, Estado De México",60 m² construidos,3 recámaras,2 baños,https://departamento.mercadolibre.com.mx/MLM-3076072255-apartamento-en-venta-en-las-colonias-atizapan-de-zaragoza-ubicacion-estrategica-_JM,https://http2.mlstatic.com/D_NQ_NP_2X_878628-MLM113042000926_072026-E.webp,Atizapan De Zaragoza,60.0,3.0,2.0,56666.666666666664
Departamento En Venta En Bosque Esmeralda,3750000,MXN,"Bosque De Jade SN, Bosque Esmeralda, Atizapán De Zaragoza, Estado De México",108 m² construidos,3 recámaras,2 baños,https://departamento.mercadolibre.com.mx/MLM-2996401339-departamento-en-venta-en-bosque-esmeralda-_JM,https://http2.mlstatic.com/D_NQ_NP_2X_770233-MLM84422928104_052025-E.webp,Atizapan De Zaragoza,108.0,3.0,2.0,34722.22222222222
"Bonito Depto  En Villas De La Hacienda, Doc En Regla",1270000,MXN,"Del Lazo  5, Villas De La Hacienda, Atizapán De Zaragoza, Estado De México",63 m² construidos,2 recámaras,1 baño,https://departamento.mercadolibre.com.mx/MLM-2457023505-bonito-depto-en-villas-de-la-hacienda-doc-en-regla-_JM,https://http2.mlstatic.com/D_NQ_NP_2X_744705-MLM92803032505_092025-E.webp,Atizapan De Zaragoza,63.0,2.0,1.0,20158.73015873016
"Exclusivos Dptos.,  Green Vista Ii, Atizapan De Zaragoza, 139 M2, 3 Rec., 3.5 Baños ,1  Estc.",2975000,MXN,"CUITLAHUAC 10, Las Colonias, Atizapán De Zaragoza, Estado De México",139 m² construidos,3 recámaras,3 baños,https://departamento.mercadolibre.com.mx/MLM-2760944683-exclusivos-dptos-green-vista-ii-atizapan-de-zaragoza-139-m2-3-rec-35-banos-1-estc-_JM,https://http2.mlstatic.com/D_NQ_NP_2X_887611-MLM107334176912_032026-E.webp,Atizapan De Zaragoza,139.0,3.0,3.0,21402.877697841726
Departamento En Venta En Calacoaya Atizapán De Zaragoza,2500000,MXN,"Calacoaya, Atizapán De Zaragoza, Estado De México",90 m² construidos,2 recámaras,1 baño,https://departamento.mercadolibre.com.mx/MLM-5625953258-departamento-en-venta-en-calacoaya-atizapan-de-zaragoza-_JM,https://http2.mlstatic.com/D_NQ_NP_2X_695654-MLM114852581827_072026-E.webp,Atizapan De Zaragoza,90.0,2.0,1.0,27777.777777777777
"Departamento En Venta Rincón De La Montaña, Atizapán De Zaragoza, México",2700000,MXN,"Rincón De La Montaña, Atizapán De Zaragoza, Estado De México",100 m² construidos,2 recámaras,2 baños,https://departamento.mercadolibre.com.mx/MLM-5519308478-departamento-en-venta-rincon-de-la-montana-atizapan-de-zaragoza-mexico-_JM,https://http2.mlstatic.com/D_NQ_NP_2X_873341-MLM113368012849_062026-E.webp,Atizapan De Zaragoza,100.0,2.0,2.0,27000.0
Torre Boston En City Esmeralda En Residencial Lago Esmeralda,3150000,MXN,"Residencial Lago Esmeralda, Atizapán De Zaragoza, Estado De México",68 m² construidos,2 recámaras,2 baños,https://departamento.mercadolibre.com.mx/MLM-5357381718-torre-boston-en-city-esmeralda-en-residencial-lago-esmeralda-_JM,https://http2.mlstatic.com/D_NQ_NP_2X_870373-MLM94554534929_102025-E.webp,Atizapan De Zaragoza,68.0,2.0,2.0,46323.529411764706
Park View En Venta En Lago Esmeralda,2535000,MXN,"Residencial Lago Esmeralda, Atizapán De Zaragoza, Estado De México",52 m² construidos,2 recámaras,2 baños,https://departamento.mercadolibre.com.mx/MLM-5357495452-park-view-en-venta-en-lago-esmeralda-_JM,https://http2.mlstatic.com/D_NQ_NP_2X_680239-MLM85881898013_062025-E.webp,Atizapan De Zaragoza,52.0,2.0,2.0,48750.0
"Departamento En Venta En Torre Denver, City Esmeralda",3800000,MXN,"Bosque Esmeralda, Atizapán De Zaragoza, Estado De México",67 m² construidos,2 recámaras,2 baños,https://departamento.mercadolibre.com.mx/MLM-5136695350-departamento-en-venta-en-torre-denver-city-esmeralda-_JM,https://http2.mlstatic.com/D_NQ_NP_2X_995484-MLM110057785593_042026-E.webp,Atizapan De Zaragoza,67.0,2.0,2.0,56716.41791044776
Preventa La Montaña En La Estadía,9800000,MXN,"La Estadía, Atizapán De Zaragoza, Estado De México",180 m² construidos,3 recámaras,3 baños,https://departamento.mercadolibre.com.mx/MLM-5874321224-preventa-la-montana-en-la-estadia-_JM,https://http2.mlstatic.com/D_NQ_NP_2X_970096-MLM105315672850_012026-E.webp,Atizapan De Zaragoza,180.0,3.0,3.0,54444.444444444445
"Departamento En Venta En Mexico Nuevo, Atizapán De Zaragoza, México",4500000,MXN,"Sin Calle, México Nuevo, Atizapán De Zaragoza, Estado De México",138 m² construidos,3 recámaras,2 baños,https://departamento.mercadolibre.com.mx/MLM-2423177263-departamento-en-venta-en-mexico-nuevo-atizapan-de-zaragoza-mexico-_JM,https://http2.mlstatic.com/D_NQ_NP_2X_854310-MLM90650442770_082025-E.webp,Atizapan De Zaragoza,138.0,3.0,2.0,32608.695652173912
Park View Lago Esmeralda,2550000,MXN,"Residencial Lago Esmeralda, Atizapán De Zaragoza, Estado De México",52 m² construidos,2 recámaras,2 baños,https://departamento.mercadolibre.com.mx/MLM-5650606804-park-view-lago-esmeralda-_JM,https://http2.mlstatic.com/D_NQ_NP_2X_717157-MLM113783722038_072026-E.webp,Atizapan De Zaragoza,52.0,2.0,2.0,49038.46153846154
Rincón De La Montaña En Atizapán,3380000,MXN,"Lomas De San Lorenzo, Atizapán De Zaragoza, Estado De México",100 m² construidos,2 recámaras,2 baños,https://departamento.mercadolibre.com.mx/MLM-5747048990-rincon-de-la-montana-en-atizapan-_JM,https://http2.mlstatic.com/D_NQ_NP_2X_821912-MLM85880566445_062025-E.webp,Atizapan De Zaragoza,100.0,2.0,2.0,33800.0
"Departamento 4 Recámaras En Venta En Real Antigua, Zona Esmeralda",9000000,MXN,"Valle Escondido, Atizapán De Zaragoza, Estado De México",250 m² construidos,4 recámaras,4 baños,https://departamento.mercadolibre.com.mx/MLM-2745591443-departamento-4-recamaras-en-venta-en-real-antigua-zona-esmeralda-_JM,https://http2.mlstatic.com/D_NQ_NP_2X_619083-MLM106729027386_022026-E.webp,Atizapan De Zaragoza,250.0,4.0,4.0,36000.0
Álbar En En Residencial Lago Esmeralda,2100000,MXN,"Residencial Lago Esmeralda, Atizapán De Zaragoza, Estado De México",38 m² construidos,2 recámaras,1 baño,https://departamento.mercadolibre.com.mx/MLM-3152356449-albar-en-en-residencial-lago-esmeralda-_JM,https://http2.mlstatic.com/D_NQ_NP_2X_884193-MLM114767768929_072026-E.webp,Atizapan De Zaragoza,38.0,2.0,1.0,55263.15789473684
Departamento En Venta En Fuentes De Satélite,5190000,MXN,"Fuentes De Satélite, Atizapán De Zaragoza, Estado De México",212 m² construidos,3 recámaras,2 baños,https://departamento.mercadolibre.com.mx/MLM-5446759976-departamento-en-venta-en-fuentes-de-satelite-_JM,https://http2.mlstatic.com/D_NQ_NP_2X_930495-MLM111591185942_062026-E.webp,Atizapan De Zaragoza,212.0,3.0,2.0,24481.132075471698
Departamento Minimalista Para Estrenar  En Venta En Atizapán,3214250,MXN,"México Nuevo, Atizapán De Zaragoza, Estado De México",85 m² construidos,2 recámaras,2 baños,https://departamento.mercadolibre.com.mx/MLM-5833535744-departamento-minimalista-para-estrenar-en-venta-en-atizapan-_JM,https://http2.mlstatic.com/D_NQ_NP_2X_957188-MLM113946694076_072026-E.webp,Atizapan De Zaragoza,85.0,2.0,2.0,37814.705882352944
Preventa Cumbre 424 En Lago Esmeralda,2310000,MXN,"Residencial Lago Esmeralda, Atizapán De Zaragoza, Estado De México",45 m² construidos,2 recámaras,1 baño,https://departamento.mercadolibre.com.mx/MLM-5258688430-preventa-cumbre-424-en-lago-esmeralda-_JM,https://http2.mlstatic.com/D_NQ_NP_2X_697462-MLM113408512934_072026-E.webp,Atizapan De Zaragoza,45.0,2.0,1.0,51333.333333333336
Departamento En Atizapán De Zaragoza · 2 Recámaras,2057000,MXN,"Barrio Nte, Atizapán De Zaragoza, Atizapán De Zaragoza, Atizapán De Zaragoza, Estado De México",68 m² construidos,2 recámaras,1 baño,https://departamento.mercadolibre.com.mx/MLM-3086947025-departamento-en-atizapan-de-zaragoza-2-recamaras-_JM,https://http2.mlstatic.com/D_NQ_NP_2X_822731-MLM112961909732_072026-E.webp,Atizapan De Zaragoza,68.0,2.0,1.0,30250.0
Departamento En Venta En Atizapan Centro,2250000,MXN,"Av. Porfirio Díaz, Atizapan Centro, Cdad. López Mateos, Adolfo López Mateos, Atizapán De Zaragoza, Estado De México",78 m² construidos,3 recámaras,1 baño,https://departamento.mercadolibre.com.mx/MLM-5781699286-departamento-en-venta-en-atizapan-centro-_JM,https://http2.mlstatic.com/D_NQ_NP_2X_817266-MLM114978914719_072026-E.webp,Atizapan De Zaragoza,78.0,3.0,1.0,28846.153846153848
"Venta Departamento Sky View, Lago Esmeralda, Atizapan",4800000,MXN,"Residencial Lago Esmeralda, Atizapán De Zaragoza, Estado De México",92 m² construidos,3 recámaras,2 baños,https://departamento.mercadolibre.com.mx/MLM-5516842200-venta-departamento-sky-view-lago-esmeralda-atizapan-_JM,https://http2.mlstatic.com/D_NQ_NP_2X_870535-MLM112211398142_062026-E.webp,Atizapan De Zaragoza,92.0,3.0,2.0,52173.913043478264
"Departamento En Venta, Lomas De Guadalupe, Atizapán De Zaragoza",3700000,MXN,"Lomas De Guadalupe, Atizapán De Zaragoza, Estado De México",120 m² construidos,3 recámaras,2 baños,https://departamento.mercadolibre.com.mx/MLM-2865271377-departamento-en-venta-lomas-de-guadalupe-atizapan-de-zaragoza-_JM,https://http2.mlstatic.com/D_NQ_NP_2X_985968-MLM110438379885_042026-E.webp,Atizapan De Zaragoza,120.0,3.0,2.0,30833.333333333332
Maravilloso Departamento En Venta Ph Reserva Escondida Zona Esmeralda  Atizapán,13000000,MXN,"Rancho San Juan, Atizapán De Zaragoza, Estado De México",212 m² construidos,3 recámaras,3 baños,https://departamento.mercadolibre.com.mx/MLM-5445165928-maravilloso-departamento-en-venta-ph-reserva-escondida-zona-esmeralda-atizapan-_JM,https://http2.mlstatic.com/D_NQ_NP_2X_828721-MLM114313899404_082026-E.webp,Atizapan De Zaragoza,212.0,3.0,3.0,61320.75471698113
"Departamento En Venta En Colonia Bosque Esmeralda, Atizapán De Zaragoza, Estado De México",11380000,MXN,"BOSQUE ESMERALDA ORIENTE 9, Bosque Esmeralda, Atizapán De Zaragoza, Estado De México",236 m² construidos,3 recámaras,4 baños,https://departamento.mercadolibre.com.mx/MLM-3038868049-departamento-en-venta-en-colonia-bosque-esmeralda-atizapan-de-zaragoza-estado-de-mexico-_JM,https://http2.mlstatic.com/D_NQ_NP_2X_830911-MLM112467331562_062026-E.webp,Atizapan De Zaragoza,236.0,3.0,4.0,48220.338983050846
Venta Departamento Terra Viure Bosque Esmeralda Atizapan,11400000,MXN,"Bosque Esmeralda, Atizapán De Zaragoza, Estado De México",236 m² construidos,3 recámaras,3 baños,https://departamento.mercadolibre.com.mx/MLM-5723213184-venta-departamento-terra-viure-bosque-esmeralda-atizapan-_JM,https://http2.mlstatic.com/D_NQ_NP_2X_882953-MLM113356219432_072026-E.webp,Atizapan De Zaragoza,236.0,3.0,3.0,48305.08474576271
Departamento En Venta En Residencial Lago Esmeralda,11600000,MXN,"Kristal Towers, Atizapán De Zaragoza, Estado De México",236 m² construidos,3 recámaras,3 baños,https://departamento.mercadolibre.com.mx/MLM-3141102933-departamento-en-venta-en-residencial-lago-esmeralda-_JM,https://http2.mlstatic.com/D_NQ_NP_2X_788292-MLM113374217050_072026-E.webp,Atizapan De Zaragoza,236.0,3.0,3.0,49152.542372881355
"Departamento En Venta En Colonia Bosque Esmeralda, Atizapán De Zaragoza, Estado De México",12500000,MXN,"Bosque Esmeralda Oriente 9, Bosque Esmeralda, Atizapán De Zaragoza, Estado De México",230 m² construidos,3 recámaras,4 baños,https://departamento.mercadolibre.com.mx/MLM-3126929205-departamento-en-venta-en-colonia-bosque-esmeralda-atizapan-de-zaragoza-estado-de-mexico-_JM,https://http2.mlstatic.com/D_NQ_NP_2X_685636-MLM113241080594_072026-E.webp,Atizapan De Zaragoza,230.0,3.0,4.0,54347.82608695652
Venta Departamento Id Vertical Bellavista Atizapan Estado De México,10957279,MXN,"Las Colonias, Atizapán De Zaragoza, Estado De México",310 m² construidos,3 recámaras,3 baños,https://departamento.mercadolibre.com.mx/MLM-3139552281-venta-departamento-id-vertical-bellavista-atizapan-estado-de-mexico-_JM,https://http2.mlstatic.com/D_NQ_NP_2X_831110-MLM114602096843_072026-E.webp,Atizapan De Zaragoza,310.0,3.0,3.0,35346.06129032258
Departamento En Venta En Grand Viure,10500000,MXN,"Bosque Esmeralda, Atizapán De Zaragoza, Estado De México",220 m² construidos,3 recámaras,3 baños,https://departamento.mercadolibre.com.mx/MLM-5389850390-departamento-en-venta-en-grand-viure-_JM,https://http2.mlstatic.com/D_NQ_NP_2X_841193-MLM112066659551_052026-E.webp,Atizapan De Zaragoza,220.0,3.0,3.0,47727.27272727273
"Departamento En Venta En Colonia Rincón De La Montaña, Atizapán De Zaragoza, Estado De México",3380000,MXN,"Av. Pirules 48, Rincón De La Montaña, Atizapán De Zaragoza, Estado De México",100 m² construidos,2 recámaras,2 baños,https://departamento.mercadolibre.com.mx/MLM-2763394475-departamento-en-venta-en-colonia-rincon-de-la-montana-atizapan-de-zaragoza-estado-de-mexico-_JM,https://http2.mlstatic.com/D_NQ_NP_2X_840256-MLM108128939905_032026-E.webp,Atizapan De Zaragoza,100.0,2.0,2.0,33800.0
Venta Departamento Terra Viure Bosque Esmeralda Atizapan Estado De México,12700000,MXN,"Bosque Esmeralda, Atizapán De Zaragoza, Estado De México",235 m² construidos,3 recámaras,3 baños,https://departamento.mercadolibre.com.mx/MLM-5723250726-venta-departamento-terra-viure-bosque-esmeralda-atizapan-estado-de-mexico-_JM,https://http2.mlstatic.com/D_NQ_NP_2X_746674-MLM114604842875_072026-E.webp,Atizapan De Zaragoza,235.0,3.0,3.0,54042.55319148936
"Departamento En Venta En Colonia Nuevo Madin, Atizapán De Zaragoza, Estado De México",2385000,MXN,"Calle Lago Ercina MZ11, Nuevo Madin, Atizapán De Zaragoza, Estado De México",52 m² construidos,2 recámaras,2 baños,https://departamento.mercadolibre.com.mx/MLM-3144812905-departamento-en-venta-en-colonia-nuevo-madin-atizapan-de-zaragoza-estado-de-mexico-_JM,https://http2.mlstatic.com/D_NQ_NP_2X_636216-MLM113410121036_072026-E.webp,Atizapan De Zaragoza,52.0,2.0,2.0,45865.38461538462
Departamento En Venta En Atizapán Torre Molinos,3952000,MXN,"Jardines De Atizapán, Atizapán De Zaragoza, Estado De México",117 m² construidos,2 recámaras,2 baños,https://departamento.mercadolibre.com.mx/MLM-5594245714-departamento-en-venta-en-atizapan-torre-molinos-_JM,https://http2.mlstatic.com/D_NQ_NP_2X_613619-MLM82093799562_022025-E.webp,Atizapan De Zaragoza,117.0,2.0,2.0,33777.77777777778
"Departamento En Venta En Colonia México Nuevo, Atizapán De Zaragoza, Estado De México",4550000,MXN,"Gustavo Baz Prada 26- A MZN-3, México Nuevo, Atizapán De Zaragoza, Estado De México",92 m² construidos,3 recámaras,2 baños,https://departamento.mercadolibre.com.mx/MLM-2955095651-departamento-en-venta-en-colonia-mexico-nuevo-atizapan-de-zaragoza-estado-de-mexico-_JM,https://http2.mlstatic.com/D_NQ_NP_2X_813520-MLM111173531594_052026-E.webp,Atizapan De Zaragoza,92.0,3.0,2.0,49456.52173913043
Departamento En Venta En Zona Esmeralda,3250000,MXN,"Lago Garda, Atizapán De Zaragoza, Estado De México",72 m² construidos,2 recámaras,2 baños,https://departamento.mercadolibre.com.mx/MLM-2891492925-departamento-en-venta-en-zona-esmeralda-_JM,https://http2.mlstatic.com/D_NQ_NP_2X_971968-MLM110905549623_042026-E.webp,Atizapan De Zaragoza,72.0,2.0,2.0,45138.88888888889
Departamento En Venta En Fraccionamiento Alameda,3250000,MXN,"Alameda, Atizapán De Zaragoza, Estado De México",76 m² construidos,2 recámaras,2 baños,https://departamento.mercadolibre.com.mx/MLM-2915333693-departamento-en-venta-en-fraccionamiento-alameda-_JM,https://http2.mlstatic.com/D_NQ_NP_2X_894377-MLM111372997539_052026-E.webp,Atizapan De Zaragoza,76.0,2.0,2.0,42763.15789473684
Departamento En Venta En Rancho San Juan Estado De México,15000000,MXN,"Rancho San Juan, Atizapán De Zaragoza, Estado De México",250 m² construidos,3 recámaras,2 baños,https://departamento.mercadolibre.com.mx/MLM-5666136782-departamento-en-venta-en-rancho-san-juan-estado-de-mexico-_JM,https://http2.mlstatic.com/D_NQ_NP_2X_954721-MLM115663428171_082026-E.webp,Atizapan De Zaragoza,250.0,3.0,2.0,60000.0
"Departamento En Venta En Colonia Lomas De Bellavista, Atizapán De Zaragoza, Estado De México",6845629,MXN,"Blvr. Bellavista Mz III Lote 5, Lomas De Bellavista, Atizapán De Zaragoza, Estado De México",170 m² construidos,3 recámaras,3 baños,https://departamento.mercadolibre.com.mx/MLM-2755640813-departamento-en-venta-en-colonia-lomas-de-bellavista-atizapan-de-zaragoza-estado-de-mexico-_JM,https://http2.mlstatic.com/D_NQ_NP_2X_999078-MLM107813333353_022026-E.webp,Atizapan De Zaragoza,170.0,3.0,3.0,40268.40588235294
Departamento En Venta En Residencial Lago Esmeralda,3600000,MXN,"Residencial Lago Esmeralda, Atizapán De Zaragoza, Estado De México",70 m² construidos,2 recámaras,2 baños,https://departamento.mercadolibre.com.mx/MLM-3086315981-departamento-en-venta-en-residencial-lago-esmeralda-_JM,https://http2.mlstatic.com/D_NQ_NP_2X_801739-MLM112957481606_072026-E.webp,Atizapan De Zaragoza,70.0,2.0,2.0,51428.57142857143
Departamento En Venta En Las Colonias,3500000,MXN,"Cerrada Azaleas 0, Atizapán De Zaragoza, Estado De México",125 m² construidos,3 recámaras,2 baños,https://departamento.mercadolibre.com.mx/MLM-5725980312-departamento-en-venta-en-las-colonias-_JM,https://http2.mlstatic.com/D_NQ_NP_2X_628729-MLM113374210882_072026-E.webp,Atizapan De Zaragoza,125.0,3.0,2.0,28000.0
"Departamento En Venta En Colonia Bosque Esmeralda, Atizapán De Zaragoza, Estado De México",4150000,MXN,"Jilotzingo 1, Bosque Esmeralda, Atizapán De Zaragoza, Estado De México",129 m² construidos,3 recámaras,3 baños,https://departamento.mercadolibre.com.mx/MLM-4847068690-departamento-en-venta-en-colonia-bosque-esmeralda-atizapan-de-zaragoza-estado-de-mexico-_JM,https://http2.mlstatic.com/D_NQ_NP_2X_630019-MLM107813828921_022026-E.webp,Atizapan De Zaragoza,129.0,3.0,3.0,32170.542635658916
Departamento En Venta En El Calvario,4900000,MXN,"Subida Del Calvario 0, Atizapán De Zaragoza, Estado De México",138 m² construidos,3 recámaras,3 baños,https://departamento.mercadolibre.com.mx/MLM-5266949208-departamento-en-venta-en-el-calvario-_JM,https://http2.mlstatic.com/D_NQ_NP_2X_935960-MLM111065216403_042026-E.webp,Atizapan De Zaragoza,138.0,3.0,3.0,35507.24637681159
"Departamento En Venta En Colonia Bosque Esmeralda, Atizapán De Zaragoza, Estado De México",11250000,MXN,"Bosque Esmeralda Oriente 9, Bosque Esmeralda, Atizapán De Zaragoza, Estado De México",235 m² construidos,3 recámaras,2 baños,https://departamento.mercadolibre.com.mx/MLM-4846977926-departamento-en-venta-en-colonia-bosque-esmeralda-atizapan-de-zaragoza-estado-de-mexico-_JM,https://http2.mlstatic.com/D_NQ_NP_2X_670346-MLM107813326731_022026-E.webp,Atizapan De Zaragoza,235.0,3.0,2.0,47872.34042553192
Depa En Venta En Lago Esmeralda - Zona Esmeralda,4550000,MXN,"Residencial Lago Esmeralda, Atizapán De Zaragoza, Estado De México",132 m² construidos,2 recámaras,2 baños,https://departamento.mercadolibre.com.mx/MLM-3113624441-depa-en-venta-en-lago-esmeralda-zona-esmeralda-_JM,https://http2.mlstatic.com/D_NQ_NP_2X_725908-MLM113147602418_072026-E.webp,Atizapan De Zaragoza,132.0,2.0,2.0,34469.69696969697
Departamento En Venta En Fraccionamiento Alameda,3449000,MXN,"Av. Universidad, Atizapán De Zaragoza, Estado De México",91 m² construidos,2 recámaras,2 baños,https://departamento.mercadolibre.com.mx/MLM-5306253536-departamento-en-venta-en-fraccionamiento-alameda-_JM,https://http2.mlstatic.com/D_NQ_NP_2X_761438-MLM110434762002_052026-E.webp,Atizapan De Zaragoza,91.0,2.0,2.0,37901.0989010989
Departamento En Venta En Los Cajones,5254590,MXN,"Id Vertical Bellavista, Atizapán De Zaragoza, Estado De México",117 m² construidos,3 recámaras,2 baños,https://departamento.mercadolibre.com.mx/MLM-4761666186-departamento-en-venta-en-los-cajones-_JM,https://http2.mlstatic.com/D_NQ_NP_2X_784885-MLM106831505015_022026-E.webp,Atizapan De Zaragoza,117.0,3.0,2.0,44911.02564102564
"Departamento En Venta En Colonia Lomas De Bellavista, Atizapán De Zaragoza, Estado De México",5436860,MXN,"Blvd. Bellavista S/N, Lomas De Bellavista, Atizapán De Zaragoza, Estado De México",115 m² construidos,2 recámaras,2 baños,https://departamento.mercadolibre.com.mx/MLM-2755614629-departamento-en-venta-en-colonia-lomas-de-bellavista-atizapan-de-zaragoza-estado-de-mexico-_JM,https://http2.mlstatic.com/D_NQ_NP_2X_602399-MLM107118559068_022026-E.webp,Atizapan De Zaragoza,115.0,2.0,2.0,47277.04347826087
"Departamento En Venta En Colonia Lomas De Bellavista, Atizapán De Zaragoza, Estado De México",7879000,MXN,"Blvr. Bellavista Mz. III Lt 5, Lomas De Bellavista, Atizapán De Zaragoza, Estado De México",170 m² construidos,3 recámaras,3 baños,https://departamento.mercadolibre.com.mx/MLM-5702312880-departamento-en-venta-en-colonia-lomas-de-bellavista-atizapan-de-zaragoza-estado-de-mexico-_JM,https://http2.mlstatic.com/D_NQ_NP_2X_754077-MLM113241047844_072026-E.webp,Atizapan De Zaragoza,170.0,3.0,3.0,46347.05882352941
"Departamento En Venta En Colonia México Nuevo, Atizapán De Zaragoza, Estado De México",3555050,MXN,"Gustavo Baz Prada 26-A MNZ-3, México Nuevo, Atizapán De Zaragoza, Estado De México",93 m² construidos,3 recámaras,2 baños,https://departamento.mercadolibre.com.mx/MLM-3042116143-departamento-en-venta-en-colonia-mexico-nuevo-atizapan-de-zaragoza-estado-de-mexico-_JM,https://http2.mlstatic.com/D_NQ_NP_2X_710880-MLM112511234864_062026-E.webp,Atizapan De Zaragoza,93.0,3.0,2.0,38226.344086021505
"Departamento En Venta En Colonia Lomas De Bellavista, Atizapán De Zaragoza, Estado De México",10957279,MXN,"Blvr. Bellavista Mz. III Lote 5, Lomas De Bellavista, Atizapán De Zaragoza, Estado De México",274 m² construidos,3 recámaras,3 baños,https://departamento.mercadolibre.com.mx/MLM-4847094036-departamento-en-venta-en-colonia-lomas-de-bellavista-atizapan-de-zaragoza-estado-de-mexico-_JM,https://http2.mlstatic.com/D_NQ_NP_2X_949257-MLM107813697859_022026-E.webp,Atizapan De Zaragoza,274.0,3.0,3.0,39990.06934306569
"Departamento En Venta En Colonia Bosque Esmeralda, Atizapán De Zaragoza, Estado De México",11650000,MXN,"Bosque Esmeralda Oriente  9, Bosque Esmeralda, Atizapán De Zaragoza, Estado De México",232 m² construidos,3 recámaras,4 baños,https://departamento.mercadolibre.com.mx/MLM-5702312854-departamento-en-venta-en-colonia-bosque-esmeralda-atizapan-de-zaragoza-estado-de-mexico-_JM,https://http2.mlstatic.com/D_NQ_NP_2X_846048-MLM114479664485_072026-E.webp,Atizapan De Zaragoza,232.0,3.0,4.0,50215.51724137931
"Departamento En Venta En Colonia Calacoaya, Atizapán De Zaragoza, Estado De México",2800000,MXN,"Sin Calle 0, Calacoaya, Atizapán De Zaragoza, Estado De México",80 m² construidos,2 recámaras,2 baños,https://departamento.mercadolibre.com.mx/MLM-3005855085-departamento-en-venta-en-colonia-calacoaya-atizapan-de-zaragoza-estado-de-mexico-_JM,https://http2.mlstatic.com/D_NQ_NP_2X_671449-MLM112019817850_062026-E.webp,Atizapan De Zaragoza,80.0,2.0,2.0,35000.0
"Departamento En Venta En Colonia Rancho Blanco Ejido De Espíritu Santo, Atizapán De Zaragoza, Estado De México",4200000,MXN,"Sendero Peña Del Aire 54, Atizapán De Zaragoza, Estado De México",150 m² construidos,2 recámaras,3 baños,https://departamento.mercadolibre.com.mx/MLM-5266978034-departamento-en-venta-en-colonia-rancho-blanco-ejido-de-espiritu-santo-atizapan-de-zaragoza-estado-de-mexico-_JM,https://http2.mlstatic.com/D_NQ_NP_2X_887956-MLM110146988732_042026-E.webp,Atizapan De Zaragoza,150.0,2.0,3.0,28000.0
"Departamento En Venta En Colonia Rancho Blanco Ejido De Espíritu Santo, Atizapán De Zaragoza, Estado De México",6230000,MXN,"Sendero Peña De Aire 54, Atizapán De Zaragoza, Estado De México",150 m² construidos,2 recámaras,3 baños,https://departamento.mercadolibre.com.mx/MLM-5266952570-departamento-en-venta-en-colonia-rancho-blanco-ejido-de-espiritu-santo-atizapan-de-zaragoza-estado-de-mexico-_JM,https://http2.mlstatic.com/D_NQ_NP_2X_668442-MLM110146985494_042026-E.webp,Atizapan De Zaragoza,150.0,2.0,3.0,41533.333333333336
"Departamento En Venta En Colonia Rancho Blanco Ejido De Espíritu Santo, Atizapán De Zaragoza, Estado De México",6580000,MXN,"Sendero Peña Del Aire 54, Atizapán De Zaragoza, Estado De México",151 m² construidos,2 recámaras,3 baños,https://departamento.mercadolibre.com.mx/MLM-5266952548-departamento-en-venta-en-colonia-rancho-blanco-ejido-de-espiritu-santo-atizapan-de-zaragoza-estado-de-mexico-_JM,https://http2.mlstatic.com/D_NQ_NP_2X_658984-MLM111066593207_042026-E.webp,Atizapan De Zaragoza,151.0,2.0,3.0,43576.15894039735
"Departamento En Venta En Colonia Rancho Blanco Ejido De Espíritu Santo, Atizapán De Zaragoza, Estado De México",6230000,MXN,"Sendero Peña Del Aire 54, Atizapán De Zaragoza, Estado De México",150 m² construidos,2 recámaras,3 baños,https://departamento.mercadolibre.com.mx/MLM-2963299309-departamento-en-venta-en-colonia-rancho-blanco-ejido-de-espiritu-santo-atizapan-de-zaragoza-estado-de-mexico-_JM,https://http2.mlstatic.com/D_NQ_NP_2X_883589-MLM111330570320_052026-E.webp,Atizapan De Zaragoza,150.0,2.0,3.0,41533.333333333336
Departamento En Venta En Nuevo Madin,2600000,MXN,"Calle Lago Ercina MZ 0, Atizapán De Zaragoza, Estado De México",52 m² construidos,1 recámara,2 baños,https://departamento.mercadolibre.com.mx/MLM-5488224244-departamento-en-venta-en-nuevo-madin-_JM,https://http2.mlstatic.com/D_NQ_NP_2X_828545-MLM111948812150_062026-E.webp,Atizapan De Zaragoza,52.0,1.0,2.0,50000.0
Departamento En Venta En Residencial Lago Esmeralda,2400000,MXN,"Dr. Jorge Jimenez Cantu, Atizapán De Zaragoza, Estado De México",38 m² construidos,2 recámaras,1 baño,https://departamento.mercadolibre.com.mx/MLM-3086280231-departamento-en-venta-en-residencial-lago-esmeralda-_JM,https://http2.mlstatic.com/D_NQ_NP_2X_714770-MLM112957491184_072026-E.webp,Atizapan De Zaragoza,38.0,2.0,1.0,63157.89473684211
"Departamento En Venta En Colonia Rancho Blanco Ejido De Espíritu Santo, Atizapán De Zaragoza, Estado De México",3487236,MXN,"Sendero Del Escobal  Mza 34 Lt 33-3, Atizapán De Zaragoza, Estado De México",80 m² construidos,2 recámaras,2 baños,https://departamento.mercadolibre.com.mx/MLM-2911507561-departamento-en-venta-en-colonia-rancho-blanco-ejido-de-espiritu-santo-atizapan-de-zaragoza-estado-de-mexico-_JM,https://http2.mlstatic.com/D_NQ_NP_2X_813438-MLM110356986928_052026-E.webp,Atizapan De Zaragoza,80.0,2.0,2.0,43590.45
"Departamento En Venta En Alíes, Ciudad López Mateos",6400000,MXN,"Ciudad Adolfo López Mateos, Atizapán De Zaragoza, Estado De México",155 m² construidos,3 recámaras,3 baños,https://departamento.mercadolibre.com.mx/MLM-3120992335-departamento-en-venta-en-alies-ciudad-lopez-mateos-_JM,https://http2.mlstatic.com/D_NQ_NP_2X_752667-MLM106001633921_012026-E.webp,Atizapan De Zaragoza,155.0,3.0,3.0,41290.32258064516
Departamento En Venta Ciuda Lopez Mateos -atizapan De Zaragoza,2200000,MXN,"Ciudad Adolfo López Mateos, Atizapán De Zaragoza, Estado De México",78 m² construidos,1 recámara,1 baño,https://departamento.mercadolibre.com.mx/MLM-5780510922-departamento-en-venta-ciuda-lopez-mateos-atizapan-de-zaragoza-_JM,https://http2.mlstatic.com/D_NQ_NP_2X_750508-MLM113686775368_072026-E.webp,Atizapan De Zaragoza,78.0,1.0,1.0,28205.128205128207
Departamento En Venta  Loma Antigua,8200000,MXN,"Av. Bosque Esmeralda S/N, Bosque Esmeralda, Atizapán De Zaragoza, Estado De México",204 m² construidos,3 recámaras,3 baños,https://departamento.mercadolibre.com.mx/MLM-5561098256-departamento-en-venta-loma-antigua-_JM,https://http2.mlstatic.com/D_NQ_NP_2X_919458-MLM112503394190_062026-E.webp,Atizapan De Zaragoza,204.0,3.0,3.0,40196.07843137255
Departamento En Venta En Reserva De Los Jinetes. Las Arboledas,6500000,MXN,"Avenida Juárez 120, Las Arboledas, Atizapán De Zaragoza, Estado De México",119 m² construidos,3 recámaras,2 baños,https://departamento.mercadolibre.com.mx/MLM-5527449262-departamento-en-venta-en-reserva-de-los-jinetes-las-arboledas-_JM,https://http2.mlstatic.com/D_NQ_NP_2X_871763-MLM112262048048_062026-E.webp,Atizapan De Zaragoza,119.0,3.0,2.0,54621.8487394958
"Departamento En Venta Lago Esmeralda: 2 Rec, 2 Autos,2 Baños Seguridad, Ubicación Y Plusvalía Garantizada",3490000,MXN,"Ciudad López Mateos, Residencial Lago Esmeralda, Atizapán De Zaragoza, Estado De México",78 m² construidos,2 recámaras,2 baños,https://departamento.mercadolibre.com.mx/MLM-4997560658-departamento-en-venta-lago-esmeralda-2-rec-2-autos2-banos-seguridad-ubicacion-y-plusvalia-garantizada-_JM,https://http2.mlstatic.com/D_NQ_NP_2X_823737-MLM108665646151_032026-E.webp,Atizapan De Zaragoza,78.0,2.0,2.0,44743.58974358974
"Departamento En Venta En Colonia Valle Escondido, Atizapán De Zaragoza, Estado De México",7357278,MXN,"Av Parque De Los Ciervos  2, Valle Escondido, Atizapán De Zaragoza, Estado De México",200 m² construidos,3 recámaras,3 baños,https://departamento.mercadolibre.com.mx/MLM-5058299620-departamento-en-venta-en-colonia-valle-escondido-atizapan-de-zaragoza-estado-de-mexico-_JM,https://http2.mlstatic.com/D_NQ_NP_2X_809062-MLM108491877312_032026-E.webp,Atizapan De Zaragoza,200.0,3.0,3.0,36786.39
"Departamento En Venta En Colonia Rancho Blanco Ejido De Espíritu Santo, Atizapán De Zaragoza, Estado De México",6800000,MXN,"C. Joaquin Patiño --, Atizapán De Zaragoza, Estado De México",250 m² construidos,2 recámaras,2 baños,https://departamento.mercadolibre.com.mx/MLM-2755549659-departamento-en-venta-en-colonia-rancho-blanco-ejido-de-espiritu-santo-atizapan-de-zaragoza-estado-de-mexico-_JM,https://http2.mlstatic.com/D_NQ_NP_2X_653108-MLM107813218463_022026-E.webp,Atizapan De Zaragoza,250.0,2.0,2.0,27200.0
Departamento En Venta En Atizapan De Zaragoza Kristal Towers (m2d3801),11600000,MXN,"Viejo Madín, Atizapán De Zaragoza, Estado De México",236 m² construidos,3 recámaras,3 baños,https://departamento.mercadolibre.com.mx/MLM-3247317255-departamento-en-venta-en-atizapan-de-zaragoza-kristal-towers-m2d3801-_JM,https://http2.mlstatic.com/D_NQ_NP_2X_680602-MLM114267827848_082026-E.webp,Atizapan De Zaragoza,236.0,3.0,3.0,49152.542372881355
"Departamentos En Venta En Park View $2,350,000",2350000,MXN,"Ciudad Adolfo López Mateos, Atizapán De Zaragoza, Estado De México",52 m² construidos,2 recámaras,2 baños,https://departamento.mercadolibre.com.mx/MLM-5857168160-departamentos-en-venta-en-park-view-2350000-_JM,https://http2.mlstatic.com/D_NQ_NP_2X_753040-MLM114034224688_072026-E.webp,Atizapan De Zaragoza,52.0,2.0,2.0,45192.307692307695
"Departamentos En Venta En Park View $2,450,000",2450000,MXN,"Ciudad Adolfo López Mateos, Atizapán De Zaragoza, Estado De México",52 m² construidos,2 recámaras,2 baños,https://departamento.mercadolibre.com.mx/MLM-5857120686-departamentos-en-venta-en-park-view-2450000-_JM,https://http2.mlstatic.com/D_NQ_NP_2X_774860-MLM114034258148_072026-E.webp,Atizapan De Zaragoza,52.0,2.0,2.0,47115.38461538462
Villa Antigua En Zona Esmeralda,15800000,MXN,"Club De Golf Valle Escondido, Atizapán De Zaragoza, Estado De México",382 m² construidos,3 recámaras,4 baños,https://departamento.mercadolibre.com.mx/MLM-3222520491-villa-antigua-en-zona-esmeralda-_JM,https://http2.mlstatic.com/D_NQ_NP_2X_797799-MLM114036401332_072026-E.webp,Atizapan De Zaragoza,382.0,3.0,4.0,41361.25654450262
Venta Departamento Terra Viure Bosque Esmeralda Atizapán Estado De México,13150000,MXN,"Av. Bosque Esmeralda Ote. 9, Bosque Esmeralda, Atizapán De Zaragoza, Estado De México",173 m² construidos,3 recámaras,2 baños,https://departamento.mercadolibre.com.mx/MLM-3232412025-venta-departamento-terra-viure-bosque-esmeralda-atizapan-estado-de-mexico-_JM,https://http2.mlstatic.com/D_NQ_NP_2X_622390-MLM114117784012_082026-E.webp,Atizapan De Zaragoza,173.0,3.0,2.0,76011.56069364162
Venta Departamento Terra Viure Bosque Esmeralda Atizapán Estado De México,12500000,MXN,"Av. Bosque Esmeralda Ote. 9, Bosque Esmeralda, Atizapán De Zaragoza, Estado De México",200 m² construidos,3 recámaras,3 baños,https://departamento.mercadolibre.com.mx/MLM-5872970508-venta-departamento-terra-viure-bosque-esmeralda-atizapan-estado-de-mexico-_JM,https://http2.mlstatic.com/D_NQ_NP_2X_723159-MLM114117519816_082026-E.webp,Atizapan De Zaragoza,200.0,3.0,3.0,62500.0
"Preventa Departamentos En Torres Livet, Jilotzingo",4087200,MXN,"Rancho Blanco, Atizapán De Zaragoza, Estado De México",113 m² construidos,2 recámaras,2 baños,https://departamento.mercadolibre.com.mx/MLM-3249793211-preventa-departamentos-en-torres-livet-jilotzingo-_JM,https://http2.mlstatic.com/D_NQ_NP_2X_783310-MLM114289926306_082026-E.webp,Atizapan De Zaragoza,113.0,2.0,2.0,36169.91150442478
"Departamento De Lujo Con Vista Panorámica, Id Vertical Bellavista, Atizapán",6950000,MXN,"Los Cajones, Atizapán De Zaragoza, Estado De México",178 m² construidos,3 recámaras,3 baños,https://departamento.mercadolibre.com.mx/MLM-3249818447-departamento-de-lujo-con-vista-panoramica-id-vertical-bellavista-atizapan-_JM,https://http2.mlstatic.com/D_NQ_NP_2X_744320-MLM114289939156_082026-E.webp,Atizapan De Zaragoza,178.0,3.0,3.0,39044.94382022472
"Preventa Departamentos En Torres Livet, Jilotzingo",4420000,MXN,"Rancho Blanco, Atizapán De Zaragoza, Estado De México",126 m² construidos,3 recámaras,2 baños,https://departamento.mercadolibre.com.mx/MLM-3249792865-preventa-departamentos-en-torres-livet-jilotzingo-_JM,https://http2.mlstatic.com/D_NQ_NP_2X_660199-MLM115629139041_082026-E.webp,Atizapan De Zaragoza,126.0,3.0,2.0,35079.36507936508
Depas En Preventa Exclusiva Residencial Notre Dame Atizapán,21119000,MXN,"Rancho Blanco, Atizapán De Zaragoza, Estado De México",381 m² construidos,3 recámaras,3 baños,https://departamento.mercadolibre.com.mx/MLM-3249821603-depas-en-preventa-exclusiva-residencial-notre-dame-atizapan-_JM,https://http2.mlstatic.com/D_NQ_NP_2X_768663-MLM115629544041_082026-E.webp,Atizapan De Zaragoza,381.0,3.0,3.0,55430.44619422572
"Depas En Preventa Exclusiva Residencial Notre Dame, Atizapán",15350000,MXN,"Rancho Blanco, Atizapán De Zaragoza, Estado De México",304 m² construidos,3 recámaras,4 baños,https://departamento.mercadolibre.com.mx/MLM-3249821591-depas-en-preventa-exclusiva-residencial-notre-dame-atizapan-_JM,https://http2.mlstatic.com/D_NQ_NP_2X_621270-MLM115629543321_082026-E.webp,Atizapan De Zaragoza,304.0,3.0,4.0,50493.42105263158
Último Departamento Monte Alto En Venta Con Terraza Privada Y Pérgola Jilotzing,5895000,MXN,"Rancho Blanco, Atizapán De Zaragoza, Estado De México",300 m² construidos,3 recámaras,2 baños,https://departamento.mercadolibre.com.mx/MLM-3249794949-ultimo-departamento-monte-alto-en-venta-con-terraza-privada-y-pergola-jilotzing-_JM,https://http2.mlstatic.com/D_NQ_NP_2X_953825-MLM115629348889_082026-E.webp,Atizapan De Zaragoza,300.0,3.0,2.0,19650.0
Último Departamento Monte Alto En Venta Con Terraza Privada Y Pérgola Jilotzing,5895000,MXN,"Rancho Blanco, Atizapán De Zaragoza, Estado De México",300 m² construidos,3 recámaras,2 baños,https://departamento.mercadolibre.com.mx/MLM-3249819229-ultimo-departamento-monte-alto-en-venta-con-terraza-privada-y-pergola-jilotzing-_JM,https://http2.mlstatic.com/D_NQ_NP_2X_726618-MLM115629191251_082026-E.webp,Atizapan De Zaragoza,300.0,3.0,2.0,19650.0
Último Departamento En Venta Monte Alto Con Terraza Privada Jilotzingo,4995000,MXN,"Lomas De Valle Escondido, Atizapán De Zaragoza, Estado De México",210 m² construidos,3 recámaras,2 baños,https://departamento.mercadolibre.com.mx/MLM-3215986775-ultimo-departamento-en-venta-monte-alto-con-terraza-privada-jilotzingo-_JM,https://http2.mlstatic.com/D_NQ_NP_2X_639898-MLM113994997274_072026-E.webp,Atizapan De Zaragoza,210.0,3.0,2.0,23785.714285714286
Último Departamento Monte Alto En Venta Con Terraza Privada Y Pérgola Jilotzing,5895000,MXN,"Rancho Blanco, Atizapán De Zaragoza, Estado De México",300 m² construidos,3 recámaras,2 baños,https://departamento.mercadolibre.com.mx/MLM-3249780721-ultimo-departamento-monte-alto-en-venta-con-terraza-privada-y-pergola-jilotzing-_JM,https://http2.mlstatic.com/D_NQ_NP_2X_676847-MLM115629184303_082026-E.webp,Atizapan De Zaragoza,300.0,3.0,2.0,19650.0
"Venta De Departamento En Terra Viure, Bosque Esmeralda",12900000,MXN,"Bosque Esmeralda, Atizapán De Zaragoza, Estado De México",230 m² construidos,3 recámaras,3 baños,https://departamento.mercadolibre.com.mx/MLM-3246913327-venta-de-departamento-en-terra-viure-bosque-esmeralda-_JM,https://http2.mlstatic.com/D_NQ_NP_2X_908950-MLM114263939100_082026-E.webp,Atizapan De Zaragoza,230.0,3.0,3.0,56086.95652173913
"Departamento Con Elevador Y Amenidades, Residencial Cerezos Atizapán",3390000,MXN,"Ciudad Adolfo López Mateos, Atizapán De Zaragoza, Estado De México",127 m² construidos,3 recámaras,2 baños,https://departamento.mercadolibre.com.mx/MLM-3249796019-departamento-con-elevador-y-amenidades-residencial-cerezos-atizapan-_JM,https://http2.mlstatic.com/D_NQ_NP_2X_759248-MLM115629539125_082026-E.webp,Atizapan De Zaragoza,127.0,3.0,2.0,26692.91338582677
"Depas En Preventa Exclusiva Residencial Notre Dame , Atizapán",9015000,MXN,"Rancho Blanco, Atizapán De Zaragoza, Estado De México",221 m² construidos,3 recámaras,4 baños,https://departamento.mercadolibre.com.mx/MLM-3249821577-depas-en-preventa-exclusiva-residencial-notre-dame-atizapan-_JM,https://http2.mlstatic.com/D_NQ_NP_2X_913188-MLM115629543037_082026-E.webp,Atizapan De Zaragoza,221.0,3.0,4.0,40791.85520361991
Depas En Preventa Exclusiva Residencial Notre Dame Rancho Blanco Atizpan,7223000,MXN,"Rancho Blanco, Atizapán De Zaragoza, Estado De México",176 m² construidos,2 recámaras,2 baños,https://departamento.mercadolibre.com.mx/MLM-3249821553-depas-en-preventa-exclusiva-residencial-notre-dame-rancho-blanco-atizpan-_JM,https://http2.mlstatic.com/D_NQ_NP_2X_621008-MLM114290324032_082026-E.webp,Atizapan De Zaragoza,176.0,2.0,2.0,41039.77272727273
"Depas En Preventa Exclusiva Residencial Notre Dame, Atizapán",11055000,MXN,"Rancho Blanco, Atizapán De Zaragoza, Estado De México",272 m² construidos,3 recámaras,4 baños,https://departamento.mercadolibre.com.mx/MLM-3249821567-depas-en-preventa-exclusiva-residencial-notre-dame-atizapan-_JM,https://http2.mlstatic.com/D_NQ_NP_2X_740233-MLM115629595353_082026-E.webp,Atizapan De Zaragoza,272.0,3.0,4.0,40643.382352941175
"Depas En Preventa Exclusiva Residencial Notre Dame, Atizapan",8335000,MXN,"Rancho Blanco, Atizapán De Zaragoza, Estado De México",204 m² construidos,3 recámaras,3 baños,https://departamento.mercadolibre.com.mx/MLM-3249783097-depas-en-preventa-exclusiva-residencial-notre-dame-atizapan-_JM,https://http2.mlstatic.com/D_NQ_NP_2X_712613-MLM115629541999_082026-E.webp,Atizapan De Zaragoza,204.0,3.0,3.0,40857.8431372549
"Departamento En Arbolada Del Bosque, Atizapán",3100000,MXN,"Adolfo López Mateos, Atizapán De Zaragoza, Estado De México",102 m² construidos,3 recámaras,2 baños,https://departamento.mercadolibre.com.mx/MLM-3249792963-departamento-en-arbolada-del-bosque-atizapan-_JM,https://http2.mlstatic.com/D_NQ_NP_2X_777923-MLM114289967328_082026-E.webp,Atizapan De Zaragoza,102.0,3.0,2.0,30392.156862745098
Depas En Preventa Exclusiva Residencial Notre Dame Atizapán,18075000,MXN,"Rancho Blanco, Atizapán De Zaragoza, Estado De México",358 m² construidos,3 recámaras,4 baños,https://departamento.mercadolibre.com.mx/MLM-3249796125-depas-en-preventa-exclusiva-residencial-notre-dame-atizapan-_JM,https://http2.mlstatic.com/D_NQ_NP_2X_623516-MLM115629513785_082026-E.webp,Atizapan De Zaragoza,358.0,3.0,4.0,50488.82681564246
"Hermoso Departamento En Venta Ubicado A  10 Min. Del  Club De Golf Hacienda, Tecnológico De Monterrey Y Lago De Guadalupe.",3800000,MXN,"Ciudad López Mateos, Las Colonias, Atizapán De Zaragoza, Estado De México",116 m² construidos,3 recámaras,2 baños,https://departamento.mercadolibre.com.mx/MLM-3245946379-hermoso-departamento-en-venta-ubicado-a-10-min-del-club-de-golf-hacienda-tecnologico-de-monterrey-y-lago-de-guadalupe-_JM,https://http2.mlstatic.com/D_NQ_NP_2X_743341-MLM114249172378_082026-E.webp,Atizapan De Zaragoza,116.0,3.0,2.0,32758.620689655174
"Hermoso Departamento En Venta Ubicado A  10 Min. Del  Club De Golf Hacienda, Tecnológico De Monterrey Y Lago De Guadalupe.",3800000,MXN,"Ciudad López Mateos, Las Colonias, Atizapán De Zaragoza, Estado De México",116 m² construidos,3 recámaras,2 baños,https://departamento.mercadolibre.com.mx/MLM-3239757033-hermoso-departamento-en-venta-ubicado-a-10-min-del-club-de-golf-hacienda-tecnologico-de-monterrey-y-lago-de-guadalupe-_JM,https://http2.mlstatic.com/D_NQ_NP_2X_984698-MLM115526284527_082026-E.webp,Atizapan De Zaragoza,116.0,3.0,2.0,32758.620689655174
Departamento En Venta En Atizapan,1200000,MXN,"Ex Hacienda Del Pedregal Lopez Mateos 2da Secc, Ciudad López Mateos, Ex-Hacienda El Pedregal, Atizapán De Zaragoza, Estado De México",49 m² construidos,2 recámaras,1 baño,https://departamento.mercadolibre.com.mx/MLM-3221455331-departamento-en-venta-en-atizapan-_JM,https://http2.mlstatic.com/D_NQ_NP_2X_925527-MLM113596299616_072026-E.webp,Atizapan De Zaragoza,49.0,2.0,1.0,24489.79591836735
Vendo Departamento  En Planta Baja En Lomas De Atizapan Atizapan De Zaragoza Estado De Mexico,1950000,MXN,"Av. Adolfo Ruiz Cortines, Lomas De Atizapan, Cdad. López Mateos, Lomas De Atizapán, Atizapán De Zaragoza, Estado De México",65 m² construidos,2 recámaras,1 baño,https://departamento.mercadolibre.com.mx/MLM-3227646867-vendo-departamento-en-planta-baja-en-lomas-de-atizapan-atizapan-de-zaragoza-estado-de-mexico-_JM,https://http2.mlstatic.com/D_NQ_NP_2X_977725-MLM114075854448_072026-E.webp,Atizapan De Zaragoza,65.0,2.0,1.0,30000.0
Casa En Venta En Paseo De Las Villas,1900000,MXN,"P.º De Las Villas 122, MZ 012, Villas De La Hacienda, Cdad. López Mateos, Villas De La Hacienda, Atizapán De Zaragoza, Estado De México",62 m² construidos,2 recámaras,1 baño,https://departamento.mercadolibre.com.mx/MLM-3246651241-casa-en-venta-en-paseo-de-las-villas-_JM,https://http2.mlstatic.com/D_NQ_NP_2X_804802-MLM115594848219_082026-E.webp,Atizapan De Zaragoza,62.0,2.0,1.0,30645.16129032258
"Departamento Venta Barrio Norte, Atizapán De Zaragoza, Edo. De Méx.",1900000,MXN,"3a. Cerrada De Progreso, Barrio Norte, Atizapán De Zaragoza, Estado De México",77 m² construidos,2 recámaras,2 baños,https://departamento.mercadolibre.com.mx/MLM-5576695820-departamento-venta-barrio-norte-atizapan-de-zaragoza-edo-de-mex-_JM,https://http2.mlstatic.com/D_NQ_NP_2X_882079-MLM113773454963_062026-E.webp,Atizapan De Zaragoza,77.0,2.0,2.0,24675.324675324675
Departamento En Venta Residencial Valle Esmeralda,3490000,MXN,"Bosque De Arrayán, Atizapán De Zaragoza, Estado De México",73 m² construidos,2 recámaras,2 baños,https://departamento.mercadolibre.com.mx/MLM-5779756082-departamento-en-venta-residencial-valle-esmeralda-_JM,https://http2.mlstatic.com/D_NQ_NP_2X_938194-MLM114968465165_072026-E.webp,Atizapan De Zaragoza,73.0,2.0,2.0,47808.21917808219
Triada En Lago Esmeralda,3588750,MXN,"Residencial Lago Esmeralda, Atizapán De Zaragoza, Estado De México",70 m² construidos,2 recámaras,2 baños,https://departamento.mercadolibre.com.mx/MLM-5357381716-triada-en-lago-esmeralda-_JM,https://http2.mlstatic.com/D_NQ_NP_2X_929638-MLM113892571294_072026-E.webp,Atizapan De Zaragoza,70.0,2.0,2.0,51267.857142857145
Departamento En Venta 106mts 3 Recamaras 2 Estacionamiento,3125000,MXN,"Mar Egeo, Lomas Lindas, Cdad. López Mateos, Lomas Lindas, Atizapán De Zaragoza, Estado De México",106 m² construidos,3 recámaras,3 baños,https://departamento.mercadolibre.com.mx/MLM-2880797369-departamento-en-venta-106mts-3-recamaras-2-estacionamiento-_JM,https://http2.mlstatic.com/D_NQ_NP_2X_601875-MLM110715556171_042026-E.webp,Atizapan De Zaragoza,106.0,3.0,3.0,29481.132075471698
Venta Departamento Nuevo Park View Atizapán Estado De México,2800000,MXN,"Lago Ercina, Residencial Lago Esmeralda, Atizapán De Zaragoza, Estado De México",52 m² construidos,2 recámaras,2 baños,https://departamento.mercadolibre.com.mx/MLM-5791522170-venta-departamento-nuevo-park-view-atizapan-estado-de-mexico-_JM,https://http2.mlstatic.com/D_NQ_NP_2X_959366-MLM115019992379_072026-E.webp,Atizapan De Zaragoza,52.0,2.0,2.0,53846.153846153844
Departamento En Venta Zona Esmeralda,5830000,MXN,"Cda. Del Mirador 7, 52800 - 53100 Viejo Madín, Méx., Mexico, Lago Esmeralda, Atizapán De Zaragoza, Estado De México",101 m² construidos,2 recámaras,1 baño,https://departamento.mercadolibre.com.mx/MLM-4667530960-departamento-en-venta-zona-esmeralda-_JM,https://http2.mlstatic.com/D_NQ_NP_2X_614091-MLM107597495325_022026-E.webp,Atizapan De Zaragoza,101.0,2.0,1.0,57722.77227722772
Departamento En Venta Zona Esmeralda,9139334,MXN,"GPRM+VW, 52989 Ciudad López Mateos, State Of Mexico, Mexico, Lago Esmeralda, Atizapán De Zaragoza, Estado De México",174 m² construidos,2 recámaras,1 baño,https://departamento.mercadolibre.com.mx/MLM-2687599057-departamento-en-venta-zona-esmeralda-_JM,https://http2.mlstatic.com/D_NQ_NP_2X_656175-MLM107595496637_022026-E.webp,Atizapan De Zaragoza,174.0,2.0,1.0,52524.90804597701
"Departamentos En Venta En Park View $2,350,000.00",2350000,MXN,"Ciudad Adolfo López Mateos, Atizapán De Zaragoza, Estado De México",52 m² construidos,2 recámaras,2 baños,https://departamento.mercadolibre.com.mx/MLM-5715357530-departamentos-en-venta-en-park-view-235000000-_JM,https://http2.mlstatic.com/D_NQ_NP_2X_809955-MLM113303904730_072026-E.webp,Atizapan De Zaragoza,52.0,2.0,2.0,45192.307692307695
"Departamentos En Venta En Park View  Desde $2,535,000 Hasta $2,785,000",2535000,MXN,"Ciudad Adolfo López Mateos, Atizapán De Zaragoza, Estado De México",52 m² construidos,2 recámaras,2 baños,https://departamento.mercadolibre.com.mx/MLM-3135965555-departamentos-en-venta-en-park-view-desde-2535000-hasta-2785000-_JM,https://http2.mlstatic.com/D_NQ_NP_2X_901604-MLM114548410163_072026-E.webp,Atizapan De Zaragoza,52.0,2.0,2.0,48750.0
"Departamento En Venta En Fraccionamiento Villas De La Hacienda, Atizapán",2200000,MXN,"Villas De La Hacienda, Ciudad López Mateos, Villas De La Hacienda, Atizapán De Zaragoza, Estado De México",80 m² construidos,3 recámaras,2 baños,https://departamento.mercadolibre.com.mx/MLM-3053876039-departamento-en-venta-en-fraccionamiento-villas-de-la-hacienda-atizapan-_JM,https://http2.mlstatic.com/D_NQ_NP_2X_689612-MLM113818320837_062026-E.webp,Atizapan De Zaragoza,80.0,3.0,2.0,27500.0
"Departamento En Venta, Jardines De Atizapan, Estado De Mexico",3661500,MXN,"Gral. De Div. Rodolfo Casillas 10S, Jardines De Atizapan, 52978 Cdad. López Mateos, Méx., Mexico, Jardines De Atizapán, Atizapán De Zaragoza, Estado De México",106 m² construidos,2 recámaras,2 baños,https://departamento.mercadolibre.com.mx/MLM-4846980650-departamento-en-venta-jardines-de-atizapan-estado-de-mexico-_JM,https://http2.mlstatic.com/D_NQ_NP_2X_661808-MLM107812899063_022026-E.webp,Atizapan De Zaragoza,106.0,2.0,2.0,34542.45283018868
"Ph De Lujo Con 3 Recamaras, Terraza, Balcon, Cuarto De Servicio, Area De Lavado, Seguridad 24/7 En Real Antigua Zona Esmeralda Atizapan De Zaragoza",11500000,MXN,"Aeropuerto 11454, Valle Escondido Y Club De Golf Valle Escondido, 52938 Cdad. López Mateos, Méx., Mexico, Valle Escondido, Atizapán De Zaragoza, Estado De México",262 m² construidos,3 recámaras,3 baños,https://departamento.mercadolibre.com.mx/MLM-5555035158-ph-de-lujo-con-3-recamaras-terraza-balcon-cuarto-de-servicio-area-de-lavado-seguridad-247-en-real-antigua-zona-esmeralda-atizapan-de-zaragoza-_JM,https://http2.mlstatic.com/D_NQ_NP_2X_952105-MLM93155088870_092025-E.webp,Atizapan De Zaragoza,262.0,3.0,3.0,43893.12977099237
Sky View En Lago Esmeralda,4110000,MXN,"Residencial Lago Esmeralda, Atizapán De Zaragoza, Estado De México",92 m² construidos,3 recámaras,2 baños,https://departamento.mercadolibre.com.mx/MLM-5357495436-sky-view-en-lago-esmeralda-_JM,https://http2.mlstatic.com/D_NQ_NP_2X_730765-MLM85881596787_062025-E.webp,Atizapan De Zaragoza,92.0,3.0,2.0,44673.913043478264
Reserva Escondida En Zona Esmeralda (preventa),8854336,MXN,"Rancho San Juan, Atizapán De Zaragoza, Estado De México",193 m² construidos,3 recámaras,3 baños,https://departamento.mercadolibre.com.mx/MLM-5132926026-reserva-escondida-en-zona-esmeralda-preventa-_JM,https://http2.mlstatic.com/D_NQ_NP_2X_786731-MLM95576483383_102025-E.webp,Atizapan De Zaragoza,193.0,3.0,3.0,45877.38860103627
Departamento City Esmeralda En Piso 18 Con Vista Y Amenidades Premium,3650000,MXN,"Residencial Lago Esmeralda, Atizapán De Zaragoza, Estado De México",73 m² construidos,2 recámaras,2 baños,https://departamento.mercadolibre.com.mx/MLM-5147730068-departamento-city-esmeralda-en-piso-18-con-vista-y-amenidades-premium-_JM,https://http2.mlstatic.com/D_NQ_NP_2X_640174-MLM113589320718_072026-E.webp,Atizapan De Zaragoza,73.0,2.0,2.0,50000.0
Reserva Escondida Torrre Nogal En Zona Esmeralda,14000000,MXN,"Rancho San Juan, Atizapán De Zaragoza, Estado De México",183 m² construidos,3 recámaras,3 baños,https://departamento.mercadolibre.com.mx/MLM-5811395704-reserva-escondida-torrre-nogal-en-zona-esmeralda-_JM,https://http2.mlstatic.com/D_NQ_NP_2X_882775-MLM106138205520_022026-E.webp,Atizapan De Zaragoza,183.0,3.0,3.0,76502.73224043715
Venta De Departamento,2310000,MXN,"Avenida De La Manzana, San Miguel Xochimanga, Atizapán De Zaragoza, Estado De México",61 m² construidos,2 recámaras,2 baños,https://departamento.mercadolibre.com.mx/MLM-2901254237-venta-de-departamento-_JM,https://http2.mlstatic.com/D_NQ_NP_2X_704234-MLM110161094468_042026-E.webp,Atizapan De Zaragoza,61.0,2.0,2.0,37868.852459016394
Se Vende Departamento De 69 Mts. 3er Nivel En Atizapan Centro  Solo De Contado,1200000,MXN,"Atizapan Centro, Ciudad López Mateos, Adolfo López Mateos, Atizapán De Zaragoza, Estado De México",69 m² construidos,3 recámaras,1 baño,https://departamento.mercadolibre.com.mx/MLM-3207188953-se-vende-departamento-de-69-mts-3er-nivel-en-atizapan-centro-solo-de-contado-_JM,https://http2.mlstatic.com/D_NQ_NP_2X_790579-MLM100580061538_122025-E.webp,Atizapan De Zaragoza,69.0,3.0,1.0,17391.304347826088
Departamento En Venta En Lomas Lindas,2800000,MXN,"Camino A Quinta Saulo 001, Lomas Lindas I Sección, Atizapán De Zaragoza, Estado De México",100 m² construidos,2 recámaras,2 baños,https://departamento.mercadolibre.com.mx/MLM-5080237574-departamento-en-venta-en-lomas-lindas-_JM,https://http2.mlstatic.com/D_NQ_NP_2X_916856-MLM109559938597_032026-E.webp,Atizapan De Zaragoza,100.0,2.0,2.0,28000.0
"Departamentos En Torre Uno, Jardines De Atizapán",3150000,MXN,"Jardines De Atizapán, Atizapán De Zaragoza, Estado De México",125 m² construidos,2 recámaras,2 baños,https://departamento.mercadolibre.com.mx/MLM-3203823209-departamentos-en-torre-uno-jardines-de-atizapan-_JM,https://http2.mlstatic.com/D_NQ_NP_2X_698130-MLM113917546104_072026-E.webp,Atizapan De Zaragoza,125.0,2.0,2.0,25200.0
Departamento Venta Nuevo De Lujo En Zona Esmeralda,11150002,MXN,"Viejo Madín, Atizapán De Zaragoza, Estado De México",217 m² construidos,3 recámaras,3 baños,https://departamento.mercadolibre.com.mx/MLM-5833440762-departamento-venta-nuevo-de-lujo-en-zona-esmeralda-_JM,https://http2.mlstatic.com/D_NQ_NP_2X_776017-MLM115257826117_072026-E.webp,Atizapan De Zaragoza,217.0,3.0,3.0,51382.49769585254
"Departamentos En Torre Uno, Jardines De Atizapán",3600000,MXN,"Ciudad Adolfo López Mateos, Atizapán De Zaragoza, Estado De México",125 m² construidos,2 recámaras,2 baños,https://departamento.mercadolibre.com.mx/MLM-3208711913-departamentos-en-torre-uno-jardines-de-atizapan-_JM,https://http2.mlstatic.com/D_NQ_NP_2X_904987-MLM115261340501_072026-E.webp,Atizapan De Zaragoza,125.0,2.0,2.0,28800.0
"Departamento En Venta En Rincón De La Montaña, Atizapán De Zaragoza En $2,800,00",2800000,MXN,"Lomas De San Lorenzo, Atizapán De Zaragoza, Estado De México",90 m² construidos,2 recámaras,2 baños,https://departamento.mercadolibre.com.mx/MLM-2973114021-departamento-en-venta-en-rincon-de-la-montana-atizapan-de-zaragoza-en-280000-_JM,https://http2.mlstatic.com/D_NQ_NP_2X_810011-MLM114682452435_072026-E.webp,Atizapan De Zaragoza,90.0,2.0,2.0,31111.11111111111
"Departamento En Venta, En Mexico Nuevo, Moderno Y Con Excelente Ubicación",4450000,MXN,"Oxxo, México Nuevo, Atizapán De Zaragoza, Estado De México",160 m² construidos,3 recámaras,2 baños,https://departamento.mercadolibre.com.mx/MLM-3993254960-departamento-en-venta-en-mexico-nuevo-moderno-y-con-excelente-ubicacion-_JM,https://http2.mlstatic.com/D_NQ_NP_2X_888835-MLM77501605130_072024-E.webp,Atizapan De Zaragoza,160.0,3.0,2.0,27812.5
Punta Esmeralda,3800000,MXN,"Bosque Esmeralda, Atizapán De Zaragoza, Estado De México",106 m² construidos,3 recámaras,2 baños,https://departamento.mercadolibre.com.mx/MLM-2937240581-punta-esmeralda-_JM,https://http2.mlstatic.com/D_NQ_NP_2X_841044-MLM85881317561_062025-E.webp,Atizapan De Zaragoza,106.0,3.0,2.0,35849.056603773584
Departamento Semiamueblado (opcional) En Venta O Renta En Reserva Escondida,12250000,MXN,"Hacienda De Valle Escondido, Atizapán De Zaragoza, Estado De México",225 m² construidos,3 recámaras,3 baños,https://departamento.mercadolibre.com.mx/MLM-5770136498-departamento-semiamueblado-opcional-en-venta-o-renta-en-reserva-escondida-_JM,https://http2.mlstatic.com/D_NQ_NP_2X_965479-MLM113642555368_072026-E.webp,Atizapan De Zaragoza,225.0,3.0,3.0,54444.444444444445
Venta De Bonito Departamento En Lomas De Atizapán,3600000,MXN,"Lomas De Atizapán, Atizapán De Zaragoza, Estado De México",107 m² construidos,3 recámaras,2 baños,https://departamento.mercadolibre.com.mx/MLM-5609900720-venta-de-bonito-departamento-en-lomas-de-atizapan-_JM,https://http2.mlstatic.com/D_NQ_NP_2X_721334-MLM112776192830_062026-E.webp,Atizapan De Zaragoza,107.0,3.0,2.0,33644.85981308411
"Venta  Y Renta, Departamentos Reserva Escondida, Zona Esmeralda",10500000,MXN,"Ciudad Adolfo López Mateos, Atizapán De Zaragoza, Estado De México",195 m² construidos,3 recámaras,3 baños,https://departamento.mercadolibre.com.mx/MLM-2914071319-venta-y-renta-departamentos-reserva-escondida-zona-esmeralda-_JM,https://http2.mlstatic.com/D_NQ_NP_2X_783247-MLM111351761931_052026-E.webp,Atizapan De Zaragoza,195.0,3.0,3.0,53846.153846153844
"Venta De Departamentos En Albar, Zona Esmerlda",2100000,MXN,"Bosque Esmeralda, Atizapán De Zaragoza, Estado De México",38 m² construidos,2 recámaras,1 baño,https://departamento.mercadolibre.com.mx/MLM-5570108952-venta-de-departamentos-en-albar-zona-esmerlda-_JM,https://http2.mlstatic.com/D_NQ_NP_2X_861046-MLM112555464644_062026-E.webp,Atizapan De Zaragoza,38.0,2.0,1.0,55263.15789473684
Venta: Espectacular Departamento A Estrenar,11500000,MXN,"Club De Golf Valle Escondido, Atizapán De Zaragoza, Estado De México",225 m² construidos,3 recámaras,3 baños,https://departamento.mercadolibre.com.mx/MLM-2996724335-venta-espectacular-departamento-a-estrenar-_JM,https://http2.mlstatic.com/D_NQ_NP_2X_970608-MLM113003966979_062026-E.webp,Atizapan De Zaragoza,225.0,3.0,3.0,51111.11111111111
"Departamento En Venta Lago Esmeralda, Zona Esmeralda",6029000,MXN,"Residencial Lago Esmeralda, Atizapán De Zaragoza, Estado De México",100 m² construidos,2 recámaras,2 baños,https://departamento.mercadolibre.com.mx/MLM-5357408736-departamento-en-venta-lago-esmeralda-zona-esmeralda-_JM,https://http2.mlstatic.com/D_NQ_NP_2X_667603-MLM114035772804_072026-E.webp,Atizapan De Zaragoza,100.0,2.0,2.0,60290.0
Loft De Lujo Amueblado En Venta En Residencial Arboro,5500000,MXN,"Bosque Esmeralda, Atizapán De Zaragoza, Estado De México",127 m² construidos,1 recámara,1 baño,https://departamento.mercadolibre.com.mx/MLM-5609913276-loft-de-lujo-amueblado-en-venta-en-residencial-arboro-_JM,https://http2.mlstatic.com/D_NQ_NP_2X_857659-MLM112776215520_062026-E.webp,Atizapan De Zaragoza,127.0,1.0,1.0,43307.086614173226
Exclusivo Departamento Con Terraza En Venta-loma Antigua Ze,8200000,MXN,"Bosque Esmeralda, Atizapán De Zaragoza, Estado De México",204 m² construidos,3 recámaras,3 baños,https://departamento.mercadolibre.com.mx/MLM-3063249925-exclusivo-departamento-con-terraza-en-venta-loma-antigua-ze-_JM,https://http2.mlstatic.com/D_NQ_NP_2X_986857-MLM112737593084_062026-E.webp,Atizapan De Zaragoza,204.0,3.0,3.0,40196.07843137255
"Departamento En Venta Lago Esmeralda, Zona Esmeralda",7154000,MXN,"Residencial Lago Esmeralda, Atizapán De Zaragoza, Estado De México",123 m² construidos,2 recámaras,2 baños,https://departamento.mercadolibre.com.mx/MLM-2937316565-departamento-en-venta-lago-esmeralda-zona-esmeralda-_JM,https://http2.mlstatic.com/D_NQ_NP_2X_771712-MLM115355964747_072026-E.webp,Atizapan De Zaragoza,123.0,2.0,2.0,58162.60162601626
"Departamento En Venta En Sky View Desde $4,110,000 Hasta $4, 365,000",4110000,MXN,"Residencial Lago Esmeralda, Atizapán De Zaragoza, Estado De México",92 m² construidos,3 recámaras,2 baños,https://departamento.mercadolibre.com.mx/MLM-5715458336-departamento-en-venta-en-sky-view-desde-4110000-hasta-4-365000-_JM,https://http2.mlstatic.com/D_NQ_NP_2X_601644-MLM114548440387_072026-E.webp,Atizapan De Zaragoza,92.0,3.0,2.0,44673.913043478264
"Departamento En Venta En Triada Zona Esmeralda $4,100,000.00",4100000,MXN,"Bosque Esmeralda, Atizapán De Zaragoza, Estado De México",70 m² construidos,2 recámaras,2 baños,https://departamento.mercadolibre.com.mx/MLM-5715458076-departamento-en-venta-en-triada-zona-esmeralda-410000000-_JM,https://http2.mlstatic.com/D_NQ_NP_2X_820775-MLM113303879346_072026-E.webp,Atizapan De Zaragoza,70.0,2.0,2.0,58571.42857142857
"Departamento En Venta En Terra Viure, Zona Esmeralda",11850000,MXN,"Jorge Jiménez Cantú, Av Rancho Viejo 11-local 2, Cdad. López Mateos, Bosque Esmeralda, Atizapán De Zaragoza, Estado De México",245 m² construidos,3 recámaras,3 baños,https://departamento.mercadolibre.com.mx/MLM-5159078522-departamento-en-venta-en-terra-viure-zona-esmeralda-_JM,https://http2.mlstatic.com/D_NQ_NP_2X_936460-MLM109374865506_042026-E.webp,Atizapan De Zaragoza,245.0,3.0,3.0,48367.34693877551
Preventa Penthouse La Montaña  En La Estadia,17800000,MXN,"La Estadía, Atizapán De Zaragoza, Estado De México",330 m² construidos,3 recámaras,3 baños,https://departamento.mercadolibre.com.mx/MLM-3193846975-preventa-penthouse-la-montana-en-la-estadia-_JM,https://http2.mlstatic.com/D_NQ_NP_2X_630910-MLM106301043786_022026-E.webp,Atizapan De Zaragoza,330.0,3.0,3.0,53939.393939393936
"Departamento En Venta En Lago Esmeralda, Atizapán Desde $2,050,000",2050000,MXN,"Residencial Lago Esmeralda, Atizapán De Zaragoza, Estado De México",38 m² construidos,2 recámaras,1 baño,https://departamento.mercadolibre.com.mx/MLM-3135965325-departamento-en-venta-en-lago-esmeralda-atizapan-desde-2050000-_JM,https://http2.mlstatic.com/D_NQ_NP_2X_703877-MLM113303905354_072026-E.webp,Atizapan De Zaragoza,38.0,2.0,1.0,53947.36842105263
¡oportunidad! Preventa Departamento 3 Recámaras Y Amenidades En Atizapán De Zaragoza,4171545,MXN,"Coporo, Ciudad Adolfo López Mateos, Atizapán De Zaragoza, Estado De México",129 m² construidos,3 recámaras,2 baños,https://departamento.mercadolibre.com.mx/MLM-5809238268-oportunidad-preventa-departamento-3-recamaras-y-amenidades-en-atizapan-de-zaragoza-_JM,https://http2.mlstatic.com/D_NQ_NP_2X_885181-MLM113836457958_072026-E.webp,Atizapan De Zaragoza,129.0,3.0,2.0,32337.558139534885
"Departamento En Venta En Triada Zona Esmeralda Desde $3,588,000.00",3588000,MXN,"Ciudad Adolfo López Mateos, Atizapán De Zaragoza, Estado De México",70 m² construidos,2 recámaras,2 baños,https://departamento.mercadolibre.com.mx/MLM-5715458830-departamento-en-venta-en-triada-zona-esmeralda-desde-358800000-_JM,https://http2.mlstatic.com/D_NQ_NP_2X_919940-MLM114548490055_072026-E.webp,Atizapan De Zaragoza,70.0,2.0,2.0,51257.142857142855
"Departamento  En Venta, Cima Esmeralda",3650000,MXN,"Bosque Esmeralda, Atizapán De Zaragoza, Estado De México",100 m² construidos,2 recámaras,2 baños,https://departamento.mercadolibre.com.mx/MLM-5065257434-departamento-en-venta-cima-esmeralda-_JM,https://http2.mlstatic.com/D_NQ_NP_2X_719489-MLM108577735860_032026-E.webp,Atizapan De Zaragoza,100.0,2.0,2.0,36500.0
"Departamento En Venta Y Renta  Totalmente Remodelado Calacoaya, Atizapan",5200000,MXN,"Ciudad Adolfo López Mateos, Atizapán De Zaragoza, Estado De México",155 m² construidos,3 recámaras,3 baños,https://departamento.mercadolibre.com.mx/MLM-3184602637-departamento-en-venta-y-renta-totalmente-remodelado-calacoaya-atizapan-_JM,https://http2.mlstatic.com/D_NQ_NP_2X_939854-MLM115043324031_072026-E.webp,Atizapan De Zaragoza,155.0,3.0,3.0,33548.3870967742
Departamento En Venta En Triada Esmeralda,3950000,MXN,"Bosque Esmeralda, Atizapán De Zaragoza, Estado De México",70 m² construidos,2 recámaras,2 baños,https://departamento.mercadolibre.com.mx/MLM-3063448015-departamento-en-venta-en-triada-esmeralda-_JM,https://http2.mlstatic.com/D_NQ_NP_2X_695454-MLM113932252303_062026-E.webp,Atizapan De Zaragoza,70.0,2.0,2.0,56428.57142857143
Venta De Departamento En Terra Viure. Zona Esmeralda,11900000,MXN,"Bosque Esmeralda, Atizapán De Zaragoza, Estado De México",245 m² construidos,3 recámaras,3 baños,https://departamento.mercadolibre.com.mx/MLM-3208536173-venta-de-departamento-en-terra-viure-zona-esmeralda-_JM,https://http2.mlstatic.com/D_NQ_NP_2X_618690-MLM113947939720_072026-E.webp,Atizapan De Zaragoza,245.0,3.0,3.0,48571.42857142857
Departamento Nuevo En Venta En Zona Esmeralda. Terra Viure.,13150000,MXN,"Bosque Esmeralda, Atizapán De Zaragoza, Estado De México",235 m² construidos,3 recámaras,2 baños,https://departamento.mercadolibre.com.mx/MLM-3168720873-departamento-nuevo-en-venta-en-zona-esmeralda-terra-viure-_JM,https://http2.mlstatic.com/D_NQ_NP_2X_894560-MLM113642513238_072026-E.webp,Atizapan De Zaragoza,235.0,3.0,2.0,55957.44680851064
Venta Exclusiva Departamento En Desarrollo Senderos,5600000,MXN,"Rancho Blanco, Atizapán De Zaragoza, Estado De México",200 m² construidos,3 recámaras,3 baños,https://departamento.mercadolibre.com.mx/MLM-3045833035-venta-exclusiva-departamento-en-desarrollo-senderos-_JM,https://http2.mlstatic.com/D_NQ_NP_2X_919946-MLM113730001041_062026-E.webp,Atizapan De Zaragoza,200.0,3.0,3.0,28000.0
Departamentos  Torre Molinos 260,3991000,MXN,"Jardines De Atizapán, Atizapán De Zaragoza, Estado De México",117 m² construidos,2 recámaras,2 baños,https://departamento.mercadolibre.com.mx/MLM-2919694101-departamentos-torre-molinos-260-_JM,https://http2.mlstatic.com/D_NQ_NP_2X_659709-MLM85715299417_062025-E.webp,Atizapan De Zaragoza,117.0,2.0,2.0,34111.11111111111
Departamento En Pre Venta En Jilotzingo,4500000,MXN,"Rancho Blanco, Atizapán De Zaragoza, Estado De México",136 m² construidos,3 recámaras,2 baños,https://departamento.mercadolibre.com.mx/MLM-5139251200-departamento-en-pre-venta-en-jilotzingo-_JM,https://http2.mlstatic.com/D_NQ_NP_2X_918302-MLM110081814711_042026-E.webp,Atizapan De Zaragoza,136.0,3.0,2.0,33088.23529411765
"Departamentos En Venta En Jardines De Atizapán En $4,023,335.00",4023335,MXN,"Jardines De Atizapán, Atizapán De Zaragoza, Estado De México",118 m² construidos,2 recámaras,2 baños,https://departamento.mercadolibre.com.mx/MLM-5715357896-departamentos-en-venta-en-jardines-de-atizapan-en-402333500-_JM,https://http2.mlstatic.com/D_NQ_NP_2X_995397-MLM114548333751_072026-E.webp,Atizapan De Zaragoza,118.0,2.0,2.0,34096.0593220339
"Departamento En Venta En Prado Largo, Atizapán",10600000,MXN,"Av. Valle Del Espiritu Santo Sn, Prado Largo, Atizapán De Zaragoza, Estado De México",237 m² construidos,3 recámaras,3 baños,https://departamento.mercadolibre.com.mx/MLM-4841601836-departamento-en-venta-en-prado-largo-atizapan-_JM,https://http2.mlstatic.com/D_NQ_NP_2X_783167-MLM107058003794_022026-E.webp,Atizapan De Zaragoza,237.0,3.0,3.0,44725.738396624474
Venta De Departamentos En Villa Salvatore,4100000,MXN,"México Nuevo, Atizapán De Zaragoza, Estado De México",129 m² construidos,3 recámaras,2 baños,https://departamento.mercadolibre.com.mx/MLM-3045824587-venta-de-departamentos-en-villa-salvatore-_JM,https://http2.mlstatic.com/D_NQ_NP_2X_928222-MLM112555692420_062026-E.webp,Atizapan De Zaragoza,129.0,3.0,2.0,31782.945736434107
"Departamento En Venta En Rancho Blanco $2,550,000.00",2550000,MXN,"Rancho Blanco, Atizapán De Zaragoza, Estado De México",90 m² construidos,2 recámaras,1 baño,https://departamento.mercadolibre.com.mx/MLM-5715357958-departamento-en-venta-en-rancho-blanco-255000000-_JM,https://http2.mlstatic.com/D_NQ_NP_2X_670976-MLM113303928888_072026-E.webp,Atizapan De Zaragoza,90.0,2.0,1.0,28333.333333333332
"Venta Departamento Desde $3,380,000 En Rincón De La Montaña",3380000,MXN,"Rincón De La Montaña, Atizapán De Zaragoza, Estado De México",100 m² construidos,2 recámaras,2 baños,https://departamento.mercadolibre.com.mx/MLM-5147730078-venta-departamento-desde-3380000-en-rincon-de-la-montana-_JM,https://http2.mlstatic.com/D_NQ_NP_2X_846967-MLM114864383641_072026-E.webp,Atizapan De Zaragoza,100.0,2.0,2.0,33800.0
"Departamento En Venta En Racho Blanco En $2,650,000.00",2650000,MXN,"Rancho Blanco, Atizapán De Zaragoza, Estado De México",100 m² construidos,2 recámaras,2 baños,https://departamento.mercadolibre.com.mx/MLM-5715357948-departamento-en-venta-en-racho-blanco-en-265000000-_JM,https://http2.mlstatic.com/D_NQ_NP_2X_806996-MLM114548424533_072026-E.webp,Atizapan De Zaragoza,100.0,2.0,2.0,26500.0
"Departamentos En Preventa Lago Esmeralda Desde $5,745,569.00",5745569,MXN,"Residencial Lago Esmeralda, Atizapán De Zaragoza, Estado De México",101 m² construidos,2 recámaras,2 baños,https://departamento.mercadolibre.com.mx/MLM-5715457530-departamentos-en-preventa-lago-esmeralda-desde-574556900-_JM,https://http2.mlstatic.com/D_NQ_NP_2X_774881-MLM113303789754_072026-E.webp,Atizapan De Zaragoza,101.0,2.0,2.0,56886.82178217822
"Departamentos En Preventa Lago Esmeralda Desde $8,021,594.00",8021594,MXN,"Residencial Lago Esmeralda, Atizapán De Zaragoza, Estado De México",163 m² construidos,3 recámaras,3 baños,https://departamento.mercadolibre.com.mx/MLM-3135964751-departamentos-en-preventa-lago-esmeralda-desde-802159400-_JM,https://http2.mlstatic.com/D_NQ_NP_2X_973290-MLM113303787958_072026-E.webp,Atizapan De Zaragoza,163.0,3.0,3.0,49212.233128834356
"Departamentos En Preventa Cumbres 424 Desde $2,190,000",2190000,MXN,"Residencial Lago Esmeralda, Atizapán De Zaragoza, Estado De México",42 m² construidos,2 recámaras,1 baño,https://departamento.mercadolibre.com.mx/MLM-5715357568-departamentos-en-preventa-cumbres-424-desde-2190000-_JM,https://http2.mlstatic.com/D_NQ_NP_2X_804281-MLM113303908330_072026-E.webp,Atizapan De Zaragoza,42.0,2.0,1.0,52142.857142857145
"Departamentos En Preventa Lago Esmeralda Desde $7,938,035.00",7938035,MXN,"Residencial Lago Esmeralda, Atizapán De Zaragoza, Estado De México",163 m² construidos,3 recámaras,4 baños,https://departamento.mercadolibre.com.mx/MLM-5715457488-departamentos-en-preventa-lago-esmeralda-desde-793803500-_JM,https://http2.mlstatic.com/D_NQ_NP_2X_927618-MLM113303756288_072026-E.webp,Atizapan De Zaragoza,163.0,3.0,4.0,48699.601226993866
"Departamentos En Preventa Lago Esmeralda Desde $7,083,247.00",7083247,MXN,"Residencial Lago Esmeralda, Atizapán De Zaragoza, Estado De México",123 m² construidos,2 recámaras,2 baños,https://departamento.mercadolibre.com.mx/MLM-5715356984-departamentos-en-preventa-lago-esmeralda-desde-708324700-_JM,https://http2.mlstatic.com/D_NQ_NP_2X_956080-MLM113303807746_072026-E.webp,Atizapan De Zaragoza,123.0,2.0,2.0,57587.37398373984
Venta De Ultimos Departamentos En City Esmeralda,3700000,MXN,"Bosque Esmeralda, Atizapán De Zaragoza, Estado De México",73 m² construidos,2 recámaras,2 baños,https://departamento.mercadolibre.com.mx/MLM-3045830901-venta-de-ultimos-departamentos-en-city-esmeralda-_JM,https://http2.mlstatic.com/D_NQ_NP_2X_671226-MLM112555349446_062026-E.webp,Atizapan De Zaragoza,73.0,2.0,2.0,50684.931506849316
Venta Departamentos Nuevos En Rincón De La Montaña,3463000,MXN,"Rincón De La Montaña, Atizapán De Zaragoza, Estado De México",100 m² construidos,2 recámaras,2 baños,https://departamento.mercadolibre.com.mx/MLM-5147730076-venta-departamentos-nuevos-en-rincon-de-la-montana-_JM,https://http2.mlstatic.com/D_NQ_NP_2X_953491-MLM113589301234_072026-E.webp,Atizapan De Zaragoza,100.0,2.0,2.0,34630.0
Brisa En Lago Esmeralda,5200000,MXN,"Residencial Lago Esmeralda, Atizapán De Zaragoza, Estado De México",134 m² construidos,3 recámaras,3 baños,https://departamento.mercadolibre.com.mx/MLM-2779011375-brisa-en-lago-esmeralda-_JM,https://http2.mlstatic.com/D_NQ_NP_2X_714368-MLM107904152420_032026-E.webp,Atizapan De Zaragoza,134.0,3.0,3.0,38805.97014925373
"Departamentos En Venta En Anatolia Residencia Desde $3,100,000.00",3100000,MXN,"Lomas Lindas II Sección, Atizapán De Zaragoza, Estado De México",138 m² construidos,3 recámaras,2 baños,https://departamento.mercadolibre.com.mx/MLM-5715357638-departamentos-en-venta-en-anatolia-residencia-desde-310000000-_JM,https://http2.mlstatic.com/D_NQ_NP_2X_740954-MLM113303919972_072026-E.webp,Atizapan De Zaragoza,138.0,3.0,2.0,22463.768115942028
Departamentos En Cumbres Cuatro 24 En Venta,2100000,MXN,"Residencial Lago Esmeralda, Atizapán De Zaragoza, Estado De México",44 m² construidos,2 recámaras,2 baños,https://departamento.mercadolibre.com.mx/MLM-3045822335-departamentos-en-cumbres-cuatro-24-en-venta-_JM,https://http2.mlstatic.com/D_NQ_NP_2X_761418-MLM112555324332_062026-E.webp,Atizapan De Zaragoza,44.0,2.0,2.0,47727.27272727273
"Departamento En Venta Cima Esmeralda, Zona Esmeralda",3490000,MXN,"Bosque Esmeralda, Atizapán De Zaragoza, Estado De México",100 m² construidos,2 recámaras,2 baños,https://departamento.mercadolibre.com.mx/MLM-3207929093-departamento-en-venta-cima-esmeralda-zona-esmeralda-_JM,https://http2.mlstatic.com/D_NQ_NP_2X_819745-MLM113942849788_072026-E.webp,Atizapan De Zaragoza,100.0,2.0,2.0,34900.0
Preventa Departamento En Lago Esmeralda,5376914,MXN,"Atizapán, Atizapán De Zaragoza, Estado De México",101 m² construidos,2 recámaras,2 baños,https://departamento.mercadolibre.com.mx/MLM-5147813174-preventa-departamento-en-lago-esmeralda-_JM,https://http2.mlstatic.com/D_NQ_NP_2X_601598-MLM113589318282_072026-E.webp,Atizapan De Zaragoza,101.0,2.0,2.0,53236.77227722772
Preventa Departamento En  Lago Esmeralda,7428704,MXN,"Atizapán, Atizapán De Zaragoza, Estado De México",163 m² construidos,3 recámaras,3 baños,https://departamento.mercadolibre.com.mx/MLM-2848185999-preventa-departamento-en-lago-esmeralda-_JM,https://http2.mlstatic.com/D_NQ_NP_2X_907623-MLM114864380831_072026-E.webp,Atizapan De Zaragoza,163.0,3.0,3.0,45574.871165644174
"Departamento En Venta En Veranda, Lago Esmeralda En $ 3,500,000.00",3500000,MXN,"Residencial Lago Esmeralda, Atizapán De Zaragoza, Estado De México",79 m² construidos,2 recámaras,2 baños,https://departamento.mercadolibre.com.mx/MLM-5715458148-departamento-en-venta-en-veranda-lago-esmeralda-en-350000000-_JM,https://http2.mlstatic.com/D_NQ_NP_2X_951399-MLM113303889430_072026-E.webp,Atizapan De Zaragoza,79.0,2.0,2.0,44303.79746835443
Departamento. Con Amenidades Y Muy Buena Ubicación,3300000,MXN,"Bosque Esmeralda, Atizapán De Zaragoza, Estado De México",74 m² construidos,2 recámaras,2 baños,https://departamento.mercadolibre.com.mx/MLM-5107982220-departamento-con-amenidades-y-muy-buena-ubicacion-_JM,https://http2.mlstatic.com/D_NQ_NP_2X_747217-MLM109895847663_032026-E.webp,Atizapan De Zaragoza,74.0,2.0,2.0,44594.59459459459
Ribera Vivero En Bosque Esmeralda,4300000,MXN,"Bosque Esmeralda, Atizapán De Zaragoza, Estado De México",134 m² construidos,3 recámaras,3 baños,https://departamento.mercadolibre.com.mx/MLM-5585761406-ribera-vivero-en-bosque-esmeralda-_JM,https://http2.mlstatic.com/D_NQ_NP_2X_927698-MLM112641135454_062026-E.webp,Atizapan De Zaragoza,134.0,3.0,3.0,32089.55223880597
"Venta Departamento Tipo Penthouse En Dos Niveles En Zona Esmeralda Con Balcon Y Areas Verdes, Juegos Infantiles, Vigilancia 24/7, 2 Lugares De Estacionamiento",5100000,MXN,"Bosque De Acanto, La Estadia, Cdad. López Mateos, Bosque Esmeralda, Atizapán De Zaragoza, Estado De México",134 m² construidos,3 recámaras,3 baños,https://departamento.mercadolibre.com.mx/MLM-5058711574-venta-departamento-tipo-penthouse-en-dos-niveles-en-zona-esmeralda-con-balcon-y-areas-verdes-juegos-infantiles-vigilancia-247-2-lugares-de-estacionamiento-_JM,https://http2.mlstatic.com/D_NQ_NP_2X_917993-MLM109292843411_032026-E.webp,Atizapan De Zaragoza,134.0,3.0,3.0,38059.701492537315
"Departamento En Venta En Colinas De Atizapán, Se Acepta Crédito Infonavit, Crédito Bancario Y Efectivo, Informes 55 8642 76048",1773000,MXN,"Colinas De Atizapan, Ciudad López Mateos, Lomas De Atizapán, Atizapán De Zaragoza, Estado De México",67 m² construidos,2 recámaras,1 baño,https://departamento.mercadolibre.com.mx/MLM-3246324245-departamento-en-venta-en-colinas-de-atizapan-se-acepta-credito-infonavit-credito-bancario-y-efectivo-informes-55-8642-76048-_JM,https://http2.mlstatic.com/D_NQ_NP_2X_705693-MLM107671762232_032026-E.webp,Atizapan De Zaragoza,67.0,2.0,1.0,26462.68656716418
Departamento En Venta Reserva Escondida,12250000,MXN,"Av. Parque De Los Ciervos 2, MZ 001, Rancho De San Juan, Cd. Adolfo López Mateos, Rancho San Juan, Atizapán De Zaragoza, Estado De México",195 m² construidos,3 recámaras,4 baños,https://departamento.mercadolibre.com.mx/MLM-5769747962-departamento-en-venta-reserva-escondida-_JM,https://http2.mlstatic.com/D_NQ_NP_2X_679230-MLM114918843243_072026-E.webp,Atizapan De Zaragoza,195.0,3.0,4.0,62820.51282051282
"Reserva Escondida. Departamento En Venta. Las Mejores Vistas, Amplios Espacios, Cuarto De Servicio, Increíbles Amenidades",12000000,MXN,"Av. Parque De Los Ciervos 2, MZ 001, Rancho De San Juan, Cd. Adolfo López Mateos, Atizapán, Atizapán De Zaragoza, Estado De México",225 m² construidos,3 recámaras,5 baños,https://departamento.mercadolibre.com.mx/MLM-2969743441-reserva-escondida-departamento-en-venta-las-mejores-vistas-amplios-espacios-cuarto-de-servicio-increibles-amenidades-_JM,https://http2.mlstatic.com/D_NQ_NP_2X_919005-MLM111446350446_052026-E.webp,Atizapan De Zaragoza,225.0,3.0,5.0,53333.333333333336
Venta De Casas En Miralago,3500000,MXN,"Bosque Esmeralda, Atizapán De Zaragoza, Estado De México",105 m² construidos,2 recámaras,2 baños,https://departamento.mercadolibre.com.mx/MLM-5570108980-venta-de-casas-en-miralago-_JM,https://http2.mlstatic.com/D_NQ_NP_2X_904099-MLM112555324806_062026-E.webp,Atizapan De Zaragoza,105.0,2.0,2.0,33333.333333333336
Venta De Departamentos En Triada Esmeralda,3300000,MXN,"Bosque Esmeralda, Atizapán De Zaragoza, Estado De México",70 m² construidos,2 recámaras,2 baños,https://departamento.mercadolibre.com.mx/MLM-3045811127-venta-de-departamentos-en-triada-esmeralda-_JM,https://http2.mlstatic.com/D_NQ_NP_2X_781176-MLM112555323986_062026-E.webp,Atizapan De Zaragoza,70.0,2.0,2.0,47142.857142857145
Venta De Departamento,1900000,MXN,"Calle Ignacio Zaragoza Sur 2, Lomas De Atizapan 1a Secc., Atizapán De Zaragoza, Estado De México",70 m² construidos,2 recámaras,1 baño,https://departamento.mercadolibre.com.mx/MLM-3214590799-venta-de-departamento-_JM,https://http2.mlstatic.com/D_NQ_NP_2X_800037-MLM113982668144_072026-E.webp,Atizapan De Zaragoza,70.0,2.0,1.0,27142.85714285714
"Departamento En Venta En Jardines De Atizapan, Atizapan De Zaragoza Jl 26-2353.",5262100,MXN,"Atizapan De Zaragoza ,jardines De Atizapan, Jardines De Atizapán, Atizapán De Zaragoza, Estado De México",117 m² construidos,2 recámaras,2 baños,https://departamento.mercadolibre.com.mx/MLM-5863566628-departamento-en-venta-en-jardines-de-atizapan-atizapan-de-zaragoza-jl-26-2353-_JM,https://http2.mlstatic.com/D_NQ_NP_2X_728469-MLM115383239151_072026-E.webp,Atizapan De Zaragoza,117.0,2.0,2.0,44975.21367521367
Venta Departamento 2 Ambientes Lomas De San Lorenzo Ampliación,2600000,MXN,"Av. Pedro Guzmán Campos, 17, Lomas De San Lorenzo Ampliación, Atizapán De Zaragoza, Estado De México",100 m² construidos,2 recámaras,2 baños,https://departamento.mercadolibre.com.mx/MLM-3247229445-venta-departamento-2-ambientes-lomas-de-san-lorenzo-ampliacion-_JM,https://http2.mlstatic.com/D_NQ_NP_2X_754900-MLM114267423156_082026-E.webp,Atizapan De Zaragoza,100.0,2.0,2.0,26000.0
Venta De Departamento En Zona Esmeralda,3850000,MXN,"C S/N, Residencial Lago Esmeralda, Atizapán De Zaragoza, Estado De México",70 m² construidos,2 recámaras,2 baños,https://departamento.mercadolibre.com.mx/MLM-3239978435-venta-de-departamento-en-zona-esmeralda-_JM,https://http2.mlstatic.com/D_NQ_NP_2X_879370-MLM115529654233_082026-E.webp,Atizapan De Zaragoza,70.0,2.0,2.0,55000.0
Departamento En Atizapan,1780000,MXN,"Aguilas, Atizapán De Zaragoza, Estado De México",110 m² construidos,3 recámaras,1 baño,https://departamento.mercadolibre.com.mx/MLM-3246321245-departamento-en-atizapan-_JM,https://http2.mlstatic.com/D_NQ_NP_2X_983205-MLM115591968845_082026-E.webp,Atizapan De Zaragoza,110.0,3.0,1.0,16181.818181818182
Venta Departamento 3 Ambientes Lomas Lindas Ii Sección,3150000,MXN,"Mar Egeo, 8, Lomas Lindas II Sección, Atizapán De Zaragoza, Estado De México",146 m² construidos,3 recámaras,2 baños,https://departamento.mercadolibre.com.mx/MLM-5876528076-venta-departamento-3-ambientes-lomas-lindas-ii-seccion-_JM,https://http2.mlstatic.com/D_NQ_NP_2X_750099-MLM115472428925_082026-E.webp,Atizapan De Zaragoza,146.0,3.0,2.0,21575.342465753423
Venta De Departamento En City Esmeralda,3400000,MXN,"C S/N, Bosque Esmeralda, Atizapán De Zaragoza, Estado De México",70 m² construidos,2 recámaras,2 baños,https://departamento.mercadolibre.com.mx/MLM-3239978543-venta-de-departamento-en-city-esmeralda-_JM,https://http2.mlstatic.com/D_NQ_NP_2X_885877-MLM115529660857_082026-E.webp,Atizapan De Zaragoza,70.0,2.0,2.0,48571.42857142857
Venta Departamento 3 Ambientes Lomas Lindas Ii Sección,3275000,MXN,"Mar Egeo, 8, Lomas Lindas II Sección, Atizapán De Zaragoza, Estado De México",146 m² construidos,3 recámaras,2 baños,https://departamento.mercadolibre.com.mx/MLM-5876527882-venta-departamento-3-ambientes-lomas-lindas-ii-seccion-_JM,https://http2.mlstatic.com/D_NQ_NP_2X_791276-MLM115472350863_082026-E.webp,Atizapan De Zaragoza,146.0,3.0,2.0,22431.50684931507
"Departamento En Venta En Lomas De Atizapán, Atizapán De Zaragoza",1900000,MXN,"Lomas De Atizapán, Atizapán De Zaragoza, Estado De México",64 m² construidos,1 recámara,1 baño,https://departamento.mercadolibre.com.mx/MLM-3058401635-departamento-en-venta-en-lomas-de-atizapan-atizapan-de-zaragoza-_JM,https://http2.mlstatic.com/D_NQ_NP_2X_799042-MLM114604950841_072026-E.webp,Atizapan De Zaragoza,64.0,1.0,1.0,29687.5
"Departamento En Las Colonias, Atizapan",1480000,MXN,"Av. De Las Colonias 8, Edificio G-004, Las Colonias, Atizapán De Zaragoza, Estado De México",90 m² construidos,3 recámaras,2 baños,https://departamento.mercadolibre.com.mx/MLM-2992781269-departamento-en-las-colonias-atizapan-_JM,https://http2.mlstatic.com/D_NQ_NP_2X_759903-MLM112938503283_062026-E.webp,Atizapan De Zaragoza,90.0,3.0,2.0,16444.444444444445
Venta Departamento Terra Viure Bosque Esmeralda Atizapan De Zaragoza,11400000,MXN,"Bosque Esmeralda, Atizapán De Zaragoza, Estado De México",192 m² construidos,3 recámaras,3 baños,https://departamento.mercadolibre.com.mx/MLM-4965334478-venta-departamento-terra-viure-bosque-esmeralda-atizapan-de-zaragoza-_JM,https://http2.mlstatic.com/D_NQ_NP_2X_743822-MLM92696083017_092025-E.webp,Atizapan De Zaragoza,192.0,3.0,3.0,59375.0
"Departamento En Venta Villas De La Hacienda, Atizapán De Zaragoza",1200000,MXN,"Villas De La Hacienda, Atizapán De Zaragoza, Estado De México",42 m² construidos,2 recámaras,1 baño,https://departamento.mercadolibre.com.mx/MLM-5271785234-departamento-en-venta-villas-de-la-hacienda-atizapan-de-zaragoza-_JM,https://http2.mlstatic.com/D_NQ_NP_2X_911739-MLM111088809743_042026-E.webp,Atizapan De Zaragoza,42.0,2.0,1.0,28571.428571428572
"Departamento En Venta En Calacoaya, Atizapán, Edo. Méx",3500000,MXN,"Prolongación Emilio G. Baz, Calacoaya, Atizapán De Zaragoza, Estado De México",121 m² construidos,2 recámaras,2 baños,https://departamento.mercadolibre.com.mx/MLM-5058124940-departamento-en-venta-en-calacoaya-atizapan-edo-mex-_JM,https://http2.mlstatic.com/D_NQ_NP_2X_685927-MLM108488877444_032026-E.webp,Atizapan De Zaragoza,121.0,2.0,2.0,28925.619834710742
Venta Departamento Terra Viure Bosque Esmeralda,11750000,MXN,"Bosque Esmeralda, Atizapán De Zaragoza, Estado De México",220 m² construidos,3 recámaras,2 baños,https://departamento.mercadolibre.com.mx/MLM-4873648038-venta-departamento-terra-viure-bosque-esmeralda-_JM,https://http2.mlstatic.com/D_NQ_NP_2X_792863-MLM92508811195_092025-E.webp,Atizapan De Zaragoza,220.0,3.0,2.0,53409.09090909091
"Departamentos En Venta Terraviure, Bosque Esmeralda",11302629,MXN,"Bosque Esmeralda, Bosque Esmeralda, Atizapán De Zaragoza, Estado De México",218 m² construidos,2 recámaras,3 baños,https://departamento.mercadolibre.com.mx/MLM-2794629031-departamentos-en-venta-terraviure-bosque-esmeralda-_JM,https://http2.mlstatic.com/D_NQ_NP_2X_846463-MLM82295777611_022025-E.webp,Atizapan De Zaragoza,218.0,2.0,3.0,51846.922018348625
Departamento En Venta Jardines De Atizapán,3991520,MXN,"Rodolfo Casillas, Jardines De Atizapán, Atizapán De Zaragoza, Estado De México",117 m² construidos,2 recámaras,2 baños,https://departamento.mercadolibre.com.mx/MLM-3215280239-departamento-en-venta-jardines-de-atizapan-_JM,https://http2.mlstatic.com/D_NQ_NP_2X_888493-MLM113988441934_072026-E.webp,Atizapan De Zaragoza,117.0,2.0,2.0,34115.555555555555
Venta Departamento Terra Viure Bosque Esmeralda,12000000,MXN,"Bosque Esmeralda, Atizapán De Zaragoza, Estado De México",235 m² construidos,3 recámaras,2 baños,https://departamento.mercadolibre.com.mx/MLM-4874009500-venta-departamento-terra-viure-bosque-esmeralda-_JM,https://http2.mlstatic.com/D_NQ_NP_2X_727274-MLM92102699994_092025-E.webp,Atizapan De Zaragoza,235.0,3.0,2.0,51063.82978723404
Departamento En Venta En Lago Esmeralda 26-1688.,3321000,MXN,"Atizapan De Zaragoza, Lago Esmeralda, Residencial Lago Esmeralda, Atizapán De Zaragoza, Estado De México",67 m² construidos,2 recámaras,2 baños,https://departamento.mercadolibre.com.mx/MLM-5360596376-departamento-en-venta-en-lago-esmeralda-26-1688-_JM,https://http2.mlstatic.com/D_NQ_NP_2X_798195-MLM110862206950_052026-E.webp,Atizapan De Zaragoza,67.0,2.0,2.0,49567.164179104475
"Departamento En Venta En Bosque Esmeralda, Atizapán De Zaragoza 26-3315 Mm",8200000,MXN,"Departamento En Venta En Bosque Esmeralda, Atizapán De Zaragoza 26-3315 MM, Bosque Esmeralda, Atizapán De Zaragoza, Estado De México",204 m² construidos,3 recámaras,4 baños,https://departamento.mercadolibre.com.mx/MLM-5602917146-departamento-en-venta-en-bosque-esmeralda-atizapan-de-zaragoza-26-3315-mm-_JM,https://http2.mlstatic.com/D_NQ_NP_2X_965006-MLM112731807326_062026-E.webp,Atizapan De Zaragoza,204.0,3.0,4.0,40196.07843137255
"Departamento En Venta En Colonia Lomas Lindas Ii Sección, Atizapán De Zaragoza, Estado De México",1250000,MXN,"Mar De Java  S/n, Lomas Lindas II Sección, Atizapán De Zaragoza, Estado De México",58 m² construidos,2 recámaras,1 baño,https://departamento.mercadolibre.com.mx/MLM-5088376532-departamento-en-venta-en-colonia-lomas-lindas-ii-seccion-atizapan-de-zaragoza-estado-de-mexico-_JM,https://http2.mlstatic.com/D_NQ_NP_2X_931761-MLM109662518475_032026-E.webp,Atizapan De Zaragoza,58.0,2.0,1.0,21551.724137931036
Departamento En Condominio En Pre-venta En Colinas De Atizapán,1776000,MXN,"Ciudad Adolfo López Mateos, Atizapán De Zaragoza, Estado De México",67 m² construidos,2 recámaras,1 baño,https://departamento.mercadolibre.com.mx/MLM-4829520384-departamento-en-condominio-en-pre-venta-en-colinas-de-atizapan-_JM,https://http2.mlstatic.com/D_NQ_NP_2X_670528-MLM113726207596_072026-E.webp,Atizapan De Zaragoza,67.0,2.0,1.0,26507.462686567163
Departamento En México Nuevo,4329000,MXN,"México Nuevo, Atizapán De Zaragoza, Estado De México",133 m² de terreno,2 recámaras,2 baños,https://departamento.mercadolibre.com.mx/MLM-2935079311-departamento-en-mexico-nuevo-_JM,https://http2.mlstatic.com/D_NQ_NP_2X_621515-MLM110942141962_052026-E.webp,Atizapan De Zaragoza,133.0,2.0,2.0,32548.872180451126
"Departamento En Venta, Jardines De Atizapan, Remodelado, Vigilancia.",1920000,MXN,"Jardines De Atizapán, Atizapán De Zaragoza, Estado De México",60 m² construidos,2 recámaras,1 baño,https://departamento.mercadolibre.com.mx/MLM-5506329358-departamento-en-venta-jardines-de-atizapan-remodelado-vigilancia-_JM,https://http2.mlstatic.com/D_NQ_NP_2X_792437-MLM113504007214_072026-E.webp,Atizapan De Zaragoza,60.0,2.0,1.0,32000.0
"Departamento Venta, Uam, Primer Piso, Excelente Estado, Custerna.",1600000,MXN,"Universidad Autonoma Metropolitana, Atizapán De Zaragoza, Estado De México",78 m² construidos,2 recámaras,2 baños,https://departamento.mercadolibre.com.mx/MLM-2874535309-departamento-venta-uam-primer-piso-excelente-estado-custerna-_JM,https://http2.mlstatic.com/D_NQ_NP_2X_783210-MLM80457376994_112024-E.webp,Atizapan De Zaragoza,78.0,2.0,2.0,20512.82051282051
Venta Departamento Vista Antigua 1 Lago Esmeralda Atizapan De Zaragoza,5500000,MXN,"Residencial Lago Esmeralda, Atizapán De Zaragoza, Estado De México",128 m² construidos,3 recámaras,2 baños,https://departamento.mercadolibre.com.mx/MLM-2797631167-venta-departamento-vista-antigua-1-lago-esmeralda-atizapan-de-zaragoza-_JM,https://http2.mlstatic.com/D_NQ_NP_2X_983417-MLM108172109800_032026-E.webp,Atizapan De Zaragoza,128.0,3.0,2.0,42968.75
"Departamento En Venta En Colonia Bosque Esmeralda, Atizapán De Zaragoza, Estado De México",3200000,MXN,"Lago Garda S/n, Bosque Esmeralda, Atizapán De Zaragoza, Estado De México",67 m² construidos,2 recámaras,2 baños,https://departamento.mercadolibre.com.mx/MLM-2746090873-departamento-en-venta-en-colonia-bosque-esmeralda-atizapan-de-zaragoza-estado-de-mexico-_JM,https://http2.mlstatic.com/D_NQ_NP_2X_962815-MLM106758233506_022026-E.webp,Atizapan De Zaragoza,67.0,2.0,2.0,47761.19402985075
Departamento / Venta / Nuevo /atizapan,2350000,MXN,"San Miguel Xochimanga, Atizapán De Zaragoza, Estado De México",71 m² construidos,2 recámaras,2 baños,https://departamento.mercadolibre.com.mx/MLM-5246237138-departamento-venta-nuevo-atizapan-_JM,https://http2.mlstatic.com/D_NQ_NP_2X_904354-MLM84735045842_052025-E.webp,Atizapan De Zaragoza,71.0,2.0,2.0,33098.59154929577
Venta De Departamento Nuevo En Desarrollo En Atizapan De Zaragoza,2850000,MXN,"San Miguel Xochimanga, Atizapán De Zaragoza, Estado De México",80 m² construidos,3 recámaras,2 baños,https://departamento.mercadolibre.com.mx/MLM-2806901431-venta-de-departamento-nuevo-en-desarrollo-en-atizapan-de-zaragoza-_JM,https://http2.mlstatic.com/D_NQ_NP_2X_933562-MLM93564029352_102025-E.webp,Atizapan De Zaragoza,80.0,3.0,2.0,35625.0
"Departamento En Venta Con Seguridad En Zona Esmeralda, Atizapán De Zaragoza",10300000,MXN,"Ciudad Adolfo López Mateos, Atizapán De Zaragoza, Estado De México",182 m² construidos,3 recámaras,3 baños,https://departamento.mercadolibre.com.mx/MLM-3058401583-departamento-en-venta-con-seguridad-en-zona-esmeralda-atizapan-de-zaragoza-_JM,https://http2.mlstatic.com/D_NQ_NP_2X_911427-MLM114604951709_072026-E.webp,Atizapan De Zaragoza,182.0,3.0,3.0,56593.406593406595
Departamento Residencial  Mirabilia  Mexico Nuevo Atizapan,4600000,MXN,"México Nuevo, Atizapán De Zaragoza, Estado De México",100 m² construidos,3 recámaras,2 baños,https://departamento.mercadolibre.com.mx/MLM-5389854228-departamento-residencial-mirabilia-mexico-nuevo-atizapan-_JM,https://http2.mlstatic.com/D_NQ_NP_2X_889740-MLM112067570199_052026-E.webp,Atizapan De Zaragoza,100.0,3.0,2.0,46000.0
"Departamento En Planta Baja En Venta, En Punta Esmeralda, Atizapan De Zaragoza",3750000,MXN,"Bosque De Jade, Punta Esmeralda 3A 103, Bosque Esmeralda, Atizapán De Zaragoza, Estado De México",107 m² construidos,3 recámaras,2 baños,https://departamento.mercadolibre.com.mx/MLM-5030638784-departamento-en-planta-baja-en-venta-en-punta-esmeralda-atizapan-de-zaragoza-_JM,https://http2.mlstatic.com/D_NQ_NP_2X_785355-MLM108187149544_032026-E.webp,Atizapan De Zaragoza,107.0,3.0,2.0,35046.72897196261
"Departamento Y Locales En Venta , En Atizapán De Zaragoza",3950000,MXN,"Ex-Hacienda El Pedregal, Atizapán De Zaragoza, Estado De México",348 m² construidos,8 recámaras,7 baños,https://departamento.mercadolibre.com.mx/MLM-2806876747-departamento-y-locales-en-venta-en-atizapan-de-zaragoza-_JM,https://http2.mlstatic.com/D_NQ_NP_2X_674905-MLM93564049574_102025-E.webp,Atizapan De Zaragoza,348.0,8.0,7.0,11350.574712643678
Departamento Residencial  Mirabilia  Mexico Nuevo Atizapan,4100000,MXN,"México Nuevo, Atizapán De Zaragoza, Estado De México",80 m² construidos,2 recámaras,2 baños,https://departamento.mercadolibre.com.mx/MLM-2947956973-departamento-residencial-mirabilia-mexico-nuevo-atizapan-_JM,https://http2.mlstatic.com/D_NQ_NP_2X_922275-MLM111030541626_052026-E.webp,Atizapan De Zaragoza,80.0,2.0,2.0,51250.0
"Departamento En Venta En Lago Esmeralda, Atizapán, Mex.",3500000,MXN,"Lago Esmeralda S/N Edif. 3, Depto. A-102, Mz. 3, Lt. 2, Lago Esmeralda, Atizapán De Zaragoza, Estado De México",78 m² construidos,2 recámaras,2 baños,https://departamento.mercadolibre.com.mx/MLM-2798107781-departamento-en-venta-en-lago-esmeralda-atizapan-mex-_JM,https://http2.mlstatic.com/D_NQ_NP_2X_862937-MLM108185611178_032026-E.webp,Atizapan De Zaragoza,78.0,2.0,2.0,44871.794871794875
"Departamento En Venta En Park View, Zona Esmeralda",2450000,MXN,"Ciudad Adolfo López Mateos, Atizapán De Zaragoza, Estado De México",52 m² construidos,2 recámaras,2 baños,https://departamento.mercadolibre.com.mx/MLM-5699424688-departamento-en-venta-en-park-view-zona-esmeralda-_JM,https://http2.mlstatic.com/D_NQ_NP_2X_944335-MLM114771189571_072026-E.webp,Atizapan De Zaragoza,52.0,2.0,2.0,47115.38461538462
Venta Departamento Real Antigua  Zona Esmeralda Atizapan De Zaragoza,11000000,MXN,"Hacienda De Valle Escondido, Atizapán De Zaragoza, Estado De México",290 m² construidos,3 recámaras,4 baños,https://departamento.mercadolibre.com.mx/MLM-4873957694-venta-departamento-real-antigua-zona-esmeralda-atizapan-de-zaragoza-_JM,https://http2.mlstatic.com/D_NQ_NP_2X_965496-MLM115305204183_072026-E.webp,Atizapan De Zaragoza,290.0,3.0,4.0,37931.03448275862
"Departamento En Venta, Torre Molinos, Jardines De Atizapán, Atizapán De Zaragoza",3800000,MXN,"Rodolfo Casillas 35 Torre 3E Depto 301, Jardines De Atizapán, Atizapán De Zaragoza, Estado De México",96 m² construidos,2 recámaras,2 baños,https://departamento.mercadolibre.com.mx/MLM-5676207068-departamento-en-venta-torre-molinos-jardines-de-atizapan-atizapan-de-zaragoza-_JM,https://http2.mlstatic.com/D_NQ_NP_2X_886713-MLM114346974301_072026-E.webp,Atizapan De Zaragoza,96.0,2.0,2.0,39583.333333333336
"Departamentos En Venta En Lago Esmeralda, Atizapán De Zaragoza",4450000,MXN,"Residencial Lago Esmeralda, Atizapán De Zaragoza, Estado De México",92 m² construidos,3 recámaras,2 baños,https://departamento.mercadolibre.com.mx/MLM-2999424139-departamentos-en-venta-en-lago-esmeralda-atizapan-de-zaragoza-_JM,https://http2.mlstatic.com/D_NQ_NP_2X_823810-MLM113047481209_062026-E.webp,Atizapan De Zaragoza,92.0,3.0,2.0,48369.565217391304
Venta Departamento Reserva Escondida Atizapan De Zaragoza,11500000,MXN,"Hacienda De Valle Escondido, Atizapán De Zaragoza, Estado De México",248 m² construidos,3 recámaras,3 baños,https://departamento.mercadolibre.com.mx/MLM-2973740505-venta-departamento-reserva-escondida-atizapan-de-zaragoza-_JM,https://http2.mlstatic.com/D_NQ_NP_2X_924649-MLM111529187776_062026-E.webp,Atizapan De Zaragoza,248.0,3.0,3.0,46370.967741935485
Venta Departamento  Reserva Escondida Atizapan De Zaragoza,9400000,MXN,"Adolfo López Mateos, Atizapán De Zaragoza, Estado De México",220 m² construidos,3 recámaras,3 baños,https://departamento.mercadolibre.com.mx/MLM-4965359888-venta-departamento-reserva-escondida-atizapan-de-zaragoza-_JM,https://http2.mlstatic.com/D_NQ_NP_2X_935670-MLM92693024175_092025-E.webp,Atizapan De Zaragoza,220.0,3.0,3.0,42727.27272727273
"Departamento En Venta En Calacoaya, Atizapán De Zaragoza",5250000,MXN,"Calacoaya, Atizapán De Zaragoza, Estado De México",149 m² construidos,3 recámaras,3 baños,https://departamento.mercadolibre.com.mx/MLM-2985535775-departamento-en-venta-en-calacoaya-atizapan-de-zaragoza-_JM,https://http2.mlstatic.com/D_NQ_NP_2X_719483-MLM112822071629_062026-E.webp,Atizapan De Zaragoza,149.0,3.0,3.0,35234.89932885906
Venta Departamento Reserva Escondida Atizapan De Zaragoza,9000000,MXN,"Hacienda De Valle Escondido, Atizapán De Zaragoza, Estado De México",254 m² construidos,2 recámaras,2 baños,https://departamento.mercadolibre.com.mx/MLM-5439165658-venta-departamento-reserva-escondida-atizapan-de-zaragoza-_JM,https://http2.mlstatic.com/D_NQ_NP_2X_755568-MLM111529084072_062026-E.webp,Atizapan De Zaragoza,254.0,2.0,2.0,35433.07086614173
"Departamento De 2 Niveles En Venta En Mirage Iii, El Calvario, Atizapán, Mex.",4570000,MXN,"Camino A Madín, Conjunto Mirage III, Edif. Gaugin 5 Depto 302, El Calvario, Atizapán De Zaragoza, Estado De México",150 m² construidos,3 recámaras,2 baños,https://departamento.mercadolibre.com.mx/MLM-3045792419-departamento-de-2-niveles-en-venta-en-mirage-iii-el-calvario-atizapan-mex-_JM,https://http2.mlstatic.com/D_NQ_NP_2X_918736-MLM112554443978_062026-E.webp,Atizapan De Zaragoza,150.0,3.0,2.0,30466.666666666668
"Departamento En Venta En Colonia Las Colonias, Atizapán De Zaragoza, Estado De México",3250000,MXN,"Atizapán  S/n, Las Colonias, Atizapán De Zaragoza, Estado De México",121 m² construidos,3 recámaras,2 baños,https://departamento.mercadolibre.com.mx/MLM-5824018470-departamento-en-venta-en-colonia-las-colonias-atizapan-de-zaragoza-estado-de-mexico-_JM,https://http2.mlstatic.com/D_NQ_NP_2X_682781-MLM115210507295_072026-E.webp,Atizapan De Zaragoza,121.0,3.0,2.0,26859.504132231406
"Departamento En Venta En México Nuevo, Atizapán De Zaragoza",5490000,MXN,"CDA SONORA, México Nuevo, Atizapán De Zaragoza, Estado De México",246 m² construidos,3 recámaras,3 baños,https://departamento.mercadolibre.com.mx/MLM-5832749864-departamento-en-venta-en-mexico-nuevo-atizapan-de-zaragoza-_JM,https://http2.mlstatic.com/D_NQ_NP_2X_773547-MLM113942391514_072026-E.webp,Atizapan De Zaragoza,246.0,3.0,3.0,22317.073170731706
Departamento - México Nuevo,2850000,MXN,"Venta Depto A Estrenar EN Enquadro Atizapan ($2,850,000) Tramito TU Infonavit, Atizapán De Zaragoza, Estado De México",70 m² de terreno,2 recámaras,2 baños,https://departamento.mercadolibre.com.mx/MLM-5580430048-departamento-mexico-nuevo-_JM,https://http2.mlstatic.com/D_NQ_NP_2X_994322-MLM113790518497_062026-E.webp,Atizapan De Zaragoza,70.0,2.0,2.0,40714.28571428572
Venta Departamento Ph Atizapan De Zaragoza,8100000,MXN,"Atizapán, Atizapán De Zaragoza, Estado De México",240 m² construidos,3 recámaras,3 baños,https://departamento.mercadolibre.com.mx/MLM-4874086776-venta-departamento-ph-atizapan-de-zaragoza-_JM,https://http2.mlstatic.com/D_NQ_NP_2X_711888-MLM92506762477_092025-E.webp,Atizapan De Zaragoza,240.0,3.0,3.0,33750.0
"Departamento En Venta En Jardines De Atizapán, Atizapán De Zaragoza 26-2353 Mm",5262100,MXN,"Departamento En Venta En Jardines De Atizapán, Atizapán De Zaragoza 26-2353 MM, Jardines De Atizapán, Atizapán De Zaragoza, Estado De México",117 m² construidos,2 recámaras,2 baños,https://departamento.mercadolibre.com.mx/MLM-5475251650-departamento-en-venta-en-jardines-de-atizapan-atizapan-de-zaragoza-26-2353-mm-_JM,https://http2.mlstatic.com/D_NQ_NP_2X_919519-MLM112957844089_062026-E.webp,Atizapan De Zaragoza,117.0,2.0,2.0,44975.21367521367
"Ph En Venta Con Seguridad En México Nuevo, Atizapán De Zaragoza",5900000,MXN,"México Nuevo, Atizapán De Zaragoza, Estado De México",280 m² construidos,3 recámaras,2 baños,https://departamento.mercadolibre.com.mx/MLM-3058227045-ph-en-venta-con-seguridad-en-mexico-nuevo-atizapan-de-zaragoza-_JM,https://http2.mlstatic.com/D_NQ_NP_2X_927442-MLM113356270500_072026-E.webp,Atizapan De Zaragoza,280.0,3.0,2.0,21071.428571428572
Se Vende Departamento En Fuentes De Satélite,5190000,MXN,"Fuentes De Satélite, Atizapán De Zaragoza, Estado De México",210 m² construidos,3 recámaras,2 baños,https://departamento.mercadolibre.com.mx/MLM-2806877589-se-vende-departamento-en-fuentes-de-satelite-_JM,https://http2.mlstatic.com/D_NQ_NP_2X_964906-MLM93563993246_102025-E.webp,Atizapan De Zaragoza,210.0,3.0,2.0,24714.285714285714
Venta Departamento Cima Esmeralda Atizapan 11350,3700000,MXN,"11350 CIMA Esmeralda Bosque De Lavanda, Bosque Esmeralda, Atizapán De Zaragoza, Estado De México",100 m² construidos,2 recámaras,2 baños,https://departamento.mercadolibre.com.mx/MLM-3110052687-venta-departamento-cima-esmeralda-atizapan-11350-_JM,https://http2.mlstatic.com/D_NQ_NP_2X_920270-MLM113125978868_072026-E.webp,Atizapan De Zaragoza,100.0,2.0,2.0,37000.0
Venta De Departamentos En Atizapán,3260000,MXN,"Lomas De San Lorenzo, Atizapán De Zaragoza, Estado De México",100 m² construidos,2 recámaras,2 baños,https://departamento.mercadolibre.com.mx/MLM-2806901811-venta-de-departamentos-en-atizapan-_JM,https://http2.mlstatic.com/D_NQ_NP_2X_807120-MLM93564053358_102025-E.webp,Atizapan De Zaragoza,100.0,2.0,2.0,32600.0
"Mhl Departamento En Venta City Esmeralda, Atizapán De Zaragoza",3490000,MXN,"Bosque Esmeralda, Atizapán De Zaragoza, Estado De México",72 m² construidos,2 recámaras,2 baños,https://departamento.mercadolibre.com.mx/MLM-5767943962-mhl-departamento-en-venta-city-esmeralda-atizapan-de-zaragoza-_JM,https://http2.mlstatic.com/D_NQ_NP_2X_624951-MLM114909769563_072026-E.webp,Atizapan De Zaragoza,72.0,2.0,2.0,48472.22222222222
"Departamento En Venta Bosque Esmeralda, Amenidades, Vigilancia,la Cima.",3300000,MXN,"Bosque Esmeralda, Atizapán De Zaragoza, Estado De México",62 m² construidos,2 recámaras,2 baños,https://departamento.mercadolibre.com.mx/MLM-5209617978-departamento-en-venta-bosque-esmeralda-amenidades-vigilanciala-cima-_JM,https://http2.mlstatic.com/D_NQ_NP_2X_693808-MLM80457377600_112024-E.webp,Atizapan De Zaragoza,62.0,2.0,2.0,53225.8064516129
"Moderno Departamento En Renta En Terra Viure, Zona Esmeralda  ¡tu Nuevo Hogar D",11200000,MXN,"Bosques De Atizapán, Atizapán De Zaragoza, Estado De México",240 m² construidos,3 recámaras,3 baños,https://departamento.mercadolibre.com.mx/MLM-5694613106-moderno-departamento-en-renta-en-terra-viure-zona-esmeralda-tu-nuevo-hogar-d-_JM,https://http2.mlstatic.com/D_NQ_NP_2X_710437-MLM115528158997_082026-E.webp,Atizapan De Zaragoza,240.0,3.0,3.0,46666.666666666664
Venta Departamento Vista Antigua Iii Lago Esmeralda Atizapan De  Zaragoza,6500000,MXN,"Residencial Lago Esmeralda, Atizapán De Zaragoza, Estado De México",160 m² construidos,3 recámaras,4 baños,https://departamento.mercadolibre.com.mx/MLM-5031042490-venta-departamento-vista-antigua-iii-lago-esmeralda-atizapan-de-zaragoza-_JM,https://http2.mlstatic.com/D_NQ_NP_2X_766712-MLM114664836315_072026-E.webp,Atizapan De Zaragoza,160.0,3.0,4.0,40625.0
"Departamento En Venta  En Barrio Norte, Atizapán De Zaragoza, Estado De México",1670000,MXN,"PRIVADA 1ra DE LA PALMA 25 EDIF B-303 LT2, Barrio Norte, Atizapán De Zaragoza, Estado De México",64 m² construidos,2 recámaras,1 baño,https://departamento.mercadolibre.com.mx/MLM-2811223317-departamento-en-venta-en-barrio-norte-atizapan-de-zaragoza-estado-de-mexico-_JM,https://http2.mlstatic.com/D_NQ_NP_2X_840517-MLM109288470215_032026-E.webp,Atizapan De Zaragoza,64.0,2.0,1.0,26093.75
"Penthouse En Venta Con Seguridad En México Nuevo, Atizapán De Zaragoza",8800000,MXN,"México Nuevo, Atizapán De Zaragoza, Estado De México",280 m² construidos,3 recámaras,2 baños,https://departamento.mercadolibre.com.mx/MLM-3058414603-penthouse-en-venta-con-seguridad-en-mexico-nuevo-atizapan-de-zaragoza-_JM,https://http2.mlstatic.com/D_NQ_NP_2X_669061-MLM114604952823_072026-E.webp,Atizapan De Zaragoza,280.0,3.0,2.0,31428.571428571428
"Departamento En Pre-venta En Jardines De Atizapán, Atizapán De Zaragoza",3300000,MXN,"Jardines De Atizapán, Atizapán De Zaragoza, Estado De México",125 m² construidos,2 recámaras,2 baños,https://departamento.mercadolibre.com.mx/MLM-5723253152-departamento-en-pre-venta-en-jardines-de-atizapan-atizapan-de-zaragoza-_JM,https://http2.mlstatic.com/D_NQ_NP_2X_690809-MLM114605184729_072026-E.webp,Atizapan De Zaragoza,125.0,2.0,2.0,26400.0
"Departamento En Venta Con Seguridad 24 Hrs. Y Amenidades,  Adolfo   López Mateos",6032000,MXN,"Adolfo López Mateos, Atizapán De Zaragoza, Estado De México",126 m² construidos,2 recámaras,2 baños,https://departamento.mercadolibre.com.mx/MLM-5594244060-departamento-en-venta-con-seguridad-24-hrs-y-amenidades-adolfo-lopez-mateos-_JM,https://http2.mlstatic.com/D_NQ_NP_2X_601257-MLM113356272648_072026-E.webp,Atizapan De Zaragoza,126.0,2.0,2.0,47873.01587301587
Departamento En Lomas Lindas Ii Sección,1490000,MXN,"Lomas Lindas II Seccion, Atizapán De Zaragoza, Estado De México",54 m² de terreno,2 recámaras,1 baño,https://departamento.mercadolibre.com.mx/MLM-3183806939-departamento-en-lomas-lindas-ii-seccion-_JM,https://http2.mlstatic.com/D_NQ_NP_2X_760026-MLM113743019738_072026-E.webp,Atizapan De Zaragoza,54.0,2.0,1.0,27592.59259259259
"Departamento En Venta En Avenida Las Colonias, Jardines De Atizapan Rg 26-180.",4750000,MXN,"Atizapan De Zaragoza , Jardines De Atizapan, Jardines De Atizapán, Atizapán De Zaragoza, Estado De México",291 m² construidos,3 recámaras,2 baños,https://departamento.mercadolibre.com.mx/MLM-2947906403-departamento-en-venta-en-avenida-las-colonias-jardines-de-atizapan-rg-26-180-_JM,https://http2.mlstatic.com/D_NQ_NP_2X_751099-MLM111029804976_052026-E.webp,Atizapan De Zaragoza,291.0,3.0,2.0,16323.024054982818
"Departamento En Venta Con Seguridad En Jardínes De Atizapán, Atizapán",4100000,MXN,"Jardines De Atizapán, Atizapán De Zaragoza, Estado De México",105 m² construidos,2 recámaras,2 baños,https://departamento.mercadolibre.com.mx/MLM-3058414683-departamento-en-venta-con-seguridad-en-jardines-de-atizapan-atizapan-_JM,https://http2.mlstatic.com/D_NQ_NP_2X_801376-MLM113356270868_072026-E.webp,Atizapan De Zaragoza,105.0,2.0,2.0,39047.619047619046
"Departamento En Venta Con Seguridad En Las Colonias, Atizapán De Zaragoza",4055000,MXN,"Las Colonias, Atizapán De Zaragoza, Estado De México",120 m² construidos,3 recámaras,2 baños,https://departamento.mercadolibre.com.mx/MLM-3058401531-departamento-en-venta-con-seguridad-en-las-colonias-atizapan-de-zaragoza-_JM,https://http2.mlstatic.com/D_NQ_NP_2X_930250-MLM114604984671_072026-E.webp,Atizapan De Zaragoza,120.0,3.0,2.0,33791.666666666664
Venta Departamento Loma Antigua Bosque Esmeralda Atizapan De Zaragoza,8500000,MXN,"Bosque Esmeralda, Atizapán De Zaragoza, Estado De México",208 m² construidos,3 recámaras,3 baños,https://departamento.mercadolibre.com.mx/MLM-4874992662-venta-departamento-loma-antigua-bosque-esmeralda-atizapan-de-zaragoza-_JM,https://http2.mlstatic.com/D_NQ_NP_2X_626865-MLM92507760345_092025-E.webp,Atizapan De Zaragoza,208.0,3.0,3.0,40865.38461538462
"Departamento En Venta Con Seguridad En Las Colonias, Atizapán De Zaragoza",5548000,MXN,"Las Colonias, Atizapán De Zaragoza, Estado De México",121 m² construidos,3 recámaras,2 baños,https://departamento.mercadolibre.com.mx/MLM-5594244050-departamento-en-venta-con-seguridad-en-las-colonias-atizapan-de-zaragoza-_JM,https://http2.mlstatic.com/D_NQ_NP_2X_699737-MLM114605036403_072026-E.webp,Atizapan De Zaragoza,121.0,3.0,2.0,45851.239669421484
"Departamento En Venta En Lomas De San Lorenzo, Atizapan De Zaragoza, Edo. Mex.",3583000,MXN,"Pedro Guzman, Torre 48, No. 17, Lomas De San Lorenzo, Atizapán De Zaragoza, Estado De México",100 m² construidos,2 recámaras,2 baños,https://departamento.mercadolibre.com.mx/MLM-5030317020-departamento-en-venta-en-lomas-de-san-lorenzo-atizapan-de-zaragoza-edo-mex-_JM,https://http2.mlstatic.com/D_NQ_NP_2X_658506-MLM108965718897_032026-E.webp,Atizapan De Zaragoza,100.0,2.0,2.0,35830.0
"Departamento En Venta Con Seguridad En Lomas De Atizapán, Atizapán Dezaragoza",3350000,MXN,"Lomas De Atizapán, Atizapán De Zaragoza, Estado De México",110 m² construidos,3 recámaras,2 baños,https://departamento.mercadolibre.com.mx/MLM-5153550164-departamento-en-venta-con-seguridad-en-lomas-de-atizapan-atizapan-dezaragoza-_JM,https://http2.mlstatic.com/D_NQ_NP_2X_936664-MLM114604975983_072026-E.webp,Atizapan De Zaragoza,110.0,3.0,2.0,30454.545454545456
Venta Departamento Loma Antigua Bosque Esmeralda Atizapan De Zaragoza,8200000,MXN,"Bosque Esmeralda, Atizapán De Zaragoza, Estado De México",204 m² construidos,3 recámaras,3 baños,https://departamento.mercadolibre.com.mx/MLM-5455430976-venta-departamento-loma-antigua-bosque-esmeralda-atizapan-de-zaragoza-_JM,https://http2.mlstatic.com/D_NQ_NP_2X_697716-MLM112757818911_062026-E.webp,Atizapan De Zaragoza,204.0,3.0,3.0,40196.07843137255
"Departamento En Venta En Colonia El Calvario, Atizapán De Zaragoza, Estado De México",3990000,MXN,"Vilalba S/n, El Calvario, Atizapán De Zaragoza, Estado De México",150 m² construidos,3 recámaras,2 baños,https://departamento.mercadolibre.com.mx/MLM-5823994496-departamento-en-venta-en-colonia-el-calvario-atizapan-de-zaragoza-estado-de-mexico-_JM,https://http2.mlstatic.com/D_NQ_NP_2X_990679-MLM113904415602_072026-E.webp,Atizapan De Zaragoza,150.0,3.0,2.0,26600.0
"Departamento En Pre Venta Con Seguridad En México Nuevo, Atizapán De Zaragoza",3450000,MXN,"México Nuevo, Atizapán De Zaragoza, Estado De México",119 m² construidos,3 recámaras,2 baños,https://departamento.mercadolibre.com.mx/MLM-3058227027-departamento-en-pre-venta-con-seguridad-en-mexico-nuevo-atizapan-de-zaragoza-_JM,https://http2.mlstatic.com/D_NQ_NP_2X_787901-MLM114604956745_072026-E.webp,Atizapan De Zaragoza,119.0,3.0,2.0,28991.59663865546
Venta Departamento Real Antigua Atizapan De Zaragoza,11500000,MXN,"Hacienda De Valle Escondido, Atizapán De Zaragoza, Estado De México",230 m² construidos,3 recámaras,4 baños,https://departamento.mercadolibre.com.mx/MLM-4965359858-venta-departamento-real-antigua-atizapan-de-zaragoza-_JM,https://http2.mlstatic.com/D_NQ_NP_2X_607193-MLM92693036185_092025-E.webp,Atizapan De Zaragoza,230.0,3.0,4.0,50000.0
"Departamentos En Preventa En México Nuevo, Atizapán De Zaragoza",3950000,MXN,"México Nuevo, Atizapán De Zaragoza, Estado De México",120 m² construidos,3 recámaras,2 baños,https://departamento.mercadolibre.com.mx/MLM-5512305962-departamentos-en-preventa-en-mexico-nuevo-atizapan-de-zaragoza-_JM,https://http2.mlstatic.com/D_NQ_NP_2X_864945-MLM112178658806_062026-E.webp,Atizapan De Zaragoza,120.0,3.0,2.0,32916.666666666664
"Departamentos Nuevos En Venta Jardines De Atizapán, Atizapán De Zaragoza",3860000,MXN,"Jardines De Atizapán, Atizapán De Zaragoza, Estado De México",106 m² construidos,2 recámaras,2 baños,https://departamento.mercadolibre.com.mx/MLM-5091426908-departamentos-nuevos-en-venta-jardines-de-atizapan-atizapan-de-zaragoza-_JM,https://http2.mlstatic.com/D_NQ_NP_2X_811104-MLM94995052603_102025-E.webp,Atizapan De Zaragoza,106.0,2.0,2.0,36415.09433962264
Departamento En Barrio Norte,2200000,MXN,"Calle La Palma, Atizapán De Zaragoza, Estado De México",84 m² de terreno,2 recámaras,1 baño,https://departamento.mercadolibre.com.mx/MLM-2911682997-departamento-en-barrio-norte-_JM,https://http2.mlstatic.com/D_NQ_NP_2X_975616-MLM111296152547_052026-E.webp,Atizapan De Zaragoza,84.0,2.0,1.0,26190.47619047619
Departamentos En Venta Jardines De Atizapán,3600000,MXN,"Jardines De Atizapán, Atizapán De Zaragoza, Estado De México",95 m² construidos,3 recámaras,2 baños,https://departamento.mercadolibre.com.mx/MLM-5436167062-departamentos-en-venta-jardines-de-atizapan-_JM,https://http2.mlstatic.com/D_NQ_NP_2X_770992-MLM112557832981_062026-E.webp,Atizapan De Zaragoza,95.0,3.0,2.0,37894.73684210526
"Departamento En Venta En Jardines De Atizapán, Atizapán De Zaragoza.",2060000,MXN,"Nochebuena 4, Jardines De Atizapán, Atizapán De Zaragoza, Estado De México",72 m² construidos,3 recámaras,1 baño,https://departamento.mercadolibre.com.mx/MLM-3202096003-departamento-en-venta-en-jardines-de-atizapan-atizapan-de-zaragoza-_JM,https://http2.mlstatic.com/D_NQ_NP_2X_984158-MLM113905074836_072026-E.webp,Atizapan De Zaragoza,72.0,3.0,1.0,28611.11111111111
Hermoso Departamento En Venta En Triada Con Excelentes Acabados,3850000,MXN,"Lago Como, Lago Esmeralda, Atizapán De Zaragoza, Estado De México",70 m² construidos,2 recámaras,2 baños,https://departamento.mercadolibre.com.mx/MLM-2985798687-hermoso-departamento-en-venta-en-triada-con-excelentes-acabados-_JM,https://http2.mlstatic.com/D_NQ_NP_2X_968543-MLM112825069035_062026-E.webp,Atizapan De Zaragoza,70.0,2.0,2.0,55000.0
Bonito Departamento Ubicado A Cinco Minutos De Galerías Atizapán,3800000,MXN,"Mexico Nuevo, Ciudad López Mateos, México Nuevo, Atizapán De Zaragoza, Estado De México",130 m² construidos,3 recámaras,2 baños,https://departamento.mercadolibre.com.mx/MLM-5716330484-bonito-departamento-ubicado-a-cinco-minutos-de-galerias-atizapan-_JM,https://http2.mlstatic.com/D_NQ_NP_2X_935450-MLM113310692724_072026-E.webp,Atizapan De Zaragoza,130.0,3.0,2.0,29230.76923076923
Departamento En Venta Vista Al Bosque Punta Esmeralda,4100000,MXN,"Bosque De Jade, Bosque Esmeralda, Cdad. López Mateos, Bosque Esmeralda, Atizapán De Zaragoza, Estado De México",108 m² construidos,3 recámaras,2 baños,https://departamento.mercadolibre.com.mx/MLM-5491342618-departamento-en-venta-vista-al-bosque-punta-esmeralda-_JM,https://http2.mlstatic.com/D_NQ_NP_2X_663802-MLM113103573181_062026-E.webp,Atizapan De Zaragoza,108.0,3.0,2.0,37962.96296296296
Venta  Departamento Vista Antigua Ll Lago Esmeralda Atizapan De Zaragoza,6350000,MXN,"Residencial Lago Esmeralda, Atizapán De Zaragoza, Estado De México",160 m² construidos,3 recámaras,4 baños,https://departamento.mercadolibre.com.mx/MLM-5832738072-venta-departamento-vista-antigua-ll-lago-esmeralda-atizapan-de-zaragoza-_JM,https://http2.mlstatic.com/D_NQ_NP_2X_885975-MLM115252878447_072026-E.webp,Atizapan De Zaragoza,160.0,3.0,4.0,39687.5
Departamento En Venta En City Esmeralda Con Excelentes Acabados,3400000,MXN,"Lago Garda, Cdad. López Mateos, Lago Esmeralda, Atizapán De Zaragoza, Estado De México",73 m² construidos,2 recámaras,2 baños,https://departamento.mercadolibre.com.mx/MLM-5462519344-departamento-en-venta-en-city-esmeralda-con-excelentes-acabados-_JM,https://http2.mlstatic.com/D_NQ_NP_2X_982482-MLM112824333329_062026-E.webp,Atizapan De Zaragoza,73.0,2.0,2.0,46575.34246575343
Departamento Con Terraza En Park View,2850000,MXN,"Lago Esmeralda, Residencial Lago Esmeralda, Atizapán De Zaragoza, Estado De México",52 m² construidos,2 recámaras,2 baños,https://departamento.mercadolibre.com.mx/MLM-5147259092-departamento-con-terraza-en-park-view-_JM,https://http2.mlstatic.com/D_NQ_NP_2X_765734-MLM110129154439_042026-E.webp,Atizapan De Zaragoza,52.0,2.0,2.0,54807.692307692305
"Departamento En Venta En Colonia Lago Esmeralda, Atizapán De Zaragoza, Estado De México",5750000,MXN,"Lago Esmeralda 3, Lago Esmeralda, Atizapán De Zaragoza, Estado De México",95 m² construidos,2 recámaras,2 baños,https://departamento.mercadolibre.com.mx/MLM-5797197746-departamento-en-venta-en-colonia-lago-esmeralda-atizapan-de-zaragoza-estado-de-mexico-_JM,https://http2.mlstatic.com/D_NQ_NP_2X_701085-MLM113760359486_072026-E.webp,Atizapan De Zaragoza,95.0,2.0,2.0,60526.31578947369
"Departamento En Venta En San Miguel Xochimanga, Atizapán, Edo. Méx",2200000,MXN,"Xicotencatl, San Miguel Xochimanga, Atizapán De Zaragoza, Estado De México",76 m² construidos,2 recámaras,2 baños,https://departamento.mercadolibre.com.mx/MLM-5364474958-departamento-en-venta-en-san-miguel-xochimanga-atizapan-edo-mex-_JM,https://http2.mlstatic.com/D_NQ_NP_2X_844629-MLM111865283137_052026-E.webp,Atizapan De Zaragoza,76.0,2.0,2.0,28947.36842105263
"Departamento En Venta En Colonia Hacienda De Valle Escondido, Atizapán De Zaragoza, Estado De México",12500000,MXN,". 0, Hacienda De Valle Escondido, Atizapán De Zaragoza, Estado De México",240 m² construidos,3 recámaras,5 baños,https://departamento.mercadolibre.com.mx/MLM-5856121370-departamento-en-venta-en-colonia-hacienda-de-valle-escondido-atizapan-de-zaragoza-estado-de-mexico-_JM,https://http2.mlstatic.com/D_NQ_NP_2X_718629-MLM115351661151_072026-E.webp,Atizapan De Zaragoza,240.0,3.0,5.0,52083.333333333336
Departamento En Venta En Atizapán De Zaragoza,1700000,MXN,"Av. De Las Colonias, Las Colonias, Cdad. López Mateos, Las Colonias, Atizapán De Zaragoza, Estado De México",72 m² construidos,3 recámaras,1 baño,https://departamento.mercadolibre.com.mx/MLM-5132646636-departamento-en-venta-en-atizapan-de-zaragoza-_JM,https://http2.mlstatic.com/D_NQ_NP_2X_619544-MLM110044040899_042026-E.webp,Atizapan De Zaragoza,72.0,3.0,1.0,23611.11111111111
"Se Vende Departamento En Pre Venta,  Barrio Norte, Atizapan De Zaragoza, Dhv282",1680000,MXN,"Barrio Norte, Atizapán De Zaragoza, Estado De México",55 m² construidos,2 recámaras,2 baños,https://departamento.mercadolibre.com.mx/MLM-5262360646-se-vende-departamento-en-pre-venta-barrio-norte-atizapan-de-zaragoza-dhv282-_JM,https://http2.mlstatic.com/D_NQ_NP_2X_699795-MLM110120684810_042026-E.webp,Atizapan De Zaragoza,55.0,2.0,2.0,30545.454545454544
"Departamentos Torre 48, Rincón De La Montaña.",3430000,MXN,"Av. Pirules Ampliacion, Lomas De San Lorenzo 48, Lomas De San Lorenzo, Atizapán De Zaragoza, Estado De México",100 m² construidos,3 recámaras,2 baños,https://departamento.mercadolibre.com.mx/MLM-3002623851-departamentos-torre-48-rincon-de-la-montana-_JM,https://http2.mlstatic.com/D_NQ_NP_2X_737559-MLM113098811091_062026-E.webp,Atizapan De Zaragoza,100.0,3.0,2.0,34300.0
"Departamento En Barrio Norte, Atizapán De Zaragoza Con 3 Recámaras, 110 M², Id: 58285",3590000,MXN,"Calle Estado De México, Barrio Norte, Atizapán De Zaragoza, Estado De México",110 m² construidos,3 recámaras,2 baños,https://departamento.mercadolibre.com.mx/MLM-3068277479-departamento-en-barrio-norte-atizapan-de-zaragoza-con-3-recamaras-110-m-id-58285-_JM,https://http2.mlstatic.com/D_NQ_NP_2X_895573-MLM112790185928_072026-E.webp,Atizapan De Zaragoza,110.0,3.0,2.0,32636.363636363636
Lindo Departamento En Real De Atizapán,1800000,MXN,"Av. Real De Atizapán, Real De Atizapan, Cdad. López Mateos, Real De Atizapán, Atizapán De Zaragoza, Estado De México",62 m² construidos,2 recámaras,1 baño,https://departamento.mercadolibre.com.mx/MLM-5114218478-lindo-departamento-en-real-de-atizapan-_JM,https://http2.mlstatic.com/D_NQ_NP_2X_868971-MLM109102365664_042026-E.webp,Atizapan De Zaragoza,62.0,2.0,1.0,29032.25806451613
Departamento En Venta En Atizapan,3483000,MXN,"Pirules, Lomas De San Lorenzo, Atizapán De Zaragoza, Estado De México",100 m² construidos,2 recámaras,2 baños,https://departamento.mercadolibre.com.mx/MLM-3174791281-departamento-en-venta-en-atizapan-_JM,https://http2.mlstatic.com/D_NQ_NP_2X_950519-MLM113680395956_072026-E.webp,Atizapan De Zaragoza,100.0,2.0,2.0,34830.0
Departamento En Venta En Atizapan,3463000,MXN,"Pirules, Lomas De San Lorenzo, Atizapán De Zaragoza, Estado De México",100 m² construidos,2 recámaras,2 baños,https://departamento.mercadolibre.com.mx/MLM-3174791285-departamento-en-venta-en-atizapan-_JM,https://http2.mlstatic.com/D_NQ_NP_2X_943113-MLM114966269767_072026-E.webp,Atizapan De Zaragoza,100.0,2.0,2.0,34630.0
Departamento En Venta En Reserva Escondida,9500000,MXN,"AV PARQUE DE LOS CIERVOS, Rancho San Juan, Atizapán De Zaragoza, Estado De México",222 m² construidos,3 recámaras,2 baños,https://departamento.mercadolibre.com.mx/MLM-5833453894-departamento-en-venta-en-reserva-escondida-_JM,https://http2.mlstatic.com/D_NQ_NP_2X_615575-MLM113946780310_072026-E.webp,Atizapan De Zaragoza,222.0,3.0,2.0,42792.792792792796
"Departamentos Torre 48, Rincón De La Montaña , Atizapan De Zaragoza",3500000,MXN,"Av. Pirules Ampliacion, Lomas De San Lorenzo 48, Lomas De San Lorenzo, Atizapán De Zaragoza, Estado De México",100 m² construidos,2 recámaras,2 baños,https://departamento.mercadolibre.com.mx/MLM-5555372576-departamentos-torre-48-rincon-de-la-montana-atizapan-de-zaragoza-_JM,https://http2.mlstatic.com/D_NQ_NP_2X_948649-MLM113630684281_062026-E.webp,Atizapan De Zaragoza,100.0,2.0,2.0,35000.0
"Departamento En Venta, Lomas Lindas 601",3150000,MXN,"Mar Egeo, Lomas Lindas II Sección, Atizapán De Zaragoza, Estado De México",146 m² construidos,3 recámaras,2 baños,https://departamento.mercadolibre.com.mx/MLM-5833453476-departamento-en-venta-lomas-lindas-601-_JM,https://http2.mlstatic.com/D_NQ_NP_2X_949435-MLM113946766912_072026-E.webp,Atizapan De Zaragoza,146.0,3.0,2.0,21575.342465753423
"Departamento En Venta, Lomas Lindas 201",3150000,MXN,"Mar Egeo, Lomas Lindas II Sección, Atizapán De Zaragoza, Estado De México",146 m² construidos,3 recámaras,2 baños,https://departamento.mercadolibre.com.mx/MLM-5833536138-departamento-en-venta-lomas-lindas-201-_JM,https://http2.mlstatic.com/D_NQ_NP_2X_908160-MLM113946766622_072026-E.webp,Atizapan De Zaragoza,146.0,3.0,2.0,21575.342465753423
"Departamento En Venta, Lomas Lindas Ph",3150000,MXN,"Mar Egeo, Lomas Lindas II Sección, Atizapán De Zaragoza, Estado De México",142 m² construidos,3 recámaras,2 baños,https://departamento.mercadolibre.com.mx/MLM-5833536158-departamento-en-venta-lomas-lindas-ph-_JM,https://http2.mlstatic.com/D_NQ_NP_2X_967426-MLM115257843605_072026-E.webp,Atizapan De Zaragoza,142.0,3.0,2.0,22183.098591549297
"Departamento En Venta, Lomas Lindas 501",3150000,MXN,"Mar Egeo, Lomas Lindas II Sección, Atizapán De Zaragoza, Estado De México",146 m² construidos,3 recámaras,2 baños,https://departamento.mercadolibre.com.mx/MLM-5833441104-departamento-en-venta-lomas-lindas-501-_JM,https://http2.mlstatic.com/D_NQ_NP_2X_621053-MLM113946766798_072026-E.webp,Atizapan De Zaragoza,146.0,3.0,2.0,21575.342465753423
"Departamento En Venta, Lomas Lindas 401",3290482,MXN,"Mar Egeo, Lomas Lindas II Sección, Atizapán De Zaragoza, Estado De México",142 m² construidos,3 recámaras,2 baños,https://departamento.mercadolibre.com.mx/MLM-5833441102-departamento-en-venta-lomas-lindas-401-_JM,https://http2.mlstatic.com/D_NQ_NP_2X_782488-MLM115257843331_072026-E.webp,Atizapan De Zaragoza,142.0,3.0,2.0,23172.408450704224
"Departamento En Venta, Lomas Lindas 301",2950000,MXN,"Mar Egeo, Lomas Lindas II Sección, Atizapán De Zaragoza, Estado De México",146 m² construidos,3 recámaras,2 baños,https://departamento.mercadolibre.com.mx/MLM-5833441098-departamento-en-venta-lomas-lindas-301-_JM,https://http2.mlstatic.com/D_NQ_NP_2X_698671-MLM115257843291_072026-E.webp,Atizapan De Zaragoza,146.0,3.0,2.0,20205.479452054795
"Departamento En Venta, Lomas Lindas 101",3150000,MXN,"Mar Egeo, Lomas Lindas II Sección, Atizapán De Zaragoza, Estado De México",142 m² construidos,3 recámaras,2 baños,https://departamento.mercadolibre.com.mx/MLM-5833441094-departamento-en-venta-lomas-lindas-101-_JM,https://http2.mlstatic.com/D_NQ_NP_2X_970655-MLM113946766506_072026-E.webp,Atizapan De Zaragoza,142.0,3.0,2.0,22183.098591549297
Excelente Departamento En Rincon De La Montaña,2790000,MXN,"PEDRO GUZMAN 17, Rincón De La Montaña, Atizapán De Zaragoza, Estado De México",96 m² construidos,3 recámaras,2 baños,https://departamento.mercadolibre.com.mx/MLM-2907985515-excelente-departamento-en-rincon-de-la-montana-_JM,https://http2.mlstatic.com/D_NQ_NP_2X_851500-MLM111210866753_052026-E.webp,Atizapan De Zaragoza,96.0,3.0,2.0,29062.5
"Departamento En Venta En Adolfo Lopez Mateos, Atizapán De Zaragoza, México",1850000,MXN,"Calle Ignacio Comonfort Sn, Adolfo López Mateos, Atizapán De Zaragoza, Estado De México",68 m² construidos,2 recámaras,1 baño,https://departamento.mercadolibre.com.mx/MLM-5454160724-departamento-en-venta-en-adolfo-lopez-mateos-atizapan-de-zaragoza-mexico-_JM,https://http2.mlstatic.com/D_NQ_NP_2X_873559-MLM111667300186_062026-E.webp,Atizapan De Zaragoza,68.0,2.0,1.0,27205.882352941175
Departamento En Venta En Barrio Norte,2000000,MXN,"Barrio Nte, Ciudad López Mateos, Barrio Norte, Atizapán De Zaragoza, Estado De México",70 m² construidos,2 recámaras,1 baño,https://departamento.mercadolibre.com.mx/MLM-2811245849-departamento-en-venta-en-barrio-norte-_JM,https://http2.mlstatic.com/D_NQ_NP_2X_830283-MLM109287931203_032026-E.webp,Atizapan De Zaragoza,70.0,2.0,1.0,28571.428571428572
"Se Vende Departamento En Pre Venta,  Barrio Norte, Atizapan De Zaragoza, Dhv286",1810092,MXN,"Barrio Norte, Atizapán De Zaragoza, Estado De México",55 m² construidos,2 recámaras,2 baños,https://departamento.mercadolibre.com.mx/MLM-5262348284-se-vende-departamento-en-pre-venta-barrio-norte-atizapan-de-zaragoza-dhv286-_JM,https://http2.mlstatic.com/D_NQ_NP_2X_668946-MLM111038729639_042026-E.webp,Atizapan De Zaragoza,55.0,2.0,2.0,32910.763636363634
"Depa En Venta, Col. Coporo, Atizapan De Zaragoza, Edo Mex",2290000,MXN,"Cóporo, Atizapán De Zaragoza, Estado De México",136 m² construidos,3 recámaras,2 baños,https://departamento.mercadolibre.com.mx/MLM-2988178003-depa-en-venta-col-coporo-atizapan-de-zaragoza-edo-mex-_JM,https://http2.mlstatic.com/D_NQ_NP_2X_928192-MLM100979279844_122025-E.webp,Atizapan De Zaragoza,136.0,3.0,2.0,16838.235294117647
"Departamento En Venta Las Alamedas, Atizapan De Zaragoza.edo Méx",4200000,MXN,"Lomas De Atizapán, Atizapán De Zaragoza, Estado De México",130 m² construidos,3 recámaras,3 baños,https://departamento.mercadolibre.com.mx/MLM-2737683717-departamento-en-venta-las-alamedas-atizapan-de-zaragozaedo-mex-_JM,https://http2.mlstatic.com/D_NQ_NP_2X_927153-MLM106296265298_022026-E.webp,Atizapan De Zaragoza,130.0,3.0,3.0,32307.69230769231
"Departamento En Venta En Barrio Norte, Atizapán De Zaragoza, México",1975000,MXN,"Complejo La Palma S/N, Barrio Norte, Atizapán De Zaragoza, Estado De México",70 m² construidos,2 recámaras,1 baño,https://departamento.mercadolibre.com.mx/MLM-5454088642-departamento-en-venta-en-barrio-norte-atizapan-de-zaragoza-mexico-_JM,https://http2.mlstatic.com/D_NQ_NP_2X_848782-MLM112747844519_062026-E.webp,Atizapan De Zaragoza,70.0,2.0,1.0,28214.285714285714
"Se Vende Departamento En Pre Venta,  Barrio Norte, Atizapan De Zaragoza, Dhv288",2015216,MXN,"Barrio Norte, Atizapán De Zaragoza, Estado De México",61 m² construidos,2 recámaras,2 baños,https://departamento.mercadolibre.com.mx/MLM-5262386424-se-vende-departamento-en-pre-venta-barrio-norte-atizapan-de-zaragoza-dhv288-_JM,https://http2.mlstatic.com/D_NQ_NP_2X_974529-MLM111038604375_042026-E.webp,Atizapan De Zaragoza,61.0,2.0,2.0,33036.32786885246
"Departamento En Venta Jardines De Atizapán, Atizapán De Zaragoza Edo Méx",2950000,MXN,"Jardines De Atizapán, Atizapán De Zaragoza, Estado De México",153 m² construidos,3 recámaras,3 baños,https://departamento.mercadolibre.com.mx/MLM-5370515714-departamento-en-venta-jardines-de-atizapan-atizapan-de-zaragoza-edo-mex-_JM,https://http2.mlstatic.com/D_NQ_NP_2X_934095-MLM111917830381_052026-E.webp,Atizapan De Zaragoza,153.0,3.0,3.0,19281.04575163399
"Departamento Venta Barrio Norte, Atizapán De Zaragoza, Edo.",1900000,MXN,"3a. Cerrada De Progreso, Atizapán De Zaragoza, Estado De México",77 m² construidos,2 recámaras,2 baños,https://departamento.mercadolibre.com.mx/MLM-5496684458-departamento-venta-barrio-norte-atizapan-de-zaragoza-edo-_JM,https://http2.mlstatic.com/D_NQ_NP_2X_899105-MLM112019060354_062026-E.webp,Atizapan De Zaragoza,77.0,2.0,2.0,24675.324675324675
"Departamento En Venta Rincón De La Montaña, Atizapán De Zaragoza, Edo. De Mex.",2900000,MXN,"Lomas De San Lorenzo, Atizapán De Zaragoza, Estado De México",110 m² construidos,3 recámaras,2 baños,https://departamento.mercadolibre.com.mx/MLM-5227912708-departamento-en-venta-rincon-de-la-montana-atizapan-de-zaragoza-edo-de-mex-_JM,https://http2.mlstatic.com/D_NQ_NP_2X_618276-MLM109857738722_042026-E.webp,Atizapan De Zaragoza,110.0,3.0,2.0,26363.636363636364
"Departamento En Venta En Bosque Esmeralda, Atizapán De Zaragoza, México",4100000,MXN,"Triada Sn, Bosque Esmeralda, Atizapán De Zaragoza, Estado De México",70 m² construidos,2 recámaras,2 baños,https://departamento.mercadolibre.com.mx/MLM-5369646706-departamento-en-venta-en-bosque-esmeralda-atizapan-de-zaragoza-mexico-_JM,https://http2.mlstatic.com/D_NQ_NP_2X_616101-MLM111908830181_052026-E.webp,Atizapan De Zaragoza,70.0,2.0,2.0,58571.42857142857
"Departamento En Venta En Colonia Club De Golf Valle Escondido, Atizapán De Zaragoza, Estado De México",13500000,MXN,"Fracc. Club De Golf S/N, Club De Golf Valle Escondido, Atizapán De Zaragoza, Estado De México",195 m² construidos,3 recámaras,5 baños,https://departamento.mercadolibre.com.mx/MLM-3126924523-departamento-en-venta-en-colonia-club-de-golf-valle-escondido-atizapan-de-zaragoza-estado-de-mexico-_JM,https://http2.mlstatic.com/D_NQ_NP_2X_788925-MLM113239707320_072026-E.webp,Atizapan De Zaragoza,195.0,3.0,5.0,69230.76923076923
"Se Vende Departamento En Pre Venta,  Barrio Norte, Atizapan De Zaragoza, Dhv283",1888836,MXN,"Barrio Norte, Atizapán De Zaragoza, Estado De México",59 m² construidos,2 recámaras,2 baños,https://departamento.mercadolibre.com.mx/MLM-5262386426-se-vende-departamento-en-pre-venta-barrio-norte-atizapan-de-zaragoza-dhv283-_JM,https://http2.mlstatic.com/D_NQ_NP_2X_914784-MLM111038729907_042026-E.webp,Atizapan De Zaragoza,59.0,2.0,2.0,32014.169491525423
"Departamento En Venta En Lomas De San Lorenzo, Atizapán De Zaragoza, México",2700000,MXN,"Pedro Guzmán 17, Lomas De San Lorenzo, Atizapán De Zaragoza, Estado De México",100 m² construidos,2 recámaras,2 baños,https://departamento.mercadolibre.com.mx/MLM-3201001863-departamento-en-venta-en-lomas-de-san-lorenzo-atizapan-de-zaragoza-mexico-_JM,https://http2.mlstatic.com/D_NQ_NP_2X_646767-MLM115198648827_072026-E.webp,Atizapan De Zaragoza,100.0,2.0,2.0,27000.0
"Departamento En Venta En Lomas De San Lorenzo, Atizapán De Zaragoza, México",2850000,MXN,"Pedro Guzmán 17, Lomas De San Lorenzo, Atizapán De Zaragoza, Estado De México",100 m² construidos,2 recámaras,2 baños,https://departamento.mercadolibre.com.mx/MLM-2978836399-departamento-en-venta-en-lomas-de-san-lorenzo-atizapan-de-zaragoza-mexico-_JM,https://http2.mlstatic.com/D_NQ_NP_2X_855827-MLM112689811953_062026-E.webp,Atizapan De Zaragoza,100.0,2.0,2.0,28500.0
"Departamento En Venta En Lomas De San Lorenzo, Atizapán De Zaragoza, México",2990000,MXN,"Pedro Guzmán Sn, Lomas De San Lorenzo, Atizapán De Zaragoza, Estado De México",100 m² construidos,2 recámaras,2 baños,https://departamento.mercadolibre.com.mx/MLM-2753745219-departamento-en-venta-en-lomas-de-san-lorenzo-atizapan-de-zaragoza-mexico-_JM,https://http2.mlstatic.com/D_NQ_NP_2X_833020-MLM107740891645_022026-E.webp,Atizapan De Zaragoza,100.0,2.0,2.0,29900.0
"Departamento En Venta En Colonia Rancho Blanco Ejido De Espíritu Santo, Atizapán De Zaragoza, Estado De México",4995000,MXN,"Cerrada De Los Pelillos 10, Atizapán De Zaragoza, Estado De México",150 m² construidos,3 recámaras,2 baños,https://departamento.mercadolibre.com.mx/MLM-3182995715-departamento-en-venta-en-colonia-rancho-blanco-ejido-de-espiritu-santo-atizapan-de-zaragoza-estado-de-mexico-_JM,https://http2.mlstatic.com/D_NQ_NP_2X_623955-MLM115025317833_072026-E.webp,Atizapan De Zaragoza,150.0,3.0,2.0,33300.0
Departamento En Venta Residence Brisa,4850000,MXN,"LAGO BALLEN 701, Atizapán De Zaragoza, Estado De México",134 m² construidos,,3 baños,https://departamento.mercadolibre.com.mx/MLM-3092116221-departamento-en-venta-residence-brisa-_JM,https://http2.mlstatic.com/D_NQ_NP_2X_750861-MLM112996643014_072026-E.webp,Atizapan De Zaragoza,134.0,,3.0,36194.02985074627
"Departamento En Venta En Lomas Lindas Ii Sección, Atizapán De Zaragoza, México",2850000,MXN,"S/C S/N, Lomas Lindas II Sección, Atizapán De Zaragoza, Estado De México",96 m² construidos,3 recámaras,2 baños,https://departamento.mercadolibre.com.mx/MLM-2962896755-departamento-en-venta-en-lomas-lindas-ii-seccion-atizapan-de-zaragoza-mexico-_JM,https://http2.mlstatic.com/D_NQ_NP_2X_745647-MLM112358337761_052026-E.webp,Atizapan De Zaragoza,96.0,3.0,2.0,29687.5
"Venta Departamento En Barrio Norte, Atizapán De Zaragoza",1750000,MXN,"Barrio Norte, Atizapán De Zaragoza, Estado De México",71 m² construidos,2 recámaras,1 baño,https://departamento.mercadolibre.com.mx/MLM-5723245314-venta-departamento-en-barrio-norte-atizapan-de-zaragoza-_JM,https://http2.mlstatic.com/D_NQ_NP_2X_693690-MLM113355204738_072026-E.webp,Atizapan De Zaragoza,71.0,2.0,1.0,24647.88732394366
"Departamento En Venta En City Esmeralda, Lago Esmeralda",3250000,MXN,"Calle Lago Garda 0, Atizapán De Zaragoza, Estado De México",68 m² construidos,,2 baños,https://departamento.mercadolibre.com.mx/MLM-2886647069-departamento-en-venta-en-city-esmeralda-lago-esmeralda-_JM,https://http2.mlstatic.com/D_NQ_NP_2X_705802-MLM109914505474_042026-E.webp,Atizapan De Zaragoza,68.0,,2.0,47794.117647058825
"Penthouse En Venta, Atizapán De Zaragoza",8200000,MXN,"Cuitláhuac (Green Vista II), Atizapán De Zaragoza 35, Atizapán De Zaragoza, Estado De México",290 m² construidos,,3 baños,https://departamento.mercadolibre.com.mx/MLM-5236360460-penthouse-en-venta-atizapan-de-zaragoza-_JM,https://http2.mlstatic.com/D_NQ_NP_2X_952510-MLM109914867858_042026-E.webp,Atizapan De Zaragoza,290.0,,3.0,28275.862068965518
"Se Vende Departamento En Pre Venta,  Barrio Norte, Atizapan De Zaragoza, Dhv285",2015216,MXN,"Barrio Norte, Atizapán De Zaragoza, Estado De México",61 m² construidos,2 recámaras,2 baños,https://departamento.mercadolibre.com.mx/MLM-5262373702-se-vende-departamento-en-pre-venta-barrio-norte-atizapan-de-zaragoza-dhv285-_JM,https://http2.mlstatic.com/D_NQ_NP_2X_627517-MLM111038619341_042026-E.webp,Atizapan De Zaragoza,61.0,2.0,2.0,33036.32786885246
¡¡ Excelente Oportunidad Departamento En Venta En City Esmer,3300000,MXN,"Calle Largo Garda S/N Manzana 3 Lote 1 0, Atizapán De Zaragoza, Estado De México",72 m² construidos,,2 baños,https://departamento.mercadolibre.com.mx/MLM-5236331484--excelente-oportunidad-departamento-en-venta-en-city-esmer-_JM,https://http2.mlstatic.com/D_NQ_NP_2X_868555-MLM109914448934_042026-E.webp,Atizapan De Zaragoza,72.0,,2.0,45833.333333333336
"Departamento En Venta Lago Esmeralda, Atizapán De Zaragoza",2385000,MXN,"Lago Ercina, Lago Esmeralda, Atizapán De Zaragoza, Estado De México",52 m² construidos,2 recámaras,2 baños,https://departamento.mercadolibre.com.mx/MLM-5833536496-departamento-en-venta-lago-esmeralda-atizapan-de-zaragoza-_JM,https://http2.mlstatic.com/D_NQ_NP_2X_910946-MLM113946777654_072026-E.webp,Atizapan De Zaragoza,52.0,2.0,2.0,45865.38461538462
"Se Vende Departamento En Pre Venta,  Barrio Norte, Atizapan De Zaragoza, Dhv281",2141926,MXN,"Barrio Norte, Atizapán De Zaragoza, Estado De México",61 m² construidos,2 recámaras,2 baños,https://departamento.mercadolibre.com.mx/MLM-5262373704-se-vende-departamento-en-pre-venta-barrio-norte-atizapan-de-zaragoza-dhv281-_JM,https://http2.mlstatic.com/D_NQ_NP_2X_641626-MLM111038619607_042026-E.webp,Atizapan De Zaragoza,61.0,2.0,2.0,35113.54098360656
"Se Vende Departamento En Pre Venta,  Barrio Norte, Atizapan De Zaragoza, Dhv287",1933210,MXN,"Barrio Norte, Atizapán De Zaragoza, Estado De México",59 m² construidos,2 recámaras,2 baños,https://departamento.mercadolibre.com.mx/MLM-5262348282-se-vende-departamento-en-pre-venta-barrio-norte-atizapan-de-zaragoza-dhv287-_JM,https://http2.mlstatic.com/D_NQ_NP_2X_697661-MLM111038619187_042026-E.webp,Atizapan De Zaragoza,59.0,2.0,2.0,32766.271186440677
Venta Amplio Departamento En Coporo Barrio Norte,3100000,MXN,"Barrio Norte, Atizapán De Zaragoza, Estado De México",110 m² construidos,2 recámaras,2 baños,https://departamento.mercadolibre.com.mx/MLM-5773655048-venta-amplio-departamento-en-coporo-barrio-norte-_JM,https://http2.mlstatic.com/D_NQ_NP_2X_854490-MLM114941665727_072026-E.webp,Atizapan De Zaragoza,110.0,2.0,2.0,28181.81818181818
"Departamento En Venta En Bosque Esmeralda, Atizapán De Zaragoza, México",3650000,MXN,"Torre Esmeralda Sn, Bosque Esmeralda, Atizapán De Zaragoza, Estado De México",78 m² construidos,2 recámaras,2 baños,https://departamento.mercadolibre.com.mx/MLM-2999554703-departamento-en-venta-en-bosque-esmeralda-atizapan-de-zaragoza-mexico-_JM,https://http2.mlstatic.com/D_NQ_NP_2X_621949-MLM111926893600_062026-E.webp,Atizapan De Zaragoza,78.0,2.0,2.0,46794.8717948718
"Hermosos Departamentos En Rincon De La Montaña, Atizapan De Zaragoza",3600000,MXN,"Rincón De La Montaña, Atizapán De Zaragoza, Estado De México",100 m² construidos,2 recámaras,2 baños,https://departamento.mercadolibre.com.mx/MLM-5057744030-hermosos-departamentos-en-rincon-de-la-montana-atizapan-de-zaragoza-_JM,https://http2.mlstatic.com/D_NQ_NP_2X_997724-MLM108486780780_032026-E.webp,Atizapan De Zaragoza,100.0,2.0,2.0,36000.0
Se Vende Departamento En Villas De La Hacienda,1300000,MXN,"Escaramuza, Atizapán De Zaragoza, Estado De México",51 m² construidos,2 recámaras,1 baño,https://departamento.mercadolibre.com.mx/MLM-5833453776-se-vende-departamento-en-villas-de-la-hacienda-_JM,https://http2.mlstatic.com/D_NQ_NP_2X_858373-MLM115257875297_072026-E.webp,Atizapan De Zaragoza,51.0,2.0,1.0,25490.196078431374
Excelente Departamento En Venta (rincon De La Monstaña),2850000,MXN,"PEDRO GUZMAN 17, Rincón De La Montaña, Atizapán De Zaragoza, Estado De México",100 m² construidos,2 recámaras,2 baños,https://departamento.mercadolibre.com.mx/MLM-5295743014-excelente-departamento-en-venta-rincon-de-la-monstana-_JM,https://http2.mlstatic.com/D_NQ_NP_2X_976091-MLM110348720588_052026-E.webp,Atizapan De Zaragoza,100.0,2.0,2.0,28500.0
"Departamento En Venta En Los Cajones, Atizapán De Zaragoza, México",2600000,MXN,"S/C S/N, Los Cajones, Atizapán De Zaragoza, Estado De México",52 m² construidos,2 recámaras,1 baño,https://departamento.mercadolibre.com.mx/MLM-5455703698-departamento-en-venta-en-los-cajones-atizapan-de-zaragoza-mexico-_JM,https://http2.mlstatic.com/D_NQ_NP_2X_821008-MLM111681087418_062026-E.webp,Atizapan De Zaragoza,52.0,2.0,1.0,50000.0
"Departamento En Venta En Los Cajones, Atizapán De Zaragoza, México",2850000,MXN,"Park View Esmeralda S/N, Los Cajones, Atizapán De Zaragoza, Estado De México",63 m² construidos,2 recámaras,2 baños,https://departamento.mercadolibre.com.mx/MLM-5486086334-departamento-en-venta-en-los-cajones-atizapan-de-zaragoza-mexico-_JM,https://http2.mlstatic.com/D_NQ_NP_2X_990044-MLM113053205421_062026-E.webp,Atizapan De Zaragoza,63.0,2.0,2.0,45238.09523809524
Departamento En Venta En Lomas Lindas,1350000,MXN,"C. Mar De Java, Lomas Lindas, Cdad. López Mateos, Lomas Lindas II Sección, Atizapán De Zaragoza, Estado De México",58 m² construidos,2 recámaras,1 baño,https://departamento.mercadolibre.com.mx/MLM-5070798904-departamento-en-venta-en-lomas-lindas-_JM,https://http2.mlstatic.com/D_NQ_NP_2X_906617-MLM108682564454_032026-E.webp,Atizapan De Zaragoza,58.0,2.0,1.0,23275.862068965518
"Departamento En Venta En Colonia Lomas Lindas Ii Sección, Atizapán De Zaragoza, Estado De México",3063000,MXN,"Mar Egeo SN, Lomas Lindas II Sección, Atizapán De Zaragoza, Estado De México",107 m² construidos,3 recámaras,2 baños,https://departamento.mercadolibre.com.mx/MLM-3126755615-departamento-en-venta-en-colonia-lomas-lindas-ii-seccion-atizapan-de-zaragoza-estado-de-mexico-_JM,https://http2.mlstatic.com/D_NQ_NP_2X_789087-MLM113238585816_072026-E.webp,Atizapan De Zaragoza,107.0,3.0,2.0,28626.168224299065
Hermosa Casa Recién Remodelada En Las Alamedas,5400000,MXN,"C. Pinzón, Las Alamedas, Cdad. López Mateos, Las Alamedas, Atizapán De Zaragoza, Estado De México",320 m² construidos,4 recámaras,3 baños,https://departamento.mercadolibre.com.mx/MLM-5170716394-hermosa-casa-recien-remodelada-en-las-alamedas-_JM,https://http2.mlstatic.com/D_NQ_NP_2X_900535-MLM110327264417_042026-E.webp,Atizapan De Zaragoza,320.0,4.0,3.0,16875.0
Departamento En Venta En Lomas De Atizapán,2350000,MXN,"Ciudad López Mateos, Lomas De Atizapan 1a Secc., Atizapán De Zaragoza, Estado De México",78 m² construidos,2 recámaras,1 baño,https://departamento.mercadolibre.com.mx/MLM-5133102316-departamento-en-venta-en-lomas-de-atizapan-_JM,https://http2.mlstatic.com/D_NQ_NP_2X_899509-MLM110047153519_042026-E.webp,Atizapan De Zaragoza,78.0,2.0,1.0,30128.20512820513
Hermosa Casa En Venta En Bosque Esmeralda,5350000,MXN,"Bosque Esmeralda, Ciudad López Mateos, Bosque Esmeralda, Atizapán De Zaragoza, Estado De México",134 m² construidos,3 recámaras,2 baños,https://departamento.mercadolibre.com.mx/MLM-2839213063-hermosa-casa-en-venta-en-bosque-esmeralda-_JM,https://http2.mlstatic.com/D_NQ_NP_2X_755316-MLM109974390225_042026-E.webp,Atizapan De Zaragoza,134.0,3.0,2.0,39925.37313432836
Departamento En Venta Cerca De Unitec Atizapán,3000000,MXN,"Capistrano, Ciudad López Mateos, Capistrano, Atizapán De Zaragoza, Estado De México",110 m² construidos,2 recámaras,2 baños,https://departamento.mercadolibre.com.mx/MLM-5170463414-departamento-en-venta-cerca-de-unitec-atizapan-_JM,https://http2.mlstatic.com/D_NQ_NP_2X_636601-MLM109459880584_042026-E.webp,Atizapan De Zaragoza,110.0,2.0,2.0,27272.727272727272
Departamento Nuevo En Venta En Atizapán De Zaragoza,3150000,MXN,"Mar Egeo, Lomas Lindas, Cdad. López Mateos, Lomas Lindas I Sección, Atizapán De Zaragoza, Estado De México",106 m² construidos,3 recámaras,2 baños,https://departamento.mercadolibre.com.mx/MLM-5194473282-departamento-nuevo-en-venta-en-atizapan-de-zaragoza-_JM,https://http2.mlstatic.com/D_NQ_NP_2X_764367-MLM110486386263_042026-E.webp,Atizapan De Zaragoza,106.0,3.0,2.0,29716.98113207547
Hermoso Departamento En La Cañada,3500000,MXN,"La Cañada, Ciudad López Mateos, La Cañada, Atizapán De Zaragoza, Estado De México",111 m² construidos,3 recámaras,2 baños,https://departamento.mercadolibre.com.mx/MLM-5102572898-hermoso-departamento-en-la-canada-_JM,https://http2.mlstatic.com/D_NQ_NP_2X_633429-MLM108998076130_032026-E.webp,Atizapan De Zaragoza,111.0,3.0,2.0,31531.53153153153
Hermoso Departamento En Venta En Park View,2400000,MXN,"Ciudad López Mateos, Lago Esmeralda, Atizapán De Zaragoza, Estado De México",52 m² construidos,2 recámaras,2 baños,https://departamento.mercadolibre.com.mx/MLM-2817680949-hermoso-departamento-en-venta-en-park-view-_JM,https://http2.mlstatic.com/D_NQ_NP_2X_783726-MLM109460470741_032026-E.webp,Atizapan De Zaragoza,52.0,2.0,2.0,46153.846153846156
Hermoso Departamento En Venta En Rincón De La Montaña.,2800000,MXN,"Calle Pedro Guzmán 17, MZ 091, Rincón De La Montaña, Cdad. López Mateos, Lomas De San Lorenzo, Atizapán De Zaragoza, Estado De México",97 m² construidos,2 recámaras,2 baños,https://departamento.mercadolibre.com.mx/MLM-2853918889-hermoso-departamento-en-venta-en-rincon-de-la-montana-_JM,https://http2.mlstatic.com/D_NQ_NP_2X_688607-MLM109387511930_042026-E.webp,Atizapan De Zaragoza,97.0,2.0,2.0,28865.9793814433
"Departamento En Venta En Colonia Las Alamedas, Atizapán De Zaragoza, Estado De México",2900000,MXN,"BOULEVAR ATIZAPÁN 74, Las Alamedas, Atizapán De Zaragoza, Estado De México",98 m² construidos,2 recámaras,2 baños,https://departamento.mercadolibre.com.mx/MLM-5869525338-departamento-en-venta-en-colonia-las-alamedas-atizapan-de-zaragoza-estado-de-mexico-_JM,https://http2.mlstatic.com/D_NQ_NP_2X_816199-MLM115422761163_082026-E.webp,Atizapan De Zaragoza,98.0,2.0,2.0,29591.836734693876
"Departamento En Venta En Colonia Nuevo Madin, Atizapán De Zaragoza, Estado De México",3950000,MXN,"Manzana 23 23, Nuevo Madin, Atizapán De Zaragoza, Estado De México",92 m² construidos,1 recámara,2 baños,https://departamento.mercadolibre.com.mx/MLM-5869515400-departamento-en-venta-en-colonia-nuevo-madin-atizapan-de-zaragoza-estado-de-mexico-_JM,https://http2.mlstatic.com/D_NQ_NP_2X_903688-MLM114097034270_082026-E.webp,Atizapan De Zaragoza,92.0,1.0,2.0,42934.782608695656
"Departamento En Venta En Colonia Calacoaya, Atizapán De Zaragoza, Estado De México",4747600,MXN,"Calacoaya 1, Calacoaya, Atizapán De Zaragoza, Estado De México",122 m² construidos,3 recámaras,2 baños,https://departamento.mercadolibre.com.mx/MLM-5869516692-departamento-en-venta-en-colonia-calacoaya-atizapan-de-zaragoza-estado-de-mexico-_JM,https://http2.mlstatic.com/D_NQ_NP_2X_792249-MLM115423102775_082026-E.webp,Atizapan De Zaragoza,122.0,3.0,2.0,38914.75409836065
"Departamento En Venta En Atizapan De Zaragoza , Ex Hacienda Del Pedregal Cmb 26-2169.",2500000,MXN,"Ex Hacienda Del Pedregal Tierra De Enmedio, Ciudad López Mateos, Ex-Hacienda El Pedregal, Atizapán De Zaragoza, Estado De México",75 m² construidos,2 recámaras,2 baños,https://departamento.mercadolibre.com.mx/MLM-4949065396-departamento-en-venta-en-atizapan-de-zaragoza-ex-hacienda-del-pedregal-cmb-26-2169-_JM,https://http2.mlstatic.com/D_NQ_NP_2X_847623-MLM107409678322_032026-E.webp,Atizapan De Zaragoza,75.0,2.0,2.0,33333.333333333336
"Departamento En Venta En Atizapan De Zaragoza, Bosque Esmeralda Cmb 26-3315.",8200000,MXN,"Av. Bosque Esmeralda Ote., Bosque Esmeralda, Cdad. López Mateos, Bosque Esmeralda, Atizapán De Zaragoza, Estado De México",204 m² construidos,3 recámaras,5 baños,https://departamento.mercadolibre.com.mx/MLM-5514513536-departamento-en-venta-en-atizapan-de-zaragoza-bosque-esmeralda-cmb-26-3315-_JM,https://http2.mlstatic.com/D_NQ_NP_2X_956764-MLM112204362030_062026-E.webp,Atizapan De Zaragoza,204.0,3.0,5.0,40196.07843137255
"Departamento En Venta En Colonia Los Cajones, Atizapán De Zaragoza, Estado De México",2515000,MXN,"Lago Esmeralda Mz 003, Los Cajones, Atizapán De Zaragoza, Estado De México",52 m² construidos,2 recámaras,3 baños,https://departamento.mercadolibre.com.mx/MLM-4836965344-departamento-en-venta-en-colonia-los-cajones-atizapan-de-zaragoza-estado-de-mexico-_JM,https://http2.mlstatic.com/D_NQ_NP_2X_679087-MLM107667556029_022026-E.webp,Atizapan De Zaragoza,52.0,2.0,3.0,48365.38461538462
"Departamento En Venta En Colonia Rancho Blanco Ejido De Espíritu Santo, Atizapán De Zaragoza, Estado De México",2650000,MXN,"Sendero Del Escobal 13, Atizapán De Zaragoza, Estado De México",100 m² construidos,2 recámaras,2 baños,https://departamento.mercadolibre.com.mx/MLM-4837362282-departamento-en-venta-en-colonia-rancho-blanco-ejido-de-espiritu-santo-atizapan-de-zaragoza-estado-de-mexico-_JM,https://http2.mlstatic.com/D_NQ_NP_2X_641451-MLM106981148992_022026-E.webp,Atizapan De Zaragoza,100.0,2.0,2.0,26500.0
"Departamento En Venta En Atizapan De Zaragoza, Jardines De Atizapan Cmb 26-2352.",4210690,MXN,"Jardines De Atizapan, Ciudad López Mateos, Jardines De Atizapán, Atizapán De Zaragoza, Estado De México",117 m² construidos,2 recámaras,2 baños,https://departamento.mercadolibre.com.mx/MLM-2804070339-departamento-en-venta-en-atizapan-de-zaragoza-jardines-de-atizapan-cmb-26-2352-_JM,https://http2.mlstatic.com/D_NQ_NP_2X_712954-MLM108713484901_032026-E.webp,Atizapan De Zaragoza,117.0,2.0,2.0,35988.80341880342
"Departamento En Venta En Colonia 27 De Septiembre, Atizapán De Zaragoza, Estado De México",3200000,MXN,"Veracruz 26, Atizapán De Zaragoza, Estado De México",108 m² construidos,2 recámaras,2 baños,https://departamento.mercadolibre.com.mx/MLM-4984720022-departamento-en-venta-en-colonia-27-de-septiembre-atizapan-de-zaragoza-estado-de-mexico-_JM,https://http2.mlstatic.com/D_NQ_NP_2X_616098-MLM107762360680_032026-E.webp,Atizapan De Zaragoza,108.0,2.0,2.0,29629.62962962963
"Departamento En Venta En Bosque Esmeralda, Atizapán De Zaragoza  Rah263315ref",8200000,MXN,"Bosque Esmeralda, Ciudad López Mateos, Bosque Esmeralda, Atizapán De Zaragoza, Estado De México",204 m² construidos,3 recámaras,5 baños,https://departamento.mercadolibre.com.mx/MLM-5633113334-departamento-en-venta-en-bosque-esmeralda-atizapan-de-zaragoza-rah263315ref-_JM,https://http2.mlstatic.com/D_NQ_NP_2X_959198-MLM114059409877_072026-E.webp,Atizapan De Zaragoza,204.0,3.0,5.0,40196.07843137255
"Departamento En Venta En Colonia Club De Golf Valle Escondido, Atizapán De Zaragoza, Estado De México",12500000,MXN,"Av Parque De Los Ciervos  4, Club De Golf Valle Escondido, Atizapán De Zaragoza, Estado De México",195 m² construidos,3 recámaras,4 baños,https://departamento.mercadolibre.com.mx/MLM-2739999501-departamento-en-venta-en-colonia-club-de-golf-valle-escondido-atizapan-de-zaragoza-estado-de-mexico-_JM,https://http2.mlstatic.com/D_NQ_NP_2X_649677-MLM107112045377_022026-E.webp,Atizapan De Zaragoza,195.0,3.0,4.0,64102.5641025641
"Departamento En Venta En Atizapan De Zaragoza, Jardines De Atizapan  Edlt 26-2348.",3991520,MXN,"Jardines De Atizapan, Ciudad López Mateos, Jardines De Atizapán, Atizapán De Zaragoza, Estado De México",117 m² construidos,2 recámaras,2 baños,https://departamento.mercadolibre.com.mx/MLM-5004939818-departamento-en-venta-en-atizapan-de-zaragoza-jardines-de-atizapan-edlt-26-2348-_JM,https://http2.mlstatic.com/D_NQ_NP_2X_872832-MLM108711668537_032026-E.webp,Atizapan De Zaragoza,117.0,2.0,2.0,34115.555555555555
Departamento Con Excelente Ubicación En Zona Esmeralda,3600000,MXN,"C. Bosque Esmeralda Manzana 2-Lote 1, Bosque Esmeralda, 52800 - 53100 Cdad. López Mateos, Méx., Mexico, Bosque Esmeralda, Atizapán De Zaragoza, Estado De México",100 m² construidos,2 recámaras,2 baños,https://departamento.mercadolibre.com.mx/MLM-3236272537-departamento-con-excelente-ubicacion-en-zona-esmeralda-_JM,https://http2.mlstatic.com/D_NQ_NP_2X_970017-MLM115479853061_082026-E.webp,Atizapan De Zaragoza,100.0,2.0,2.0,36000.0
"Excelente Depa, Lomas Lindas Il, Atizapan",2100000,MXN,"Av. Océano Pacífico 3, Lomas Lindas II Secc., Lomas Lindas, 52947 Cdad. López Mateos, Méx., Mexico, Lomas Lindas II Sección, Atizapán De Zaragoza, Estado De México",70 m² construidos,2 recámaras,2 baños,https://departamento.mercadolibre.com.mx/MLM-5757706740-excelente-depa-lomas-lindas-il-atizapan-_JM,https://http2.mlstatic.com/D_NQ_NP_2X_768243-MLM113408780445_062026-E.webp,Atizapan De Zaragoza,70.0,2.0,2.0,30000.0
"Departamento Con Sala,comedor, Cocina Integral, 2 Recamaras, Estudio Y  1 Baño. Un Cajón De Estacionamiento, Áreas Verdes Comunes",1900000,MXN,"Ciudad López Mateos, Las Colonias, Atizapán De Zaragoza, Estado De México",75 m² construidos,2 recámaras,1 baño,https://departamento.mercadolibre.com.mx/MLM-5707976880-departamento-con-salacomedor-cocina-integral-2-recamaras-estudio-y-1-bano-un-cajon-de-estacionamiento-areas-verdes-comunes-_JM,https://http2.mlstatic.com/D_NQ_NP_2X_766942-MLM113269346290_072026-E.webp,Atizapan De Zaragoza,75.0,2.0,1.0,25333.333333333332
"Sky View Esmeralda En Atizapán Frente A Presa Madín Y A 5 Minutos De Galerías Atizapán, Costco Y Demás Servicios De Restaurantes Y Otras Tiendas Como Liverpool Sears, Walmart Y Seven Eleven",3990000,MXN,"Sky View Esmeralda, C. Lago Ercina MZ 023, Bosque Esmeralda, Cdad. López Mateos, Atizapán, Atizapán De Zaragoza, Estado De México",92 m² construidos,3 recámaras,2 baños,https://departamento.mercadolibre.com.mx/MLM-3093407369-sky-view-esmeralda-en-atizapan-frente-a-presa-madin-y-a-5-minutos-de-galerias-atizapan-costco-y-demas-servicios-de-restaurantes-y-otras-tiendas-como-liverpool-sears-walmart-y-seven-eleven-_JM,https://http2.mlstatic.com/D_NQ_NP_2X_667472-MLM114228273951_072026-E.webp,Atizapan De Zaragoza,92.0,3.0,2.0,43369.565217391304
"Venta Departamento Remodelado En Atizapán, Edo. De México.",2100000,MXN,"AV TOLUCA 32 SUR LOMAS DE ATIZAPAN ATIZAPAN DE ZARAGOZA, Lomas De Atizapan, 52977 Cdad. López Mateos, Méx., Mexico, Atizapán, Atizapán De Zaragoza, Estado De México",70 m² construidos,2 recámaras,1 baño,https://departamento.mercadolibre.com.mx/MLM-3135577061-venta-departamento-remodelado-en-atizapan-edo-de-mexico-_JM,https://http2.mlstatic.com/D_NQ_NP_2X_824034-MLM112664735183_062026-E.webp,Atizapan De Zaragoza,70.0,2.0,1.0,30000.0
Venta De Departamento En Torres Del Bosque Atizapán,3050000,MXN,"Barrio Norte, Atizapán De Zaragoza, Estado De México",133 m² construidos,3 recámaras,2 baños,https://departamento.mercadolibre.com.mx/MLM-4826549996-venta-de-departamento-en-torres-del-bosque-atizapan-_JM,https://http2.mlstatic.com/D_NQ_NP_2X_830460-MLM91214042194_092025-E.webp,Atizapan De Zaragoza,133.0,3.0,2.0,22932.330827067668
Departamento En Venta Residencial Lago Esmeralda,2250000,MXN,"Residencial Lago Esmeralda, Atizapán De Zaragoza, Estado De México",132 m² construidos,3 recámaras,2 baños,https://departamento.mercadolibre.com.mx/MLM-5585034634-departamento-en-venta-residencial-lago-esmeralda-_JM,https://http2.mlstatic.com/D_NQ_NP_2X_656726-MLM112637338454_062026-E.webp,Atizapan De Zaragoza,132.0,3.0,2.0,17045.454545454544
Estrena En Cumbre 424: Preventa Exclusiva En Zona Esmeralda | Entrega 2027 | Aceptamos Créditos,2190000,MXN,"Ciudad López Mateos, Lago Esmeralda, Atizapán De Zaragoza, Estado De México",43 m² construidos,2 recámaras,1 baño,https://departamento.mercadolibre.com.mx/MLM-5662802194-estrena-en-cumbre-424-preventa-exclusiva-en-zona-esmeralda-entrega-2027-aceptamos-creditos-_JM,https://http2.mlstatic.com/D_NQ_NP_2X_686952-MLM113068772676_072026-E.webp,Atizapan De Zaragoza,43.0,2.0,1.0,50930.232558139534
Departamento En Monte Xilo En Venta De Oportunidad,3900000,MXN,"Rancho Blanco, Atizapán De Zaragoza, Estado De México",150 m² construidos,2 recámaras,2 baños,https://departamento.mercadolibre.com.mx/MLM-2913886361-departamento-en-monte-xilo-en-venta-de-oportunidad-_JM,https://http2.mlstatic.com/D_NQ_NP_2X_752401-MLM114611916343_072026-E.webp,Atizapan De Zaragoza,150.0,2.0,2.0,26000.0
Venta Estupendo Departamento En Jardines De Atizapán,1850000,MXN,"Jardines De Atizapán, Atizapán De Zaragoza, Estado De México",91 m² construidos,3 recámaras,1 baño,https://departamento.mercadolibre.com.mx/MLM-2881176471-venta-estupendo-departamento-en-jardines-de-atizapan-_JM,https://http2.mlstatic.com/D_NQ_NP_2X_638149-MLM109828767046_042026-E.webp,Atizapan De Zaragoza,91.0,3.0,1.0,20329.67032967033
"Departamento En Venta En Colonia Bosque Esmeralda, Atizapán De Zaragoza, Estado De México",3600000,MXN,"Lago Garda S/n, Bosque Esmeralda, Atizapán De Zaragoza, Estado De México",73 m² construidos,2 recámaras,2 baños,https://departamento.mercadolibre.com.mx/MLM-5903066714-departamento-en-venta-en-colonia-bosque-esmeralda-atizapan-de-zaragoza-estado-de-mexico-_JM,https://http2.mlstatic.com/D_NQ_NP_2X_999358-MLM114326618888_082026-E.webp,Atizapan De Zaragoza,73.0,2.0,2.0,49315.068493150684
"Hermoso Departamento En Venta Ubicado A  10 Min. Del  Club De Golf Hacienda, Tecnológico De Monterrey Y Lago De Guadalupe.",3800000,MXN,"Ciudad López Mateos, Las Colonias, Atizapán De Zaragoza, Estado De México",116 m² construidos,3 recámaras,2 baños,https://departamento.mercadolibre.com.mx/MLM-5902555754-hermoso-departamento-en-venta-ubicado-a-10-min-del-club-de-golf-hacienda-tecnologico-de-monterrey-y-lago-de-guadalupe-_JM,https://http2.mlstatic.com/D_NQ_NP_2X_663328-MLM114320542654_082026-E.webp,Atizapan De Zaragoza,116.0,3.0,2.0,32758.620689655174
Departamento En Venta En Rancho  San Juan Estado De México,12500000,MXN,"Rancho San Juan, Atizapán De Zaragoza, Estado De México",212 m² construidos,3 recámaras,3 baños,https://departamento.mercadolibre.com.mx/MLM-5902656666-departamento-en-venta-en-rancho-san-juan-estado-de-mexico-_JM,https://http2.mlstatic.com/D_NQ_NP_2X_810384-MLM114322293968_082026-E.webp,Atizapan De Zaragoza,212.0,3.0,3.0,58962.264150943396
Departamento En Venta Puerta Jardín,4050000,MXN,"Ampliación Del Gas, Azcapotzalco, Distrito Federal",81 m² construidos,3 recámaras,2 baños,https://departamento.mercadolibre.com.mx/MLM-5389851598-departamento-en-venta-puerta-jardin-_JM,https://http2.mlstatic.com/D_NQ_NP_2X_613194-MLM111080870536_052026-E.webp,Azcapotzalco,81.0,3.0,2.0,50000.0
Departamento En Venta En Juárez,12950000,MXN,"Berlín 19 BIS, Benito Juárez, Azcapotzalco, Distrito Federal",226 m² construidos,3 recámaras,3 baños,https://departamento.mercadolibre.com.mx/MLM-2944077775-departamento-en-venta-en-juarez-_JM,https://http2.mlstatic.com/D_NQ_NP_2X_903411-MLM110962005448_052026-E.webp,Azcapotzalco,226.0,3.0,3.0,57300.88495575221
Departamento En Venta En Del Recreo,4300000,MXN,"Calle Floresta 100, Del Recreo, Azcapotzalco, Distrito Federal",91 m² construidos,2 recámaras,2 baños,https://departamento.mercadolibre.com.mx/MLM-5015904760-departamento-en-venta-en-del-recreo-_JM,https://http2.mlstatic.com/D_NQ_NP_2X_770069-MLM108816029769_032026-E.webp,Azcapotzalco,91.0,2.0,2.0,47252.74725274725
Departamento En Venta En Del Gas,3363920,MXN,"Cerrada 0 Jardín, Del Gas Amp, Azcapotzalco, Distrito Federal",75 m² construidos,2 recámaras,2 baños,https://departamento.mercadolibre.com.mx/MLM-2988362371-departamento-en-venta-en-del-gas-_JM,https://http2.mlstatic.com/D_NQ_NP_2X_962259-MLM111775684462_062026-E.webp,Azcapotzalco,75.0,2.0,2.0,44852.26666666667
Departamento En Venta En Juárez,10656000,MXN,"Havre 41, Benito Juárez, Azcapotzalco, Distrito Federal",151 m² construidos,2 recámaras,2 baños,https://departamento.mercadolibre.com.mx/MLM-4995459294-departamento-en-venta-en-juarez-_JM,https://http2.mlstatic.com/D_NQ_NP_2X_993469-MLM107885177732_032026-E.webp,Azcapotzalco,151.0,2.0,2.0,70569.53642384105
Departamento En Venta En Valle Del Tepeyac,3532305,MXN,"Poniente 126 431, Coltongo, Azcapotzalco, Distrito Federal",67 m² construidos,2 recámaras,2 baños,https://departamento.mercadolibre.com.mx/MLM-4995462990-departamento-en-venta-en-valle-del-tepeyac-_JM,https://http2.mlstatic.com/D_NQ_NP_2X_829530-MLM108641280939_032026-E.webp,Azcapotzalco,67.0,2.0,2.0,52720.97014925373
Departamento En Venta En Juárez,15266570,MXN,"Viena 10, Benito Juárez, Azcapotzalco, Distrito Federal",65 m² construidos,1 recámara,1 baño,https://departamento.mercadolibre.com.mx/MLM-4995493404-departamento-en-venta-en-juarez-_JM,https://http2.mlstatic.com/D_NQ_NP_2X_953297-MLM107885474270_032026-E.webp,Azcapotzalco,65.0,1.0,1.0,234870.3076923077
Departamento En Venta En Juárez,16120608,MXN,"Viena 10, Benito Juárez, Azcapotzalco, Distrito Federal",77 m² construidos,1 recámara,1 baño,https://departamento.mercadolibre.com.mx/MLM-2784803655-departamento-en-venta-en-juarez-_JM,https://http2.mlstatic.com/D_NQ_NP_2X_692599-MLM107885474708_032026-E.webp,Azcapotzalco,77.0,1.0,1.0,209358.54545454544
Departamento En Venta En Juárez,12508513,MXN,"Viena 10, Benito Juárez, Azcapotzalco, Distrito Federal",74 m² construidos,2 recámaras,2 baños,https://departamento.mercadolibre.com.mx/MLM-2784669307-departamento-en-venta-en-juarez-_JM,https://http2.mlstatic.com/D_NQ_NP_2X_886548-MLM107885493820_032026-E.webp,Azcapotzalco,74.0,2.0,2.0,169033.95945945947
Departamento En Venta En Valle Del Tepeyac,3044927,MXN,"Poniente 126 431, Coltongo, Azcapotzalco, Distrito Federal",61 m² construidos,2 recámaras,1 baño,https://departamento.mercadolibre.com.mx/MLM-2988471923-departamento-en-venta-en-valle-del-tepeyac-_JM,https://http2.mlstatic.com/D_NQ_NP_2X_717199-MLM111775682668_062026-E.webp,Azcapotzalco,61.0,2.0,1.0,49916.83606557377
Departamento En Venta En Juárez,17361932,MXN,"Viena 10, Benito Juárez, Azcapotzalco, Distrito Federal",74 m² construidos,2 recámaras,2 baños,https://departamento.mercadolibre.com.mx/MLM-2784803753-departamento-en-venta-en-juarez-_JM,https://http2.mlstatic.com/D_NQ_NP_2X_732112-MLM107885506230_032026-E.webp,Azcapotzalco,74.0,2.0,2.0,234620.7027027027
Departamento En Venta En Juárez,7400000,MXN,"Londres 256, Benito Juárez, Azcapotzalco, Distrito Federal",75 m² construidos,2 recámaras,2 baños,https://departamento.mercadolibre.com.mx/MLM-2980081045-departamento-en-venta-en-juarez-_JM,https://http2.mlstatic.com/D_NQ_NP_2X_720268-MLM111644253856_062026-E.webp,Azcapotzalco,75.0,2.0,2.0,98666.66666666667
Departamento En Venta En Del Gas,3173080,MXN,"Cerrada 4 Jardín 300, Del Gas Amp, Azcapotzalco, Distrito Federal",87 m² construidos,1 recámara,1 baño,https://departamento.mercadolibre.com.mx/MLM-2988362357-departamento-en-venta-en-del-gas-_JM,https://http2.mlstatic.com/D_NQ_NP_2X_731822-MLM111775725488_062026-E.webp,Azcapotzalco,87.0,1.0,1.0,36472.183908045976
Departamento En Venta En Del Gas,4517615,MXN,"Cerrada 4 Jardín 300, Del Gas Amp, Azcapotzalco, Distrito Federal",73 m² construidos,2 recámaras,2 baños,https://departamento.mercadolibre.com.mx/MLM-2984750327-departamento-en-venta-en-del-gas-_JM,https://http2.mlstatic.com/D_NQ_NP_2X_614356-MLM111717164372_062026-E.webp,Azcapotzalco,73.0,2.0,2.0,61885.13698630137
Departamento En Venta En Valle Del Tepeyac,3566600,MXN,"Poniente 126 431, Coltongo, Azcapotzalco, Distrito Federal",67 m² construidos,2 recámaras,2 baños,https://departamento.mercadolibre.com.mx/MLM-2988373991-departamento-en-venta-en-valle-del-tepeyac-_JM,https://http2.mlstatic.com/D_NQ_NP_2X_759095-MLM112872503511_062026-E.webp,Azcapotzalco,67.0,2.0,2.0,53232.835820895525
Departamento En Venta En Juárez,3719022,MXN,"Londres 0, Benito Juárez, Azcapotzalco, Distrito Federal",40 m² construidos,1 recámara,1 baño,https://departamento.mercadolibre.com.mx/MLM-4761832402-departamento-en-venta-en-juarez-_JM,https://http2.mlstatic.com/D_NQ_NP_2X_852015-MLM106205679064_022026-E.webp,Azcapotzalco,40.0,1.0,1.0,92975.55
Departamento En Venta En Del Gas,4846220,MXN,"Cerrada 0 Jardín, Del Gas Amp, Azcapotzalco, Distrito Federal",131 m² construidos,2 recámaras,2 baños,https://departamento.mercadolibre.com.mx/MLM-2988471941-departamento-en-venta-en-del-gas-_JM,https://http2.mlstatic.com/D_NQ_NP_2X_691958-MLM111775728072_062026-E.webp,Azcapotzalco,131.0,2.0,2.0,36994.045801526714
Departamento En Venta En San Francisco Xocotitla,3662177,MXN,"Poniente 94-A 54, Azcapotzalco, Distrito Federal",98 m² construidos,2 recámaras,2 baños,https://departamento.mercadolibre.com.mx/MLM-2988472141-departamento-en-venta-en-san-francisco-xocotitla-_JM,https://http2.mlstatic.com/D_NQ_NP_2X_659439-MLM112872642071_062026-E.webp,Azcapotzalco,98.0,2.0,2.0,37369.15306122449
Departamento En Venta En Obrero Popular,3905000,MXN,"Avenida Cuitláhuac 3125, Obrero Popular, Azcapotzalco, Distrito Federal",92 m² construidos,1 recámara,1 baño,https://departamento.mercadolibre.com.mx/MLM-5823398292-departamento-en-venta-en-obrero-popular-_JM,https://http2.mlstatic.com/D_NQ_NP_2X_888596-MLM113917981756_072026-E.webp,Azcapotzalco,92.0,1.0,1.0,42445.65217391304
Departamento En Venta En Juárez,4955957,MXN,"Londres 91, Benito Juárez, Azcapotzalco, Distrito Federal",43 m² construidos,,1 baño,https://departamento.mercadolibre.com.mx/MLM-2605872409-departamento-en-venta-en-juarez-_JM,https://http2.mlstatic.com/D_NQ_NP_2X_807334-MLM100017992058_122025-E.webp,Azcapotzalco,43.0,,1.0,115254.81395348837
Departamento En Venta En San Francisco Xocotitla,3809080,MXN,"Poniente 94-A 0, Azcapotzalco, Distrito Federal",103 m² construidos,2 recámaras,2 baños,https://departamento.mercadolibre.com.mx/MLM-2988362697-departamento-en-venta-en-san-francisco-xocotitla-_JM,https://http2.mlstatic.com/D_NQ_NP_2X_668441-MLM111775827146_062026-E.webp,Azcapotzalco,103.0,2.0,2.0,36981.35922330097
Departamento En Venta En San Francisco Xocotitla,3597675,MXN,"Poniente 94-A 0, Azcapotzalco, Distrito Federal",98 m² construidos,2 recámaras,2 baños,https://departamento.mercadolibre.com.mx/MLM-2988472197-departamento-en-venta-en-san-francisco-xocotitla-_JM,https://http2.mlstatic.com/D_NQ_NP_2X_929380-MLM112872661801_062026-E.webp,Azcapotzalco,98.0,2.0,2.0,36710.9693877551
Departamento En Venta En San Francisco Xocotitla,4248976,MXN,"Poniente 94-A 0, Azcapotzalco, Distrito Federal",111 m² construidos,2 recámaras,2 baños,https://departamento.mercadolibre.com.mx/MLM-2988362647-departamento-en-venta-en-san-francisco-xocotitla-_JM,https://http2.mlstatic.com/D_NQ_NP_2X_912946-MLM112872642255_062026-E.webp,Azcapotzalco,111.0,2.0,2.0,38279.06306306306
Departamento En Venta En Juárez,6900000,MXN,"Avenida Paseo De La Reforma, Benito Juárez, Azcapotzalco, Distrito Federal",76 m² construidos,1 recámara,1 baño,https://departamento.mercadolibre.com.mx/MLM-2792143517-departamento-en-venta-en-juarez-_JM,https://http2.mlstatic.com/D_NQ_NP_2X_825254-MLM108816096347_032026-E.webp,Azcapotzalco,76.0,1.0,1.0,90789.47368421052
Departamento En Venta En Clavería,3905000,MXN,"Avenida Cuitláhuac 3100, Clavería, Azcapotzalco, Distrito Federal",92 m² construidos,1 recámara,1 baño,https://departamento.mercadolibre.com.mx/MLM-4473085378-departamento-en-venta-en-claveria-_JM,https://http2.mlstatic.com/D_NQ_NP_2X_778534-MLM100507407681_122025-E.webp,Azcapotzalco,92.0,1.0,1.0,42445.65217391304
"Departamento Ph En Venta Bosques Clavería, Azcapotzalco - Para Estrenar",3905000,MXN,"Clavería, Azcapotzalco, Distrito Federal",92 m² construidos,1 recámara,1 baño,https://departamento.mercadolibre.com.mx/MLM-3136230043-departamento-ph-en-venta-bosques-claveria-azcapotzalco-para-estrenar-_JM,https://http2.mlstatic.com/D_NQ_NP_2X_879774-MLM113309714684_072026-E.webp,Azcapotzalco,92.0,1.0,1.0,42445.65217391304
"Venta De Hermoso Depto A Estrenar - Col. El Recreo, Alc. Azcapotzalco",4249000,MXN,"Del Recreo, Azcapotzalco, Distrito Federal",97 m² construidos,3 recámaras,2 baños,https://departamento.mercadolibre.com.mx/MLM-3239067181-venta-de-hermoso-depto-a-estrenar-col-el-recreo-alc-azcapotzalco-_JM,https://http2.mlstatic.com/D_NQ_NP_2X_887004-MLM114186480796_082026-E.webp,Azcapotzalco,97.0,3.0,2.0,43804.12371134021
"Departamento En Venta De 60 M2, A Un Lado De La Uam Azcapotzalco",1650000,MXN,"Av San Pablo Xalpa 300 - 600, San Martin Xochinahuac, Ciudad De México, San Martín Xochináhuac, Azcapotzalco, Distrito Federal",60 m² construidos,2 recámaras,1 baño,https://departamento.mercadolibre.com.mx/MLM-2947784807-departamento-en-venta-de-60-m2-a-un-lado-de-la-uam-azcapotzalco-_JM,https://http2.mlstatic.com/D_NQ_NP_2X_731190-MLM111999154825_052026-E.webp,Azcapotzalco,60.0,2.0,1.0,27500.0
Departamentos En Preventa En Azcapotzalco Cdmx,3900000,MXN,"Col Del Gas, Mexico City, Del Gas, Azcapotzalco, Distrito Federal",95 m² construidos,3 recámaras,2 baños,https://departamento.mercadolibre.com.mx/MLM-2775932287-departamentos-en-preventa-en-azcapotzalco-cdmx-_JM,https://http2.mlstatic.com/D_NQ_NP_2X_849820-MLM107692989522_032026-E.webp,Azcapotzalco,95.0,3.0,2.0,41052.63157894737
Venta De Departamento En San Isidro Azcapotzalco,4290000,MXN,"San Pedro Xalpa, Azcapotzalco, Distrito Federal",91 m² construidos,3 recámaras,2 baños,https://departamento.mercadolibre.com.mx/MLM-4808978680-venta-de-departamento-en-san-isidro-azcapotzalco-_JM,https://http2.mlstatic.com/D_NQ_NP_2X_813193-MLM106749002836_022026-E.webp,Azcapotzalco,91.0,3.0,2.0,47142.857142857145
"Bonito Departamento En Venta En Azcapotzalco Con Elevador $2,347,000",2347000,MXN,"Centro De Azcapotzalco, Azcapotzalco, Distrito Federal",46 m² construidos,2 recámaras,1 baño,https://departamento.mercadolibre.com.mx/MLM-4485585722-bonito-departamento-en-venta-en-azcapotzalco-con-elevador-2347000-_JM,https://http2.mlstatic.com/D_NQ_NP_2X_843418-MLM100806543275_122025-E.webp,Azcapotzalco,46.0,2.0,1.0,51021.739130434784
Venta De Departamento,2049000,MXN,"Avenida De Las Granjas 752, Santa Catarina, Azcapotzalco, Distrito Federal",49 m² construidos,2 recámaras,1 baño,https://departamento.mercadolibre.com.mx/MLM-5297003486-venta-de-departamento-_JM,https://http2.mlstatic.com/D_NQ_NP_2X_863235-MLM110357856490_052026-E.webp,Azcapotzalco,49.0,2.0,1.0,41816.32653061225
"Pent House Moderno De Entrega Inmediata En Claveria, Azcapotzalco",3905000,MXN,"Clavería, Azcapotzalco, Distrito Federal",48 m² construidos,1 recámara,1 baño,https://departamento.mercadolibre.com.mx/MLM-2848258993-pent-house-moderno-de-entrega-inmediata-en-claveria-azcapotzalco-_JM,https://http2.mlstatic.com/D_NQ_NP_2X_847264-MLM110139019489_042026-E.webp,Azcapotzalco,48.0,1.0,1.0,81354.16666666667
Venta Departamento Azcapotzalco Con Balcon,3195000,MXN,"Calz. San Isidro, Petrolera, Ciudad De México, San Isidro, Azcapotzalco, Distrito Federal",62 m² construidos,2 recámaras,2 baños,https://departamento.mercadolibre.com.mx/MLM-5209229250-venta-departamento-azcapotzalco-con-balcon-_JM,https://http2.mlstatic.com/D_NQ_NP_2X_814103-MLM110603631741_042026-E.webp,Azcapotzalco,62.0,2.0,2.0,51532.25806451613
"Último Ph De Entrega Inmediata En Av Cuitláhuac, Claveria, Azcapotzalco",3905000,MXN,"Clavería, Azcapotzalco, Distrito Federal",48 m² construidos,1 recámara,1 baño,https://departamento.mercadolibre.com.mx/MLM-5148003244-ultimo-ph-de-entrega-inmediata-en-av-cuitlahuac-claveria-azcapotzalco-_JM,https://http2.mlstatic.com/D_NQ_NP_2X_884727-MLM109285564488_042026-E.webp,Azcapotzalco,48.0,1.0,1.0,81354.16666666667
"Último Ph Con Amplio Roof Privado En Claveria, Azcapotzalco",4050000,MXN,"Clavería, Azcapotzalco, Distrito Federal",52 m² construidos,1 recámara,1 baño,https://departamento.mercadolibre.com.mx/MLM-5148022366-ultimo-ph-con-amplio-roof-privado-en-claveria-azcapotzalco-_JM,https://http2.mlstatic.com/D_NQ_NP_2X_997038-MLM110139019905_042026-E.webp,Azcapotzalco,52.0,1.0,1.0,77884.61538461539
Departamento En Venta En San Isidro Azcapotzalco,3100000,MXN,"San Pedro Xalpa, Azcapotzalco, Distrito Federal",64 m² construidos,2 recámaras,2 baños,https://departamento.mercadolibre.com.mx/MLM-2758365011-departamento-en-venta-en-san-isidro-azcapotzalco-_JM,https://http2.mlstatic.com/D_NQ_NP_2X_989360-MLM85573955098_062025-E.webp,Azcapotzalco,64.0,2.0,2.0,48437.5
Departamento En Venta Azcapotzalco,3200000,MXN,"San Francisco Tetecala, Azcapotzalco, Distrito Federal",57 m² construidos,2 recámaras,1 baño,https://departamento.mercadolibre.com.mx/MLM-3081817843-departamento-en-venta-azcapotzalco-_JM,https://http2.mlstatic.com/D_NQ_NP_2X_939714-MLM114138201011_072026-E.webp,Azcapotzalco,57.0,2.0,1.0,56140.350877192985
"Pent House Moderno Con Roof Y Bodega En Claveria, Azcapotzalco",3950000,MXN,"Clavería, Azcapotzalco, Distrito Federal",52 m² construidos,1 recámara,1 baño,https://departamento.mercadolibre.com.mx/MLM-5472419052-pent-house-moderno-con-roof-y-bodega-en-claveria-azcapotzalco-_JM,https://http2.mlstatic.com/D_NQ_NP_2X_841208-MLM112932408351_062026-E.webp,Azcapotzalco,52.0,1.0,1.0,75961.53846153847
"Pent House De Entrega Inmediata En Av Cuitláhuac, Claveria, Azcapotzalco",3905000,MXN,"Clavería, Azcapotzalco, Distrito Federal",48 m² construidos,1 recámara,1 baño,https://departamento.mercadolibre.com.mx/MLM-5148047708-pent-house-de-entrega-inmediata-en-av-cuitlahuac-claveria-azcapotzalco-_JM,https://http2.mlstatic.com/D_NQ_NP_2X_662072-MLM110139067653_042026-E.webp,Azcapotzalco,48.0,1.0,1.0,81354.16666666667
Cuitlahuac 3125,3905000,MXN,"Obrero Popular, Azcapotzalco, Distrito Federal",48 m² construidos,1 recámara,1 baño,https://departamento.mercadolibre.com.mx/MLM-3071326523-cuitlahuac-3125-_JM,https://http2.mlstatic.com/D_NQ_NP_2X_995783-MLM113684618366_072026-E.webp,Azcapotzalco,48.0,1.0,1.0,81354.16666666667
"Departamento Seminuevo En Planta Baja En Nextengo, Azcapotzalco",2950000,MXN,"Av Azcapotzalco 402 Int A003 402, Nextengo, Azcapotzalco, Distrito Federal",50 m² construidos,2 recámaras,1 baño,https://departamento.mercadolibre.com.mx/MLM-2983259631-departamento-seminuevo-en-planta-baja-en-nextengo-azcapotzalco-_JM,https://http2.mlstatic.com/D_NQ_NP_2X_819040-MLM111695369630_062026-E.webp,Azcapotzalco,50.0,2.0,1.0,59000.0
"Departamento En Venta-oasis Residencial Azcapotzalco, Cosmopolita, Azcapotzalco",2988600,MXN,"Oasis Residencial Azcapotzalco, Av. Encarnación Ortiz 1860, Cosmopolita, Ciudad De México, Cosmopolita, Azcapotzalco, Distrito Federal",65 m² construidos,3 recámaras,2 baños,https://departamento.mercadolibre.com.mx/MLM-5781020822-departamento-en-venta-oasis-residencial-azcapotzalco-cosmopolita-azcapotzalco-_JM,https://http2.mlstatic.com/D_NQ_NP_2X_918699-MLM113688638368_072026-E.webp,Azcapotzalco,65.0,3.0,2.0,45978.46153846154
Venta Departamento 2 Ambientes San Martín Xochinahuac,1807988,MXN,"Los Ángeles, 172, San Martín Xochináhuac, Azcapotzalco, Distrito Federal",50 m² construidos,2 recámaras,1 baño,https://departamento.mercadolibre.com.mx/MLM-5884676140-venta-departamento-2-ambientes-san-martin-xochinahuac-_JM,https://http2.mlstatic.com/D_NQ_NP_2X_619880-MLM115535387073_082026-E.webp,Azcapotzalco,50.0,2.0,1.0,36159.76
Venta Departamento 2 Ambientes Victoria De Las Democracias,2150000,MXN,"NARCISO, 111, Victoria De Las Democracias, Azcapotzalco, Distrito Federal",75 m² construidos,2 recámaras,1 baño,https://departamento.mercadolibre.com.mx/MLM-5867869526-venta-departamento-2-ambientes-victoria-de-las-democracias-_JM,https://http2.mlstatic.com/D_NQ_NP_2X_713190-MLM115411536375_072026-E.webp,Azcapotzalco,75.0,2.0,1.0,28666.666666666668
"Departamento De 2 Recámaras En Venta, Col Petrolera, Azcapotzalco, Cdmx",1600000,MXN,"Petrolera, Azcapotzalco, Distrito Federal",50 m² construidos,2 recámaras,1 baño,https://departamento.mercadolibre.com.mx/MLM-2985501085-departamento-de-2-recamaras-en-venta-col-petrolera-azcapotzalco-cdmx-_JM,https://http2.mlstatic.com/D_NQ_NP_2X_913671-MLM114613742471_072026-E.webp,Azcapotzalco,50.0,2.0,1.0,32000.0
Precioso Departamento Minimalista Con Vista A La Ciudad Cerca De La Raza,3400000,MXN,"Ampliación Del Gas, Azcapotzalco, Distrito Federal",79 m² construidos,3 recámaras,2 baños,https://departamento.mercadolibre.com.mx/MLM-2943271017-precioso-departamento-minimalista-con-vista-a-la-ciudad-cerca-de-la-raza-_JM,https://http2.mlstatic.com/D_NQ_NP_2X_626362-MLM114683963945_072026-E.webp,Azcapotzalco,79.0,3.0,2.0,43037.9746835443
Departamento En Venta En Azcapotzalco.,2425000,MXN,"Ampliación Del Gas, Azcapotzalco, Distrito Federal",48 m² construidos,1 recámara,1 baño,https://departamento.mercadolibre.com.mx/MLM-2755603811-departamento-en-venta-en-azcapotzalco-_JM,https://http2.mlstatic.com/D_NQ_NP_2X_640751-MLM114326722258_082026-E.webp,Azcapotzalco,48.0,1.0,1.0,50520.833333333336
Lindo Departamento Sobre Av 16 De Septiembre A Una Cuadra Del Metro Aquiles Serdan,1300000,MXN,"Av. 16 De Septiembre 58, Pasteros, Ciudad De México, Pasteros, Azcapotzalco, Distrito Federal",50 m² construidos,2 recámaras,1 baño,https://departamento.mercadolibre.com.mx/MLM-3113970659-lindo-departamento-sobre-av-16-de-septiembre-a-una-cuadra-del-metro-aquiles-serdan-_JM,https://http2.mlstatic.com/D_NQ_NP_2X_698480-MLM114380416489_072026-E.webp,Azcapotzalco,50.0,2.0,1.0,26000.0
Venta Departamento Nuevo Clavería,4865000,MXN,"Clavería, Azcapotzalco, Distrito Federal",62 m² construidos,2 recámaras,2 baños,https://departamento.mercadolibre.com.mx/MLM-5091413456-venta-departamento-nuevo-claveria-_JM,https://http2.mlstatic.com/D_NQ_NP_2X_744149-MLM83781039104_042025-E.webp,Azcapotzalco,62.0,2.0,2.0,78467.74193548386
"Departamento En Venta Con Roof Garden Privado O Terraza En Real De San Martín 103 Colonia Santa Barbara, Alcaldía Azcapotzalco, Cdmx",2850000,MXN,"Real De San Martín 103 -departamento En Venta Con Roof Garden Privado O Terraza En Real De San Martín 103 Colonia Santa Barbara, Alcaldía Azcapotzalco, Cdmx, Azcapotzalco, Distrito Federal",50 m² construidos,2 recámaras,1 baño,https://departamento.mercadolibre.com.mx/MLM-5178630210-departamento-en-venta-con-roof-garden-privado-o-terraza-en-real-de-san-martin-103-colonia-santa-barbara-alcaldia-azcapotzalco-cdmx-_JM,https://http2.mlstatic.com/D_NQ_NP_2X_865862-MLM110391050603_042026-E.webp,Azcapotzalco,50.0,2.0,1.0,57000.0
"Departamento En Venta Con Roof Garden Privado O Terraza En Real De San Martín 103 Colonia Santa Barbara, Alcaldía Azcapotzalco, Cdmx",2900000,MXN,"Real De San Martín 103 -departamento En Venta Con Roof Garden Privado O Terraza En Real De San Martín 103 Colonia Santa Barbara, Alcaldía Azcapotzalco, Cdmx, Azcapotzalco, Distrito Federal",50 m² construidos,2 recámaras,1 baño,https://departamento.mercadolibre.com.mx/MLM-2862307055-departamento-en-venta-con-roof-garden-privado-o-terraza-en-real-de-san-martin-103-colonia-santa-barbara-alcaldia-azcapotzalco-cdmx-_JM,https://http2.mlstatic.com/D_NQ_NP_2X_739829-MLM110391077051_042026-E.webp,Azcapotzalco,50.0,2.0,1.0,58000.0
"Departamento En Venta  Sta Inés, Azcapotzalco",2815200,MXN,"Sin Calle, Santa Inés, Azcapotzalco, Distrito Federal",63 m² construidos,2 recámaras,1 baño,https://departamento.mercadolibre.com.mx/MLM-4698928888-departamento-en-venta-sta-ines-azcapotzalco-_JM,https://http2.mlstatic.com/D_NQ_NP_2X_851351-MLM105023639250_012026-E.webp,Azcapotzalco,63.0,2.0,1.0,44685.71428571428
"Departamento En Venta  Santa Bárbara, Azcapotzalco",2110000,MXN,"Sin Calle, Santa Bárbara, Azcapotzalco, Distrito Federal",49 m² construidos,2 recámaras,1 baño,https://departamento.mercadolibre.com.mx/MLM-5528214090-departamento-en-venta-santa-barbara-azcapotzalco-_JM,https://http2.mlstatic.com/D_NQ_NP_2X_896053-MLM112272059636_062026-E.webp,Azcapotzalco,49.0,2.0,1.0,43061.22448979592
"Departamento En Venta  Santa Bárbara, Azcapotzalco",2166500,MXN,"Sin Calle, Santa Bárbara, Azcapotzalco, Distrito Federal",49 m² construidos,2 recámaras,1 baño,https://departamento.mercadolibre.com.mx/MLM-5533119812-departamento-en-venta-santa-barbara-azcapotzalco-_JM,https://http2.mlstatic.com/D_NQ_NP_2X_958119-MLM113466831699_062026-E.webp,Azcapotzalco,49.0,2.0,1.0,44214.28571428572
Departamento En Venta  Centro De Azcapotzalco,2078500,MXN,"Sin Calle, Centro De Azcapotzalco, Azcapotzalco, Distrito Federal",44 m² construidos,1 recámara,1 baño,https://departamento.mercadolibre.com.mx/MLM-3029105785-departamento-en-venta-centro-de-azcapotzalco-_JM,https://http2.mlstatic.com/D_NQ_NP_2X_936048-MLM113466060511_062026-E.webp,Azcapotzalco,44.0,1.0,1.0,47238.63636363636
"Departamento, Azcapotzalco, Venta, Polanco Cerca",3680000,MXN,"Calz. San Isidro 143, Lazaro Cardenas, Ciudad De México, Ampliación Petrolera, Azcapotzalco, Distrito Federal",75 m² construidos,2 recámaras,2 baños,https://departamento.mercadolibre.com.mx/MLM-3135789657-departamento-azcapotzalco-venta-polanco-cerca-_JM,https://http2.mlstatic.com/D_NQ_NP_2X_675959-MLM114542382069_072026-E.webp,Azcapotzalco,75.0,2.0,2.0,49066.666666666664
"Venta, Departamento, Nuevo, Terraza, Azcapotzalco",5750450,MXN,"Calz. Santo Tomás 196, Santo Tomas, Ciudad De México, Santo Tomas, Azcapotzalco, Distrito Federal",122 m² construidos,2 recámaras,2 baños,https://departamento.mercadolibre.com.mx/MLM-3108696645-venta-departamento-nuevo-terraza-azcapotzalco-_JM,https://http2.mlstatic.com/D_NQ_NP_2X_921668-MLM114338959821_072026-E.webp,Azcapotzalco,122.0,2.0,2.0,47134.83606557377
"Venta, Departamento, Exclusivo, Azcapotzalco, Estrenar",3786500,MXN,"Calz. Santo Tomás 196, Santo Tomas, Ciudad De México, Santo Tomas, Azcapotzalco, Distrito Federal",67 m² construidos,2 recámaras,2 baños,https://departamento.mercadolibre.com.mx/MLM-3108522767-venta-departamento-exclusivo-azcapotzalco-estrenar-_JM,https://http2.mlstatic.com/D_NQ_NP_2X_657746-MLM113112707182_072026-E.webp,Azcapotzalco,67.0,2.0,2.0,56514.92537313433
Departamento En Azcapotzalco · 2 Recámaras,2381700,MXN,"Azcapotzalco, Azcapotzalco, Ciudad De México, C.p. Al 2800, Obrero Popular, Azcapotzalco, Distrito Federal",58 m² construidos,2 recámaras,1 baño,https://departamento.mercadolibre.com.mx/MLM-3240051191-departamento-en-azcapotzalco-2-recamaras-_JM,https://http2.mlstatic.com/D_NQ_NP_2X_926035-MLM114196837594_082026-E.webp,Azcapotzalco,58.0,2.0,1.0,41063.793103448275
Oportunidad De Inversión Departamento Para Remodelar  En Venta En Azcapotzalco,2190000,MXN,"San Pedro Xalpa, Mexico City, San Pedro Xalpa, Azcapotzalco, Distrito Federal",87 m² construidos,3 recámaras,1 baño,https://departamento.mercadolibre.com.mx/MLM-2878293885-oportunidad-de-inversion-departamento-para-remodelar-en-venta-en-azcapotzalco-_JM,https://http2.mlstatic.com/D_NQ_NP_2X_776482-MLM109783092882_042026-E.webp,Azcapotzalco,87.0,3.0,1.0,25172.41379310345
Departamento En Venta En Azcapotzalco,3400000,MXN,"San Martín Xochináhuac, Azcapotzalco, Distrito Federal",72 m² construidos,3 recámaras,2 baños,https://departamento.mercadolibre.com.mx/MLM-3951179804-departamento-en-venta-en-azcapotzalco-_JM,https://http2.mlstatic.com/D_NQ_NP_2X_716233-MLM113205442539_062026-E.webp,Azcapotzalco,72.0,3.0,2.0,47222.22222222222
Departamento En Azcapotzalco · 2 Recámaras,2544585,MXN,"El Jaguey, Azcapotzalco, Ciudad De México, C.p. Al 2500, El Jagüey, Azcapotzalco, Distrito Federal",55 m² construidos,2 recámaras,1 baño,https://departamento.mercadolibre.com.mx/MLM-3157413681-departamento-en-azcapotzalco-2-recamaras-_JM,https://http2.mlstatic.com/D_NQ_NP_2X_768210-MLM113550217506_072026-E.webp,Azcapotzalco,55.0,2.0,1.0,46265.181818181816
Departamentos En Venta Con Terraza Propia,2497600,MXN,"Tabachín 31, Azcapotzalco, Distrito Federal",59 m² construidos,2 recámaras,1 baño,https://departamento.mercadolibre.com.mx/MLM-3208812559-departamentos-en-venta-con-terraza-propia-_JM,https://http2.mlstatic.com/D_NQ_NP_2X_698571-MLM115261494479_072026-E.webp,Azcapotzalco,59.0,2.0,1.0,42332.20338983051
Departamentos En Venta En Azcapotzalco,2761500,MXN,"Tabachín 31, Azcapotzalco, Distrito Federal",79 m² construidos,2 recámaras,2 baños,https://departamento.mercadolibre.com.mx/MLM-5834156426-departamentos-en-venta-en-azcapotzalco-_JM,https://http2.mlstatic.com/D_NQ_NP_2X_864427-MLM115262748931_072026-E.webp,Azcapotzalco,79.0,2.0,2.0,34955.696202531646
Departamentos En Venta En Azcapotzalco,2329600,MXN,"Tabachín 31, Azcapotzalco, Distrito Federal",60 m² construidos,2 recámaras,2 baños,https://departamento.mercadolibre.com.mx/MLM-3208808557-departamentos-en-venta-en-azcapotzalco-_JM,https://http2.mlstatic.com/D_NQ_NP_2X_805835-MLM113950288306_072026-E.webp,Azcapotzalco,60.0,2.0,2.0,38826.666666666664
"Departamento En Colonia Santo Tomas, Azcapotzalco",2696178,MXN,"Av. De Las Granjas, Santo Tomas, Azcapotzalco, Azcapotzalco, Distrito Federal",47 m² construidos,2 recámaras,1 baño,https://departamento.mercadolibre.com.mx/MLM-3086946957-departamento-en-colonia-santo-tomas-azcapotzalco-_JM,https://http2.mlstatic.com/D_NQ_NP_2X_961742-MLM114174454719_072026-E.webp,Azcapotzalco,47.0,2.0,1.0,57365.48936170213
"Departamento En Venta En Santa Bárbara, Azcapotzalco",2163000,MXN,"Av. Real De San Martín, Santa Barbara, Ciudad De México, Santa Bárbara, Azcapotzalco, Distrito Federal",49 m² construidos,2 recámaras,1 baño,https://departamento.mercadolibre.com.mx/MLM-3168481467-departamento-en-venta-en-santa-barbara-azcapotzalco-_JM,https://http2.mlstatic.com/D_NQ_NP_2X_912276-MLM114918824857_072026-E.webp,Azcapotzalco,49.0,2.0,1.0,44142.857142857145
"Departamento En Venta En Clavería, Azcapotzalco, Cdmx",3905000,MXN,"Departamento  Con Roof Privado En Venta En Cuitláhuac, Azcapotzalco, Cdmx, Obrero Popular, Azcapotzalco, Distrito Federal",51 m² construidos,1 recámara,1 baño,https://departamento.mercadolibre.com.mx/MLM-5706452622-departamento-en-venta-en-claveria-azcapotzalco-cdmx-_JM,https://http2.mlstatic.com/D_NQ_NP_2X_757556-MLM114503930777_072026-E.webp,Azcapotzalco,51.0,1.0,1.0,76568.62745098039
"Departamento En Venta (trabajadores Del Hierro) $3,250000",3249000,MXN,"Fundidores 89, Trabajadores De Hierro, Ciudad De México, Trabajadores De Hierro, Azcapotzalco, Distrito Federal",72 m² construidos,2 recámaras,1 baño,https://departamento.mercadolibre.com.mx/MLM-4128565008-departamento-en-venta-trabajadores-del-hierro-3250000-_JM,https://http2.mlstatic.com/D_NQ_NP_2X_959988-MLM86806333445_062025-E.webp,Azcapotzalco,72.0,2.0,1.0,45125.0
"Magnífico Depto En Desarrollo Residencial , Con Excelente Ubicación Y Seguridad 24/7 Ideal Para Los Que Buscan Comodidad , Tranquilidad Y Una Excelente Inversión Ven Y Conócelo Te Encantará",3200000,MXN,"C. Sabino 538, Col Del Gas, Ciudad De México, Ampliación Del Gas, Azcapotzalco, Distrito Federal",69 m² construidos,2 recámaras,2 baños,https://departamento.mercadolibre.com.mx/MLM-5741989666-magnifico-depto-en-desarrollo-residencial-con-excelente-ubicacion-y-seguridad-247-ideal-para-los-que-buscan-comodidad-tranquilidad-y-una-excelente-inversion-ven-y-conocelo-te-encantara-_JM,https://http2.mlstatic.com/D_NQ_NP_2X_773403-MLM114745536009_072026-E.webp,Azcapotzalco,69.0,2.0,2.0,46376.811594202896
Departamento En Venta En Los Reyes,1980000,MXN,"Trebol 1 - 300, Los Reyes, Ciudad De México, Los Reyes, Azcapotzalco, Distrito Federal",65 m² construidos,2 recámaras,1 baño,https://departamento.mercadolibre.com.mx/MLM-4788990616-departamento-en-venta-en-los-reyes-_JM,https://http2.mlstatic.com/D_NQ_NP_2X_878784-MLM107186595629_022026-E.webp,Azcapotzalco,65.0,2.0,1.0,30461.53846153846
"En Venta Departamento En Calle 16 De Septiembre, Santo Domingo, Azcapozalco, 3 Recamaras, Sala, Comedor, Area De Lavado, Medios De Transporte.",3000000,MXN,"Av. Aquiles Serdán 297, Santo Domingo, Ciudad De México, Santo Domingo, Azcapotzalco, Distrito Federal",72 m² construidos,3 recámaras,1 baño,https://departamento.mercadolibre.com.mx/MLM-2951146789-en-venta-departamento-en-calle-16-de-septiembre-santo-domingo-azcapozalco-3-recamaras-sala-comedor-area-de-lavado-medios-de-transporte-_JM,https://http2.mlstatic.com/D_NQ_NP_2X_945020-MLM111097674932_052026-E.webp,Azcapotzalco,72.0,3.0,1.0,41666.666666666664
+++venta De Departamento+++,2815200,MXN,"AV 16 DE SEPTIEMBRE 197, Santa Inés, Azcapotzalco, Distrito Federal",63 m² construidos,2 recámaras,1 baño,https://departamento.mercadolibre.com.mx/MLM-5072074772-venta-de-departamento-_JM,https://http2.mlstatic.com/D_NQ_NP_2X_956567-MLM108660565782_032026-E.webp,Azcapotzalco,63.0,2.0,1.0,44685.71428571428
"Departamento Con Vista Panorámica En Parque Jardin, Azcapotzalco.",3480000,MXN,"Avenida Jardin Al 300, Ampliación Del Gas, Azcapotzalco, Distrito Federal",68 m² de terreno,2 recámaras,2 baños,https://departamento.mercadolibre.com.mx/MLM-5869198494-departamento-con-vista-panoramica-en-parque-jardin-azcapotzalco-_JM,https://http2.mlstatic.com/D_NQ_NP_2X_900819-MLM114094408778_082026-E.webp,Azcapotzalco,68.0,2.0,2.0,51176.470588235294
"Departamento En Venta, Azcapotzalco, 2 Recamaras",2150000,MXN,"Santa Bárbara, Azcapotzalco, Distrito Federal",57 m² construidos,2 recámaras,1 baño,https://departamento.mercadolibre.com.mx/MLM-2878181461-departamento-en-venta-azcapotzalco-2-recamaras-_JM,https://http2.mlstatic.com/D_NQ_NP_2X_879695-MLM109780641222_042026-E.webp,Azcapotzalco,57.0,2.0,1.0,37719.29824561404
Departamento En Venta En Parque Jardín Azcapotzalco,3800000,MXN,"Av. Jardín 330, Col Del Gas, Ciudad De México, Del Gas, Azcapotzalco, Distrito Federal",68 m² construidos,2 recámaras,1 baño,https://departamento.mercadolibre.com.mx/MLM-5194070464-departamento-en-venta-en-parque-jardin-azcapotzalco-_JM,https://http2.mlstatic.com/D_NQ_NP_2X_954063-MLM110480247265_042026-E.webp,Azcapotzalco,68.0,2.0,1.0,55882.35294117647
Departamento En Venta En Azcapotzalco A 15 Minutos De Reforma,2068000,MXN,"Aldana 11, Col Del Gas, Ciudad De México, Del Gas, Azcapotzalco, Distrito Federal",55 m² construidos,2 recámaras,1 baño,https://departamento.mercadolibre.com.mx/MLM-2976239161-departamento-en-venta-en-azcapotzalco-a-15-minutos-de-reforma-_JM,https://http2.mlstatic.com/D_NQ_NP_2X_933291-MLM111572333706_062026-E.webp,Azcapotzalco,55.0,2.0,1.0,37600.0
Departamentos En Venta En Vida Vallejo,3199000,MXN,"Calz Coltongo 173, Coltongo, Ciudad De México, Coltongo, Azcapotzalco, Distrito Federal",63 m² construidos,2 recámaras,2 baños,https://departamento.mercadolibre.com.mx/MLM-2850600915-departamentos-en-venta-en-vida-vallejo-_JM,https://http2.mlstatic.com/D_NQ_NP_2X_919905-MLM110181322795_042026-E.webp,Azcapotzalco,63.0,2.0,2.0,50777.77777777778
Departamento En Venta En Azcapotzalco,2943000,MXN,"San Pedro Xalpa, Mexico City, Ampliación San Pedro Xalpa, Azcapotzalco, Distrito Federal",70 m² construidos,2 recámaras,2 baños,https://departamento.mercadolibre.com.mx/MLM-2853219211-departamento-en-venta-en-azcapotzalco-_JM,https://http2.mlstatic.com/D_NQ_NP_2X_686579-MLM109374723820_042026-E.webp,Azcapotzalco,70.0,2.0,2.0,42042.857142857145
Departamento En Venta En Granjas Azcapotzalco,2580000,MXN,"02519, Av. De Las Granjas 605, El Jaguey, Ciudad De México, Colonia El Jagüey, Azcapotzalco, Distrito Federal",58 m² construidos,2 recámaras,1 baño,https://departamento.mercadolibre.com.mx/MLM-2973387565-departamento-en-venta-en-granjas-azcapotzalco-_JM,https://http2.mlstatic.com/D_NQ_NP_2X_678355-MLM112577346303_062026-E.webp,Azcapotzalco,58.0,2.0,1.0,44482.75862068965
Departamento En Venta En Vallejo Azcapotzalco,3198000,MXN,"Calz México-Tacuba, Argentina Poniente, Ciudad De México, Las Armas, Azcapotzalco, Distrito Federal",58 m² construidos,2 recámaras,1 baño,https://departamento.mercadolibre.com.mx/MLM-5159469244-departamento-en-venta-en-vallejo-azcapotzalco-_JM,https://http2.mlstatic.com/D_NQ_NP_2X_636490-MLM109377648416_042026-E.webp,Azcapotzalco,58.0,2.0,1.0,55137.93103448276
Depas Para Familiar Pequeñas !,2067500,MXN,"Aldana 11, Col Del Gas, Ciudad De México, Del Gas, Azcapotzalco, Distrito Federal",55 m² construidos,2 recámaras,1 baño,https://departamento.mercadolibre.com.mx/MLM-5479111242-depas-para-familiar-pequenas--_JM,https://http2.mlstatic.com/D_NQ_NP_2X_986848-MLM112986610337_062026-E.webp,Azcapotzalco,55.0,2.0,1.0,37590.90909090909
"Depa En Hermoso Condómino, Ven A Visitarnos.",2163000,MXN,"Av Miguel Hidalgo 63, Santa Barbara, Ciudad De México, Santa Bárbara, Azcapotzalco, Distrito Federal",49 m² construidos,2 recámaras,1 baño,https://departamento.mercadolibre.com.mx/MLM-5480381812-depa-en-hermoso-condomino-ven-a-visitarnos-_JM,https://http2.mlstatic.com/D_NQ_NP_2X_659467-MLM112989542149_062026-E.webp,Azcapotzalco,49.0,2.0,1.0,44142.857142857145
"Departamento En Venta 3 Recamaras, Aquiles Serdan, Atzcapotzalco, Ciudad De Méxi",1700000,MXN,"Presidente Madero, Azcapotzalco, Distrito Federal",70 m² construidos,3 recámaras,1 baño,https://departamento.mercadolibre.com.mx/MLM-5894623584-departamento-en-venta-3-recamaras-aquiles-serdan-atzcapotzalco-ciudad-de-mexi-_JM,https://http2.mlstatic.com/D_NQ_NP_2X_689195-MLM115604073669_082026-E.webp,Azcapotzalco,70.0,3.0,1.0,24285.714285714286
Azcapotzalco Departamento 3 Recamaras,1800000,MXN,"Presidente Madero, Azcapotzalco, Distrito Federal",70 m² construidos,3 recámaras,1 baño,https://departamento.mercadolibre.com.mx/MLM-3059766995-azcapotzalco-departamento-3-recamaras-_JM,https://http2.mlstatic.com/D_NQ_NP_2X_921894-MLM114657275871_072026-E.webp,Azcapotzalco,70.0,3.0,1.0,25714.285714285714
Departamento En Venta En Juárez,13469192,MXN,"Havre 41, Benito Juárez, Azcapotzalco, Distrito Federal",206 m² construidos,3 recámaras,3 baños,https://departamento.mercadolibre.com.mx/MLM-2784802413-departamento-en-venta-en-juarez-_JM,https://http2.mlstatic.com/D_NQ_NP_2X_949466-MLM107885299524_032026-E.webp,Azcapotzalco,206.0,3.0,3.0,65384.42718446602
Departamento En Venta En Juárez,18800000,MXN,"Avenida Paseo De La Reforma 300, Benito Juárez, Azcapotzalco, Distrito Federal",325 m² construidos,2 recámaras,2 baños,https://departamento.mercadolibre.com.mx/MLM-5352457154-departamento-en-venta-en-juarez-_JM,https://http2.mlstatic.com/D_NQ_NP_2X_653926-MLM111759794797_052026-E.webp,Azcapotzalco,325.0,2.0,2.0,57846.153846153844
Departamento En Venta En Cuauhtémoc,10988880,MXN,"Calle Río Lerma, Benito Juárez, Azcapotzalco, Distrito Federal",189 m² construidos,2 recámaras,2 baños,https://departamento.mercadolibre.com.mx/MLM-3132053067-departamento-en-venta-en-cuauhtemoc-_JM,https://http2.mlstatic.com/D_NQ_NP_2X_601876-MLM113274554536_072026-E.webp,Azcapotzalco,189.0,2.0,2.0,58142.22222222222
Departamento En Venta En Del Gas,3997855,MXN,"Cerrada 4 Jardín 348, Del Gas Amp, Azcapotzalco, Distrito Federal",85 m² construidos,2 recámaras,2 baños,https://departamento.mercadolibre.com.mx/MLM-4473085426-departamento-en-venta-en-del-gas-_JM,https://http2.mlstatic.com/D_NQ_NP_2X_641296-MLM100018186466_122025-E.webp,Azcapotzalco,85.0,2.0,2.0,47033.58823529412
Departamento En Venta En Cuauhtémoc,3490000,MXN,"Calle Río Lerma, Benito Juárez, Azcapotzalco, Distrito Federal",40 m² construidos,1 recámara,2 baños,https://departamento.mercadolibre.com.mx/MLM-4761689836-departamento-en-venta-en-cuauhtemoc-_JM,https://http2.mlstatic.com/D_NQ_NP_2X_781873-MLM106205633888_022026-E.webp,Azcapotzalco,40.0,1.0,2.0,87250.0
Departamento En Venta En Cuauhtémoc,4199000,MXN,"Calle Río Lerma, Benito Juárez, Azcapotzalco, Distrito Federal",47 m² construidos,1 recámara,1 baño,https://departamento.mercadolibre.com.mx/MLM-4761728436-departamento-en-venta-en-cuauhtemoc-_JM,https://http2.mlstatic.com/D_NQ_NP_2X_690260-MLM106830287051_022026-E.webp,Azcapotzalco,47.0,1.0,1.0,89340.4255319149
Departamento En Venta En Juárez,3544069,MXN,"Liverpool, Benito Juárez, Azcapotzalco, Distrito Federal",33 m² construidos,1 recámara,1 baño,https://departamento.mercadolibre.com.mx/MLM-3041956873-departamento-en-venta-en-juarez-_JM,https://http2.mlstatic.com/D_NQ_NP_2X_707697-MLM113673550661_062026-E.webp,Azcapotzalco,33.0,1.0,1.0,107396.0303030303
"Venta Departamento El Gas, Azcapotzalco",2550000,MXN,"Del Gas, Azcapotzalco, Distrito Federal",54 m² construidos,2 recámaras,2 baños,https://departamento.mercadolibre.com.mx/MLM-3056690401-venta-departamento-el-gas-azcapotzalco-_JM,https://http2.mlstatic.com/D_NQ_NP_2X_827821-MLM112668423758_062026-E.webp,Azcapotzalco,54.0,2.0,2.0,47222.22222222222
"Departamento En Venta En Colonia Obrero Popular, Azcapotzalco, Ciudad De México",2500000,MXN,"Poniente 54  3396, Obrero Popular, Azcapotzalco, Distrito Federal",58 m² construidos,2 recámaras,1 baño,https://departamento.mercadolibre.com.mx/MLM-5408987098-departamento-en-venta-en-colonia-obrero-popular-azcapotzalco-ciudad-de-mexico-_JM,https://http2.mlstatic.com/D_NQ_NP_2X_691287-MLM112288079965_052026-E.webp,Azcapotzalco,58.0,2.0,1.0,43103.44827586207
"Departamento En Poniente 54 #3396, Obrero Popular, Azcapotzalco",2381700,MXN,"Obrero Popular, Azcapotzalco, Distrito Federal",58 m² construidos,2 recámaras,1 baño,https://departamento.mercadolibre.com.mx/MLM-3088598739-departamento-en-poniente-54-3396-obrero-popular-azcapotzalco-_JM,https://http2.mlstatic.com/D_NQ_NP_2X_735410-MLM112972527710_072026-E.webp,Azcapotzalco,58.0,2.0,1.0,41063.793103448275
Venta Depto Azcapo Metro Ferreria Precio De Oportunidad,1870000,MXN,"San Andrés, Azcapotzalco, Distrito Federal",60 m² construidos,2 recámaras,1 baño,https://departamento.mercadolibre.com.mx/MLM-5715238814-venta-depto-azcapo-metro-ferreria-precio-de-oportunidad-_JM,https://http2.mlstatic.com/D_NQ_NP_2X_827669-MLM113301507436_072026-E.webp,Azcapotzalco,60.0,2.0,1.0,31166.666666666668
"Departamento En Venta, En Obrero Popular",2381700,MXN,"Poniente 54 3396, Obrero Popular, Azcapotzalco, Distrito Federal",58 m² construidos,2 recámaras,1 baño,https://departamento.mercadolibre.com.mx/MLM-5450482526-departamento-en-venta-en-obrero-popular-_JM,https://http2.mlstatic.com/D_NQ_NP_2X_955131-MLM112701975983_062026-E.webp,Azcapotzalco,58.0,2.0,1.0,41063.793103448275
Departamento En Venta Azcapotzalco Av. Cuitláhuac 3125 Col Obrero Popular,3905000,MXN,"Av Cuitláhuac 3125 Azcapotzalco Col, Obrero Popular Departamento En Venta, Obrero Popular, Azcapotzalco, Distrito Federal",48 m² construidos,1 recámara,1 baño,https://departamento.mercadolibre.com.mx/MLM-5364712970-departamento-en-venta-azcapotzalco-av-cuitlahuac-3125-col-obrero-popular-_JM,https://http2.mlstatic.com/D_NQ_NP_2X_737899-MLM110901423734_052026-E.webp,Azcapotzalco,48.0,1.0,1.0,81354.16666666667
"Departamento En Venta Santa Inés, Azcapotzalco.",2815200,MXN,"Av 16 De Septiembre 197 Edif H, Santa Inés, Azcapotzalco, Distrito Federal",63 m² construidos,2 recámaras,1 baño,https://departamento.mercadolibre.com.mx/MLM-4971137042-departamento-en-venta-santa-ines-azcapotzalco-_JM,https://http2.mlstatic.com/D_NQ_NP_2X_679940-MLM108370578271_032026-E.webp,Azcapotzalco,63.0,2.0,1.0,44685.71428571428
"Departamento En Calle Norte 83-a 514, Libertad, Azcapotzalco",2598726,MXN,"Libertad, Azcapotzalco, Distrito Federal",56 m² construidos,2 recámaras,2 baños,https://departamento.mercadolibre.com.mx/MLM-3054790499-departamento-en-calle-norte-83-a-514-libertad-azcapotzalco-_JM,https://http2.mlstatic.com/D_NQ_NP_2X_861235-MLM113835908037_062026-E.webp,Azcapotzalco,56.0,2.0,2.0,46405.82142857143
"Departamento En Venta En Calle 4, Colonia Del Gas,azcapotzalco",5550000,MXN,"Calle 4, Ampliación Del Gas, Azcapotzalco, Distrito Federal",75 m² construidos,3 recámaras,2 baños,https://departamento.mercadolibre.com.mx/MLM-2956708483-departamento-en-venta-en-calle-4-colonia-del-gasazcapotzalco-_JM,https://http2.mlstatic.com/D_NQ_NP_2X_773386-MLM112209443715_052026-E.webp,Azcapotzalco,75.0,3.0,2.0,74000.0
"Departamento En Venta En Calle 4, Colonia Del Gas, Azcapotzalco",3100000,MXN,"Calle 4, Del Gas, Azcapotzalco, Distrito Federal",49 m² construidos,2 recámaras,1 baño,https://departamento.mercadolibre.com.mx/MLM-2956707165-departamento-en-venta-en-calle-4-colonia-del-gas-azcapotzalco-_JM,https://http2.mlstatic.com/D_NQ_NP_2X_947717-MLM111196185452_052026-E.webp,Azcapotzalco,49.0,2.0,1.0,63265.30612244898
"Departamento En Venta En Calle 4, Colonia Del Gas, Azcapotzalco",4450000,MXN,"Calle 4, Del Gas, Azcapotzalco, Distrito Federal",76 m² construidos,2 recámaras,2 baños,https://departamento.mercadolibre.com.mx/MLM-5401844414-departamento-en-venta-en-calle-4-colonia-del-gas-azcapotzalco-_JM,https://http2.mlstatic.com/D_NQ_NP_2X_657903-MLM112209356465_052026-E.webp,Azcapotzalco,76.0,2.0,2.0,58552.63157894737
"Departamento En Avenida De Las Granjas 605, El Jaguey, Azcapotzalco",2544586,MXN,"El Jagüey, Azcapotzalco, Distrito Federal",55 m² construidos,2 recámaras,1 baño,https://departamento.mercadolibre.com.mx/MLM-5587065352-departamento-en-avenida-de-las-granjas-605-el-jaguey-azcapotzalco-_JM,https://http2.mlstatic.com/D_NQ_NP_2X_634958-MLM114038360210_072026-E.webp,Azcapotzalco,55.0,2.0,1.0,46265.2
Departamento En Venta En El Jaguëy,2696178,MXN,"Av De La Granjas 538, El Jagüey, Azcapotzalco, Distrito Federal",47 m² construidos,2 recámaras,1 baño,https://departamento.mercadolibre.com.mx/MLM-4971137012-departamento-en-venta-en-el-jaguy-_JM,https://http2.mlstatic.com/D_NQ_NP_2X_937637-MLM108370571901_032026-E.webp,Azcapotzalco,47.0,2.0,1.0,57365.48936170213
"Departamento En Venta En San Pedro Xalpa, Azcapotzalco  5° Piso",2190000,MXN,"San Pedro Xalpa, Azcapotzalco, Distrito Federal",81 m² construidos,2 recámaras,1 baño,https://departamento.mercadolibre.com.mx/MLM-5519305622-departamento-en-venta-en-san-pedro-xalpa-azcapotzalco-5-piso-_JM,https://http2.mlstatic.com/D_NQ_NP_2X_618037-MLM112220466944_062026-E.webp,Azcapotzalco,81.0,2.0,1.0,27037.037037037036
Departamento Ph En Venta En Obrera Popular Azcapotzalco Cdmx.,3905000,MXN,"Obrero Popular, Azcapotzalco, Distrito Federal",48 m² construidos,1 recámara,1 baño,https://departamento.mercadolibre.com.mx/MLM-2976422743-departamento-ph-en-venta-en-obrera-popular-azcapotzalco-cdmx-_JM,https://http2.mlstatic.com/D_NQ_NP_2X_646369-MLM115663574365_082026-E.webp,Azcapotzalco,48.0,1.0,1.0,81354.16666666667
"Departamento En Venta En Ampliación Del Gas, Azcapotzalco Cdmx",2736369,MXN,"Ampliación Del Gas, Azcapotzalco, Distrito Federal",55 m² construidos,2 recámaras,1 baño,https://departamento.mercadolibre.com.mx/MLM-5445128564-departamento-en-venta-en-ampliacion-del-gas-azcapotzalco-cdmx-_JM,https://http2.mlstatic.com/D_NQ_NP_2X_684712-MLM113638710152_072026-E.webp,Azcapotzalco,55.0,2.0,1.0,49752.163636363635
"Departamento En Venta Ampliación Petrolera, Azcapotzalco, Cdmx",4121998,MXN,"Ampliación Petrolera, Azcapotzalco, Distrito Federal",78 m² construidos,2 recámaras,2 baños,https://departamento.mercadolibre.com.mx/MLM-2976423289-departamento-en-venta-ampliacion-petrolera-azcapotzalco-cdmx-_JM,https://http2.mlstatic.com/D_NQ_NP_2X_737850-MLM115663682589_082026-E.webp,Azcapotzalco,78.0,2.0,2.0,52846.1282051282
Departamento En Venta En Santa Inés Azcapotzalco,2815200,MXN,"Santa Inés, Azcapotzalco, Distrito Federal",63 m² construidos,2 recámaras,1 baño,https://departamento.mercadolibre.com.mx/MLM-3130759725-departamento-en-venta-en-santa-ines-azcapotzalco-_JM,https://http2.mlstatic.com/D_NQ_NP_2X_978160-MLM114621661565_072026-E.webp,Azcapotzalco,63.0,2.0,1.0,44685.71428571428
Departamento En Venta En Azcapotzalco,2612755,MXN,"Coltongo 186, Centro De Azcapotzalco, Azcapotzalco, Distrito Federal",51 m² construidos,2 recámaras,1 baño,https://departamento.mercadolibre.com.mx/MLM-4971111212-departamento-en-venta-en-azcapotzalco-_JM,https://http2.mlstatic.com/D_NQ_NP_2X_683230-MLM108370531815_032026-E.webp,Azcapotzalco,51.0,2.0,1.0,51230.490196078434
"Departamento En Calle Mineros Metalúrgicos 162, Trabajadores De Hierro, Azcapotz",3350000,MXN,"Trabajadores De Hierro, Azcapotzalco, Distrito Federal",79 m² construidos,3 recámaras,2 baños,https://departamento.mercadolibre.com.mx/MLM-5647719002-departamento-en-calle-mineros-metalurgicos-162-trabajadores-de-hierro-azcapotz-_JM,https://http2.mlstatic.com/D_NQ_NP_2X_831102-MLM112992294832_072026-E.webp,Azcapotzalco,79.0,3.0,2.0,42405.06329113924
"Departamento En Venta En Colonia Del Gas, Azcapotzalco, Cdmx",3072470,MXN,"Del Gas, Azcapotzalco, Distrito Federal",48 m² construidos,2 recámaras,1 baño,https://departamento.mercadolibre.com.mx/MLM-2976423945-departamento-en-venta-en-colonia-del-gas-azcapotzalco-cdmx-_JM,https://http2.mlstatic.com/D_NQ_NP_2X_725283-MLM115663861913_082026-E.webp,Azcapotzalco,48.0,2.0,1.0,64009.791666666664
Departamento En Venta En Obrera Popular En Azcapotzalco En Cdmx,3905000,MXN,"Obrero Popular, Azcapotzalco, Distrito Federal",48 m² construidos,1 recámara,1 baño,https://departamento.mercadolibre.com.mx/MLM-2976423039-departamento-en-venta-en-obrera-popular-en-azcapotzalco-en-cdmx-_JM,https://http2.mlstatic.com/D_NQ_NP_2X_632717-MLM114322362132_082026-E.webp,Azcapotzalco,48.0,1.0,1.0,81354.16666666667
Departamento En Venta En Del Gas,4450520,MXN,"Calle Sabino 530, Ampliación Del Gas, Azcapotzalco, Distrito Federal",63 m² construidos,2 recámaras,2 baños,https://departamento.mercadolibre.com.mx/MLM-5495592450-departamento-en-venta-en-del-gas-_JM,https://http2.mlstatic.com/D_NQ_NP_2X_863473-MLM112011648628_062026-E.webp,Azcapotzalco,63.0,2.0,2.0,70643.1746031746
Departamento En Venta En Obrera Popular En Azcapotzalco En Cdmx,3905000,MXN,"Obrero Popular, Azcapotzalco, Distrito Federal",48 m² construidos,1 recámara,1 baño,https://departamento.mercadolibre.com.mx/MLM-5445177266-departamento-en-venta-en-obrera-popular-en-azcapotzalco-en-cdmx-_JM,https://http2.mlstatic.com/D_NQ_NP_2X_797890-MLM114322312666_082026-E.webp,Azcapotzalco,48.0,1.0,1.0,81354.16666666667
Departamento En Privadas San Isidro,2943625,MXN,"San Pedro Xalpa, Azcapotzalco, Distrito Federal",70 m² construidos,2 recámaras,2 baños,https://departamento.mercadolibre.com.mx/MLM-5656477526-departamento-en-privadas-san-isidro-_JM,https://http2.mlstatic.com/D_NQ_NP_2X_693679-MLM113033349224_072026-E.webp,Azcapotzalco,70.0,2.0,2.0,42051.78571428572
"Bosques De Claveria,tu Nuevo Destino Para Vivir",3905000,MXN,"Cuitlahuac 3125, Obrero Popular, Azcapotzalco, Distrito Federal",48 m² construidos,1 recámara,1 baño,https://departamento.mercadolibre.com.mx/MLM-5030335412-bosques-de-claveriatu-nuevo-destino-para-vivir-_JM,https://http2.mlstatic.com/D_NQ_NP_2X_934842-MLM108184201918_032026-E.webp,Azcapotzalco,48.0,1.0,1.0,81354.16666666667
Departamento En Venta En Juárez,6300568,MXN,"Liverpool, Benito Juárez, Azcapotzalco, Distrito Federal",66 m² construidos,2 recámaras,1 baño,https://departamento.mercadolibre.com.mx/MLM-5561565278-departamento-en-venta-en-juarez-_JM,https://http2.mlstatic.com/D_NQ_NP_2X_860244-MLM112505358750_062026-E.webp,Azcapotzalco,66.0,2.0,1.0,95463.15151515152
Departamento En Venta En Residencial Castilla Azcapotzalco,1993500,MXN,"Centro De Azcapotzalco, Azcapotzalco, Distrito Federal",44 m² construidos,1 recámara,1 baño,https://departamento.mercadolibre.com.mx/MLM-3130272887-departamento-en-venta-en-residencial-castilla-azcapotzalco-_JM,https://http2.mlstatic.com/D_NQ_NP_2X_783253-MLM113368235356_072026-E.webp,Azcapotzalco,44.0,1.0,1.0,45306.818181818184
"Departamento En Venta, En Azcapotzalco",3350000,MXN,"Mineros Metalurgicos 162, Trabajadores De Hierro, Azcapotzalco, Distrito Federal",79 m² construidos,3 recámaras,2 baños,https://departamento.mercadolibre.com.mx/MLM-5625854364-departamento-en-venta-en-azcapotzalco-_JM,https://http2.mlstatic.com/D_NQ_NP_2X_920169-MLM112870444406_072026-E.webp,Azcapotzalco,79.0,3.0,2.0,42405.06329113924
Departamento En Venta En Juárez,4596196,MXN,"Liverpool, Benito Juárez, Azcapotzalco, Distrito Federal",41 m² construidos,1 recámara,1 baño,https://departamento.mercadolibre.com.mx/MLM-5561602816-departamento-en-venta-en-juarez-_JM,https://http2.mlstatic.com/D_NQ_NP_2X_809073-MLM113673494313_062026-E.webp,Azcapotzalco,41.0,1.0,1.0,112102.34146341463
Departamento En Venta En Ampliación Petrolera,3616836,MXN,"San Isidro S/N, Ampliación Petrolera, Azcapotzalco, Distrito Federal",68 m² construidos,3 recámaras,2 baños,https://departamento.mercadolibre.com.mx/MLM-4841599102-departamento-en-venta-en-ampliacion-petrolera-_JM,https://http2.mlstatic.com/D_NQ_NP_2X_990511-MLM107746027785_022026-E.webp,Azcapotzalco,68.0,3.0,2.0,53188.76470588235
Departamento Con Roof Privado Es Nuevo,3950000,MXN,"Obrero Popular, Azcapotzalco, Distrito Federal",92 m² construidos,1 recámara,1 baño,https://departamento.mercadolibre.com.mx/MLM-5780516172-departamento-con-roof-privado-es-nuevo-_JM,https://http2.mlstatic.com/D_NQ_NP_2X_982311-MLM113687677260_072026-E.webp,Azcapotzalco,92.0,1.0,1.0,42934.782608695656
Departamento En Venta En Juárez,7006110,MXN,"Liverpool, Benito Juárez, Azcapotzalco, Distrito Federal",66 m² construidos,2 recámaras,1 baño,https://departamento.mercadolibre.com.mx/MLM-3041956875-departamento-en-venta-en-juarez-_JM,https://http2.mlstatic.com/D_NQ_NP_2X_914916-MLM113673550729_062026-E.webp,Azcapotzalco,66.0,2.0,1.0,106153.18181818182
"Claveria, Departamento En Venta En Bosques Clavería",3905000,MXN,"Avenida Cuitláhuac, Clavería, Azcapotzalco, Distrito Federal",44 m² construidos,1 recámara,1 baño,https://departamento.mercadolibre.com.mx/MLM-5704734122-claveria-departamento-en-venta-en-bosques-claveria-_JM,https://http2.mlstatic.com/D_NQ_NP_2X_968608-MLM113251941880_072026-E.webp,Azcapotzalco,44.0,1.0,1.0,88750.0
"Departamento En Venta, En Del Gas",2033500,MXN,"Aldana, 11 Edif 32, Azcapotzalco, Distrito Federal",55 m² construidos,2 recámaras,1 baño,https://departamento.mercadolibre.com.mx/MLM-3191856607-departamento-en-venta-en-del-gas-_JM,https://http2.mlstatic.com/D_NQ_NP_2X_838508-MLM113829779298_072026-E.webp,Azcapotzalco,55.0,2.0,1.0,36972.72727272727
"Departamento En Venta En Santa Barbara, Azcapotzalco",2049000,MXN,"Real De San Martin, 103, Azcapotzalco, Distrito Federal",49 m² construidos,2 recámaras,1 baño,https://departamento.mercadolibre.com.mx/MLM-3192757315-departamento-en-venta-en-santa-barbara-azcapotzalco-_JM,https://http2.mlstatic.com/D_NQ_NP_2X_732983-MLM115135950969_072026-E.webp,Azcapotzalco,49.0,2.0,1.0,41816.32653061225
Departamento En Venta,3182800,MXN,"Arenal, Azcapotzalco, Distrito Federal",79 m² construidos,2 recámaras,2 baños,https://departamento.mercadolibre.com.mx/MLM-5624953942-departamento-en-venta-_JM,https://http2.mlstatic.com/D_NQ_NP_2X_840356-MLM114064108689_072026-E.webp,Azcapotzalco,79.0,2.0,2.0,40288.60759493671
"Departamento En Venta, En Azcapotzalco",2598726,MXN,"Norte 83 A, 514, Azcapotzalco, Distrito Federal",56 m² construidos,2 recámaras,2 baños,https://departamento.mercadolibre.com.mx/MLM-5832015278-departamento-en-venta-en-azcapotzalco-_JM,https://http2.mlstatic.com/D_NQ_NP_2X_653322-MLM113936893858_072026-E.webp,Azcapotzalco,56.0,2.0,2.0,46405.82142857143
Departamento En Venta En Centro De Azcapotzalco.,1993500,MXN,"Av. Aquiles Serdan, 671, Azcapotzalco, Distrito Federal",44 m² construidos,1 recámara,1 baño,https://departamento.mercadolibre.com.mx/MLM-3206597843-departamento-en-venta-en-centro-de-azcapotzalco-_JM,https://http2.mlstatic.com/D_NQ_NP_2X_827282-MLM113936754570_072026-E.webp,Azcapotzalco,44.0,1.0,1.0,45306.818181818184
Departamento En Venta En Azcapotzalco,2612755,MXN,"Coltongo, 186, Azcapotzalco, Distrito Federal",51 m² construidos,2 recámaras,1 baño,https://departamento.mercadolibre.com.mx/MLM-5832015670-departamento-en-venta-en-azcapotzalco-_JM,https://http2.mlstatic.com/D_NQ_NP_2X_932515-MLM115246889773_072026-E.webp,Azcapotzalco,51.0,2.0,1.0,51230.490196078434
"Departamento En Venta, En Obrero Popular",2381700,MXN,"Poniente 54, 3396, Azcapotzalco, Distrito Federal",58 m² construidos,2 recámaras,1 baño,https://departamento.mercadolibre.com.mx/MLM-5832014010-departamento-en-venta-en-obrero-popular-_JM,https://http2.mlstatic.com/D_NQ_NP_2X_877681-MLM115246654853_072026-E.webp,Azcapotzalco,58.0,2.0,1.0,41063.793103448275
Departamento En Venta Real De San Martin,2095000,MXN,"Calzada Real De San Martin, 103, Azcapotzalco, Distrito Federal",49 m² construidos,2 recámaras,1 baño,https://departamento.mercadolibre.com.mx/MLM-5832013132-departamento-en-venta-real-de-san-martin-_JM,https://http2.mlstatic.com/D_NQ_NP_2X_755468-MLM113936781340_072026-E.webp,Azcapotzalco,49.0,2.0,1.0,42755.102040816324
Departamento En Venta En El Jagüey,2546000,MXN,"Av De Las Granjas, 605, Azcapotzalco, Distrito Federal",55 m² construidos,2 recámaras,1 baño,https://departamento.mercadolibre.com.mx/MLM-3206825933-departamento-en-venta-en-el-jaguey-_JM,https://http2.mlstatic.com/D_NQ_NP_2X_718841-MLM115246701189_072026-E.webp,Azcapotzalco,55.0,2.0,1.0,46290.90909090909
Departamento En Venta,2672400,MXN,"Arenal, Azcapotzalco, Distrito Federal",66 m² construidos,2 recámaras,2 baños,https://departamento.mercadolibre.com.mx/MLM-5624792268-departamento-en-venta-_JM,https://http2.mlstatic.com/D_NQ_NP_2X_844918-MLM112861883824_072026-E.webp,Azcapotzalco,66.0,2.0,2.0,40490.90909090909
Departamentos Terraza Propia En Azcapotzalco,2472750,MXN,"Tabachín 31, Azcapotzalco, Distrito Federal",60 m² construidos,2 recámaras,2 baños,https://departamento.mercadolibre.com.mx/MLM-5884365482-departamentos-terraza-propia-en-azcapotzalco-_JM,https://http2.mlstatic.com/D_NQ_NP_2X_981345-MLM115533792293_082026-E.webp,Azcapotzalco,60.0,2.0,2.0,41212.5
Departamentos En Venta En Azcapotzalco,2329600,MXN,"Tabachín 31, Azcapotzalco, Distrito Federal",60 m² construidos,2 recámaras,1 baño,https://departamento.mercadolibre.com.mx/MLM-3240288851-departamentos-en-venta-en-azcapotzalco-_JM,https://http2.mlstatic.com/D_NQ_NP_2X_722151-MLM114200763002_082026-E.webp,Azcapotzalco,60.0,2.0,1.0,38826.666666666664
Departamento En Venta San Isidro Azcapotzalco,2450000,MXN,"San Isidro, Azcapotzalco, Distrito Federal",55 m² construidos,2 recámaras,1 baño,https://departamento.mercadolibre.com.mx/MLM-3249794577-departamento-en-venta-san-isidro-azcapotzalco-_JM,https://http2.mlstatic.com/D_NQ_NP_2X_769917-MLM115629329547_082026-E.webp,Azcapotzalco,55.0,2.0,1.0,44545.454545454544
"Departamento En Venta Santa Catarina, Azcapotzalco",2250000,MXN,"Santa Catarina, Azcapotzalco, Distrito Federal",50 m² construidos,2 recámaras,1 baño,https://departamento.mercadolibre.com.mx/MLM-3249781723-departamento-en-venta-santa-catarina-azcapotzalco-_JM,https://http2.mlstatic.com/D_NQ_NP_2X_602660-MLM115629330333_082026-E.webp,Azcapotzalco,50.0,2.0,1.0,45000.0
Departamento En Venta De 55 M2 Con Amenidades Y Vigilancia,2450000,MXN,"Calz. San Isidro, Petrolera, Ciudad De México, San Isidro, Azcapotzalco, Distrito Federal",55 m² construidos,2 recámaras,1 baño,https://departamento.mercadolibre.com.mx/MLM-3226690415-departamento-en-venta-de-55-m2-con-amenidades-y-vigilancia-_JM,https://http2.mlstatic.com/D_NQ_NP_2X_709292-MLM114067112660_072026-E.webp,Azcapotzalco,55.0,2.0,1.0,44545.454545454544
Departamento En San Francisco Tetecala,2100000,MXN,"Av. San Isidro 21, San Francisco Tetecala, Azcapotzalco, 02730 Ciudad De México, Cdmx 21, San Francisco Tetecala, Azcapotzalco, Distrito Federal",55 m² construidos,2 recámaras,1 baño,https://departamento.mercadolibre.com.mx/MLM-2824488609-departamento-en-san-francisco-tetecala-_JM,https://http2.mlstatic.com/D_NQ_NP_2X_906517-MLM108819083368_032026-E.webp,Azcapotzalco,55.0,2.0,1.0,38181.818181818184
Venta De Departamento En Prados Del Rosario,2750000,MXN,"Av Hacienda De Narvarte 225, Trabajadores De Pemex, Ciudad De México, Unidad Habitacional Trabajadores De PEMEX, Azcapotzalco, Distrito Federal",104 m² construidos,3 recámaras,1 baño,https://departamento.mercadolibre.com.mx/MLM-2773623925-venta-de-departamento-en-prados-del-rosario-_JM,https://http2.mlstatic.com/D_NQ_NP_2X_747480-MLM107645717104_032026-E.webp,Azcapotzalco,104.0,3.0,1.0,26442.30769230769
"Sabino Park, Entrega Inmediata 3 Recamaras Y Cajon",4605520,MXN,"SABINO, Ampliación Del Gas, Azcapotzalco, Distrito Federal",58 m² construidos,2 recámaras,2 baños,https://departamento.mercadolibre.com.mx/MLM-3183646029-sabino-park-entrega-inmediata-3-recamaras-y-cajon-_JM,https://http2.mlstatic.com/D_NQ_NP_2X_716415-MLM115034315153_072026-E.webp,Azcapotzalco,58.0,2.0,2.0,79405.5172413793
"¡departamento En Venta En El Jagüey, Azcapotzalco!",3032460,MXN,"Soledad 18, El Jaguey, Ciudad De México, Colonia El Jagüey, Azcapotzalco, Distrito Federal",50 m² de terreno,2 recámaras,1 baño,https://departamento.mercadolibre.com.mx/MLM-3096729989-departamento-en-venta-en-el-jaguey-azcapotzalco-_JM,https://http2.mlstatic.com/D_NQ_NP_2X_772813-MLM114256126081_072026-E.webp,Azcapotzalco,50.0,2.0,1.0,60649.2
¡departamento Con Elevador Y Estacionamiento En Azcapotzalco!,2580600,MXN,"Av. De Las Granjas 605, El Jaguey, Ciudad De México, Colonia El Jagüey, Azcapotzalco, Distrito Federal",55 m² de terreno,2 recámaras,1 baño,https://departamento.mercadolibre.com.mx/MLM-5625957050-departamento-con-elevador-y-estacionamiento-en-azcapotzalco-_JM,https://http2.mlstatic.com/D_NQ_NP_2X_870829-MLM114073764925_072026-E.webp,Azcapotzalco,55.0,2.0,1.0,46920.0
"Departamento En Venta En Pro-hogar, Azcapotzalco, Ciudad De México",2200000,MXN,"Calle 15, Pro-Hogar, Azcapotzalco, Distrito Federal",47 m² construidos,2 recámaras,1 baño,https://departamento.mercadolibre.com.mx/MLM-5793822404-departamento-en-venta-en-pro-hogar-azcapotzalco-ciudad-de-mexico-_JM,https://http2.mlstatic.com/D_NQ_NP_2X_640343-MLM115036830737_072026-E.webp,Azcapotzalco,47.0,2.0,1.0,46808.51063829787
"Amplitud, Comodidad Y Excelente Ubicación En Azcapotzalco",2943625,MXN,"Calz. San Isidro 702, San Pedro Xalpa, Ciudad De México, San Pedro Xalpa, Azcapotzalco, Distrito Federal",70 m² de terreno,2 recámaras,2 baños,https://departamento.mercadolibre.com.mx/MLM-5625961178-amplitud-comodidad-y-excelente-ubicacion-en-azcapotzalco-_JM,https://http2.mlstatic.com/D_NQ_NP_2X_990431-MLM114073949317_072026-E.webp,Azcapotzalco,70.0,2.0,2.0,42051.78571428572
"¡departamento Con 2 Estacionamientos, Elevador Y Amenidades En Azcapotzalco!",3800000,MXN,"Av. Jardín 330, Col Del Gas, Ciudad De México, Del Gas, Azcapotzalco, Distrito Federal",68 m² de terreno,2 recámaras,1 baño,https://departamento.mercadolibre.com.mx/MLM-5625676330-departamento-con-2-estacionamientos-elevador-y-amenidades-en-azcapotzalco-_JM,https://http2.mlstatic.com/D_NQ_NP_2X_911597-MLM114071047107_072026-E.webp,Azcapotzalco,68.0,2.0,1.0,55882.35294117647
Departamento En Venta En Azcapotzalco.,3905000,MXN,"Clavería, Azcapotzalco, Distrito Federal",48 m² construidos,1 recámara,1 baño,https://departamento.mercadolibre.com.mx/MLM-5357497530-departamento-en-venta-en-azcapotzalco-_JM,https://http2.mlstatic.com/D_NQ_NP_2X_726239-MLM86045249297_062025-E.webp,Azcapotzalco,48.0,1.0,1.0,81354.16666666667
Departamento En Venta En Urban Plaza-azcapotzalco,3943550,MXN,"Del Gas, Azcapotzalco, Distrito Federal",88 m² construidos,2 recámaras,2 baños,https://departamento.mercadolibre.com.mx/MLM-5071987946-departamento-en-venta-en-urban-plaza-azcapotzalco-_JM,https://http2.mlstatic.com/D_NQ_NP_2X_699963-MLM115304752487_072026-E.webp,Azcapotzalco,88.0,2.0,2.0,44813.068181818184
"Departamento En Venta-norte 83, Libertad, Azcapotzalco, Cdmx Se Aceptan Créditos.",2598726,MXN,"Nte. 83-A, Libertad, Ciudad De México, Libertad, Azcapotzalco, Distrito Federal",56 m² construidos,2 recámaras,2 baños,https://departamento.mercadolibre.com.mx/MLM-3029953203-departamento-en-venta-norte-83-libertad-azcapotzalco-cdmx-se-aceptan-creditos-_JM,https://http2.mlstatic.com/D_NQ_NP_2X_703004-MLM112326564808_062026-E.webp,Azcapotzalco,56.0,2.0,2.0,46405.82142857143
Grecia San Álvaro,3750000,MXN,"Grecia 151, San Alvaro, Ciudad De México, San Álvaro, Azcapotzalco, Distrito Federal",98 m² construidos,2 recámaras,2 baños,https://departamento.mercadolibre.com.mx/MLM-2940739489-grecia-san-alvaro-_JM,https://http2.mlstatic.com/D_NQ_NP_2X_896772-MLM112076287032_062026-E.webp,Azcapotzalco,98.0,2.0,2.0,38265.30612244898
"Departamento En Venta-av 16 De Septiembre, Sta Inés, Azcapotzalco, Cdmx, Se Acepta Crédito Bancario.",2815500,MXN,"Av. 16 De Septiembre 197, Sta Ines, Ciudad De México, Santa Inés, Azcapotzalco, Distrito Federal",63 m² construidos,2 recámaras,1 baño,https://departamento.mercadolibre.com.mx/MLM-3029962849-departamento-en-venta-av-16-de-septiembre-sta-ines-azcapotzalco-cdmx-se-acepta-credito-bancario-_JM,https://http2.mlstatic.com/D_NQ_NP_2X_823262-MLM113477534693_062026-E.webp,Azcapotzalco,63.0,2.0,1.0,44690.47619047619
Pre Venta Departamento | Del Gas Azcapotzalco,2995361,MXN,"Del Gas, Azcapotzalco, Distrito Federal",48 m² construidos,2 recámaras,1 baño,https://departamento.mercadolibre.com.mx/MLM-2775955163-pre-venta-departamento-del-gas-azcapotzalco-_JM,https://http2.mlstatic.com/D_NQ_NP_2X_621076-MLM113582002154_072026-E.webp,Azcapotzalco,48.0,2.0,1.0,62403.354166666664
Departamentos Terraza Propia En Azcapotzalco,3130668,MXN,"Tabachín 31, Azcapotzalco, Distrito Federal",60 m² construidos,2 recámaras,2 baños,https://departamento.mercadolibre.com.mx/MLM-5731569110-departamentos-terraza-propia-en-azcapotzalco-_JM,https://http2.mlstatic.com/D_NQ_NP_2X_662466-MLM114665203279_072026-E.webp,Azcapotzalco,60.0,2.0,2.0,52177.8
Departamentos En Venta En Azcapotzalco,2383056,MXN,"Tabachín 31, Azcapotzalco, Distrito Federal",60 m² construidos,2 recámaras,2 baños,https://departamento.mercadolibre.com.mx/MLM-3145114131-departamentos-en-venta-en-azcapotzalco-_JM,https://http2.mlstatic.com/D_NQ_NP_2X_970164-MLM113418430090_072026-E.webp,Azcapotzalco,60.0,2.0,2.0,39717.6
"Departamento En Venta-real De San Martín , Santa Barbara, Azcapotzalco, Cdmx",2095000,MXN,"02230 (Antes Miguel Hidalgo 63, Av. Real De San Martín 103, Santa Barbara, Ciudad De México, Santa Bárbara, Azcapotzalco, Distrito Federal",49 m² construidos,2 recámaras,1 baño,https://departamento.mercadolibre.com.mx/MLM-5535213372-departamento-en-venta-real-de-san-martin-santa-barbara-azcapotzalco-cdmx-_JM,https://http2.mlstatic.com/D_NQ_NP_2X_890558-MLM113478358193_062026-E.webp,Azcapotzalco,49.0,2.0,1.0,42755.102040816324
Departamento En Venta En Azcapotzalco Con Roof Garden Privado | 2 Recámaras,4499000,MXN,"Victoria De Las Democracias, Azcapotzalco, Distrito Federal",137 m² construidos,2 recámaras,2 baños,https://departamento.mercadolibre.com.mx/MLM-3087724989-departamento-en-venta-en-azcapotzalco-con-roof-garden-privado-2-recamaras-_JM,https://http2.mlstatic.com/D_NQ_NP_2X_786068-MLM112967150904_072026-E.webp,Azcapotzalco,137.0,2.0,2.0,32839.41605839416
Departamento En Venta,1950000,MXN,"Av. Morelos 132, Santiago Ahuizotla, Azcapotzalco, Distrito Federal",66 m² construidos,3 recámaras,1 baño,https://departamento.mercadolibre.com.mx/MLM-5516167928-departamento-en-venta-_JM,https://http2.mlstatic.com/D_NQ_NP_2X_738540-MLM113355958561_062026-E.webp,Azcapotzalco,66.0,3.0,1.0,29545.454545454544
"Departamento En Venta-calzada San Isidro, San Pedro Xalpa, Azcapotzalco, Cdmx, Se Acepta Crédito Fovissste.",2943625,MXN,"Calz. San Isidro 712, Ciudad De México, Ampliación San Pedro Xalpa, Azcapotzalco, Distrito Federal",70 m² construidos,2 recámaras,2 baños,https://departamento.mercadolibre.com.mx/MLM-3029966619-departamento-en-venta-calzada-san-isidro-san-pedro-xalpa-azcapotzalco-cdmx-se-acepta-credito-fovissste-_JM,https://http2.mlstatic.com/D_NQ_NP_2X_691134-MLM112326210340_062026-E.webp,Azcapotzalco,70.0,2.0,2.0,42051.78571428572
Departamento En Venta,2095000,MXN,"Primera Cerrada Miguel Hidalgo 63, Santa Bárbara, Azcapotzalco, Distrito Federal",49 m² construidos,2 recámaras,1 baño,https://departamento.mercadolibre.com.mx/MLM-5574497232-departamento-en-venta-_JM,https://http2.mlstatic.com/D_NQ_NP_2X_951387-MLM112586479360_062026-E.webp,Azcapotzalco,49.0,2.0,1.0,42755.102040816324
"Departamento En Venta-priv. De La Soledad, El Jaguey, Azcapotzalco, Cdmx, Se Aceptan Créditos.",3032460,MXN,"Azcapotzalco, Mexico City, Colonia El Jagüey, Azcapotzalco, Distrito Federal",50 m² construidos,2 recámaras,1 baño,https://departamento.mercadolibre.com.mx/MLM-5535523680-departamento-en-venta-priv-de-la-soledad-el-jaguey-azcapotzalco-cdmx-se-aceptan-creditos-_JM,https://http2.mlstatic.com/D_NQ_NP_2X_858734-MLM113480027109_062026-E.webp,Azcapotzalco,50.0,2.0,1.0,60649.2
Departamento En Venta,2612755,MXN,"Calzada Coltongo 175, Coltongo, Azcapotzalco, Distrito Federal",51 m² construidos,2 recámaras,1 baño,https://departamento.mercadolibre.com.mx/MLM-5297081816-departamento-en-venta-_JM,https://http2.mlstatic.com/D_NQ_NP_2X_743844-MLM111291717423_052026-E.webp,Azcapotzalco,51.0,2.0,1.0,51230.490196078434
Departamento En Venta,1993500,MXN,"Avenida Aquiles Serdán 671, Azcapotzalco Centro, Azcapotzalco, Distrito Federal",44 m² construidos,1 recámara,1 baño,https://departamento.mercadolibre.com.mx/MLM-5574686650-departamento-en-venta-_JM,https://http2.mlstatic.com/D_NQ_NP_2X_940719-MLM113766166515_062026-E.webp,Azcapotzalco,44.0,1.0,1.0,45306.818181818184
Departamento En Centro De Azcapotzalco,1993000,MXN,"Av. Aquiles Serdán 671, Centro De Azcapotzalco, Azcapotzalco, Distrito Federal",44 m² de terreno,1 recámara,1 baño,https://departamento.mercadolibre.com.mx/MLM-3063032497-departamento-en-centro-de-azcapotzalco-_JM,https://http2.mlstatic.com/D_NQ_NP_2X_613777-MLM113923057277_062026-E.webp,Azcapotzalco,44.0,1.0,1.0,45295.454545454544
Departamento En Santa Bárbara,2163000,MXN,"Departamento En Venta En Col.santa Barabara, Azcapotzalco, Distrito Federal",49 m² de terreno,2 recámaras,1 baño,https://departamento.mercadolibre.com.mx/MLM-3063059861-departamento-en-santa-barbara-_JM,https://http2.mlstatic.com/D_NQ_NP_2X_696774-MLM113923612729_062026-E.webp,Azcapotzalco,49.0,2.0,1.0,44142.857142857145
"Departamento En Venta En Querétaro 76,  Santa Apolonia, Azcapotzalco Cdmx.",1900000,MXN,"Santa Apolonia, Azcapotzalco, Distrito Federal",55 m² construidos,2 recámaras,1 baño,https://departamento.mercadolibre.com.mx/MLM-3130717431-departamento-en-venta-en-queretaro-76-santa-apolonia-azcapotzalco-cdmx-_JM,https://http2.mlstatic.com/D_NQ_NP_2X_882820-MLM113266917756_072026-E.webp,Azcapotzalco,55.0,2.0,1.0,34545.454545454544
Departamento En Venta,2598726,MXN,"Salomón 340, Libertad, Azcapotzalco, Distrito Federal",56 m² construidos,2 recámaras,2 baños,https://departamento.mercadolibre.com.mx/MLM-3160823039-departamento-en-venta-_JM,https://http2.mlstatic.com/D_NQ_NP_2X_853251-MLM113580964678_072026-E.webp,Azcapotzalco,56.0,2.0,2.0,46405.82142857143
Venta De Departamento,3700000,MXN,"Calzada San Isidro, Colonia Ampliación San Pedro Xalpa, Azcapotzalco, Distrito Federal",68 m² construidos,2 recámaras,2 baños,https://departamento.mercadolibre.com.mx/MLM-5602861326-venta-de-departamento-_JM,https://http2.mlstatic.com/D_NQ_NP_2X_753123-MLM112732324804_062026-E.webp,Azcapotzalco,68.0,2.0,2.0,54411.76470588235
"Vendo Departamento En Azcapotzalco, S.juan Tlihuaca",2200000,MXN,"San Juan Tlihuaca, Azcapotzalco, Distrito Federal",65 m² construidos,2 recámaras,1 baño,https://departamento.mercadolibre.com.mx/MLM-5824225028-vendo-departamento-en-azcapotzalco-sjuan-tlihuaca-_JM,https://http2.mlstatic.com/D_NQ_NP_2X_785803-MLM113907854172_072026-E.webp,Azcapotzalco,65.0,2.0,1.0,33846.153846153844
Departamento En Venta,2943625,MXN,"Eje Vial 3 Norte 712, San Miguel Amantla, Azcapotzalco, Distrito Federal",70 m² construidos,2 recámaras,2 baños,https://departamento.mercadolibre.com.mx/MLM-5705147386-departamento-en-venta-_JM,https://http2.mlstatic.com/D_NQ_NP_2X_632451-MLM114495596739_072026-E.webp,Azcapotzalco,70.0,2.0,2.0,42051.78571428572
"Departamento En Venta En Azcapotzalco Con Terraza, Se Acepta Infonavit, Bancario Y Efectivo",2095000,MXN,"Azcapotzalco, Mexico City, San Martín Xochináhuac, Azcapotzalco, Distrito Federal",49 m² construidos,2 recámaras,1 baño,https://departamento.mercadolibre.com.mx/MLM-3006463211-departamento-en-venta-en-azcapotzalco-con-terraza-se-acepta-infonavit-bancario-y-efectivo-_JM,https://http2.mlstatic.com/D_NQ_NP_2X_958526-MLM113169925183_062026-E.webp,Azcapotzalco,49.0,2.0,1.0,42755.102040816324
Excelente Departamento Venta En Sabino,4606000,MXN,"C. Sabino 530, Col Del Gas, Ciudad De México, Ampliación Del Gas, Azcapotzalco, Distrito Federal",63 m² construidos,2 recámaras,2 baños,https://departamento.mercadolibre.com.mx/MLM-3207463683-excelente-departamento-venta-en-sabino-_JM,https://http2.mlstatic.com/D_NQ_NP_2X_683643-MLM113938885892_072026-E.webp,Azcapotzalco,63.0,2.0,2.0,73111.11111111111
"Departamento En Venta-avenida Granjas, Azcapotzalco, Ciudad De México Se Acepta Crédito Bancario",2546000,MXN,"Azcapotzalco, Mexico City, Santo Tomas, Azcapotzalco, Distrito Federal",47 m² construidos,2 recámaras,1 baño,https://departamento.mercadolibre.com.mx/MLM-5535206552-departamento-en-venta-avenida-granjas-azcapotzalco-ciudad-de-mexico-se-acepta-credito-bancario-_JM,https://http2.mlstatic.com/D_NQ_NP_2X_919338-MLM112322828618_062026-E.webp,Azcapotzalco,47.0,2.0,1.0,54170.21276595745
"Apartamento Con Garden Room Privado En Azcapotzalco, Ciudad De México - Venta",3800000,MXN,"Av Azcapotzalco 402, Nextengo, Azcapotzalco, Distrito Federal",78 m² construidos,2 recámaras,1 baño,https://departamento.mercadolibre.com.mx/MLM-2976256511-apartamento-con-garden-room-privado-en-azcapotzalco-ciudad-de-mexico-venta-_JM,https://http2.mlstatic.com/D_NQ_NP_2X_744941-MLM112642830579_062026-E.webp,Azcapotzalco,78.0,2.0,1.0,48717.94871794872
Departamento En Venta En Coltongo 26-1818.,2612755,MXN,"Azcapotzalco, Coltongo, Coltongo, Azcapotzalco, Distrito Federal",51 m² construidos,2 recámaras,1 baño,https://departamento.mercadolibre.com.mx/MLM-5896448686-departamento-en-venta-en-coltongo-26-1818-_JM,https://http2.mlstatic.com/D_NQ_NP_2X_868139-MLM114281288756_082026-E.webp,Azcapotzalco,51.0,2.0,1.0,51230.490196078434
"Departamento En Venta En Coltongo, Azcapotzalco Jl 26-1818.",2612755,MXN,"Azcapotzalco, Coltongo, Coltongo, Azcapotzalco, Distrito Federal",51 m² construidos,2 recámaras,1 baño,https://departamento.mercadolibre.com.mx/MLM-5863566602-departamento-en-venta-en-coltongo-azcapotzalco-jl-26-1818-_JM,https://http2.mlstatic.com/D_NQ_NP_2X_804586-MLM115383237825_072026-E.webp,Azcapotzalco,51.0,2.0,1.0,51230.490196078434
Depto En Venta,3950000,MXN,"Pino 622 - A, Arenal, Azcapotzalco, Distrito Federal",73 m² construidos,2 recámaras,2 baños,https://departamento.mercadolibre.com.mx/MLM-3240110547-depto-en-venta-_JM,https://http2.mlstatic.com/D_NQ_NP_2X_726005-MLM115530959897_082026-E.webp,Azcapotzalco,73.0,2.0,2.0,54109.58904109589
Departamento En Venta En San Miguel Amantla,1850000,MXN,"Camino A Nextengo, San Miguel Amantla, Azcapotzalco, Distrito Federal",61 m² construidos,2 recámaras,1 baño,https://departamento.mercadolibre.com.mx/MLM-5892508474-departamento-en-venta-en-san-miguel-amantla-_JM,https://http2.mlstatic.com/D_NQ_NP_2X_995691-MLM115586692141_082026-E.webp,Azcapotzalco,61.0,2.0,1.0,30327.868852459018
Departamento En Venta  En Nextengo,2200000,MXN,"Av Centenario, Nextengo, Azcapotzalco, Distrito Federal",61 m² construidos,2 recámaras,1 baño,https://departamento.mercadolibre.com.mx/MLM-3239815705-departamento-en-venta-en-nextengo-_JM,https://http2.mlstatic.com/D_NQ_NP_2X_703801-MLM115526818175_082026-E.webp,Azcapotzalco,61.0,2.0,1.0,36065.57377049181
Venta Departamento 2 Ambientes Santa Bárbara,1950000,MXN,"Miguel Hidalgo, 63, Santa Bárbara, Azcapotzalco, Distrito Federal",50 m² construidos,2 recámaras,1 baño,https://departamento.mercadolibre.com.mx/MLM-3240254271-venta-departamento-2-ambientes-santa-barbara-_JM,https://http2.mlstatic.com/D_NQ_NP_2X_988943-MLM115537322965_082026-E.webp,Azcapotzalco,50.0,2.0,1.0,39000.0
"Departamento En Venta En Ampliacion Del Gas,  Azcapotzalco Jl 25-1974.",2990361,MXN,"Azcapotzalco ,ampliacion Del Gas, Ampliación Del Gas, Azcapotzalco, Distrito Federal",49 m² construidos,2 recámaras,1 baño,https://departamento.mercadolibre.com.mx/MLM-5863528374-departamento-en-venta-en-ampliacion-del-gas-azcapotzalco-jl-25-1974-_JM,https://http2.mlstatic.com/D_NQ_NP_2X_647429-MLM115383162195_072026-E.webp,Azcapotzalco,49.0,2.0,1.0,61027.77551020408
"Departamento En Venta En Colonia Libertad, Azcapotzalco, Ciudad De México",2748169,MXN,"Avenida De Las Granjas 300, Libertad, Azcapotzalco, Distrito Federal",59 m² construidos,1 recámara,1 baño,https://departamento.mercadolibre.com.mx/MLM-5861248370-departamento-en-venta-en-colonia-libertad-azcapotzalco-ciudad-de-mexico-_JM,https://http2.mlstatic.com/D_NQ_NP_2X_823994-MLM115372921727_072026-E.webp,Azcapotzalco,59.0,1.0,1.0,46579.13559322034
Venta Departamento 2 Ambientes San Marcos,1950000,MXN,"22 De Febrero, 423, San Marcos, Azcapotzalco, Distrito Federal",52 m² construidos,2 recámaras,1 baño,https://departamento.mercadolibre.com.mx/MLM-3245942931-venta-departamento-2-ambientes-san-marcos-_JM,https://http2.mlstatic.com/D_NQ_NP_2X_664084-MLM115585125335_082026-E.webp,Azcapotzalco,52.0,2.0,1.0,37500.0
"Departamento En Venta En Colonia Coltongo, Azcapotzalco, Ciudad De México",2354435,MXN,"COLTONGO 173, Coltongo, Azcapotzalco, Distrito Federal",65 m² construidos,2 recámaras,1 baño,https://departamento.mercadolibre.com.mx/MLM-3224422925-departamento-en-venta-en-colonia-coltongo-azcapotzalco-ciudad-de-mexico-_JM,https://http2.mlstatic.com/D_NQ_NP_2X_910835-MLM115373155669_072026-E.webp,Azcapotzalco,65.0,2.0,1.0,36222.07692307692
Compra Tu Departamento En El Sur De La Cdmx Con Recursos Propios Y Opciones De Financiamiento Accesibles.,2190000,MXN,"Av. División Del Nte. 4439, Col. Prados Coapa 3ra Sección, Tlalpan, C.P 14357, CDMX., Jardín Azpeitia, Azcapotzalco, Distrito Federal",64 m² construidos,3 recámaras,1 baño,https://departamento.mercadolibre.com.mx/MLM-2964733727-compra-tu-departamento-en-el-sur-de-la-cdmx-con-recursos-propios-y-opciones-de-financiamiento-accesibles-_JM,https://http2.mlstatic.com/D_NQ_NP_2X_824042-MLM112392339689_052026-E.webp,Azcapotzalco,64.0,3.0,1.0,34218.75
Venta Departamento Roof Garden Privado Azcapotzalco Cdmx,2310000,MXN,"Av. Real De San Martín S/N, Santa Bárbara, Azcapotzalco, Distrito Federal",90 m² construidos,2 recámaras,1 baño,https://departamento.mercadolibre.com.mx/MLM-2745006273-venta-departamento-roof-garden-privado-azcapotzalco-cdmx-_JM,https://http2.mlstatic.com/D_NQ_NP_2X_809209-MLM106711448390_022026-E.webp,Azcapotzalco,90.0,2.0,1.0,25666.666666666668
Venta Departamentos San Martin Xochinahuac T-df0216-0035,1500000,MXN,"AV SAN PABLO XALPA, San Martín Xochináhuac, Azcapotzalco, Distrito Federal",56 m² construidos,2 recámaras,1 baño,https://departamento.mercadolibre.com.mx/MLM-2943291635-venta-departamentos-san-martin-xochinahuac-t-df0216-0035-_JM,https://http2.mlstatic.com/D_NQ_NP_2X_681714-MLM111912625027_052026-E.webp,Azcapotzalco,56.0,2.0,1.0,26785.714285714286
Venta Departamento Santo Tomas Azcapotzalco 11245,2250000,MXN,"11245 Av De Las Granjas 538 Int 702 D, Santo Tomas, Azcapotzalco, Distrito Federal",46 m² construidos,2 recámaras,1 baño,https://departamento.mercadolibre.com.mx/MLM-5030583682-venta-departamento-santo-tomas-azcapotzalco-11245-_JM,https://http2.mlstatic.com/D_NQ_NP_2X_738068-MLM108968992915_032026-E.webp,Azcapotzalco,46.0,2.0,1.0,48913.04347826087
Departamento Con Roof Garden Privado + Amenidades,4565520,MXN,"Ampliación Del Gas, Azcapotzalco, Distrito Federal",63 m² construidos,2 recámaras,2 baños,https://departamento.mercadolibre.com.mx/MLM-2678613077-departamento-con-roof-garden-privado-amenidades-_JM,https://http2.mlstatic.com/D_NQ_NP_2X_649944-MLM102026888185_122025-E.webp,Azcapotzalco,63.0,2.0,2.0,72468.57142857143
Departamento En Venta,2850000,MXN,"Cocoteros, Nueva Santa María, Azcapotzalco, Distrito Federal",64 m² construidos,2 recámaras,1 baño,https://departamento.mercadolibre.com.mx/MLM-3096863559-departamento-en-venta-_JM,https://http2.mlstatic.com/D_NQ_NP_2X_876953-MLM113261776524_072026-E.webp,Azcapotzalco,64.0,2.0,1.0,44531.25
"Departamento En Venta En Oasis  Azcapotzalco, Cdmx",2695000,MXN,"Ampliación Del Gas, Azcapotzalco, Distrito Federal",65 m² construidos,2 recámaras,2 baños,https://departamento.mercadolibre.com.mx/MLM-5048204936-departamento-en-venta-en-oasis-azcapotzalco-cdmx-_JM,https://http2.mlstatic.com/D_NQ_NP_2X_877859-MLM93564005448_102025-E.webp,Azcapotzalco,65.0,2.0,2.0,41461.53846153846
"Departamento En Venta Col. Santo Tomas, Azcapotzalco",4582000,MXN,"Santo Tomas, Azcapotzalco, Distrito Federal",97 m² construidos,3 recámaras,3 baños,https://departamento.mercadolibre.com.mx/MLM-2914233455-departamento-en-venta-col-santo-tomas-azcapotzalco-_JM,https://http2.mlstatic.com/D_NQ_NP_2X_888407-MLM111354574519_052026-E.webp,Azcapotzalco,97.0,3.0,3.0,47237.113402061856
"Departamento En Venta Col. Santo Tomas, Azcapotzalco",3621500,MXN,"Santo Tomas, Azcapotzalco, Distrito Federal",67 m² construidos,2 recámaras,2 baños,https://departamento.mercadolibre.com.mx/MLM-2914296893-departamento-en-venta-col-santo-tomas-azcapotzalco-_JM,https://http2.mlstatic.com/D_NQ_NP_2X_963552-MLM110416636964_052026-E.webp,Azcapotzalco,67.0,2.0,2.0,54052.23880597015
Venta Departamentos Obrero Popular T-df0112-0709,3590000,MXN,"AV. CUITLAHUAC, Obrero Popular, Azcapotzalco, Distrito Federal",74 m² construidos,2 recámaras,1 baño,https://departamento.mercadolibre.com.mx/MLM-3144928963-venta-departamentos-obrero-popular-t-df0112-0709-_JM,https://http2.mlstatic.com/D_NQ_NP_2X_661326-MLM113414217528_072026-E.webp,Azcapotzalco,74.0,2.0,1.0,48513.51351351351
Departamento En Venta En San Martin Xochinahuac Azcapotzalco Bj 26-3124,2049000,MXN,"Departamento En Venta En San Martin Xochinahuac Azcapotzalco BJ 26-3124, Azcapotzalco, Distrito Federal",49 m² construidos,2 recámaras,1 baño,https://departamento.mercadolibre.com.mx/MLM-5824001918-departamento-en-venta-en-san-martin-xochinahuac-azcapotzalco-bj-26-3124-_JM,https://http2.mlstatic.com/D_NQ_NP_2X_872372-MLM115211317897_072026-E.webp,Azcapotzalco,49.0,2.0,1.0,41816.32653061225
"Departamento En Venta En Colonia La Preciosa, Azcapotzalco, Ciudad De México",3127000,MXN,"Centeotl 19, La Preciosa, Azcapotzalco, Distrito Federal",73 m² construidos,2 recámaras,2 baños,https://departamento.mercadolibre.com.mx/MLM-3201540213-departamento-en-venta-en-colonia-la-preciosa-azcapotzalco-ciudad-de-mexico-_JM,https://http2.mlstatic.com/D_NQ_NP_2X_765749-MLM115203637297_072026-E.webp,Azcapotzalco,73.0,2.0,2.0,42835.61643835616
"Departamento En Venta A 2min. De Metro Camarones, Azcapotzalco",4139846,MXN,"Lázaro Cárdenas, Azcapotzalco, Distrito Federal",78 m² construidos,2 recámaras,2 baños,https://departamento.mercadolibre.com.mx/MLM-2914236241-departamento-en-venta-a-2min-de-metro-camarones-azcapotzalco-_JM,https://http2.mlstatic.com/D_NQ_NP_2X_608457-MLM111354919419_052026-E.webp,Azcapotzalco,78.0,2.0,2.0,53074.94871794872
Departamento En Venta En Azcapotzalco Coltongo Bj 26-1818,2612755,MXN,"Departamento En Venta En Azcapotzalco Coltongo BJ 26-1818, Coltongo, Azcapotzalco, Distrito Federal",51 m² construidos,2 recámaras,1 baño,https://departamento.mercadolibre.com.mx/MLM-5822910550-departamento-en-venta-en-azcapotzalco-coltongo-bj-26-1818-_JM,https://http2.mlstatic.com/D_NQ_NP_2X_791406-MLM115201925729_072026-E.webp,Azcapotzalco,51.0,2.0,1.0,51230.490196078434
Departamento En Venta En Ampliación Del Gas 26-2400.,3800000,MXN,"Azcapotzalco , Ampliacion Del Gas, Ampliación Del Gas, Azcapotzalco, Distrito Federal",68 m² construidos,2 recámaras,2 baños,https://departamento.mercadolibre.com.mx/MLM-2939524399-departamento-en-venta-en-ampliacion-del-gas-26-2400-_JM,https://http2.mlstatic.com/D_NQ_NP_2X_674915-MLM110886188464_052026-E.webp,Azcapotzalco,68.0,2.0,2.0,55882.35294117647
Departamento En Santa Bárbara,2095000,MXN,"Departamento En Renta, Azcapotzalco GIS 26-3116, Azcapotzalco, Distrito Federal",49 m² construidos,2 recámaras,1 baño,https://departamento.mercadolibre.com.mx/MLM-5756664394-departamento-en-santa-barbara-_JM,https://http2.mlstatic.com/D_NQ_NP_2X_784360-MLM113572999952_072026-E.webp,Azcapotzalco,49.0,2.0,1.0,42755.102040816324
"Departamento En Venta En Ampliacion Del Gas, Azcapotzalco Cr 26-2400.",3800000,MXN,"Azcapotzalco , Ampliacion Del Gas, Ampliación Del Gas, Azcapotzalco, Distrito Federal",68 m² construidos,2 recámaras,2 baños,https://departamento.mercadolibre.com.mx/MLM-3181579229-departamento-en-venta-en-ampliacion-del-gas-azcapotzalco-cr-26-2400-_JM,https://http2.mlstatic.com/D_NQ_NP_2X_747153-MLM115017332501_072026-E.webp,Azcapotzalco,68.0,2.0,2.0,55882.35294117647
"Departamento En Venta En Azcapotzalco, Ampliacion Del Gas Rt 26-2400.",3800000,MXN,"Azcapotzalco , Ampliacion Del Gas, Ampliación Del Gas, Azcapotzalco, Distrito Federal",68 m² construidos,2 recámaras,1 baño,https://departamento.mercadolibre.com.mx/MLM-3191864403-departamento-en-venta-en-azcapotzalco-ampliacion-del-gas-rt-26-2400-_JM,https://http2.mlstatic.com/D_NQ_NP_2X_946260-MLM113831655784_072026-E.webp,Azcapotzalco,68.0,2.0,1.0,55882.35294117647
"Departamento En Venta En Coltongo, Azcapotzalco Gis 26-1818",2612755,MXN,"Departamento En Venta En Coltongo, Azcapotzalco GIS 26-1818., Coltongo, Azcapotzalco, Distrito Federal",51 m² construidos,2 recámaras,1 baño,https://departamento.mercadolibre.com.mx/MLM-3160155389-departamento-en-venta-en-coltongo-azcapotzalco-gis-26-1818-_JM,https://http2.mlstatic.com/D_NQ_NP_2X_832987-MLM113572999884_072026-E.webp,Azcapotzalco,51.0,2.0,1.0,51230.490196078434
Departamento En Venta En Azcapotzalco Colonia Industrial Vallejo Bj 26-1934,3198445,MXN,"Departamento En Venta En Azcapotzalco Colonia Industrial Vallejo BJ 26-1934, Industrial Vallejo, Azcapotzalco, Distrito Federal",63 m² construidos,2 recámaras,2 baños,https://departamento.mercadolibre.com.mx/MLM-5822898246-departamento-en-venta-en-azcapotzalco-colonia-industrial-vallejo-bj-26-1934-_JM,https://http2.mlstatic.com/D_NQ_NP_2X_980127-MLM113895991540_072026-E.webp,Azcapotzalco,63.0,2.0,2.0,50768.968253968254
Departamento En Industrial Vallejo,3198446,MXN,"Departamento En Venta En Azcapotzalco Colonia Industrial Vallejo VE 26-1934, Industrial Vallejo, Azcapotzalco, Distrito Federal",63 m² construidos,2 recámaras,2 baños,https://departamento.mercadolibre.com.mx/MLM-3201528975-departamento-en-industrial-vallejo-_JM,https://http2.mlstatic.com/D_NQ_NP_2X_926143-MLM113896235464_072026-E.webp,Azcapotzalco,63.0,2.0,2.0,50768.98412698413
"Departamento En Venta En San Andrés, Azcapotzalco, Cdmx",2250000,MXN,"Morelos 95, Edif. ""F"", Depto. 402, San Andrés, Azcapotzalco, Distrito Federal",74 m² construidos,2 recámaras,1 baño,https://departamento.mercadolibre.com.mx/MLM-2798093733-departamento-en-venta-en-san-andres-azcapotzalco-cdmx-_JM,https://http2.mlstatic.com/D_NQ_NP_2X_761578-MLM108185582758_032026-E.webp,Azcapotzalco,74.0,2.0,1.0,30405.405405405407
Venta Departamentos Nueva Santa Maria T-df0075-0728,2900000,MXN,"PIÑON, Nueva Santa María, Azcapotzalco, Distrito Federal",73 m² construidos,2 recámaras,1 baño,https://departamento.mercadolibre.com.mx/MLM-3168326611-venta-departamentos-nueva-santa-maria-t-df0075-0728-_JM,https://http2.mlstatic.com/D_NQ_NP_2X_894306-MLM115404393221_072026-E.webp,Azcapotzalco,73.0,2.0,1.0,39726.02739726027
Departamento En Venta En Azcapotzalco Coltongo Ve 26-1818,2612755,MXN,"Departamento En Venta En Azcapotzalco Coltongo VE 26-1818, Coltongo, Azcapotzalco, Distrito Federal",51 m² construidos,2 recámaras,1 baño,https://departamento.mercadolibre.com.mx/MLM-3201528961-departamento-en-venta-en-azcapotzalco-coltongo-ve-26-1818-_JM,https://http2.mlstatic.com/D_NQ_NP_2X_686551-MLM115202208959_072026-E.webp,Azcapotzalco,51.0,2.0,1.0,51230.490196078434
"Departamento En Venta Calzada San Isidro 588 San Pedro Xalpa, Ciudad De México",5100000,MXN,"San Pablo Xalpa, Azcapotzalco, Distrito Federal",137 m² construidos,3 recámaras,3 baños,https://departamento.mercadolibre.com.mx/MLM-4580017408-departamento-en-venta-calzada-san-isidro-588-san-pedro-xalpa-ciudad-de-mexico-_JM,https://http2.mlstatic.com/D_NQ_NP_2X_901328-MLM81832135523_012025-E.webp,Azcapotzalco,137.0,3.0,3.0,37226.277372262775
"Departamento En Venta Pro-hogar, Azcapotzalco",2350000,MXN,"Pro-Hogar, Azcapotzalco, Distrito Federal",67 m² construidos,2 recámaras,1 baño,https://departamento.mercadolibre.com.mx/MLM-5113438112-departamento-en-venta-pro-hogar-azcapotzalco-_JM,https://http2.mlstatic.com/D_NQ_NP_2X_885611-MLM109097543040_042026-E.webp,Azcapotzalco,67.0,2.0,1.0,35074.62686567164
Depto En Venta,1550000,MXN,"Edificio Rosario Castellanos Entrada  4, El Rosario, Azcapotzalco, Distrito Federal",65 m² construidos,2 recámaras,1 baño,https://departamento.mercadolibre.com.mx/MLM-5604631404-depto-en-venta-_JM,https://http2.mlstatic.com/D_NQ_NP_2X_881912-MLM113935935785_062026-E.webp,Azcapotzalco,65.0,2.0,1.0,23846.153846153848
Departamento En Centro De Azcapotzalco,2347000,MXN,"Centro De Azcapotzalco, Azcapotzalco, Distrito Federal",49 m² construidos,2 recámaras,1 baño,https://departamento.mercadolibre.com.mx/MLM-5641669636-departamento-en-centro-de-azcapotzalco-_JM,https://http2.mlstatic.com/D_NQ_NP_2X_682100-MLM104460179864_012026-E.webp,Azcapotzalco,49.0,2.0,1.0,47897.95918367347
Venta Departamentos Obrero Popular T-df0112-0705,1985000,MXN,"AV. BIOLOGO MAXIMINO MARTINEZ, Obrero Popular, Azcapotzalco, Distrito Federal",61 m² construidos,2 recámaras,1 baño,https://departamento.mercadolibre.com.mx/MLM-5854537100-venta-departamentos-obrero-popular-t-df0112-0705-_JM,https://http2.mlstatic.com/D_NQ_NP_2X_657201-MLM111088934108_052026-E.webp,Azcapotzalco,61.0,2.0,1.0,32540.983606557376
"Departamento En Venta Santa Ines, Azcapotzalco",3200000,MXN,"Santa Inés, Azcapotzalco, Distrito Federal",110 m² construidos,3 recámaras,2 baños,https://departamento.mercadolibre.com.mx/MLM-2937241767-departamento-en-venta-santa-ines-azcapotzalco-_JM,https://http2.mlstatic.com/D_NQ_NP_2X_672449-MLM99736823051_112025-E.webp,Azcapotzalco,110.0,3.0,2.0,29090.909090909092
"Venta Departamento San Martin Xochinahuac, Azcapotzalco 11272",2550000,MXN,"11272 Fresnos 2 C202, San Martín Xochináhuac, Azcapotzalco, Distrito Federal",70 m² construidos,2 recámaras,2 baños,https://departamento.mercadolibre.com.mx/MLM-2797775817-venta-departamento-san-martin-xochinahuac-azcapotzalco-11272-_JM,https://http2.mlstatic.com/D_NQ_NP_2X_991574-MLM108175800260_032026-E.webp,Azcapotzalco,70.0,2.0,2.0,36428.57142857143
"Departamento En Venta En Del Gas, Azcapotzalco, Ciudad De México",4200000,MXN,"Avenida Jardín, Del Gas, Azcapotzalco, Distrito Federal",80 m² construidos,,,https://departamento.mercadolibre.com.mx/MLM-2811122523-departamento-en-venta-en-del-gas-azcapotzalco-ciudad-de-mexico-_JM,https://http2.mlstatic.com/D_NQ_NP_2X_893100-MLM109286605263_032026-E.webp,Azcapotzalco,80.0,,,52500.0
"Departamento En Venta En Colonia San Pedro Xalpa, Azcapotzalco, Ciudad De México",2950000,MXN,"SAN ISIDRO  680, San Pedro Xalpa, Azcapotzalco, Distrito Federal",70 m² construidos,2 recámaras,2 baños,https://departamento.mercadolibre.com.mx/MLM-2937249641-departamento-en-venta-en-colonia-san-pedro-xalpa-azcapotzalco-ciudad-de-mexico-_JM,https://http2.mlstatic.com/D_NQ_NP_2X_906629-MLM111810599357_052026-E.webp,Azcapotzalco,70.0,2.0,2.0,42142.857142857145
En Venta Departamento En Azcapotzalco,3700000,MXN,"Azcapotzalco, Distrito Federal",75 m² construidos,3 recámaras,2 baños,https://departamento.mercadolibre.com.mx/MLM-2798019999-en-venta-departamento-en-azcapotzalco-_JM,https://http2.mlstatic.com/D_NQ_NP_2X_774527-MLM108966040341_032026-E.webp,Azcapotzalco,75.0,3.0,2.0,49333.333333333336
Se Vende Departamento En Av. 22 De Febrero,2000000,MXN,"Av. 22 De Febrero 423, San Marcos, Azcapotzalco, Distrito Federal",47 m² construidos,2 recámaras,1 baño,https://departamento.mercadolibre.com.mx/MLM-5394928798-se-vende-departamento-en-av-22-de-febrero-_JM,https://http2.mlstatic.com/D_NQ_NP_2X_861681-MLM112752152823_062026-E.webp,Azcapotzalco,47.0,2.0,1.0,42553.1914893617
Departamento 50m2 En Azcapotzalco Pre Venta  2 Recamaras  Enero 28,3100000,MXN,"Del Gas, Azcapotzalco, Distrito Federal",49 m² construidos,2 recámaras,1 baño,https://departamento.mercadolibre.com.mx/MLM-5258974662-departamento-50m2-en-azcapotzalco-pre-venta-2-recamaras-enero-28-_JM,https://http2.mlstatic.com/D_NQ_NP_2X_961554-MLM114714100283_072026-E.webp,Azcapotzalco,49.0,2.0,1.0,63265.30612244898
"Departamento En Preventa En Plenitud, Azcapotzalco, Cdmx.",5850000,MXN,"Camino A Nextengo,, Plenitud, Azcapotzalco, Distrito Federal",150 m² construidos,3 recámaras,3 baños,https://departamento.mercadolibre.com.mx/MLM-2798017391-departamento-en-preventa-en-plenitud-azcapotzalco-cdmx-_JM,https://http2.mlstatic.com/D_NQ_NP_2X_727721-MLM108183658014_032026-E.webp,Azcapotzalco,150.0,3.0,3.0,39000.0
"Departamento En Venta En Ex Hacienda Del Rosario, Azcapotzalco, Cdmx",2175000,MXN,"Av. Aquiles Serdán Supermanzana 1, Ex-Hacienda El Rosario, Azcapotzalco, Distrito Federal",78 m² construidos,2 recámaras,1 baño,https://departamento.mercadolibre.com.mx/MLM-5376887494-departamento-en-venta-en-ex-hacienda-del-rosario-azcapotzalco-cdmx-_JM,https://http2.mlstatic.com/D_NQ_NP_2X_772753-MLM111960402745_052026-E.webp,Azcapotzalco,78.0,2.0,1.0,27884.615384615383
Departamento En Venta Parque Jardín Col. Del Gas Azcapotzalco Da402,4450000,MXN,"Del Gas, Azcapotzalco, Distrito Federal",91 m² construidos,2 recámaras,2 baños,https://departamento.mercadolibre.com.mx/MLM-4948172776-departamento-en-venta-parque-jardin-col-del-gas-azcapotzalco-da402-_JM,https://http2.mlstatic.com/D_NQ_NP_2X_682891-MLM108114429335_032026-E.webp,Azcapotzalco,91.0,2.0,2.0,48901.0989010989
Departamento 78m2 De 3 Recamaras Balcon 1 Estacionamiento Azcapotzalco,3650748,MXN,"Ampliación Petrolera, Azcapotzalco, Distrito Federal",78 m² construidos,3 recámaras,2 baños,https://departamento.mercadolibre.com.mx/MLM-5132944218-departamento-78m2-de-3-recamaras-balcon-1-estacionamiento-azcapotzalco-_JM,https://http2.mlstatic.com/D_NQ_NP_2X_877050-MLM82942599959_032025-E.webp,Azcapotzalco,78.0,3.0,2.0,46804.46153846154
Departamento 3 Recamaras 3 Baños En Azcapotzalco 74 M2 Entrega Enero 2026,4064000,MXN,"Arenal, Azcapotzalco, Distrito Federal",73 m² construidos,3 recámaras,3 baños,https://departamento.mercadolibre.com.mx/MLM-4873960196-departamento-3-recamaras-3-banos-en-azcapotzalco-74-m2-entrega-enero-2026-_JM,https://http2.mlstatic.com/D_NQ_NP_2X_829885-MLM92604916563_092025-E.webp,Azcapotzalco,73.0,3.0,3.0,55671.232876712325
"Departamento En Venta En Colonia Santo Tomás, Azcapotzalco, Ciudad De México",3100000,MXN,"Conjunto Habitacional Las Mercedes S/n, Santo Tomas, Azcapotzalco, Distrito Federal",97 m² construidos,3 recámaras,2 baños,https://departamento.mercadolibre.com.mx/MLM-5674238238-departamento-en-venta-en-colonia-santo-tomas-azcapotzalco-ciudad-de-mexico-_JM,https://http2.mlstatic.com/D_NQ_NP_2X_688870-MLM113107913998_072026-E.webp,Azcapotzalco,97.0,3.0,2.0,31958.76288659794
Venta Departamentos San Juan Tlihuaca T-df0212-0083,2050000,MXN,"PRIV HORMIGUERO, San Juan Tlihuaca, Azcapotzalco, Distrito Federal",54 m² construidos,3 recámaras,1 baño,https://departamento.mercadolibre.com.mx/MLM-2996560669-venta-departamentos-san-juan-tlihuaca-t-df0212-0083-_JM,https://http2.mlstatic.com/D_NQ_NP_2X_722204-MLM106145798942_022026-E.webp,Azcapotzalco,54.0,3.0,1.0,37962.96296296296
Departamento 2 Recamaras En Azcapotzalco 62 M2 Entrega Enero 2026,3360000,MXN,"Arenal, Azcapotzalco, Distrito Federal",61 m² construidos,2 recámaras,1 baño,https://departamento.mercadolibre.com.mx/MLM-4873973238-departamento-2-recamaras-en-azcapotzalco-62-m2-entrega-enero-2026-_JM,https://http2.mlstatic.com/D_NQ_NP_2X_600119-MLM92198848120_092025-E.webp,Azcapotzalco,61.0,2.0,1.0,55081.96721311475
Departamento En Venta En Azcapotzalco,1950000,MXN,"Nopatitla, Santa Maria Malinalco, Azcapotzalco, Distrito Federal",57 m² construidos,2 recámaras,1 baño,https://departamento.mercadolibre.com.mx/MLM-3215260795-departamento-en-venta-en-azcapotzalco-_JM,https://http2.mlstatic.com/D_NQ_NP_2X_936903-MLM115303166437_072026-E.webp,Azcapotzalco,57.0,2.0,1.0,34210.52631578947
Departamento 2 Recamaras En Azcapotzalco 66 M2 Entrega Enero 2026,3465525,MXN,"Arenal, Azcapotzalco, Distrito Federal",66 m² construidos,2 recámaras,2 baños,https://departamento.mercadolibre.com.mx/MLM-4873650374-departamento-2-recamaras-en-azcapotzalco-66-m2-entrega-enero-2026-_JM,https://http2.mlstatic.com/D_NQ_NP_2X_666498-MLM92604904301_092025-E.webp,Azcapotzalco,66.0,2.0,2.0,52507.954545454544
"Pent-house  En Venta San Pedro Xalpa, Azcapotzalco",6300000,MXN,"San Pedro Xalpa, Azcapotzalco, Distrito Federal",160 m² construidos,3 recámaras,3 baños,https://departamento.mercadolibre.com.mx/MLM-5357408210-pent-house-en-venta-san-pedro-xalpa-azcapotzalco-_JM,https://http2.mlstatic.com/D_NQ_NP_2X_730648-MLM105702456729_012026-E.webp,Azcapotzalco,160.0,3.0,3.0,39375.0
"Departamento En Venta Cosmopolita, Azcapotzalco",3300000,MXN,"Cosmopolita, Azcapotzalco, Distrito Federal",65 m² construidos,3 recámaras,2 baños,https://departamento.mercadolibre.com.mx/MLM-5113946844-departamento-en-venta-cosmopolita-azcapotzalco-_JM,https://http2.mlstatic.com/D_NQ_NP_2X_704746-MLM109938618477_042026-E.webp,Azcapotzalco,65.0,3.0,2.0,50769.230769230766
Venta Departamentos Nueva Santa Maria T-df0075-0726,3600000,MXN,"CLAVELINAS, Nueva Santa María, Azcapotzalco, Distrito Federal",56 m² construidos,2 recámaras,1 baño,https://departamento.mercadolibre.com.mx/MLM-3096602385-venta-departamentos-nueva-santa-maria-t-df0075-0726-_JM,https://http2.mlstatic.com/D_NQ_NP_2X_919164-MLM113034593900_072026-E.webp,Azcapotzalco,56.0,2.0,1.0,64285.71428571428
"Ultimo Depto. 2do Nivel En Venta, El Recreo, Azcapotzalco.",4329000,MXN,"Heraldo 123, Del Recreo, Azcapotzalco, Distrito Federal",87 m² construidos,3 recámaras,2 baños,https://departamento.mercadolibre.com.mx/MLM-5649426724-ultimo-depto-2do-nivel-en-venta-el-recreo-azcapotzalco-_JM,https://http2.mlstatic.com/D_NQ_NP_2X_827324-MLM114215627581_072026-E.webp,Azcapotzalco,87.0,3.0,2.0,49758.620689655174
"Departamento En Venta En Azcapotzalco, Santo Tomas Rt 26-1848.",3646500,MXN,"Azcapotzalco ,santo Tomas, Azcapotzalco, Distrito Federal",67 m² construidos,2 recámaras,2 baños,https://departamento.mercadolibre.com.mx/MLM-3191776189-departamento-en-venta-en-azcapotzalco-santo-tomas-rt-26-1848-_JM,https://http2.mlstatic.com/D_NQ_NP_2X_614673-MLM113831655052_072026-E.webp,Azcapotzalco,67.0,2.0,2.0,54425.37313432836
"Departamento En Venta En El Jagüey, Azcapotzalco, Ciudad De México",2950000,MXN,"Cerrada De Las Granjas 125, El Jagüey, Azcapotzalco, Distrito Federal",66 m² construidos,2 recámaras,1 baño,https://departamento.mercadolibre.com.mx/MLM-5325382580-departamento-en-venta-en-el-jaguey-azcapotzalco-ciudad-de-mexico-_JM,https://http2.mlstatic.com/D_NQ_NP_2X_794124-MLM110832760060_052026-E.webp,Azcapotzalco,66.0,2.0,1.0,44696.969696969696
Ph En Venta En Azcapotzalco,4200000,MXN,"Grecia 151, San Álvaro, Azcapotzalco, Distrito Federal",65 m² construidos,2 recámaras,2 baños,https://departamento.mercadolibre.com.mx/MLM-5834117044-ph-en-venta-en-azcapotzalco-_JM,https://http2.mlstatic.com/D_NQ_NP_2X_681677-MLM113951515352_072026-E.webp,Azcapotzalco,65.0,2.0,2.0,64615.38461538462
"Ylf Venta Departamento San Antonio, Azcapotzalco Cdmx",3370000,MXN,"San Antonio, Azcapotzalco, Distrito Federal",95 m² construidos,3 recámaras,2 baños,https://departamento.mercadolibre.com.mx/MLM-3167019325-ylf-venta-departamento-san-antonio-azcapotzalco-cdmx-_JM,https://http2.mlstatic.com/D_NQ_NP_2X_847629-MLM113630382330_072026-E.webp,Azcapotzalco,95.0,3.0,2.0,35473.68421052631
Venta Departamentos Francisco Villa T-df0212-0099,1925000,MXN,"VICTOR HERNANDEZ, Francisco Villa, Azcapotzalco, Distrito Federal",77 m² construidos,3 recámaras,1 baño,https://departamento.mercadolibre.com.mx/MLM-5780588262-venta-departamentos-francisco-villa-t-df0212-0099-_JM,https://http2.mlstatic.com/D_NQ_NP_2X_826630-MLM113687018276_072026-E.webp,Azcapotzalco,77.0,3.0,1.0,25000.0
Departamento En Venta En Ampliación Petrolera,2650000,MXN,"Miguel Lerdo De Tejada, Ampliación Petrolera, Azcapotzalco, Distrito Federal",64 m² construidos,2 recámaras,2 baños,https://departamento.mercadolibre.com.mx/MLM-5844266940-departamento-en-venta-en-ampliacion-petrolera-_JM,https://http2.mlstatic.com/D_NQ_NP_2X_843108-MLM113988894718_072026-E.webp,Azcapotzalco,64.0,2.0,2.0,41406.25
"Departamento En Venta En Santa Barbara, Azcapotzalco Gis 26-3124",1950000,MXN,"Departamento En Venta En Santa Barbara, Azcapotzalco GIS 26-3124, Azcapotzalco, Distrito Federal",49 m² construidos,2 recámaras,1 baño,https://departamento.mercadolibre.com.mx/MLM-5756664396-departamento-en-venta-en-santa-barbara-azcapotzalco-gis-26-3124-_JM,https://http2.mlstatic.com/D_NQ_NP_2X_765905-MLM113572999974_072026-E.webp,Azcapotzalco,49.0,2.0,1.0,39795.91836734694
Departamento Remodelado En Venta En El Condómino Real De San Martín,2296000,MXN,"Santa Bárbara, Azcapotzalco, Distrito Federal",49 m² construidos,2 recámaras,1 baño,https://departamento.mercadolibre.com.mx/MLM-2754521961-departamento-remodelado-en-venta-en-el-condomino-real-de-san-martin-_JM,https://http2.mlstatic.com/D_NQ_NP_2X_681484-MLM107087694368_022026-E.webp,Azcapotzalco,49.0,2.0,1.0,46857.142857142855
"Departamento En Venta En Colonia El Jagüey, Azcapotzalco, Ciudad De México",4000000,MXN,"Av. De Las Granjas 605, El Jagüey, Azcapotzalco, Distrito Federal",107 m² construidos,3 recámaras,2 baños,https://departamento.mercadolibre.com.mx/MLM-5535219906-departamento-en-venta-en-colonia-el-jaguey-azcapotzalco-ciudad-de-mexico-_JM,https://http2.mlstatic.com/D_NQ_NP_2X_736110-MLM113479709425_062026-E.webp,Azcapotzalco,107.0,3.0,2.0,37383.17757009346
Venta Departamentos Unidad Cuitlahuac T-df0221-0032,3400000,MXN,"AVENIDA JARDIN, Unidad Cuitlahuac, Azcapotzalco, Distrito Federal",68 m² construidos,2 recámaras,1 baño,https://departamento.mercadolibre.com.mx/MLM-3214604537-venta-departamentos-unidad-cuitlahuac-t-df0221-0032-_JM,https://http2.mlstatic.com/D_NQ_NP_2X_932644-MLM113982767496_072026-E.webp,Azcapotzalco,68.0,2.0,1.0,50000.0
"Pent-house En Venta San Pedro Xalpa, Azcapotzalco",6300000,MXN,"San Pedro Xalpa, Azcapotzalco, Distrito Federal",160 m² construidos,3 recámaras,3 baños,https://departamento.mercadolibre.com.mx/MLM-4832351536-pent-house-en-venta-san-pedro-xalpa-azcapotzalco-_JM,https://http2.mlstatic.com/D_NQ_NP_2X_964451-MLM107585927225_022026-E.webp,Azcapotzalco,160.0,3.0,3.0,39375.0
Departamento 52m2 Preventa 2 Recamaras Entrega Enero 28,3350000,MXN,"Del Gas, Azcapotzalco, Distrito Federal",52 m² construidos,2 recámaras,2 baños,https://departamento.mercadolibre.com.mx/MLM-2897255747-departamento-52m2-preventa-2-recamaras-entrega-enero-28-_JM,https://http2.mlstatic.com/D_NQ_NP_2X_821808-MLM111006719043_042026-E.webp,Azcapotzalco,52.0,2.0,2.0,64423.07692307692
"Departamento Nuevo Metro Camarones, Azcapotzalco",3616836,MXN,"Ampliación Petrolera, Azcapotzalco, Distrito Federal",78 m² construidos,3 recámaras,2 baños,https://departamento.mercadolibre.com.mx/MLM-5395529436-departamento-nuevo-metro-camarones-azcapotzalco-_JM,https://http2.mlstatic.com/D_NQ_NP_2X_845231-MLM100766972775_122025-E.webp,Azcapotzalco,78.0,3.0,2.0,46369.692307692305
"Departamento En Venta Av Jardín, Ampliación Del Gas, Azcapotzalco Hv52",3990000,MXN,"Ampliación Del Gas, Azcapotzalco, Distrito Federal",83 m² construidos,3 recámaras,2 baños,https://departamento.mercadolibre.com.mx/MLM-2979118091-departamento-en-venta-av-jardin-ampliacion-del-gas-azcapotzalco-hv52-_JM,https://http2.mlstatic.com/D_NQ_NP_2X_683524-MLM112698364315_062026-E.webp,Azcapotzalco,83.0,3.0,2.0,48072.2891566265
Departamento En Venta En Ampliación Petrolera,3500524,MXN,"Departamentos En Venta En Ampliación Petrolera S/N, Ampliación Petrolera, Azcapotzalco, Distrito Federal",74 m² construidos,3 recámaras,2 baños,https://departamento.mercadolibre.com.mx/MLM-4791442330-departamento-en-venta-en-ampliacion-petrolera-_JM,https://http2.mlstatic.com/D_NQ_NP_2X_932731-MLM107375671963_022026-E.webp,Azcapotzalco,74.0,3.0,2.0,47304.37837837838
"Departamento En Venta Ampliación Del Gas, Azcapotzalco",3500000,MXN,"Ampliación Del Gas, Azcapotzalco, Distrito Federal",65 m² construidos,2 recámaras,2 baños,https://departamento.mercadolibre.com.mx/MLM-2937241785-departamento-en-venta-ampliacion-del-gas-azcapotzalco-_JM,https://http2.mlstatic.com/D_NQ_NP_2X_613732-MLM99735862923_112025-E.webp,Azcapotzalco,65.0,2.0,2.0,53846.153846153844
"¡increible Venta De Departamentos, Ciudad De México!",2699009,MXN,"Jardín Azpeitia, Azcapotzalco, Distrito Federal",54 m² construidos,2 recámaras,1 baño,https://departamento.mercadolibre.com.mx/MLM-2746881673-increible-venta-de-departamentos-ciudad-de-mexico-_JM,https://http2.mlstatic.com/D_NQ_NP_2X_838561-MLM107457776953_022026-E.webp,Azcapotzalco,54.0,2.0,1.0,49981.648148148146
"Departamento Nuevo En Pre-venta Cdmx, Azcapotzalco.",3466000,MXN,"CALLE PINO 588, Arenal, Azcapotzalco, Distrito Federal",61 m² construidos,2 recámaras,1 baño,https://departamento.mercadolibre.com.mx/MLM-5780512314-departamento-nuevo-en-pre-venta-cdmx-azcapotzalco-_JM,https://http2.mlstatic.com/D_NQ_NP_2X_749714-MLM114973573465_072026-E.webp,Azcapotzalco,61.0,2.0,1.0,56819.67213114754
Departamento  En Venta En Inclusiv Con Roof Garden Privado. Enttrega Inmediata,3890000,MXN,"Calle 4, Del Gas, Azcapotzalco, Distrito Federal",63 m² construidos,2 recámaras,2 baños,https://departamento.mercadolibre.com.mx/MLM-3215261121-departamento-en-venta-en-inclusiv-con-roof-garden-privado-enttrega-inmediata-_JM,https://http2.mlstatic.com/D_NQ_NP_2X_888979-MLM115303203025_072026-E.webp,Azcapotzalco,63.0,2.0,2.0,61746.031746031746
Departamento En  Venta En Santo Domingo Azcapotzalco Gis 25-2365,2781700,MXN,"Santo Domingo Azcapotzalco, Azcapotzalco, Distrito Federal",64 m² construidos,2 recámaras,2 baños,https://departamento.mercadolibre.com.mx/MLM-5756664288-departamento-en-venta-en-santo-domingo-azcapotzalco-gis-25-2365-_JM,https://http2.mlstatic.com/D_NQ_NP_2X_750149-MLM113572974648_072026-E.webp,Azcapotzalco,64.0,2.0,2.0,43464.0625
Se Vende Departamento En Puerta Jardín,4100000,MXN,"Av. Jardin 257, Ampliación Del Gas, Azcapotzalco, Distrito Federal",81 m² construidos,,,https://departamento.mercadolibre.com.mx/MLM-2940775991-se-vende-departamento-en-puerta-jardin-_JM,https://http2.mlstatic.com/D_NQ_NP_2X_998608-MLM110901480306_052026-E.webp,Azcapotzalco,81.0,,,50617.28395061728
Departamento En Venta En Azcapotzalco,3621500,MXN,"Ampliación Del Gas, Azcapotzalco, Distrito Federal",60 m² construidos,2 recámaras,2 baños,https://departamento.mercadolibre.com.mx/MLM-5357408254-departamento-en-venta-en-azcapotzalco-_JM,https://http2.mlstatic.com/D_NQ_NP_2X_836403-MLM99250180454_112025-E.webp,Azcapotzalco,60.0,2.0,2.0,60358.333333333336
Se Vende Departamento En San Pedro Xalpa,2200000,MXN,"San Pedro Xalpa, Azcapotzalco, Distrito Federal",48 m² construidos,1 recámara,1 baño,https://departamento.mercadolibre.com.mx/MLM-5759580288-se-vende-departamento-en-san-pedro-xalpa-_JM,https://http2.mlstatic.com/D_NQ_NP_2X_708478-MLM113594366434_072026-E.webp,Azcapotzalco,48.0,1.0,1.0,45833.333333333336
Departamento En Venta En Ampliación Del Gas Azcapotzalco Gis 25-1971,3121163,MXN,"Ampliación Del Gas Azcapotzalco, Ampliación Del Gas, Azcapotzalco, Distrito Federal",52 m² construidos,2 recámaras,1 baño,https://departamento.mercadolibre.com.mx/MLM-3160155263-departamento-en-venta-en-ampliacion-del-gas-azcapotzalco-gis-25-1971-_JM,https://http2.mlstatic.com/D_NQ_NP_2X_889963-MLM113572973694_072026-E.webp,Azcapotzalco,52.0,2.0,1.0,60022.36538461538
Departamento En Venta En Ampliación Del Gas Azcapotzalco Gis 25-1973,4135000,MXN,"Ampliación Del Gas Azcapotzalco, Ampliación Del Gas, Azcapotzalco, Distrito Federal",72 m² construidos,2 recámaras,1 baño,https://departamento.mercadolibre.com.mx/MLM-5756664272-departamento-en-venta-en-ampliacion-del-gas-azcapotzalco-gis-25-1973-_JM,https://http2.mlstatic.com/D_NQ_NP_2X_907071-MLM114846682289_072026-E.webp,Azcapotzalco,72.0,2.0,1.0,57430.555555555555
Departamento En Venta En Ampliación Del Gas Azcapotzalco Gis 25-1970,3692818,MXN,"Ampliación Del Gas Azcapotzalco, Ampliación Del Gas, Azcapotzalco, Distrito Federal",60 m² construidos,2 recámaras,2 baños,https://departamento.mercadolibre.com.mx/MLM-5757111518-departamento-en-venta-en-ampliacion-del-gas-azcapotzalco-gis-25-1970-_JM,https://http2.mlstatic.com/D_NQ_NP_2X_775456-MLM113572973720_072026-E.webp,Azcapotzalco,60.0,2.0,2.0,61546.96666666667
Departamento En Venta En Ampliación Del Gas Azcapotzalco Gis 25-1974,2990361,MXN,"Ampliación Del Gas Azcapotzalco, Ampliación Del Gas, Azcapotzalco, Distrito Federal",49 m² construidos,2 recámaras,1 baño,https://departamento.mercadolibre.com.mx/MLM-5757111514-departamento-en-venta-en-ampliacion-del-gas-azcapotzalco-gis-25-1974-_JM,https://http2.mlstatic.com/D_NQ_NP_2X_814340-MLM113572973592_072026-E.webp,Azcapotzalco,49.0,2.0,1.0,61027.77551020408
"Departamentos En Venta En Garden Azcapotzalco, Colonia Santo Tomás, Azcapotzalco, Cdmx",4582000,MXN,"Garden Azcapotzalco S/N, Santo Tomas, Azcapotzalco, Distrito Federal",97 m² construidos,3 recámaras,3 baños,https://departamento.mercadolibre.com.mx/MLM-2745032489-departamentos-en-venta-en-garden-azcapotzalco-colonia-santo-tomas-azcapotzalco-cdmx-_JM,https://http2.mlstatic.com/D_NQ_NP_2X_805024-MLM107375601821_022026-E.webp,Azcapotzalco,97.0,3.0,3.0,47237.113402061856
Departamento En Venta En San Isidro,2700000,MXN,"Av. Renacimiento, San Isidro, Azcapotzalco, Distrito Federal",60 m² construidos,2 recámaras,2 baños,https://departamento.mercadolibre.com.mx/MLM-5844268280-departamento-en-venta-en-san-isidro-_JM,https://http2.mlstatic.com/D_NQ_NP_2X_908929-MLM115304697939_072026-E.webp,Azcapotzalco,60.0,2.0,2.0,45000.0
Departamento En Venta En Azcapotzalco Ampliacion Del Gas Mg 26-322,4083710,MXN,"Azcapotzalco Ampliacion Del Gas, Ampliación Del Gas, Azcapotzalco, Distrito Federal",74 m² construidos,3 recámaras,2 baños,https://departamento.mercadolibre.com.mx/MLM-2947893475-departamento-en-venta-en-azcapotzalco-ampliacion-del-gas-mg-26-322-_JM,https://http2.mlstatic.com/D_NQ_NP_2X_702849-MLM111029718694_052026-E.webp,Azcapotzalco,74.0,3.0,2.0,55185.27027027027
Venta Departamentos Petrolera T-df0253-0021,1850000,MXN,"AV. MIGUEL HIDALGO, Petrolera, Azcapotzalco, Distrito Federal",65 m² construidos,2 recámaras,1 baño,https://departamento.mercadolibre.com.mx/MLM-3214084311-venta-departamentos-petrolera-t-df0253-0021-_JM,https://http2.mlstatic.com/D_NQ_NP_2X_811893-MLM113979676286_072026-E.webp,Azcapotzalco,65.0,2.0,1.0,28461.53846153846
Venta Departamentos Unidad Cuitlahuac T-df0221-0045,1890000,MXN,"UNIDAD CUITLAHUAC, Unidad Cuitlahuac, Azcapotzalco, Distrito Federal",70 m² construidos,3 recámaras,1 baño,https://departamento.mercadolibre.com.mx/MLM-3214592157-venta-departamentos-unidad-cuitlahuac-t-df0221-0045-_JM,https://http2.mlstatic.com/D_NQ_NP_2X_884091-MLM113982740232_072026-E.webp,Azcapotzalco,70.0,3.0,1.0,27000.0
"Departamento En Venta Tezozomoc, Azcapotzalco",3190000,MXN,"Tezozomoc, Azcapotzalco, Distrito Federal",105 m² construidos,4 recámaras,2 baños,https://departamento.mercadolibre.com.mx/MLM-5357408240-departamento-en-venta-tezozomoc-azcapotzalco-_JM,https://http2.mlstatic.com/D_NQ_NP_2X_796955-MLM100083935389_122025-E.webp,Azcapotzalco,105.0,4.0,2.0,30380.95238095238
"Departamento Santo Tomas Azcapotzalco, Cdmx",3501500,MXN,"Santo Tomas, Azcapotzalco, Distrito Federal",67 m² construidos,2 recámaras,2 baños,https://departamento.mercadolibre.com.mx/MLM-5395541276-departamento-santo-tomas-azcapotzalco-cdmx-_JM,https://http2.mlstatic.com/D_NQ_NP_2X_915473-MLM100275535284_122025-E.webp,Azcapotzalco,67.0,2.0,2.0,52261.19402985075
Claveria- Azcapotzalco,3905000,MXN,"Avenida Cuitlahuac 3125, Clavería, Azcapotzalco, Distrito Federal",92 m² construidos,1 recámara,1 baño,https://departamento.mercadolibre.com.mx/MLM-5793402716-claveria-azcapotzalco-_JM,https://http2.mlstatic.com/D_NQ_NP_2X_742792-MLM115034190661_072026-E.webp,Azcapotzalco,92.0,1.0,1.0,42445.65217391304
Departamento  Preventa Enero 27 De 66m2 En Azcapotzalco 2 Recamaras,3465525,MXN,"Arenal, Azcapotzalco, Distrito Federal",66 m² construidos,2 recámaras,2 baños,https://departamento.mercadolibre.com.mx/MLM-2897257231-departamento-preventa-enero-27-de-66m2-en-azcapotzalco-2-recamaras-_JM,https://http2.mlstatic.com/D_NQ_NP_2X_750225-MLM111006915697_042026-E.webp,Azcapotzalco,66.0,2.0,2.0,52507.954545454544
"Departamento En Venta Sto Tomas, Azcapotzalco",4995000,MXN,"Santo Tomas, Azcapotzalco, Distrito Federal",79 m² construidos,2 recámaras,2 baños,https://departamento.mercadolibre.com.mx/MLM-5357382982-departamento-en-venta-sto-tomas-azcapotzalco-_JM,https://http2.mlstatic.com/D_NQ_NP_2X_949359-MLM99255763074_112025-E.webp,Azcapotzalco,79.0,2.0,2.0,63227.84810126582
"Departamento En Venta Francisco Villa, Acapotzalco",2900000,MXN,"Francisco Villa, Azcapotzalco, Distrito Federal",94 m² construidos,3 recámaras,2 baños,https://departamento.mercadolibre.com.mx/MLM-3081316465-departamento-en-venta-francisco-villa-acapotzalco-_JM,https://http2.mlstatic.com/D_NQ_NP_2X_916405-MLM114130625155_072026-E.webp,Azcapotzalco,94.0,3.0,2.0,30851.063829787236
Venta Departamentos Petrolera T-df0253-0020,2200000,MXN,"C. RAFAEL ALDUCIN, Petrolera, Azcapotzalco, Distrito Federal",71 m² construidos,3 recámaras,1 baño,https://departamento.mercadolibre.com.mx/MLM-5717731286-venta-departamentos-petrolera-t-df0253-0020-_JM,https://http2.mlstatic.com/D_NQ_NP_2X_974668-MLM114567706923_072026-E.webp,Azcapotzalco,71.0,3.0,1.0,30985.915492957745
"Departamento En Venta En Nextengo, Azcapotzalco, Cdmx",1690000,MXN,"Industria, Nextengo, Azcapotzalco, Distrito Federal",53 m² construidos,1 recámara,1 baño,https://departamento.mercadolibre.com.mx/MLM-5823729930-departamento-en-venta-en-nextengo-azcapotzalco-cdmx-_JM,https://http2.mlstatic.com/D_NQ_NP_2X_724745-MLM113903159684_072026-E.webp,Azcapotzalco,53.0,1.0,1.0,31886.79245283019
Hermoso Departamento Sobre Avenida Cdmx,2550000,MXN,"Calz De La Naranja 11, San Miguel Amantla, Azcapotzalco, 02700 Ciudad De México, CDMX, Mexico, San Miguel Amantla, Azcapotzalco, Distrito Federal",60 m² construidos,2 recámaras,2 baños,https://departamento.mercadolibre.com.mx/MLM-3239539715-hermoso-departamento-sobre-avenida-cdmx-_JM,https://http2.mlstatic.com/D_NQ_NP_2X_693486-MLM115523623303_082026-E.webp,Azcapotzalco,60.0,2.0,2.0,42500.0
"Departamento En Colonia Del Gas, Azcapotzalco Con 2 Recámaras, 58 M², Id: 100481",3300000,MXN,"San Francisco Xocotitla, Azcapotzalco, Distrito Federal",58 m² construidos,2 recámaras,1 baño,https://departamento.mercadolibre.com.mx/MLM-2880822165-departamento-en-colonia-del-gas-azcapotzalco-con-2-recamaras-58-m-id-100481-_JM,https://http2.mlstatic.com/D_NQ_NP_2X_685734-MLM110715263433_042026-E.webp,Azcapotzalco,58.0,2.0,1.0,56896.55172413793
"Departamento En Santa Cruz Acayucan, Azcapotzalco Con 5 Recámaras, 320 M², Id: 169660",8000000,MXN,"Santa Cruz Acayucan, Santa Cruz Acayucan, Azcapotzalco, Distrito Federal",320 m² construidos,5 recámaras,3 baños,https://departamento.mercadolibre.com.mx/MLM-2874147797-departamento-en-santa-cruz-acayucan-azcapotzalco-con-5-recamaras-320-m-id-169660-_JM,https://http2.mlstatic.com/D_NQ_NP_2X_715901-MLM109710045824_042026-E.webp,Azcapotzalco,320.0,5.0,3.0,25000.0
San Isidro 588,4600000,MXN,"Calzada San Isidro, San Pedro Xalpa, Azcapotzalco, Distrito Federal",144 m² construidos,3 recámaras,3 baños,https://departamento.mercadolibre.com.mx/MLM-5833453890-san-isidro-588-_JM,https://http2.mlstatic.com/D_NQ_NP_2X_876802-MLM115257879415_072026-E.webp,Azcapotzalco,144.0,3.0,3.0,31944.444444444445
Departamento En Col. San Juan Tlihuaca / 60m2,2650000,MXN,"San Juan Tlihuaca, Azcapotzalco, Distrito Federal",60 m² construidos,2 recámaras,1 baño,https://departamento.mercadolibre.com.mx/MLM-3213983361-departamento-en-col-san-juan-tlihuaca-60m2-_JM,https://http2.mlstatic.com/D_NQ_NP_2X_809662-MLM115353544715_072026-E.webp,Azcapotzalco,60.0,2.0,1.0,44166.666666666664
"Departamento En Venta En Ex-hacienda El Rosario, Azcapotzalco",2350000,MXN,"Manuel Salazar, Ex-Hacienda El Rosario, Azcapotzalco, Distrito Federal",65 m² construidos,2 recámaras,2 baños,https://departamento.mercadolibre.com.mx/MLM-5833453992-departamento-en-venta-en-ex-hacienda-el-rosario-azcapotzalco-_JM,https://http2.mlstatic.com/D_NQ_NP_2X_925629-MLM115257860329_072026-E.webp,Azcapotzalco,65.0,2.0,2.0,36153.846153846156
"Departamento En Venta En Corintio 680 San Isidro , Azcapotzalco",4600000,MXN,"Calle San Isidro 680, San Pedro Xalpa, Azcapotzalco, Distrito Federal",91 m² construidos,3 recámaras,2 baños,https://departamento.mercadolibre.com.mx/MLM-3002704073-departamento-en-venta-en-corintio-680-san-isidro-azcapotzalco-_JM,https://http2.mlstatic.com/D_NQ_NP_2X_954038-MLM111973733040_062026-E.webp,Azcapotzalco,91.0,3.0,2.0,50549.45054945055
Venta De Departamento En Cuitlahuac 2939,3620000,MXN,"Av. Cuitlahuac 2939, Obrero Popular, Azcapotzalco, Distrito Federal",45 m² construidos,2 recámaras,1 baño,https://departamento.mercadolibre.com.mx/MLM-5480351930-venta-de-departamento-en-cuitlahuac-2939-_JM,https://http2.mlstatic.com/D_NQ_NP_2X_886816-MLM112998084635_062026-E.webp,Azcapotzalco,45.0,2.0,1.0,80444.44444444444
"Venta De  Departamento, Euzkadi, Azcapotzalco.",2980000,MXN,"COOK 111, Euzkadi, Azcapotzalco, Distrito Federal",122 m² construidos,3 recámaras,1 baño,https://departamento.mercadolibre.com.mx/MLM-2798120763-venta-de-departamento-euzkadi-azcapotzalco-_JM,https://http2.mlstatic.com/D_NQ_NP_2X_898884-MLM108186170694_032026-E.webp,Azcapotzalco,122.0,3.0,1.0,24426.22950819672
"Departamento En Venta En Ampliación Del Gas, Azcapotzalco, Ciudad De México",5850000,MXN,"Av. Jardín S/N, Ampliación Del Gas, Azcapotzalco, Distrito Federal",125 m² construidos,3 recámaras,2 baños,https://departamento.mercadolibre.com.mx/MLM-5747273700-departamento-en-venta-en-ampliacion-del-gas-azcapotzalco-ciudad-de-mexico-_JM,https://http2.mlstatic.com/D_NQ_NP_2X_858188-MLM114787932083_072026-E.webp,Azcapotzalco,125.0,3.0,2.0,46800.0
Departamento En Venta En Tres Lagos Azcapotzalco Con Amenidades,3180000,MXN,"Rio Consulado 800, Arenal, Azcapotzalco, Distrito Federal",60 m² construidos,2 recámaras,1 baño,https://departamento.mercadolibre.com.mx/MLM-5837335260-departamento-en-venta-en-tres-lagos-azcapotzalco-con-amenidades-_JM,https://http2.mlstatic.com/D_NQ_NP_2X_610049-MLM115271538759_072026-E.webp,Azcapotzalco,60.0,2.0,1.0,53000.0
Venta Depto San Pedro Xalpa Azcapotzalco,4290000,MXN,"Ampliación San Pedro Xalpa, Azcapotzalco, Distrito Federal",60 m² construidos,1 recámara,1 baño,https://departamento.mercadolibre.com.mx/MLM-2988237185-venta-depto-san-pedro-xalpa-azcapotzalco-_JM,https://http2.mlstatic.com/D_NQ_NP_2X_768382-MLM101477225611_122025-E.webp,Azcapotzalco,60.0,1.0,1.0,71500.0
"Departamento En Venta En Ampliación Del Gas, Azcapotzalco, Ciudad De México",3540000,MXN,"S/C S/N, Ampliación Del Gas, Azcapotzalco, Distrito Federal",67 m² construidos,2 recámaras,1 baño,https://departamento.mercadolibre.com.mx/MLM-3042421981-departamento-en-venta-en-ampliacion-del-gas-azcapotzalco-ciudad-de-mexico-_JM,https://http2.mlstatic.com/D_NQ_NP_2X_978358-MLM112516545440_062026-E.webp,Azcapotzalco,67.0,2.0,1.0,52835.82089552239
"Departamento En Santo Tomas, Azcapotzalco Con 2 Recámaras, 51 M², Id: 174391",2500000,MXN,"Calzada Azcapotzalco - La Villa, Santo Tomas, Azcapotzalco, Distrito Federal",51 m² construidos,2 recámaras,1 baño,https://departamento.mercadolibre.com.mx/MLM-5575827368-departamento-en-santo-tomas-azcapotzalco-con-2-recamaras-51-m-id-174391-_JM,https://http2.mlstatic.com/D_NQ_NP_2X_952519-MLM113769662989_062026-E.webp,Azcapotzalco,51.0,2.0,1.0,49019.60784313725
"Departamento En Santa Apolonia, Azcapotzalco Con 2 Recámaras, 50 M², Id: 144840",2499000,MXN,"Santa Cruz Acayucan, Santa Apolonia, Azcapotzalco, Distrito Federal",50 m² construidos,2 recámaras,1 baño,https://departamento.mercadolibre.com.mx/MLM-3068503755-departamento-en-santa-apolonia-azcapotzalco-con-2-recamaras-50-m-id-144840-_JM,https://http2.mlstatic.com/D_NQ_NP_2X_761561-MLM112790139324_072026-E.webp,Azcapotzalco,50.0,2.0,1.0,49980.0
San Isidro,4500000,MXN,"San Isidro, San Pedro Xalpa, Azcapotzalco, Distrito Federal",159 m² construidos,3 recámaras,2 baños,https://departamento.mercadolibre.com.mx/MLM-5833536122-san-isidro-_JM,https://http2.mlstatic.com/D_NQ_NP_2X_871383-MLM115257866133_072026-E.webp,Azcapotzalco,159.0,3.0,2.0,28301.88679245283
Departamento En Venta En Santo Tomas,4607000,MXN,"SANTO TOMAS, Santo Tomas, Azcapotzalco, Distrito Federal",97 m² construidos,3 recámaras,3 baños,https://departamento.mercadolibre.com.mx/MLM-3174918231-departamento-en-venta-en-santo-tomas-_JM,https://http2.mlstatic.com/D_NQ_NP_2X_604384-MLM113680358114_072026-E.webp,Azcapotzalco,97.0,3.0,3.0,47494.845360824744
"Penthouse Nuevo En Venta, San Isidro, Azcapotzalco",5699000,MXN,"San Isidro 588, San Pedro Xalpa Amp, Azcapotzalco, Distrito Federal",166 m² construidos,4 recámaras,2 baños,https://departamento.mercadolibre.com.mx/MLM-5490819234-penthouse-nuevo-en-venta-san-isidro-azcapotzalco-_JM,https://http2.mlstatic.com/D_NQ_NP_2X_947045-MLM111968353816_062026-E.webp,Azcapotzalco,166.0,4.0,2.0,34331.32530120482
"Departamento En Venta En Col Santo Tomas, Alcaldia Azcapotzalco, Ciudad De Mexico.",2783588,MXN,"Calzada Santo Tomas, Santo Tomas, Azcapotzalco, Distrito Federal",67 m² construidos,2 recámaras,2 baños,https://departamento.mercadolibre.com.mx/MLM-3183523587-departamento-en-venta-en-col-santo-tomas-alcaldia-azcapotzalco-ciudad-de-mexico-_JM,https://http2.mlstatic.com/D_NQ_NP_2X_724949-MLM115032728765_072026-E.webp,Azcapotzalco,67.0,2.0,2.0,41546.08955223881
Departamento 68 M² En Vida Vallejo (coltongo),2806372,MXN,"Calz. Coltongo 173, Coltongo, Azcapotzalco, Distrito Federal",68 m² construidos,2 recámaras,1 baño,https://departamento.mercadolibre.com.mx/MLM-3002624033-departamento-68-m-en-vida-vallejo-coltongo-_JM,https://http2.mlstatic.com/D_NQ_NP_2X_643333-MLM113098824313_062026-E.webp,Azcapotzalco,68.0,2.0,1.0,41270.17647058824
Departamento En Venta En Azcapotzalco,3600000,MXN,"Calz. San Isidro 143, Petrolera, Ciudad De México, Petrolera, Azcapotzalco, Distrito Federal",73 m² construidos,2 recámaras,2 baños,https://departamento.mercadolibre.com.mx/MLM-4358154354-departamento-en-venta-en-azcapotzalco-_JM,https://http2.mlstatic.com/D_NQ_NP_2X_933665-MLM97995838451_112025-E.webp,Azcapotzalco,73.0,2.0,2.0,49315.068493150684
Departamento En Piso 10 Con Acabados Premium En Corintio Granjas 300,2970964,MXN,"Av. De Las Granjas 300, San Sebastián, Azcapotzalco, Distrito Federal",63 m² construidos,2 recámaras,1 baño,https://departamento.mercadolibre.com.mx/MLM-5490791566-departamento-en-piso-10-con-acabados-premium-en-corintio-granjas-300-_JM,https://http2.mlstatic.com/D_NQ_NP_2X_957291-MLM113097078419_062026-E.webp,Azcapotzalco,63.0,2.0,1.0,47158.15873015873
"Departamento En Venta Cerca Del Ipn Casco De Sto Tomas En Integrara Azcapotzalco En Poniente 54, Obrero Popular, Azcapotzaco, Cdmx - Althcmazopp543396a411v1v1-canid18435289413",2272000,MXN,"Poniente 54 #3396, Obrero Popular, Azcapotzalco, Distrito Federal",60 m² construidos,2 recámaras,1 baño,https://departamento.mercadolibre.com.mx/MLM-2862319171-departamento-en-venta-cerca-del-ipn-casco-de-sto-tomas-en-integrara-azcapotzalco-en-poniente-54-obrero-popular-azcapotzaco-cdmx-althcmazopp543396a411v1v1-canid18435289413-_JM,https://http2.mlstatic.com/D_NQ_NP_2X_899359-MLM109519274674_042026-E.webp,Azcapotzalco,60.0,2.0,1.0,37866.666666666664
Departamento En Venta,2980000,MXN,"Av. 16 De Septiembre 197, Sta Ines, Ciudad De México, Santa Inés, Azcapotzalco, Distrito Federal",72 m² construidos,3 recámaras,2 baños,https://departamento.mercadolibre.com.mx/MLM-3189200229-departamento-en-venta-_JM,https://http2.mlstatic.com/D_NQ_NP_2X_920723-MLM112646004439_062026-E.webp,Azcapotzalco,72.0,3.0,2.0,41388.88888888889
Departamento En Venta En Azcapotzalco,2899000,MXN,"Eje 3 Norte San Isidro 164 Torre E  903, Industrial San Antonio, Azcapotzalco, Distrito Federal",65 m² construidos,2 recámaras,2 baños,https://departamento.mercadolibre.com.mx/MLM-2959449351-departamento-en-venta-en-azcapotzalco-_JM,https://http2.mlstatic.com/D_NQ_NP_2X_719067-MLM111248866338_052026-E.webp,Azcapotzalco,65.0,2.0,2.0,44600.0
Departamento En Venta Sabino Colonia Ampliacion Del Gas Azcapotzalco,4520672,MXN,"Sabino, Ampliación Del Gas, Azcapotzalco, Distrito Federal",58 m² construidos,2 recámaras,2 baños,https://departamento.mercadolibre.com.mx/MLM-3215600361-departamento-en-venta-sabino-colonia-ampliacion-del-gas-azcapotzalco-_JM,https://http2.mlstatic.com/D_NQ_NP_2X_807709-MLM113991155806_072026-E.webp,Azcapotzalco,58.0,2.0,2.0,77942.62068965517
Departamento En Venta Sabino Colonia Ampliacion Del Gas Azcapotzalco,3796665,MXN,"Sabino, Ampliación Del Gas, Azcapotzalco, Distrito Federal",62 m² construidos,2 recámaras,2 baños,https://departamento.mercadolibre.com.mx/MLM-3215574601-departamento-en-venta-sabino-colonia-ampliacion-del-gas-azcapotzalco-_JM,https://http2.mlstatic.com/D_NQ_NP_2X_907713-MLM113991206412_072026-E.webp,Azcapotzalco,62.0,2.0,2.0,61236.532258064515
Departamento En Venta Sabino Colonia Ampliacion Del Gas Azcapotzalco,4605520,MXN,"Sabino, Ampliación Del Gas, Azcapotzalco, Distrito Federal",63 m² construidos,2 recámaras,2 baños,https://departamento.mercadolibre.com.mx/MLM-3215600353-departamento-en-venta-sabino-colonia-ampliacion-del-gas-azcapotzalco-_JM,https://http2.mlstatic.com/D_NQ_NP_2X_661379-MLM115307110717_072026-E.webp,Azcapotzalco,63.0,2.0,2.0,73103.49206349206
"Departamento En Venta En Azcapotzalco, Ampliacion Del Gas Cmb 26-2400.",3800001,MXN,"Col Del Gas, Mexico City, Ampliación Del Gas, Azcapotzalco, Distrito Federal",68 m² construidos,2 recámaras,2 baños,https://departamento.mercadolibre.com.mx/MLM-5164897038-departamento-en-venta-en-azcapotzalco-ampliacion-del-gas-cmb-26-2400-_JM,https://http2.mlstatic.com/D_NQ_NP_2X_793243-MLM110277303743_042026-E.webp,Azcapotzalco,68.0,2.0,2.0,55882.367647058825
"Departamento En Venta En Azcapotzalco , Ampliacion Del Gas Cmb 26-2400.",3927000,MXN,"Col Del Gas, Mexico City, Ampliación Del Gas, Azcapotzalco, Distrito Federal",68 m² construidos,2 recámaras,2 baños,https://departamento.mercadolibre.com.mx/MLM-5030569804-departamento-en-venta-en-azcapotzalco-ampliacion-del-gas-cmb-26-2400-_JM,https://http2.mlstatic.com/D_NQ_NP_2X_718509-MLM108184917502_032026-E.webp,Azcapotzalco,68.0,2.0,2.0,57750.0
"El Departamento Numero Doscientos Tres,  Ubicado En La Calle De Durango.",1630000,MXN,"Cda. Del Aguila, Santa Apolonia, Ciudad De México, Santa Cruz Acayucan, Azcapotzalco, Distrito Federal",46 m² construidos,2 recámaras,1 baño,https://departamento.mercadolibre.com.mx/MLM-2976283301-el-departamento-numero-doscientos-tres-ubicado-en-la-calle-de-durango-_JM,https://http2.mlstatic.com/D_NQ_NP_2X_851274-MLM112641779331_062026-E.webp,Azcapotzalco,46.0,2.0,1.0,35434.782608695656
"Departamento En Venta En Azcapotzalco, Santo Tomas Cmb 26-1848.",3646500,MXN,"C. Michoacan 37, Santo Tomas, Azcapotzalco, 02020 Ciudad De México, CDMX, Mexico, Santo Tomas, Azcapotzalco, Distrito Federal",67 m² construidos,2 recámaras,2 baños,https://departamento.mercadolibre.com.mx/MLM-2952551573-departamento-en-venta-en-azcapotzalco-santo-tomas-cmb-26-1848-_JM,https://http2.mlstatic.com/D_NQ_NP_2X_922521-MLM111119302302_052026-E.webp,Azcapotzalco,67.0,2.0,2.0,54425.37313432836
Departamento En Venta San Salvador Xochimanca Azcapotzalco,4391287,MXN,"Poniente, San Salvador Xochimanca, Azcapotzalco, Distrito Federal",73 m² construidos,3 recámaras,2 baños,https://departamento.mercadolibre.com.mx/MLM-3215587125-departamento-en-venta-san-salvador-xochimanca-azcapotzalco-_JM,https://http2.mlstatic.com/D_NQ_NP_2X_752975-MLM113991200448_072026-E.webp,Azcapotzalco,73.0,3.0,2.0,60154.61643835616
Departamento En Venta San Salvador Xochimanca Azcapotzalco,4338570,MXN,"Nte 71, San Salvador Xochimanca, Azcapotzalco, Distrito Federal",70 m² construidos,3 recámaras,2 baños,https://departamento.mercadolibre.com.mx/MLM-3215574179-departamento-en-venta-san-salvador-xochimanca-azcapotzalco-_JM,https://http2.mlstatic.com/D_NQ_NP_2X_712308-MLM113991150292_072026-E.webp,Azcapotzalco,70.0,3.0,2.0,61979.57142857143
Tres Lagos Azcapotzalco Departamento,3550000,MXN,"Av. Río Consulado 800, Col Del Gas, Azcapotzalco, 02970 Ciudad De México, CDMX, Mexico, Ampliación Del Gas, Azcapotzalco, Distrito Federal",61 m² construidos,2 recámaras,1 baño,https://departamento.mercadolibre.com.mx/MLM-5886541930-tres-lagos-azcapotzalco-departamento-_JM,https://http2.mlstatic.com/D_NQ_NP_2X_645293-MLM114124158064_082026-E.webp,Azcapotzalco,61.0,2.0,1.0,58196.72131147541
"Preventa Departamentos A 15 Min De Polanco Y Reforma. Desde 52 M2, 2 Recámaras, 1 Baño",3100000,MXN,"C. 4 320, Col Del Gas, Ciudad De México, Ampliación Del Gas, Azcapotzalco, Distrito Federal",50 m² construidos,2 recámaras,1 baño,https://departamento.mercadolibre.com.mx/MLM-5849747840-preventa-departamentos-a-15-min-de-polanco-y-reforma-desde-52-m2-2-recamaras-1-bano-_JM,https://http2.mlstatic.com/D_NQ_NP_2X_843347-MLM115220242475_072026-E.webp,Azcapotzalco,50.0,2.0,1.0,62000.0
Se Vende Bonito Departamento,1500000,MXN,"San Pedro Xalpa, Mexico City, San Pedro Xalpa, Azcapotzalco, Distrito Federal",50 m² construidos,3 recámaras,1 baño,https://departamento.mercadolibre.com.mx/MLM-5779653508-se-vende-bonito-departamento-_JM,https://http2.mlstatic.com/D_NQ_NP_2X_957819-MLM114965888081_072026-E.webp,Azcapotzalco,50.0,3.0,1.0,30000.0
"Departamento En 10 Piso, Dos Años De Uso Preferentemente Comprar Con Crédito, Buen Lugar Para Vivir Avenidas Principales Cercanas Y Metro",4350000,MXN,"Mexico City, San Miguel Amantla, Azcapotzalco, Distrito Federal",67 m² construidos,2 recámaras,2 baños,https://departamento.mercadolibre.com.mx/MLM-5730683504-departamento-en-10-piso-dos-anos-de-uso-preferentemente-comprar-con-credito-buen-lugar-para-vivir-avenidas-principales-cercanas-y-metro-_JM,https://http2.mlstatic.com/D_NQ_NP_2X_873737-MLM114656368291_072026-E.webp,Azcapotzalco,67.0,2.0,2.0,64925.37313432836
"Bonito Depto Exterior Recién Remodelado, Excelentes Acabados",2500000,MXN,"Av. Morelos 95, San Andres, Ciudad De México, San Andrés, Azcapotzalco, Distrito Federal",71 m² construidos,2 recámaras,1 baño,https://departamento.mercadolibre.com.mx/MLM-3227757597-bonito-depto-exterior-recien-remodelado-excelentes-acabados-_JM,https://http2.mlstatic.com/D_NQ_NP_2X_769567-MLM110666912203_042026-E.webp,Azcapotzalco,71.0,2.0,1.0,35211.2676056338
"Excelente Ubicación, Parque Tezozomoc, Escuelas, Comercios, Cercanos.",3400000,MXN,"Hacienda San Nicolás El Grande, Hacienda Del Rosario, Ex El Rosario, Ciudad De México, Azcapotzalco, Distrito Federal",98 m² construidos,2 recámaras,1 baño,https://departamento.mercadolibre.com.mx/MLM-3136083705-excelente-ubicacion-parque-tezozomoc-escuelas-comercios-cercanos-_JM,https://http2.mlstatic.com/D_NQ_NP_2X_635175-MLM113305020342_072026-E.webp,Azcapotzalco,98.0,2.0,1.0,34693.87755102041
"Departamento En Preventa 2 Y 3 Recámaras,",3560866,MXN,"Calz. Camarones 1 - 300, Obrero Popular, Ciudad De México, Obrero Popular, Azcapotzalco, Distrito Federal",65 m² construidos,3 recámaras,2 baños,https://departamento.mercadolibre.com.mx/MLM-5731163402-departamento-en-preventa-2-y-3-recamaras-_JM,https://http2.mlstatic.com/D_NQ_NP_2X_867677-MLM113402491418_072026-E.webp,Azcapotzalco,65.0,3.0,2.0,54782.553846153845
"Departamento Nuevo Cercano A Transporte, Plazas Comerciales, Mercado Público, Tianguis Y Parque Ecológico, Espacios Para Actividad Física Tanto Privados Como Públicos.",5800000,MXN,"C. Cam. A Nextengo 194, Plenitud, Ciudad De México, Plenitud, Azcapotzalco, Distrito Federal",135 m² construidos,3 recámaras,3 baños,https://departamento.mercadolibre.com.mx/MLM-3097329263-departamento-nuevo-cercano-a-transporte-plazas-comerciales-mercado-publico-tianguis-y-parque-ecologico-espacios-para-actividad-fisica-tanto-privados-como-publicos-_JM,https://http2.mlstatic.com/D_NQ_NP_2X_762390-MLM113039649488_072026-E.webp,Azcapotzalco,135.0,3.0,3.0,42962.96296296296
"Completamente Equipado, Listo Para Mudarte! Informes Aquí: 5551068255",2300000,MXN,"San Francisco Tetecala, Mexico City, San Francisco Tetecala, Azcapotzalco, Distrito Federal",58 m² construidos,2 recámaras,1 baño,https://departamento.mercadolibre.com.mx/MLM-5802946472-completamente-equipado-listo-para-mudarte-informes-aqui-5551068255-_JM,https://http2.mlstatic.com/D_NQ_NP_2X_670802-MLM113568808592_072026-E.webp,Azcapotzalco,58.0,2.0,1.0,39655.1724137931
Remate Garden House Corintio Vallejo Azcapotzalco Recursos Propios,2800000,MXN,"Santa Cruz De Las Salinas, Azcapotzalco, Distrito Federal",70 m² construidos,2 recámaras,2 baños,https://departamento.mercadolibre.com.mx/MLM-3136278551-remate-garden-house-corintio-vallejo-azcapotzalco-recursos-propios-_JM,https://http2.mlstatic.com/D_NQ_NP_2X_739738-MLM114727644007_072026-E.webp,Azcapotzalco,70.0,2.0,2.0,40000.0
Floresta,3990900,MXN,"NORTE 71, San Salvador Xochimanca, Azcapotzalco, Distrito Federal",58 m² construidos,2 recámaras,2 baños,https://departamento.mercadolibre.com.mx/MLM-5904533610-floresta-_JM,https://http2.mlstatic.com/D_NQ_NP_2X_731713-MLM115682399995_082026-E.webp,Azcapotzalco,58.0,2.0,2.0,68808.62068965517
"Venta Y Preventa De Departamentos, En Lindavista, Av. Politécnico Nacional. Cdmx",4813900,MXN,"Av Instituto Politécnico Nacional 1800 - 2100, Lindavista Nte., Ciudad De México, Lindavista, Gustavo A. Madero, Distrito Federal",65 - 76 m² construidos,2 recámaras,2 baños,https://departamento.mercadolibre.com.mx/MLM-5455762350-venta-y-preventa-de-departamentos-en-lindavista-av-politecnico-nacional-cdmx-_JM,https://http2.mlstatic.com/D_NQ_NP_2X_682657-MLM112761628827_062026-E.webp,Gustavo A Madero,65.0,2.0,2.0,74060.0
Departamento En Dm Nacional 2 Habitaciones Remodelado,1899997,MXN,"DM Nacional, Mexico City, DM Nacional, Gustavo A. Madero, Distrito Federal",55 m² construidos,2 recámaras,1 baño,https://departamento.mercadolibre.com.mx/MLM-5586830600-departamento-en-dm-nacional-2-habitaciones-remodelado-_JM,https://http2.mlstatic.com/D_NQ_NP_2X_639873-MLM112647677958_062026-E.webp,Gustavo A Madero,55.0,2.0,1.0,34545.4
Departamentos En Venta En Aragón,1920000,MXN,"San Juan De Aragón I Sección, Gustavo A. Madero, Distrito Federal",40 m² construidos,1 recámara,1 baño,https://departamento.mercadolibre.com.mx/MLM-3829176052-departamentos-en-venta-en-aragon-_JM,https://http2.mlstatic.com/D_NQ_NP_2X_675382-MLM104247608264_012026-E.webp,Gustavo A Madero,40.0,1.0,1.0,48000.0
Departamento En Venta En Santa Isabel Tola,2643334,MXN,"Av. Acueducto De Guadalupe 511, Santa Isabel Tola, Gustavo A. Madero, Distrito Federal",68 m² construidos,2 recámaras,1 baño,https://departamento.mercadolibre.com.mx/MLM-4995492040-departamento-en-venta-en-santa-isabel-tola-_JM,https://http2.mlstatic.com/D_NQ_NP_2X_622408-MLM107885294948_032026-E.webp,Gustavo A Madero,68.0,2.0,1.0,38872.55882352941
Departamento En Venta En Lindavista,7995000,MXN,"Pernambuco 800, Gustavo A. Madero, Distrito Federal",127 m² construidos,3 recámaras,3 baños,https://departamento.mercadolibre.com.mx/MLM-4995470604-departamento-en-venta-en-lindavista-_JM,https://http2.mlstatic.com/D_NQ_NP_2X_829579-MLM108640310027_032026-E.webp,Gustavo A Madero,127.0,3.0,3.0,62952.75590551181
"Lindavista Loft En Preventa, Sobre Av. Insurgentes, Solo 16 Departamentos Tipo Boutique, Facilidades.",2850000,MXN,"Av. Insurgentes Nte. 1938, Lindavista, Gustavo A. Madero, 07300 Ciudad De México, CDMX, Mexico, Lindavista, Gustavo A. Madero, Distrito Federal",49 m² construidos,1 recámara,1 baño,https://departamento.mercadolibre.com.mx/MLM-5563747754-lindavista-loft-en-preventa-sobre-av-insurgentes-solo-16-departamentos-tipo-boutique-facilidades-_JM,https://http2.mlstatic.com/D_NQ_NP_2X_885180-MLM96078447105_102025-E.webp,Gustavo A Madero,49.0,1.0,1.0,58163.26530612245
"Mozaiko Lindavista Residencial, Departamento 2 Recámaras Con Amenidades",4219616,MXN,"Cienfuegos 1077, Residencial Zacatenco, Ciudad De México, Residencial Zacatenco, Gustavo A. Madero, Distrito Federal",75 m² construidos,2 recámaras,1 baño,https://departamento.mercadolibre.com.mx/MLM-3039046689-mozaiko-lindavista-residencial-departamento-2-recamaras-con-amenidades-_JM,https://http2.mlstatic.com/D_NQ_NP_2X_637156-MLM95632783416_102025-E.webp,Gustavo A Madero,75.0,2.0,1.0,56261.54666666667
"Departamento En Venta, En Zona Escolar Gam",1894903,MXN,"Tenayuca Chalmita 551 Edif C, Zona Escolar, Gustavo A. Madero, Distrito Federal",55 m² construidos,3 recámaras,1 baño,https://departamento.mercadolibre.com.mx/MLM-5413687622-departamento-en-venta-en-zona-escolar-gam-_JM,https://http2.mlstatic.com/D_NQ_NP_2X_865087-MLM112347416695_052026-E.webp,Gustavo A Madero,55.0,3.0,1.0,34452.781818181815
Departamento En Venta En Santa Isabel Tola,3072688,MXN,"Av. Acueducto De Guadalupe 511, Santa Isabel Tola, Gustavo A. Madero, Distrito Federal",76 m² construidos,2 recámaras,1 baño,https://departamento.mercadolibre.com.mx/MLM-4995505478-departamento-en-venta-en-santa-isabel-tola-_JM,https://http2.mlstatic.com/D_NQ_NP_2X_748719-MLM107885390718_032026-E.webp,Gustavo A Madero,76.0,2.0,1.0,40430.10526315789
Venta De Departamento En Vallejo,2000000,MXN,"Progreso Nacional, Gustavo A. Madero, Distrito Federal",60 m² construidos,3 recámaras,1 baño,https://departamento.mercadolibre.com.mx/MLM-5743882274-venta-de-departamento-en-vallejo-_JM,https://http2.mlstatic.com/D_NQ_NP_2X_813416-MLM114761148103_072026-E.webp,Gustavo A Madero,60.0,3.0,1.0,33333.333333333336
"Excelente Departamento Con Iluminación Y Ventilación Natural, Con Tres Recámaras, Baño Completo, Cocina Y Área De Servicio, Un Lugar De Estacionamiento.",2600000,MXN,"Miguel Bernard 31, La Purísima Ticoman, Ciudad De México, La Purísima Ticoman, Gustavo A. Madero, Distrito Federal",70 m² construidos,3 recámaras,1 baño,https://departamento.mercadolibre.com.mx/MLM-5858797128-excelente-departamento-con-iluminacion-y-ventilacion-natural-con-tres-recamaras-bano-completo-cocina-y-area-de-servicio-un-lugar-de-estacionamiento-_JM,https://http2.mlstatic.com/D_NQ_NP_2X_951663-MLM115362255059_072026-E.webp,Gustavo A Madero,70.0,3.0,1.0,37142.857142857145
Departamento En Venta En Av. Congreso De La Unión Con Balcón Y Un Cajón Fijo,2400000,MXN,"7 De Noviembre, Gustavo A. Madero, Distrito Federal",63 m² construidos,2 recámaras,2 baños,https://departamento.mercadolibre.com.mx/MLM-5368473650-departamento-en-venta-en-av-congreso-de-la-union-con-balcon-y-un-cajon-fijo-_JM,https://http2.mlstatic.com/D_NQ_NP_2X_691874-MLM110931519132_052026-E.webp,Gustavo A Madero,63.0,2.0,2.0,38095.23809523809
Departamento En Venta En Unidad Habitacional,1748500,MXN,"Santa Rosa, Gustavo A. Madero, Distrito Federal",60 m² construidos,2 recámaras,1 baño,https://departamento.mercadolibre.com.mx/MLM-2718608817-departamento-en-venta-en-unidad-habitacional-_JM,https://http2.mlstatic.com/D_NQ_NP_2X_653578-MLM105499671608_012026-E.webp,Gustavo A Madero,60.0,2.0,1.0,29141.666666666668
Departamento En Venta Col. Bondojito,2895000,MXN,"Ote. 107 3370, Bondojito, Ciudad De México, Bondojito, Gustavo A. Madero, Distrito Federal",60 m² construidos,2 recámaras,2 baños,https://departamento.mercadolibre.com.mx/MLM-2907464873-departamento-en-venta-col-bondojito-_JM,https://http2.mlstatic.com/D_NQ_NP_2X_697413-MLM110265062750_052026-E.webp,Gustavo A Madero,60.0,2.0,2.0,48250.0
Departamento Recién Remodelado En Guadalupe Insurgentes De 72 M² -2 Hab,2850000,MXN,"Guadalupe Insurgentes, Gustavo A. Madero, Distrito Federal",72 m² construidos,2 recámaras,1 baño,https://departamento.mercadolibre.com.mx/MLM-3097441393-departamento-recien-remodelado-en-guadalupe-insurgentes-de-72-m-2-hab-_JM,https://http2.mlstatic.com/D_NQ_NP_2X_705530-MLM114157993076_082026-E.webp,Gustavo A Madero,72.0,2.0,1.0,39583.333333333336
"Departamento Venta, Panorama Lindavista",4813900,MXN,"Lindavista Norte, Gustavo A. Madero, Distrito Federal",65 m² construidos,2 recámaras,2 baños,https://departamento.mercadolibre.com.mx/MLM-3081812227-departamento-venta-panorama-lindavista-_JM,https://http2.mlstatic.com/D_NQ_NP_2X_769337-MLM112928935056_072026-E.webp,Gustavo A Madero,65.0,2.0,2.0,74060.0
"Departamento En Preventa, Panorama Lindavista",6037500,MXN,"Lindavista Norte, Gustavo A. Madero, Distrito Federal",91 m² construidos,2 recámaras,2 baños,https://departamento.mercadolibre.com.mx/MLM-2985332809-departamento-en-preventa-panorama-lindavista-_JM,https://http2.mlstatic.com/D_NQ_NP_2X_796460-MLM112817648521_062026-E.webp,Gustavo A Madero,91.0,2.0,2.0,66346.15384615384
Departamento En Venta Ph En Calzada San Juan De Aragon,3300000,MXN,"Calz. San Juan De Aragón 322, Constitución De La República, Ciudad De México, Ampliación San Juan De Aragón, Gustavo A. Madero, Distrito Federal",64 m² construidos,3 recámaras,2 baños,https://departamento.mercadolibre.com.mx/MLM-5569358478-departamento-en-venta-ph-en-calzada-san-juan-de-aragon-_JM,https://http2.mlstatic.com/D_NQ_NP_2X_799178-MLM113723043903_062026-E.webp,Gustavo A Madero,64.0,3.0,2.0,51562.5
Departamento Enfrente Del Politécnico Nal,4671600,MXN,"Av Instituto Politécnico Nacional 1923A, Lindavista, Ciudad De México, Lindavista, Gustavo A. Madero, Distrito Federal",65 m² construidos,2 recámaras,2 baños,https://departamento.mercadolibre.com.mx/MLM-2897293329-departamento-enfrente-del-politecnico-nal-_JM,https://http2.mlstatic.com/D_NQ_NP_2X_876038-MLM110090665434_042026-E.webp,Gustavo A Madero,65.0,2.0,2.0,71870.76923076923
Venta Departamento 2 Ambientes San Pedro Zacatenco,1749000,MXN,"Acueducto Poniente, 603, San Pedro Zacatenco, Gustavo A. Madero, Distrito Federal",60 m² construidos,2 recámaras,1 baño,https://departamento.mercadolibre.com.mx/MLM-5884584370-venta-departamento-2-ambientes-san-pedro-zacatenco-_JM,https://http2.mlstatic.com/D_NQ_NP_2X_874651-MLM115535380999_082026-E.webp,Gustavo A Madero,60.0,2.0,1.0,29150.0
Venta Departamento 2 Ambientes Vallejo,2383500,MXN,"Calle Schumann, 180, Vallejo, Gustavo A. Madero, Distrito Federal",58 m² construidos,2 recámaras,1 baño,https://departamento.mercadolibre.com.mx/MLM-5867120238-venta-departamento-2-ambientes-vallejo-_JM,https://http2.mlstatic.com/D_NQ_NP_2X_768478-MLM115477778577_082026-E.webp,Gustavo A Madero,58.0,2.0,1.0,41094.8275862069
Departamento En Preventa En Gam Con Recursos Propios,1198750,MXN,"Borodin 3, Vallejo, Ciudad De México, Vallejo, Gustavo A. Madero, Distrito Federal",54 m² construidos,2 recámaras,1 baño,https://departamento.mercadolibre.com.mx/MLM-2590807827-departamento-en-preventa-en-gam-con-recursos-propios-_JM,https://http2.mlstatic.com/D_NQ_NP_2X_865376-MLM99254097958_112025-E.webp,Gustavo A Madero,54.0,2.0,1.0,22199.074074074073
"Departamento En Venta Para Remodelar Col. Vasco De Quiroga, Gustavo A. Madero",1250000,MXN,"Vasco De Quiroga, Gustavo A. Madero, Distrito Federal",60 m² construidos,2 recámaras,1 baño,https://departamento.mercadolibre.com.mx/MLM-5704809604-departamento-en-venta-para-remodelar-col-vasco-de-quiroga-gustavo-a-madero-_JM,https://http2.mlstatic.com/D_NQ_NP_2X_942707-MLM113251931818_072026-E.webp,Gustavo A Madero,60.0,2.0,1.0,20833.333333333332
Departamento En Venta En San Juan De Aragón En La Gam,1650000,MXN,"Puerto Oporto, San Juan De Aragón, Gustavo A. Madero, Distrito Federal",51 m² construidos,2 recámaras,1 baño,https://departamento.mercadolibre.com.mx/MLM-5178859272-departamento-en-venta-en-san-juan-de-aragon-en-la-gam-_JM,https://http2.mlstatic.com/D_NQ_NP_2X_859480-MLM111680947650_062026-E.webp,Gustavo A Madero,51.0,2.0,1.0,32352.941176470587
Bonito Departamento Excelente Ubicacion En Frente De La Central Camionera Del Norte,2650000,MXN,"Pte 116 16, Panamericana, Gustavo A. Madero, 07770 Ciudad De México, CDMX, Mexico, Magdalena De Las Salinas, Gustavo A. Madero, Distrito Federal",60 m² construidos,2 recámaras,2 baños,https://departamento.mercadolibre.com.mx/MLM-2847955771-bonito-departamento-excelente-ubicacion-en-frente-de-la-central-camionera-del-norte-_JM,https://http2.mlstatic.com/D_NQ_NP_2X_724728-MLM92893371205_092025-E.webp,Gustavo A Madero,60.0,2.0,2.0,44166.666666666664
"Departamento En Venta En Lindavista, Gustavo A. Madero",3620000,MXN,"Insurgentes Nte., Ciudad De México, Colonia Lindavista Norte, Gustavo A. Madero, Distrito Federal",63 m² construidos,2 recámaras,2 baños,https://departamento.mercadolibre.com.mx/MLM-2737583677-departamento-en-venta-en-lindavista-gustavo-a-madero-_JM,https://http2.mlstatic.com/D_NQ_NP_2X_652042-MLM106928342427_022026-E.webp,Gustavo A Madero,63.0,2.0,2.0,57460.31746031746
"Venta Departamentos, Guadalupe Tepeyac, Gustavo A Madero, Cdmx",3197762,MXN,"Sara, Guadalupe Tepeyac, Ciudad De México, Guadalupe Tepeyac, Gustavo A. Madero, Distrito Federal",54 m² construidos,3 recámaras,2 baños,https://departamento.mercadolibre.com.mx/MLM-5465673856-venta-departamentos-guadalupe-tepeyac-gustavo-a-madero-cdmx-_JM,https://http2.mlstatic.com/D_NQ_NP_2X_615776-MLM112856757739_062026-E.webp,Gustavo A Madero,54.0,3.0,2.0,59217.81481481482
"Departamento En Venta Con Excelente Iluminación Natural En Residencial Zacatenco, A Unos Pasos De Plaza Vista Norte Y Con Fácil Acceso A Restaurantes, Gimnasio, Tiendas Y Supermercado.",3400000,MXN,"Av. Acueducto, Residencial Zacatenco, Ciudad De México, Residencial Zacatenco, Gustavo A. Madero, Distrito Federal",75 m² construidos,3 recámaras,2 baños,https://departamento.mercadolibre.com.mx/MLM-3161580851-departamento-en-venta-con-excelente-iluminacion-natural-en-residencial-zacatenco-a-unos-pasos-de-plaza-vista-norte-y-con-facil-acceso-a-restaurantes-gimnasio-tiendas-y-supermercado-_JM,https://http2.mlstatic.com/D_NQ_NP_2X_958336-MLM110668953981_042026-E.webp,Gustavo A Madero,75.0,3.0,2.0,45333.333333333336
"Pent-house En Exclusivo Desarrollo, Solo 6 Departementos, Listo Para Entrega.",3750000,MXN,"Saul 56, Guadalupe Tepeyac, Ciudad De México, Guadalupe Tepeyac, Gustavo A. Madero, Distrito Federal",73 m² construidos,2 recámaras,2 baños,https://departamento.mercadolibre.com.mx/MLM-3093407133-pent-house-en-exclusivo-desarrollo-solo-6-departementos-listo-para-entrega-_JM,https://http2.mlstatic.com/D_NQ_NP_2X_928293-MLM114228246719_072026-E.webp,Gustavo A Madero,73.0,2.0,2.0,51369.86301369863
"Departamento En Venta En Aragón, Gustavo A. Madero",1590000,MXN,"Puerto Oporto 64, Pueblo De San Juan De Aragón, Ciudad De México, Aragón, Gustavo A. Madero, Distrito Federal",55 m² construidos,2 recámaras,1 baño,https://departamento.mercadolibre.com.mx/MLM-5699747252-departamento-en-venta-en-aragon-gustavo-a-madero-_JM,https://http2.mlstatic.com/D_NQ_NP_2X_809649-MLM115464053401_082026-E.webp,Gustavo A Madero,55.0,2.0,1.0,28909.090909090908
"Venta Departamento Luis De La Rosa, Constitución De La República",1992500,MXN,"Constitución De La República, Gustavo A. Madero, Distrito Federal",51 m² construidos,2 recámaras,1 baño,https://departamento.mercadolibre.com.mx/MLM-5091433572-venta-departamento-luis-de-la-rosa-constitucion-de-la-republica-_JM,https://http2.mlstatic.com/D_NQ_NP_2X_999301-MLM80213035177_102024-E.webp,Gustavo A Madero,51.0,2.0,1.0,39068.62745098039
"* Venta Departamento Luis De La Rosa, Constitución De La República",2172400,MXN,"Constitución De La República, Gustavo A. Madero, Distrito Federal",51 m² construidos,2 recámaras,1 baño,https://departamento.mercadolibre.com.mx/MLM-2678832833--venta-departamento-luis-de-la-rosa-constitucion-de-la-republica-_JM,https://http2.mlstatic.com/D_NQ_NP_2X_666319-MLM82217446497_022025-E.webp,Gustavo A Madero,51.0,2.0,1.0,42596.07843137255
Departamentos En Venta Oniquina  Col. Tres Estrellas Gustavo A Madero,2775000,MXN,"Tres Estrellas, Gustavo A. Madero, Distrito Federal",72 m² construidos,2 recámaras,1 baño,https://departamento.mercadolibre.com.mx/MLM-4873946886-departamentos-en-venta-oniquina-col-tres-estrellas-gustavo-a-madero-_JM,https://http2.mlstatic.com/D_NQ_NP_2X_876080-MLM91729839750_092025-E.webp,Gustavo A Madero,72.0,2.0,1.0,38541.666666666664
"Preventa De Departamento Cerca De Lindavista, Cdmx",2176000,MXN,"Av. Acueducto 835, Candelaria Ticoman, Ciudad De México, Ticoman, Gustavo A. Madero, Distrito Federal",50 m² construidos,2 recámaras,1 baño,https://departamento.mercadolibre.com.mx/MLM-2689310789-preventa-de-departamento-cerca-de-lindavista-cdmx-_JM,https://http2.mlstatic.com/D_NQ_NP_2X_799209-MLM113655225506_072026-E.webp,Gustavo A Madero,50.0,2.0,1.0,43520.0
"Departamento En Venta - Colonia En Milagro, Gustavo A. Madreo Planta Baja Ch#26-2948",1600000,MXN,"Nte. 94-A 8519, Milagro, Ciudad De México, El Milagro, Gustavo A. Madero, Distrito Federal",54 m² construidos,2 recámaras,1 baño,https://departamento.mercadolibre.com.mx/MLM-2916817603-departamento-en-venta-colonia-en-milagro-gustavo-a-madreo-planta-baja-ch26-2948-_JM,https://http2.mlstatic.com/D_NQ_NP_2X_813073-MLM111404354425_052026-E.webp,Gustavo A Madero,54.0,2.0,1.0,29629.62962962963
Departamento En Preventa A Pasos De Parque Tepeyac,2580000,MXN,"Julieta 56, Guadalupe Tepeyac, Ciudad De México, Guadalupe Tepeyac, Gustavo A. Madero, Distrito Federal",54 m² construidos,2 recámaras,1 baño,https://departamento.mercadolibre.com.mx/MLM-3039001203-departamento-en-preventa-a-pasos-de-parque-tepeyac-_JM,https://http2.mlstatic.com/D_NQ_NP_2X_987060-MLM109055546847_032026-E.webp,Gustavo A Madero,54.0,2.0,1.0,47777.77777777778
En Venta De Hermoso Departamento,3650000,MXN,"San Bartolo Atepehuacan, Mexico City, San Bartolo Atepehuacan, Gustavo A. Madero, Distrito Federal",110 m² construidos,3 recámaras,2 baños,https://departamento.mercadolibre.com.mx/MLM-2483998391-en-venta-de-hermoso-departamento-_JM,https://http2.mlstatic.com/D_NQ_NP_2X_964268-MLM94206968011_102025-E.webp,Gustavo A Madero,110.0,3.0,2.0,33181.818181818184
Departamento En Venta En Gustavo A. Madero,3650000,MXN,"Huahuete  SN, Gustavo A. Madero, Distrito Federal",110 m² construidos,3 recámaras,1 baño,https://departamento.mercadolibre.com.mx/MLM-4833782240-departamento-en-venta-en-gustavo-a-madero-_JM,https://http2.mlstatic.com/D_NQ_NP_2X_602499-MLM87003486405_062025-E.webp,Gustavo A Madero,110.0,3.0,1.0,33181.818181818184
"Departamento En Venta  Vallejo, Gustavo A. Madero",2498500,MXN,"Sin Calle, Vallejo, Gustavo A. Madero, Distrito Federal",58 m² construidos,2 recámaras,1 baño,https://departamento.mercadolibre.com.mx/MLM-5538914592-departamento-en-venta-vallejo-gustavo-a-madero-_JM,https://http2.mlstatic.com/D_NQ_NP_2X_642576-MLM112361378788_062026-E.webp,Gustavo A Madero,58.0,2.0,1.0,43077.58620689655
Departamento En Venta En Lindavista Norte,5100000,MXN,"Lindavista Nte., Mexico City, Colonia Lindavista Norte, Gustavo A. Madero, Distrito Federal",90 m² construidos,3 recámaras,2 baños,https://departamento.mercadolibre.com.mx/MLM-5658287286-departamento-en-venta-en-lindavista-norte-_JM,https://http2.mlstatic.com/D_NQ_NP_2X_920413-MLM103763121887_012026-E.webp,Gustavo A Madero,90.0,3.0,2.0,56666.666666666664
Departamento En Venta Unidad Bugambilias De Ticoman,1200000,MXN,"Av Cuautepec, Jorge Negrete, Ciudad De México, Jorge Negrete, Gustavo A. Madero, Distrito Federal",43 m² construidos,2 recámaras,1 baño,https://departamento.mercadolibre.com.mx/MLM-3114499803-departamento-en-venta-unidad-bugambilias-de-ticoman-_JM,https://http2.mlstatic.com/D_NQ_NP_2X_749029-MLM113157020864_072026-E.webp,Gustavo A Madero,43.0,2.0,1.0,27906.976744186046
Departamento En Venta Emiliano Zapata 12 Santiago Atepetlac.,1300000,MXN,"Calle Emiliano Zapata 12, Santiago Atepetlac, Ciudad De México, Santiago Atepetlac, Gustavo A. Madero, Distrito Federal",60 m² construidos,3 recámaras,1 baño,https://departamento.mercadolibre.com.mx/MLM-5456033814-departamento-en-venta-emiliano-zapata-12-santiago-atepetlac-_JM,https://http2.mlstatic.com/D_NQ_NP_2X_614386-MLM106319956277_012026-E.webp,Gustavo A Madero,60.0,3.0,1.0,21666.666666666668
"Venta De Departamento En San Juan De Aragón, Cerca De Avenidas Canal De San Juan De Aragón Y Eduardo Molina, Gustavo A. Madero, Cdmx",1670000,MXN,"Calz. San Juan De Aragón 516, DM Nacional, Preparatoria 3, Ciudad De México, DM Nacional, Gustavo A. Madero, Distrito Federal",65 m² construidos,2 recámaras,1 baño,https://departamento.mercadolibre.com.mx/MLM-3076553177-venta-de-departamento-en-san-juan-de-aragon-cerca-de-avenidas-canal-de-san-juan-de-aragon-y-eduardo-molina-gustavo-a-madero-cdmx-_JM,https://http2.mlstatic.com/D_NQ_NP_2X_706119-MLM112861631380_072026-E.webp,Gustavo A Madero,65.0,2.0,1.0,25692.30769230769
"Departamentos En Venta_entrega Inmediata / Vallejo - Gam, Cdmx",2141606,MXN,"Vallejo, Gustavo A. Madero, Distrito Federal",50 m² construidos,2 recámaras,1 baño,https://departamento.mercadolibre.com.mx/MLM-5246081432-departamentos-en-ventaentrega-inmediata-vallejo-gam-cdmx-_JM,https://http2.mlstatic.com/D_NQ_NP_2X_619063-MLM96207017668_102025-E.webp,Gustavo A Madero,50.0,2.0,1.0,42832.12
Departamento En Venta Dm Nacional,1450000,MXN,"Otro Sin Referencia 30, DM Nacional, José María Morelos Y Pavón II, Gustavo A. Madero, 07450 Ciudad De México, CDMX, Mexico, DM Nacional, Gustavo A. Madero, Distrito Federal",56 m² construidos,2 recámaras,1 baño,https://departamento.mercadolibre.com.mx/MLM-5366186000-departamento-en-venta-dm-nacional-_JM,https://http2.mlstatic.com/D_NQ_NP_2X_650688-MLM88573330140_072025-E.webp,Gustavo A Madero,56.0,2.0,1.0,25892.85714285714
Hermoso Departamento En Vista Norte Cm,3950000,MXN,"Residencial Zacatenco, Mexico City, Residencial Zacatenco, Gustavo A. Madero, Distrito Federal",74 m² construidos,3 recámaras,2 baños,https://departamento.mercadolibre.com.mx/MLM-3201921041-hermoso-departamento-en-vista-norte-cm-_JM,https://http2.mlstatic.com/D_NQ_NP_2X_899330-MLM113900952212_072026-E.webp,Gustavo A Madero,74.0,3.0,2.0,53378.37837837838
Departamento En Venta En Constitución De La República,2031100,MXN,"Av. Luis De La Rosa 16, Constitución De La República, Gustavo A. Madero, Distrito Federal",50 m² construidos,2 recámaras,1 baño,https://departamento.mercadolibre.com.mx/MLM-4794700462-departamento-en-venta-en-constitucion-de-la-republica-_JM,https://http2.mlstatic.com/D_NQ_NP_2X_639731-MLM106735217884_022026-E.webp,Gustavo A Madero,50.0,2.0,1.0,40622.0
Se Vende Departamento Excelente Muy Centrico,3690000,MXN,"Calz. De Los Misterios 330, Vallejo, Ciudad De México, Guadalupe Tepeyac, Gustavo A. Madero, Distrito Federal",84 m² construidos,3 recámaras,2 baños,https://departamento.mercadolibre.com.mx/MLM-5440771812-se-vende-departamento-excelente-muy-centrico-_JM,https://http2.mlstatic.com/D_NQ_NP_2X_784554-MLM112595008073_062026-E.webp,Gustavo A Madero,84.0,3.0,2.0,43928.57142857143
Departamento En Venta En Pueblo San Juan De Aragon,2432700,MXN,"Calz. San Juan De Aragón 533, Fovissste Aragón, Ciudad De México, Aragón Fovissste, Gustavo A. Madero, Distrito Federal",77 m² construidos,3 recámaras,1 baño,https://departamento.mercadolibre.com.mx/MLM-4841682898-departamento-en-venta-en-pueblo-san-juan-de-aragon-_JM,https://http2.mlstatic.com/D_NQ_NP_2X_677489-MLM107059612566_022026-E.webp,Gustavo A Madero,77.0,3.0,1.0,31593.506493506495
"Departamento En Preventa, Panorama Lindavista.",4272000,MXN,"Lindavista Norte, Gustavo A. Madero, Distrito Federal",67 m² construidos,2 recámaras,2 baños,https://departamento.mercadolibre.com.mx/MLM-2985321009-departamento-en-preventa-panorama-lindavista-_JM,https://http2.mlstatic.com/D_NQ_NP_2X_938074-MLM112817645361_062026-E.webp,Gustavo A Madero,67.0,2.0,2.0,63761.19402985075
"Departamento En Preventa, Panorama Lindavista",7966100,MXN,"Lindavista Norte, Gustavo A. Madero, Distrito Federal",120 m² construidos,3 recámaras,2 baños,https://departamento.mercadolibre.com.mx/MLM-2985332807-departamento-en-preventa-panorama-lindavista-_JM,https://http2.mlstatic.com/D_NQ_NP_2X_931575-MLM112817648419_062026-E.webp,Gustavo A Madero,120.0,3.0,2.0,66384.16666666667
"Departamento Venta, Panorama Lindavista",4833000,MXN,"Lindavista Norte, Gustavo A. Madero, Distrito Federal",65 m² construidos,2 recámaras,2 baños,https://departamento.mercadolibre.com.mx/MLM-2985332811-departamento-venta-panorama-lindavista-_JM,https://http2.mlstatic.com/D_NQ_NP_2X_818384-MLM111729075582_062026-E.webp,Gustavo A Madero,65.0,2.0,2.0,74353.84615384616
"Departamento En Venta En Lindavista, Gustavo A. Madero, Cdmx",4531400,MXN,"Departamento En Venta En Lindavista, Gustavo A. Madero, Cdmx, Gustavo A. Madero, Distrito Federal",65 m² construidos,2 recámaras,2 baños,https://departamento.mercadolibre.com.mx/MLM-5706443662-departamento-en-venta-en-lindavista-gustavo-a-madero-cdmx-_JM,https://http2.mlstatic.com/D_NQ_NP_2X_704530-MLM114503951487_072026-E.webp,Gustavo A Madero,65.0,2.0,2.0,69713.84615384616
"Departamento En Vallejo, Gustavo A Madero",2383500,MXN,"Schumann, Vallejo, Gustavo A Madero, Vallejo, Gustavo A. Madero, Distrito Federal",58 m² construidos,2 recámaras,1 baño,https://departamento.mercadolibre.com.mx/MLM-3157413439-departamento-en-vallejo-gustavo-a-madero-_JM,https://http2.mlstatic.com/D_NQ_NP_2X_674429-MLM114821925801_072026-E.webp,Gustavo A Madero,58.0,2.0,1.0,41094.8275862069
Departamento En Venta Gustavo A Madero,2900000,MXN,"La Escalera, Gustavo A. Madero, Distrito Federal",70 m² construidos,3 recámaras,1 baño,https://departamento.mercadolibre.com.mx/MLM-3215990577-departamento-en-venta-gustavo-a-madero-_JM,https://http2.mlstatic.com/D_NQ_NP_2X_721880-MLM115311300225_072026-E.webp,Gustavo A Madero,70.0,3.0,1.0,41428.57142857143
"Departamento En Venta En Vallejo , Se Acepta Crédito Infonavit, Crédito Bancario Y Efectivo, Informes 55 8642 76048",2383500,MXN,"Vallejo, Mexico City, Vallejo, Gustavo A. Madero, Distrito Federal",58 m² construidos,2 recámaras,1 baño,https://departamento.mercadolibre.com.mx/MLM-4973709406-departamento-en-venta-en-vallejo-se-acepta-credito-infonavit-credito-bancario-y-efectivo-informes-55-8642-76048-_JM,https://http2.mlstatic.com/D_NQ_NP_2X_651047-MLM108386148371_032026-E.webp,Gustavo A Madero,58.0,2.0,1.0,41094.8275862069
"Preventa Departamentos 50m2, Metro Martin Carrera",2031100,MXN,"Luis De La Rosa, Constitución De La República, Ciudad De México, Constitución De La República, Gustavo A. Madero, Distrito Federal",50 m² construidos,2 recámaras,1 baño,https://departamento.mercadolibre.com.mx/MLM-2798265229-preventa-departamentos-50m2-metro-martin-carrera-_JM,https://http2.mlstatic.com/D_NQ_NP_2X_865190-MLM108188785848_032026-E.webp,Gustavo A Madero,50.0,2.0,1.0,40622.0
"Departamento En Aragón La Villa(aragón), Gustavo A. Madero",2780000,MXN,"Alberto Herrera , Aragón La Villa(aragón), Gustavo A. Madero, Aragón La Villa, Gustavo A. Madero, Distrito Federal",38 m² construidos,1 recámara,1 baño,https://departamento.mercadolibre.com.mx/MLM-5642170992-departamento-en-aragon-la-villaaragon-gustavo-a-madero-_JM,https://http2.mlstatic.com/D_NQ_NP_2X_945646-MLM112961937432_072026-E.webp,Gustavo A Madero,38.0,1.0,1.0,73157.8947368421
"Departamento En Venta Col. Aragón La Villa, Gustavo A. Madero",2724999,MXN,"Aragón La Villa, Gustavo A. Madero, Distrito Federal",48 m² construidos,2 recámaras,2 baños,https://departamento.mercadolibre.com.mx/MLM-5716384820-departamento-en-venta-col-aragon-la-villa-gustavo-a-madero-_JM,https://http2.mlstatic.com/D_NQ_NP_2X_751022-MLM114558151507_072026-E.webp,Gustavo A Madero,48.0,2.0,2.0,56770.8125
Departamento A Estrenar En Colonia Guadalupe Insurgentes,3460000,MXN,"Ing. Braulio Martínez  #x, Guadalupe Insurgentes, Gustavo A. Madero, Distrito Federal",50 m² construidos,2 recámaras,1 baño,https://departamento.mercadolibre.com.mx/MLM-4961019566-departamento-a-estrenar-en-colonia-guadalupe-insurgentes-_JM,https://http2.mlstatic.com/D_NQ_NP_2X_649877-MLM108264448359_032026-E.webp,Gustavo A Madero,50.0,2.0,1.0,69200.0
Bonito Departamento En Venta - Col. Nueva Industrial Vallejo,2750000,MXN,"Margarita Maza De Juárez 1045, Nueva Industrial Vallejo, Ciudad De México, Nueva Industrial Vallejo, Gustavo A. Madero, Distrito Federal",84 m² construidos,2 recámaras,2 baños,https://departamento.mercadolibre.com.mx/MLM-2720500639-bonito-departamento-en-venta-col-nueva-industrial-vallejo-_JM,https://http2.mlstatic.com/D_NQ_NP_2X_913431-MLM105599074050_012026-E.webp,Gustavo A Madero,84.0,2.0,2.0,32738.095238095237
"¡estrena Departamentos Muy Bien Ubicados, En La Gustavo A. Madero!",3153000,MXN,"Av. Acueducto De Guadalupe, Santa Isabel Tola, Ciudad De México, Acueducto De Guadalupe, Gustavo A. Madero, Distrito Federal",70 m² construidos,2 recámaras,2 baños,https://departamento.mercadolibre.com.mx/MLM-3182316739-estrena-departamentos-muy-bien-ubicados-en-la-gustavo-a-madero-_JM,https://http2.mlstatic.com/D_NQ_NP_2X_892297-MLM115019031983_072026-E.webp,Gustavo A Madero,70.0,2.0,2.0,45042.857142857145
Departamento En Venta En Rinconada San Gabriel,1790000,MXN,"Calz. San Juan De Aragón 439, DM Nacional, Granjas Modernas, Ciudad De México, DM Nacional, Gustavo A. Madero, Distrito Federal",60 m² construidos,2 recámaras,1 baño,https://departamento.mercadolibre.com.mx/MLM-2720804853-departamento-en-venta-en-rinconada-san-gabriel-_JM,https://http2.mlstatic.com/D_NQ_NP_2X_822176-MLM106188920099_012026-E.webp,Gustavo A Madero,60.0,2.0,1.0,29833.333333333332
Departamento En Venta En Lindavista,4804035,MXN,"Insurgentes Norte Al 1346, Magdalena De Las Salinas, Gustavo A. Madero, Distrito Federal",75 m² construidos,2 recámaras,2 baños,https://departamento.mercadolibre.com.mx/MLM-4972125892-departamento-en-venta-en-lindavista-_JM,https://http2.mlstatic.com/D_NQ_NP_2X_735871-MLM108378704031_032026-E.webp,Gustavo A Madero,75.0,2.0,2.0,64053.8
"Departamento En  Venta En Insurgentes Norte, Magdalena De Las Salinas",5607000,MXN,"Insurgentes Norte 1346, Magdalena De Las Salinas, Gustavo A. Madero, Distrito Federal",75 m² construidos,2 recámaras,2 baños,https://departamento.mercadolibre.com.mx/MLM-3103684735-departamento-en-venta-en-insurgentes-norte-magdalena-de-las-salinas-_JM,https://http2.mlstatic.com/D_NQ_NP_2X_777542-MLM114310253569_072026-E.webp,Gustavo A Madero,75.0,2.0,2.0,74760.0
"Departamento En  Venta En Insurgentes Norte, Magdalena De Las Salinas",4871000,MXN,"Insurgentes Norte 1346, Magdalena De Las Salinas, Gustavo A. Madero, Distrito Federal",75 m² construidos,2 recámaras,2 baños,https://departamento.mercadolibre.com.mx/MLM-3115850121-departamento-en-venta-en-insurgentes-norte-magdalena-de-las-salinas-_JM,https://http2.mlstatic.com/D_NQ_NP_2X_743999-MLM114399076947_072026-E.webp,Gustavo A Madero,75.0,2.0,2.0,64946.666666666664
Departamento Nuevo Al Norte De La Cdmx,2350000,MXN,"Sin Calle, Bondojito, Gustavo A. Madero, Distrito Federal",50 m² construidos,2 recámaras,1 baño,https://departamento.mercadolibre.com.mx/MLM-5071770954-departamento-nuevo-al-norte-de-la-cdmx-_JM,https://http2.mlstatic.com/D_NQ_NP_2X_627563-MLM109469177913_032026-E.webp,Gustavo A Madero,50.0,2.0,1.0,47000.0
+++venta De Departamento En Vasco De Quiroga+++,1526000,MXN,"Eduardo Molina 1720, Vasco De Quiroga, Gustavo A. Madero, Distrito Federal",60 m² construidos,2 recámaras,1 baño,https://departamento.mercadolibre.com.mx/MLM-5603594002-venta-de-departamento-en-vasco-de-quiroga-_JM,https://http2.mlstatic.com/D_NQ_NP_2X_811818-MLM113928151207_062026-E.webp,Gustavo A Madero,60.0,2.0,1.0,25433.333333333332
"Departamento En  Venta En Insurgentes Norte, Magdalena De Las Salinas",8427915,MXN,"Insurgentes Norte 1346, Magdalena De Las Salinas, Gustavo A. Madero, Distrito Federal",100 m² construidos,2 recámaras,2 baños,https://departamento.mercadolibre.com.mx/MLM-2921389331-departamento-en-venta-en-insurgentes-norte-magdalena-de-las-salinas-_JM,https://http2.mlstatic.com/D_NQ_NP_2X_973548-MLM111509286877_052026-E.webp,Gustavo A Madero,100.0,2.0,2.0,84279.15
+++venta De Departamento En San Juan De Aragon+++,2432700,MXN,"Calzada San Juan Aragon S/N, Gustavo A. Madero, Distrito Federal",77 m² construidos,3 recámaras,1 baño,https://departamento.mercadolibre.com.mx/MLM-3018854777-venta-de-departamento-en-san-juan-de-aragon-_JM,https://http2.mlstatic.com/D_NQ_NP_2X_964542-MLM112216408612_062026-E.webp,Gustavo A Madero,77.0,3.0,1.0,31593.506493506495
+++bonito Departamento En Vallejo +++,2383500,MXN,"Schumann 117, Vallejo, Gustavo A. Madero, Distrito Federal",58 m² construidos,2 recámaras,1 baño,https://departamento.mercadolibre.com.mx/MLM-5781021054-bonito-departamento-en-vallejo--_JM,https://http2.mlstatic.com/D_NQ_NP_2X_938063-MLM114977290759_072026-E.webp,Gustavo A Madero,58.0,2.0,1.0,41094.8275862069
Departamento En Venta En Colonia Vallejo,3050000,MXN,"Misterios 218 ,vallejo, Vallejo, Gustavo A. Madero, Distrito Federal",60 m² de terreno,2 recámaras,2 baños,https://departamento.mercadolibre.com.mx/MLM-5205809252-departamento-en-venta-en-colonia-vallejo-_JM,https://http2.mlstatic.com/D_NQ_NP_2X_678588-MLM110578148821_042026-E.webp,Gustavo A Madero,60.0,2.0,2.0,50833.333333333336
Departamento Sobre Cuitlahuac A Pasos De Insurgentes Norte,2200000,MXN,"Av. Cuitláhuac, Guadalupe Victoria II, Ciudad De México, Guadalupe Victoria, Gustavo A. Madero, Distrito Federal",64 m² construidos,2 recámaras,1 baño,https://departamento.mercadolibre.com.mx/MLM-5438433910-departamento-sobre-cuitlahuac-a-pasos-de-insurgentes-norte-_JM,https://http2.mlstatic.com/D_NQ_NP_2X_935825-MLM111518487512_062026-E.webp,Gustavo A Madero,64.0,2.0,1.0,34375.0
Departamento En Planta Baja Frente A Cablebus La Patera,1620000,MXN,"Virginia Fábregas 167, Arbolillo II, Gustavo A. Madero, 07239 Ciudad De México, CDMX, Mexico, Jorge Negrete, Gustavo A. Madero, Distrito Federal",52 m² construidos,2 recámaras,1 baño,https://departamento.mercadolibre.com.mx/MLM-2907197885-departamento-en-planta-baja-frente-a-cablebus-la-patera-_JM,https://http2.mlstatic.com/D_NQ_NP_2X_608775-MLM111187195327_052026-E.webp,Gustavo A Madero,52.0,2.0,1.0,31153.846153846152
Departamento En Venta En Calzada La Villa A 5 Minutos De Parque Tepeyac,1896000,MXN,"Zona Escolar, Mexico City, Zona Escolar Oriente, Gustavo A. Madero, Distrito Federal",55 m² construidos,3 recámaras,1 baño,https://departamento.mercadolibre.com.mx/MLM-5438428726-departamento-en-venta-en-calzada-la-villa-a-5-minutos-de-parque-tepeyac-_JM,https://http2.mlstatic.com/D_NQ_NP_2X_619266-MLM111517593380_062026-E.webp,Gustavo A Madero,55.0,3.0,1.0,34472.72727272727
"Depto. 3 Rec + Estudio, 57 M2 Ubicado En Acueducto De Guadalupe. Acepta Crédito Hipotecario",1637000,MXN,"And. 38 Del Temoluco 32, Acueducto De Guadalupe, Gustavo A. Madero, 07279 Ciudad De México, CDMX, Mexico, Acueducto De Guadalupe, Gustavo A. Madero, Distrito Federal",57 m² construidos,3 recámaras,1 baño,https://departamento.mercadolibre.com.mx/MLM-5705668282-depto-3-rec-estudio-57-m2-ubicado-en-acueducto-de-guadalupe-acepta-credito-hipotecario-_JM,https://http2.mlstatic.com/D_NQ_NP_2X_689123-MLM114495035181_072026-E.webp,Gustavo A Madero,57.0,3.0,1.0,28719.298245614034
Nuevo Departamento En Venta Ubicado En Vallejo,2141606,MXN,"MEYERBEER 1, Nueva Vallejo, Gustavo A. Madero, Distrito Federal",50 m² construidos,2 recámaras,1 baño,https://departamento.mercadolibre.com.mx/MLM-5865653414-nuevo-departamento-en-venta-ubicado-en-vallejo-_JM,https://http2.mlstatic.com/D_NQ_NP_2X_938091-MLM115396927831_072026-E.webp,Gustavo A Madero,50.0,2.0,1.0,42832.12
Departamento En Venta En Col. Vasco De Quiroga,1648500,MXN,"Vasco De Quiroga, Gustavo A. Madero, Distrito Federal",60 m² construidos,2 recámaras,1 baño,https://departamento.mercadolibre.com.mx/MLM-3227626497-departamento-en-venta-en-col-vasco-de-quiroga-_JM,https://http2.mlstatic.com/D_NQ_NP_2X_632921-MLM115401467121_072026-E.webp,Gustavo A Madero,60.0,2.0,1.0,27475.0
"Departamento En Venta, En Pueblo Santiago Atzacoalco",2040000,MXN,"Av. Centenario, 1966 B 203, Gustavo A. Madero, Distrito Federal",49 m² construidos,2 recámaras,1 baño,https://departamento.mercadolibre.com.mx/MLM-5879112666-departamento-en-venta-en-pueblo-santiago-atzacoalco-_JM,https://http2.mlstatic.com/D_NQ_NP_2X_941293-MLM115488484481_082026-E.webp,Gustavo A Madero,49.0,2.0,1.0,41632.65306122449
Departamento En Venta En Gustavo A. Madero,1395000,MXN,"Zona De Estacionamiento Edif. 71 Depto 302 Zona 2, Jorge Negrete, Gustavo A. Madero, Distrito Federal",62 m² construidos,3 recámaras,1 baño,https://departamento.mercadolibre.com.mx/MLM-2821699455-departamento-en-venta-en-gustavo-a-madero-_JM,https://http2.mlstatic.com/D_NQ_NP_2X_844487-MLM109566913145_032026-E.webp,Gustavo A Madero,62.0,3.0,1.0,22500.0
"Departamento En Venta  San Juan De Aragón, Cdmx",2432700,MXN,"Calz. San Juan De Aragón 533, Gustavo A. Madero, Distrito Federal",77 m² construidos,3 recámaras,1 baño,https://departamento.mercadolibre.com.mx/MLM-4971136862-departamento-en-venta-san-juan-de-aragon-cdmx-_JM,https://http2.mlstatic.com/D_NQ_NP_2X_907180-MLM107637808442_032026-E.webp,Gustavo A Madero,77.0,3.0,1.0,31593.506493506495
Departamento En Venta En Santa Isabel Tola,2755817,MXN,"Av. Acueducto De Guadalupe 511, Santa Isabel Tola, Gustavo A. Madero, Distrito Federal",70 m² construidos,2 recámaras,1 baño,https://departamento.mercadolibre.com.mx/MLM-2784668511-departamento-en-venta-en-santa-isabel-tola-_JM,https://http2.mlstatic.com/D_NQ_NP_2X_845344-MLM108640507769_032026-E.webp,Gustavo A Madero,70.0,2.0,1.0,39368.81428571429
Departamento En Venta En Santa Isabel Tola,3070028,MXN,"Av. Acueducto De Guadalupe 511, Santa Isabel Tola, Gustavo A. Madero, Distrito Federal",76 m² construidos,2 recámaras,1 baño,https://departamento.mercadolibre.com.mx/MLM-4995472436-departamento-en-venta-en-santa-isabel-tola-_JM,https://http2.mlstatic.com/D_NQ_NP_2X_682197-MLM108640506437_032026-E.webp,Gustavo A Madero,76.0,2.0,1.0,40395.10526315789
Departamento En Venta En Santa Isabel Tola,3153688,MXN,"Av. Acueducto De Guadalupe 511, Santa Isabel Tola, Gustavo A. Madero, Distrito Federal",77 m² construidos,2 recámaras,1 baño,https://departamento.mercadolibre.com.mx/MLM-4995492710-departamento-en-venta-en-santa-isabel-tola-_JM,https://http2.mlstatic.com/D_NQ_NP_2X_643807-MLM108640508153_032026-E.webp,Gustavo A Madero,77.0,2.0,1.0,40956.98701298701
Venta De Departamento En Eduardo Molina,1380000,MXN,"Vasco De Quiroga, Gustavo A. Madero, Distrito Federal",68 m² construidos,2 recámaras,1 baño,https://departamento.mercadolibre.com.mx/MLM-5759031178-venta-de-departamento-en-eduardo-molina-_JM,https://http2.mlstatic.com/D_NQ_NP_2X_849037-MLM113584910660_072026-E.webp,Gustavo A Madero,68.0,2.0,1.0,20294.117647058825
Departamento En Venta En Lindavista,4833000,MXN,"Avenida Instituto Politécnico Nacional 1939, Gustavo A. Madero, Distrito Federal",65 m² construidos,2 recámaras,2 baños,https://departamento.mercadolibre.com.mx/MLM-5441745554-departamento-en-venta-en-lindavista-_JM,https://http2.mlstatic.com/D_NQ_NP_2X_741989-MLM111545214184_062026-E.webp,Gustavo A Madero,65.0,2.0,2.0,74353.84615384616
Departamento En Venta En Nueva Industrial Vallejo,3200000,MXN,"Edit 68 Ent B Depto 300 Unidad Lindavista Vallejo, Gustavo A. Madero, Distrito Federal",104 m² construidos,3 recámaras,2 baños,https://departamento.mercadolibre.com.mx/MLM-5827253798-departamento-en-venta-en-nueva-industrial-vallejo-_JM,https://http2.mlstatic.com/D_NQ_NP_2X_951161-MLM113918131170_072026-E.webp,Gustavo A Madero,104.0,3.0,2.0,30769.23076923077
Departamento En Venta En Residencial Zacatenco,4536000,MXN,"Av. Acueducto 650, San Pedro Zacatenco, Gustavo A. Madero, Distrito Federal",109 m² construidos,2 recámaras,2 baños,https://departamento.mercadolibre.com.mx/MLM-2605871735-departamento-en-venta-en-residencial-zacatenco-_JM,https://http2.mlstatic.com/D_NQ_NP_2X_665668-MLM100506931901_122025-E.webp,Gustavo A Madero,109.0,2.0,2.0,41614.678899082566
Departamento En Venta En Nueva Industrial Vallejo,3167100,MXN,"Miguel Othón De Mendizabal Oriente 0, Gustavo A. Madero, Distrito Federal",60 m² construidos,2 recámaras,1 baño,https://departamento.mercadolibre.com.mx/MLM-5196120290-departamento-en-venta-en-nueva-industrial-vallejo-_JM,https://http2.mlstatic.com/D_NQ_NP_2X_640870-MLM109614969166_042026-E.webp,Gustavo A Madero,60.0,2.0,1.0,52785.0
¡¡¡elige Tu Nuevo Hogar :rio Consulado G.a.madero Cdmx /vanguardia/seguridad/cen,2911904,MXN,"Valle Del Tepeyac, Gustavo A. Madero, Distrito Federal",56 m² construidos,2 recámaras,1 baño,https://departamento.mercadolibre.com.mx/MLM-3021799121-elige-tu-nuevo-hogar-rio-consulado-gamadero-cdmx-vanguardiaseguridadcen-_JM,https://http2.mlstatic.com/D_NQ_NP_2X_853756-MLM113380330653_062026-E.webp,Gustavo A Madero,56.0,2.0,1.0,51998.28571428572
Se Vende Departamento En Martin Carrera.,1600000,MXN,"15 De Agosto, Gustavo A. Madero, Distrito Federal",48 m² construidos,1 recámara,1 baño,https://departamento.mercadolibre.com.mx/MLM-5650576932-se-vende-departamento-en-martin-carrera-_JM,https://http2.mlstatic.com/D_NQ_NP_2X_733218-MLM113635610278_072026-E.webp,Gustavo A Madero,48.0,1.0,1.0,33333.333333333336
"Lindavista Panorama, Apartamento En Venta.",4753800,MXN,"Av Instituto Politécnico Nacional 1939, Lindavista, Ciudad De México, CDMX, México, Lindavista Norte, Gustavo A. Madero, Distrito Federal",65 m² construidos,2 recámaras,2 baños,https://departamento.mercadolibre.com.mx/MLM-2996419711-lindavista-panorama-apartamento-en-venta-_JM,https://http2.mlstatic.com/D_NQ_NP_2X_884028-MLM112994707085_062026-E.webp,Gustavo A Madero,65.0,2.0,2.0,73135.38461538461
"Departamento En Venta  San Juan De Aragón, Cdmx",2432700,MXN,"Calz. San Juan De Aragón, 533, Gustavo A. Madero, Distrito Federal",77 m² construidos,3 recámaras,1 baño,https://departamento.mercadolibre.com.mx/MLM-5832014282-departamento-en-venta-san-juan-de-aragon-cdmx-_JM,https://http2.mlstatic.com/D_NQ_NP_2X_972875-MLM115246680159_072026-E.webp,Gustavo A Madero,77.0,3.0,1.0,31593.506493506495
"Departamento En Venta En Colonia Vallejo, Gustavo A Madero",2383500,MXN,"Schumann, 117, Gustavo A. Madero, Distrito Federal",58 m² construidos,2 recámaras,1 baño,https://departamento.mercadolibre.com.mx/MLM-3206825147-departamento-en-venta-en-colonia-vallejo-gustavo-a-madero-_JM,https://http2.mlstatic.com/D_NQ_NP_2X_810522-MLM115246664347_072026-E.webp,Gustavo A Madero,58.0,2.0,1.0,41094.8275862069
"Departamento En Venta, En Zona Escolar Gam.",1894903,MXN,"Tenayuca Chalmita, 551 Edif C, Gustavo A. Madero, Distrito Federal",55 m² construidos,3 recámaras,1 baño,https://departamento.mercadolibre.com.mx/MLM-3206824071-departamento-en-venta-en-zona-escolar-gam-_JM,https://http2.mlstatic.com/D_NQ_NP_2X_666236-MLM115246562117_072026-E.webp,Gustavo A Madero,55.0,3.0,1.0,34452.781818181815
Venta De Exclusivo Departamento En Col. Industrial,4569500,MXN,"Euzkaro 43 Depto.202, Industrial, Gustavo A. Madero, Distrito Federal",85 m² construidos,2 recámaras,2 baños,https://departamento.mercadolibre.com.mx/MLM-3246227575-venta-de-exclusivo-departamento-en-col-industrial-_JM,https://http2.mlstatic.com/D_NQ_NP_2X_820157-MLM114252628810_082026-E.webp,Gustavo A Madero,85.0,2.0,2.0,53758.82352941176
Venta De Departamento En Lindavista,5990000,MXN,"CALI 627, Lindavista, Gustavo A. Madero, Distrito Federal",138 m² construidos,6 recámaras,3 baños,https://departamento.mercadolibre.com.mx/MLM-3220823911-venta-de-departamento-en-lindavista-_JM,https://http2.mlstatic.com/D_NQ_NP_2X_726441-MLM114025448228_072026-E.webp,Gustavo A Madero,138.0,6.0,3.0,43405.79710144927
Departamento En Venta,2000000,MXN,"Calzada Vallejo 1485, Progreso Nacional, Gustavo A. Madero, Distrito Federal",60 m² construidos,3 recámaras,1 baño,https://departamento.mercadolibre.com.mx/MLM-5903201232-departamento-en-venta-_JM,https://http2.mlstatic.com/D_NQ_NP_2X_851922-MLM114327578016_082026-E.webp,Gustavo A Madero,60.0,3.0,1.0,33333.333333333336
"Departamento En Venta En Torres Lindavista, Gustavo A. Madero, Cdmx",4350000,MXN,"Manuel Luis Stampa Ortigoza, Torres Lindavista, Gustavo A. Madero, Distrito Federal",104 m² construidos,3 recámaras,2 baños,https://departamento.mercadolibre.com.mx/MLM-5867128834-departamento-en-venta-en-torres-lindavista-gustavo-a-madero-cdmx-_JM,https://http2.mlstatic.com/D_NQ_NP_2X_992433-MLM114082471006_072026-E.webp,Gustavo A Madero,104.0,3.0,2.0,41826.92307692308
Departamento Nuevo En Venta En Vallejo,1942500,MXN,"Vallejo, Gustavo A. Madero, Distrito Federal",50 m² construidos,2 recámaras,1 baño,https://departamento.mercadolibre.com.mx/MLM-5042655326-departamento-nuevo-en-venta-en-vallejo-_JM,https://http2.mlstatic.com/D_NQ_NP_2X_736739-MLM109123171837_032026-E.webp,Gustavo A Madero,50.0,2.0,1.0,38850.0
Departamento En Venta En San Pedro Zacatenco,1750000,MXN,"San Pedro Zacatenco, Gustavo A. Madero, Distrito Federal",68 m² construidos,3 recámaras,1 baño,https://departamento.mercadolibre.com.mx/MLM-5723728936-departamento-en-venta-en-san-pedro-zacatenco-_JM,https://http2.mlstatic.com/D_NQ_NP_2X_621255-MLM113357891442_072026-E.webp,Gustavo A Madero,68.0,3.0,1.0,25735.29411764706
Departamento En Venta,1526500,MXN,"Avenida Ingeniero Eduardo Molina 1720, Tablas De San Agustín, Gustavo A. Madero, Distrito Federal",60 m² construidos,2 recámaras,1 baño,https://departamento.mercadolibre.com.mx/MLM-2996389493-departamento-en-venta-_JM,https://http2.mlstatic.com/D_NQ_NP_2X_696753-MLM112992513497_062026-E.webp,Gustavo A Madero,60.0,2.0,1.0,25441.666666666668
"Departamento En Venta-av. Montiel, Lindavista, Gustavo A Madero, Cdmx, Recursos Propios",3464968,MXN,"Lindavista, Mexico City, Lindavista, Gustavo A. Madero, Distrito Federal",135 m² construidos,3 recámaras,2 baños,https://departamento.mercadolibre.com.mx/MLM-5511537338-departamento-en-venta-av-montiel-lindavista-gustavo-a-madero-cdmx-recursos-propios-_JM,https://http2.mlstatic.com/D_NQ_NP_2X_682523-MLM113315789411_062026-E.webp,Gustavo A Madero,135.0,3.0,2.0,25666.42962962963
Departamento En Venta En Aragón La Villa 2 Recámaras,2670999,MXN,"Aragón La Villa, Gustavo A. Madero, Distrito Federal",48 m² construidos,2 recámaras,2 baños,https://departamento.mercadolibre.com.mx/MLM-3102182763-departamento-en-venta-en-aragon-la-villa-2-recamaras-_JM,https://http2.mlstatic.com/D_NQ_NP_2X_980366-MLM113478628432_072026-E.webp,Gustavo A Madero,48.0,2.0,2.0,55645.8125
"Departamento En Venta En Aragón La Villa, Gustavo A. Madero, Cdmx",2140000,MXN,"Moctezuma, Aragón La Villa, Gustavo A. Madero, Distrito Federal",75 m² construidos,3 recámaras,1 baño,https://departamento.mercadolibre.com.mx/MLM-2811109471-departamento-en-venta-en-aragon-la-villa-gustavo-a-madero-cdmx-_JM,https://http2.mlstatic.com/D_NQ_NP_2X_618566-MLM108487916264_032026-E.webp,Gustavo A Madero,75.0,3.0,1.0,28533.333333333332
"Departamento En Venta En Vasco De Quiroga, Se Acepta Credito Infonavit, Bancario Y Efectivo",1526500,MXN,"Gustavo A. Madero, Mexico City, Vasco De Quiroga, Gustavo A. Madero, Distrito Federal",60 m² construidos,2 recámaras,1 baño,https://departamento.mercadolibre.com.mx/MLM-5529016664-departamento-en-venta-en-vasco-de-quiroga-se-acepta-credito-infonavit-bancario-y-efectivo-_JM,https://http2.mlstatic.com/D_NQ_NP_2X_855387-MLM111959640221_052026-E.webp,Gustavo A Madero,60.0,2.0,1.0,25441.666666666668
"Departamento En Venta En Col. Linda Vista Norte-gam, Cdmx.",3793900,MXN,"Lindavista Norte, Gustavo A. Madero, Distrito Federal",66 m² construidos,2 recámaras,2 baños,https://departamento.mercadolibre.com.mx/MLM-5430041502-departamento-en-venta-en-col-linda-vista-norte-gam-cdmx-_JM,https://http2.mlstatic.com/D_NQ_NP_2X_737387-MLM114046062234_072026-E.webp,Gustavo A Madero,66.0,2.0,2.0,57483.333333333336
Departamento En Preventa En Acueducto Cercano Al Ipn.,2309000,MXN,"Departamento En Preventa En Acueducto Cercano Al Ipn., La Laguna Ticoman, Gustavo A. Madero, Distrito Federal",50 m² de terreno,2 recámaras,1 baño,https://departamento.mercadolibre.com.mx/MLM-5479462734-departamento-en-preventa-en-acueducto-cercano-al-ipn-_JM,https://http2.mlstatic.com/D_NQ_NP_2X_999793-MLM112991629135_062026-E.webp,Gustavo A Madero,50.0,2.0,1.0,46180.0
Departamento En Venta | Uh Lindavista Vallejo | Gustavo A. Madero | Eje Central,2130000,MXN,"Unidad Habitacional Lindavista Vallejo Edif. 32B, Lindavista Vallejo, Gustavo A. Madero, Distrito Federal",73 m² construidos,3 recámaras,2 baños,https://departamento.mercadolibre.com.mx/MLM-3085525495-departamento-en-venta-uh-lindavista-vallejo-gustavo-a-madero-eje-central-_JM,https://http2.mlstatic.com/D_NQ_NP_2X_782812-MLM112952163544_072026-E.webp,Gustavo A Madero,73.0,3.0,2.0,29178.08219178082
"Comodidad, Funcionalidad Y Excelente Ubicación En Vallejo",2448500,MXN,"Schumann, Vallejo, Ciudad De México, Industrial Vallejo, Gustavo A. Madero, Distrito Federal",58 m² de terreno,2 recámaras,1 baño,https://departamento.mercadolibre.com.mx/MLM-3096732367-comodidad-funcionalidad-y-excelente-ubicacion-en-vallejo-_JM,https://http2.mlstatic.com/D_NQ_NP_2X_918857-MLM113037118332_072026-E.webp,Gustavo A Madero,58.0,2.0,1.0,42215.51724137931
Departamento En Venta Frente Al Ipn Zacatenco Pb Cdmx,3250000,MXN,"La Escalera, Gustavo A. Madero, Distrito Federal",75 m² construidos,3 recámaras,1 baño,https://departamento.mercadolibre.com.mx/MLM-3076553791-departamento-en-venta-frente-al-ipn-zacatenco-pb-cdmx-_JM,https://http2.mlstatic.com/D_NQ_NP_2X_903502-MLM112865846200_072026-E.webp,Gustavo A Madero,75.0,3.0,1.0,43333.333333333336
Departamento En Venta - Lindavista,4794000,MXN,"Residencial Zacatenco, Gustavo A. Madero, Distrito Federal",125 m² construidos,3 recámaras,2 baños,https://departamento.mercadolibre.com.mx/MLM-2865186093-departamento-en-venta-lindavista-_JM,https://http2.mlstatic.com/D_NQ_NP_2X_627363-MLM107603400097_022026-E.webp,Gustavo A Madero,125.0,3.0,2.0,38352.0
"Departamento En Venta En Industrial, Gustavo A. Madero, Cdmx",3200000,MXN,"Fundidora De Monterrey, Industrial, Gustavo A. Madero, Distrito Federal",81 m² construidos,2 recámaras,1 baño,https://departamento.mercadolibre.com.mx/MLM-2913887259-departamento-en-venta-en-industrial-gustavo-a-madero-cdmx-_JM,https://http2.mlstatic.com/D_NQ_NP_2X_664317-MLM111761135525_052026-E.webp,Gustavo A Madero,81.0,2.0,1.0,39506.17283950617
"Departamento De Entrega Inmediata En Av. Politécnico Nacional, Colonia Lindavista. Cdmx",4753800,MXN,"Av Instituto Politécnico Nacional 1800 - 2100, Lindavista, Ciudad De México, Colonia Lindavista Norte, Gustavo A. Madero, Distrito Federal",65 m² construidos,2 recámaras,2 baños,https://departamento.mercadolibre.com.mx/MLM-5617800410-departamento-de-entrega-inmediata-en-av-politecnico-nacional-colonia-lindavista-cdmx-_JM,https://http2.mlstatic.com/D_NQ_NP_2X_869850-MLM114018759785_072026-E.webp,Gustavo A Madero,65.0,2.0,2.0,73135.38461538461
"Departamento En Venta, Col. Lindavista Gustavo A Madero",6210000,MXN,"Av Politécnico Nacional, Col. Lindavista, Gustavo A. Madero, Distrito Federal",119 m² construidos,3 recámaras,2 baños,https://departamento.mercadolibre.com.mx/MLM-2907994781-departamento-en-venta-col-lindavista-gustavo-a-madero-_JM,https://http2.mlstatic.com/D_NQ_NP_2X_876014-MLM110281659770_052026-E.webp,Gustavo A Madero,119.0,3.0,2.0,52184.87394957983
"Departamentos En Venta Lindavista Desde $5,520,000.00",5520000,MXN,"Lindavista Norte, Gustavo A. Madero, Distrito Federal",125 m² construidos,3 recámaras,3 baños,https://departamento.mercadolibre.com.mx/MLM-5715357036-departamentos-en-venta-lindavista-desde-552000000-_JM,https://http2.mlstatic.com/D_NQ_NP_2X_827491-MLM113303762522_072026-E.webp,Gustavo A Madero,125.0,3.0,3.0,44160.0
"Departamento En Preventa, Panaorama Lindavista",5487800,MXN,"Lindavista Norte, Gustavo A. Madero, Distrito Federal",128 m² construidos,2 recámaras,2 baños,https://departamento.mercadolibre.com.mx/MLM-2985321071-departamento-en-preventa-panaorama-lindavista-_JM,https://http2.mlstatic.com/D_NQ_NP_2X_693966-MLM112817648457_062026-E.webp,Gustavo A Madero,128.0,2.0,2.0,42873.4375
"Departamento En Venta En Lindavista Norte, Gustavo A. Madero, Ciudad De México",4165500,MXN,"CIENFUEGOS, Lindavista Norte, Gustavo A. Madero, Distrito Federal",73 m² construidos,2 recámaras,2 baños,https://departamento.mercadolibre.com.mx/MLM-3184017537-departamento-en-venta-en-lindavista-norte-gustavo-a-madero-ciudad-de-mexico-_JM,https://http2.mlstatic.com/D_NQ_NP_2X_646358-MLM115037152917_072026-E.webp,Gustavo A Madero,73.0,2.0,2.0,57061.643835616436
"Departamento En Venta En Lindavista Norte, Gustavo A. Madero, Ciudad De México",4833000,MXN,"AV INSTITUTO POLITECNICO NACIONAL, Lindavista Norte, Gustavo A. Madero, Distrito Federal",65 m² construidos,2 recámaras,2 baños,https://departamento.mercadolibre.com.mx/MLM-3183805199-departamento-en-venta-en-lindavista-norte-gustavo-a-madero-ciudad-de-mexico-_JM,https://http2.mlstatic.com/D_NQ_NP_2X_698232-MLM113743012024_072026-E.webp,Gustavo A Madero,65.0,2.0,2.0,74353.84615384616
"Departamento En Preventa, Panorama Lindavista",5458500,MXN,"Lindavista Norte, Gustavo A. Madero, Distrito Federal",77 m² construidos,2 recámaras,2 baños,https://departamento.mercadolibre.com.mx/MLM-2985355555-departamento-en-preventa-panorama-lindavista-_JM,https://http2.mlstatic.com/D_NQ_NP_2X_872516-MLM111729075594_062026-E.webp,Gustavo A Madero,77.0,2.0,2.0,70889.61038961039
Departamento En Venta En Vallejo,2383500,MXN,"Schumann 117, Colonia Lindavista Vallejo III Sección, Gustavo A. Madero, Distrito Federal",58 m² construidos,2 recámaras,1 baño,https://departamento.mercadolibre.com.mx/MLM-5575406304-departamento-en-venta-en-vallejo-_JM,https://http2.mlstatic.com/D_NQ_NP_2X_663549-MLM112588657052_062026-E.webp,Gustavo A Madero,58.0,2.0,1.0,41094.8275862069
"Departamento En Venta-av. Centenario 1966, Santiago Atzacoalco, Gam, Permite Que Tú Crédito Infonavit Pague Los Gastos Notariales.",2040000,MXN,"Av. Centenario 1966, Pueblo De Santiago Atzacoalco, Ciudad De México, Pueblo Santiago Atzacoalco, Gustavo A. Madero, Distrito Federal",49 m² construidos,2 recámaras,1 baño,https://departamento.mercadolibre.com.mx/MLM-5832373796-departamento-en-venta-av-centenario-1966-santiago-atzacoalco-gam-permite-que-tu-credito-infonavit-pague-los-gastos-notariales-_JM,https://http2.mlstatic.com/D_NQ_NP_2X_643789-MLM115249346285_072026-E.webp,Gustavo A Madero,49.0,2.0,1.0,41632.65306122449
"Departamento En Venta En Guadalupe Tepeyac, Gustavo A. Madero, Ciudad De México",2680000,MXN,"JULIETA, Guadalupe Tepeyac, Gustavo A. Madero, Distrito Federal",54 m² construidos,2 recámaras,1 baño,https://departamento.mercadolibre.com.mx/MLM-3184018599-departamento-en-venta-en-guadalupe-tepeyac-gustavo-a-madero-ciudad-de-mexico-_JM,https://http2.mlstatic.com/D_NQ_NP_2X_753315-MLM115037423369_072026-E.webp,Gustavo A Madero,54.0,2.0,1.0,49629.62962962963
"Departamento En Venta, Col. Lindavista Gustavo A Madero",5104500,MXN,"Av Politécnico, Col. Lindavista, Gustavo A. Madero, Distrito Federal",67 m² construidos,2 recámaras,2 baños,https://departamento.mercadolibre.com.mx/MLM-2908007511-departamento-en-venta-col-lindavista-gustavo-a-madero-_JM,https://http2.mlstatic.com/D_NQ_NP_2X_925400-MLM110281659970_052026-E.webp,Gustavo A Madero,67.0,2.0,2.0,76186.5671641791
Loft En Pre-venta En Indios Verdes,2309000,MXN,"Acueducto De Ticoman 1044, Gustavo A. Madero, Distrito Federal",52 m² construidos,2 recámaras,1 baño,https://departamento.mercadolibre.com.mx/MLM-3081313593-loft-en-pre-venta-en-indios-verdes-_JM,https://http2.mlstatic.com/D_NQ_NP_2X_973955-MLM114129894953_072026-E.webp,Gustavo A Madero,52.0,2.0,1.0,44403.846153846156
Venta Deptos. Y Penthouse Av. Cienfuegos Resid. Zacatenco Apa_4584 Am,4000000,MXN,"Residencial Zacatenco, Gustavo A. Madero, Distrito Federal",70 m² construidos,2 recámaras,2 baños,https://departamento.mercadolibre.com.mx/MLM-5715760290-venta-deptos-y-penthouse-av-cienfuegos-resid-zacatenco-apa4584-am-_JM,https://http2.mlstatic.com/D_NQ_NP_2X_694438-MLM114549859247_072026-E.webp,Gustavo A Madero,70.0,2.0,2.0,57142.857142857145
Departamento En Venta En Zona Escolar,1894903,MXN,"Carretera Tenayuca Chalmita 551, Zona Escolar Oriente, Gustavo A. Madero, Distrito Federal",55 m² construidos,3 recámaras,1 baño,https://departamento.mercadolibre.com.mx/MLM-5479729706-departamento-en-venta-en-zona-escolar-_JM,https://http2.mlstatic.com/D_NQ_NP_2X_799113-MLM112993085217_062026-E.webp,Gustavo A Madero,55.0,3.0,1.0,34452.781818181815
Departamento En Venta - Lindavista,3962000,MXN,"Residencial Zacatenco, Gustavo A. Madero, Distrito Federal",82 m² construidos,2 recámaras,2 baños,https://departamento.mercadolibre.com.mx/MLM-5186917264-departamento-en-venta-lindavista-_JM,https://http2.mlstatic.com/D_NQ_NP_2X_847219-MLM107603378193_022026-E.webp,Gustavo A Madero,82.0,2.0,2.0,48317.07317073171
Departamento En Venta En Dm Nacional | San Juan De Aragón | Gran Canal,2550000,MXN,"Calzada San Juan De Aragón 439, Rinconada Don Blas Edificio B, DM Nacional, Gustavo A. Madero, Distrito Federal",55 m² construidos,2 recámaras,1 baño,https://departamento.mercadolibre.com.mx/MLM-5473729828-departamento-en-venta-en-dm-nacional-san-juan-de-aragon-gran-canal-_JM,https://http2.mlstatic.com/D_NQ_NP_2X_870848-MLM111833142682_062026-E.webp,Gustavo A Madero,55.0,2.0,1.0,46363.63636363636
"Departamento En Venta En 15 De Agosto, Gustavo A. Madero, Ciudad De México",2600000,MXN,"Gral. Pedro Maria Anaya, 15 De Agosto, Gustavo A. Madero, Distrito Federal",60 m² construidos,2 recámaras,2 baños,https://departamento.mercadolibre.com.mx/MLM-3184027197-departamento-en-venta-en-15-de-agosto-gustavo-a-madero-ciudad-de-mexico-_JM,https://http2.mlstatic.com/D_NQ_NP_2X_618774-MLM113745737470_072026-E.webp,Gustavo A Madero,60.0,2.0,2.0,43333.333333333336
"Departamento En Venta En Vasco De Quiroga, Gustavo A. Madero, Cdmx",1700000,MXN,"Padre Juan Bosco, Vasco De Quiroga, Gustavo A. Madero, Distrito Federal",49 m² construidos,2 recámaras,1 baño,https://departamento.mercadolibre.com.mx/MLM-2811229953-departamento-en-venta-en-vasco-de-quiroga-gustavo-a-madero-cdmx-_JM,https://http2.mlstatic.com/D_NQ_NP_2X_776084-MLM109288361921_032026-E.webp,Gustavo A Madero,49.0,2.0,1.0,34693.87755102041
Departamento Sky Towers Linda Vista,4250000,MXN,"Magdalena De Las Salinas, Gustavo A. Madero, Distrito Federal",75 m² construidos,2 recámaras,2 baños,https://departamento.mercadolibre.com.mx/MLM-2848186047-departamento-sky-towers-linda-vista-_JM,https://http2.mlstatic.com/D_NQ_NP_2X_688250-MLM114864383323_072026-E.webp,Gustavo A Madero,75.0,2.0,2.0,56666.666666666664
"Cerca Del Metro Martin Carrera , Sobre Avenida A Un Lado De Aurrera , Cerca De La Basilica De Guadalupe , Transporte A Pie De Edificio , Cerca Mercado Y Bancos",2600000,MXN,"Av. Centenario 1960, Pueblo De Santiago Atzacoalco, Ciudad De México, Pueblo Santiago Atzacoalco, Gustavo A. Madero, Distrito Federal",56 m² construidos,2 recámaras,2 baños,https://departamento.mercadolibre.com.mx/MLM-5844586490-cerca-del-metro-martin-carrera-sobre-avenida-a-un-lado-de-aurrera-cerca-de-la-basilica-de-guadalupe-transporte-a-pie-de-edificio-cerca-mercado-y-bancos-_JM,https://http2.mlstatic.com/D_NQ_NP_2X_846812-MLM113988572086_072026-E.webp,Gustavo A Madero,56.0,2.0,2.0,46428.57142857143
"Departamento En Venta En Lindavista Norte, Gustavo A. Madero, Ciudad De México",4190000,MXN,"AV INSURGENTES NTE, Lindavista Norte, Gustavo A. Madero, Distrito Federal",63 m² construidos,2 recámaras,2 baños,https://departamento.mercadolibre.com.mx/MLM-5793810172-departamento-en-venta-en-lindavista-norte-gustavo-a-madero-ciudad-de-mexico-_JM,https://http2.mlstatic.com/D_NQ_NP_2X_612454-MLM115036661047_072026-E.webp,Gustavo A Madero,63.0,2.0,2.0,66507.93650793651
Departamento En Venta / Av Edurado Molina.,2920000,MXN,"Av. Ing. Eduardo Molina, Salvador Díaz Mirón, Ciudad De México, Vasco De Quiroga, Gustavo A. Madero, Distrito Federal",59 m² construidos,2 recámaras,1 baño,https://departamento.mercadolibre.com.mx/MLM-5808864338-departamento-en-venta-av-edurado-molina-_JM,https://http2.mlstatic.com/D_NQ_NP_2X_922362-MLM113938162080_072026-E.webp,Gustavo A Madero,59.0,2.0,1.0,49491.52542372881
"Departamento En Venta En Panamericana, Gustavo A. Madero, Ciudad De México",2200000,MXN,"Calle Norte 7 A, Panamericana, Gustavo A. Madero, Distrito Federal",46 m² construidos,2 recámaras,1 baño,https://departamento.mercadolibre.com.mx/MLM-5793811374-departamento-en-venta-en-panamericana-gustavo-a-madero-ciudad-de-mexico-_JM,https://http2.mlstatic.com/D_NQ_NP_2X_737744-MLM113744208094_072026-E.webp,Gustavo A Madero,46.0,2.0,1.0,47826.086956521736
Departamento En Venta Planta Baja En Privada 1 Recamara Guadalupe Tepeyac Gustavo A. Madero Cdmx.,2100000,MXN,"Guadalupe Tepeyac, Mexico City, Guadalupe Tepeyac, Gustavo A. Madero, Distrito Federal",40 m² construidos,1 recámara,1 baño,https://departamento.mercadolibre.com.mx/MLM-3208177241-departamento-en-venta-planta-baja-en-privada-1-recamara-guadalupe-tepeyac-gustavo-a-madero-cdmx-_JM,https://http2.mlstatic.com/D_NQ_NP_2X_773897-MLM111599540809_052026-E.webp,Gustavo A Madero,40.0,1.0,1.0,52500.0
Departamento En Venta En Vallejo,3490000,MXN,"Vallejo, Colonia Lindavista Vallejo III Sección, Gustavo A. Madero, Distrito Federal",92 m² construidos,3 recámaras,2 baños,https://departamento.mercadolibre.com.mx/MLM-5485127564-departamento-en-venta-en-vallejo-_JM,https://http2.mlstatic.com/D_NQ_NP_2X_893686-MLM113044154481_062026-E.webp,Gustavo A Madero,92.0,3.0,2.0,37934.782608695656
"Departamento En Venta Sobre Planos Lindavista, Gustavo A",3126999,MXN,"Lindavista Vallejo I Sección, Gustavo A. Madero, Distrito Federal",51 m² construidos,1 recámara,1 baño,https://departamento.mercadolibre.com.mx/MLM-3102169681-departamento-en-venta-sobre-planos-lindavista-gustavo-a-_JM,https://http2.mlstatic.com/D_NQ_NP_2X_900437-MLM114295773961_072026-E.webp,Gustavo A Madero,51.0,1.0,1.0,61313.705882352944
"Departamento En Venta Sobre Planos Lindavista, Gustavo A",4103999,MXN,"Lindavista Vallejo I Sección, Gustavo A. Madero, Distrito Federal",85 m² construidos,2 recámaras,2 baños,https://departamento.mercadolibre.com.mx/MLM-3102169677-departamento-en-venta-sobre-planos-lindavista-gustavo-a-_JM,https://http2.mlstatic.com/D_NQ_NP_2X_829636-MLM113943818934_072026-E.webp,Gustavo A Madero,85.0,2.0,2.0,48282.34117647059
"Departamento En Venta, Planta Baja Lindavista",5600000,MXN,"Salaverry, Ciudad De México, Lindavista Norte, Gustavo A. Madero, Distrito Federal",143 m² construidos,3 recámaras,2 baños,https://departamento.mercadolibre.com.mx/MLM-3094043997-departamento-en-venta-planta-baja-lindavista-_JM,https://http2.mlstatic.com/D_NQ_NP_2X_768566-MLM113031738036_072026-E.webp,Gustavo A Madero,143.0,3.0,2.0,39160.83916083916
"Departamento En Venta En Unidad La Patera Vallejo, Gustavo A. Madero, Muy Cerca Del Eje Central Y El Ipn Zacatenco",2220000,MXN,"Miguel Othon De Mendizabal - Unidad Patera Vallejo, Nueva Industrial Vallejo, 07700 Ciudad De México, CDMX, Mexico, La Patera Vallejo, Gustavo A. Madero, Distrito Federal",76 m² construidos,3 recámaras,1 baño,https://departamento.mercadolibre.com.mx/MLM-5823272394-departamento-en-venta-en-unidad-la-patera-vallejo-gustavo-a-madero-muy-cerca-del-eje-central-y-el-ipn-zacatenco-_JM,https://http2.mlstatic.com/D_NQ_NP_2X_680482-MLM113897663172_072026-E.webp,Gustavo A Madero,76.0,3.0,1.0,29210.526315789473
Departamento En Venta - Lindavista,4900000,MXN,"Residencial Zacatenco, Gustavo A. Madero, Distrito Federal",98 m² construidos,3 recámaras,2 baños,https://departamento.mercadolibre.com.mx/MLM-5186792292-departamento-en-venta-lindavista-_JM,https://http2.mlstatic.com/D_NQ_NP_2X_684428-MLM106921919362_022026-E.webp,Gustavo A Madero,98.0,3.0,2.0,50000.0
Departamento En Venta - Lindavista,5930000,MXN,"Lindavista Norte, Gustavo A. Madero, Distrito Federal",100 m² construidos,3 recámaras,2 baños,https://departamento.mercadolibre.com.mx/MLM-2865157803-departamento-en-venta-lindavista-_JM,https://http2.mlstatic.com/D_NQ_NP_2X_860925-MLM106921922632_022026-E.webp,Gustavo A Madero,100.0,3.0,2.0,59300.0
Departamento En Venta - Lindavista,4480000,MXN,"Lindavista Norte, Gustavo A. Madero, Distrito Federal",91 m² construidos,2 recámaras,2 baños,https://departamento.mercadolibre.com.mx/MLM-5187034478-departamento-en-venta-lindavista-_JM,https://http2.mlstatic.com/D_NQ_NP_2X_619455-MLM106921922654_022026-E.webp,Gustavo A Madero,91.0,2.0,2.0,49230.769230769234
"Departamento En Venta En Colonia Bondojito, Gustavo A. Madero, Ciudad De México",3426400,MXN,"Ferrocarril Hidalgo  1375, Bondojito, Gustavo A. Madero, Distrito Federal",64 m² construidos,2 recámaras,1 baño,https://departamento.mercadolibre.com.mx/MLM-5861248650-departamento-en-venta-en-colonia-bondojito-gustavo-a-madero-ciudad-de-mexico-_JM,https://http2.mlstatic.com/D_NQ_NP_2X_870535-MLM115372898921_072026-E.webp,Gustavo A Madero,64.0,2.0,1.0,53537.5
"Departamento En Venta En Colonia Guadalupe Tepeyac, Gustavo A. Madero, Ciudad De México",2450000,MXN,"Alicia 38, Guadalupe Tepeyac, Gustavo A. Madero, Distrito Federal",63 m² construidos,2 recámaras,1 baño,https://departamento.mercadolibre.com.mx/MLM-5861272976-departamento-en-venta-en-colonia-guadalupe-tepeyac-gustavo-a-madero-ciudad-de-mexico-_JM,https://http2.mlstatic.com/D_NQ_NP_2X_786918-MLM114051528398_072026-E.webp,Gustavo A Madero,63.0,2.0,1.0,38888.88888888889
Venta Departamentos Industrial T-df0215-0116,4560000,MXN,"AV. EUZKARO, Industrial, Gustavo A. Madero, Distrito Federal",85 m² construidos,2 recámaras,2 baños,https://departamento.mercadolibre.com.mx/MLM-3253249795-venta-departamentos-industrial-t-df0215-0116-_JM,https://http2.mlstatic.com/D_NQ_NP_2X_855814-MLM115654106583_082026-E.webp,Gustavo A Madero,85.0,2.0,2.0,53647.05882352941
"Departamento En Venta En Colonia Villa De Aragón, Gustavo A. Madero, Ciudad De México",2855070,MXN,"Cuitlahuac 99, Villa De Aragón, Gustavo A. Madero, Distrito Federal",58 m² construidos,2 recámaras,1 baño,https://departamento.mercadolibre.com.mx/MLM-5861274656-departamento-en-venta-en-colonia-villa-de-aragon-gustavo-a-madero-ciudad-de-mexico-_JM,https://http2.mlstatic.com/D_NQ_NP_2X_672389-MLM115372880195_072026-E.webp,Gustavo A Madero,58.0,2.0,1.0,49225.34482758621
Venta Departamentos Tepeyac Insurgentes T-df0215-0112,2790000,MXN,"ONIQUINA, Tepeyac Insurgentes, Gustavo A. Madero, Distrito Federal",58 m² construidos,2 recámaras,1 baño,https://departamento.mercadolibre.com.mx/MLM-3253275425-venta-departamentos-tepeyac-insurgentes-t-df0215-0112-_JM,https://http2.mlstatic.com/D_NQ_NP_2X_811998-MLM114313184038_082026-E.webp,Gustavo A Madero,58.0,2.0,1.0,48103.44827586207
"Departamento En Venta En Lindavista, Gustavo Madero Jl 25-660.",4713900,MXN,"Gustavo Madero, Lindavista, Gustavo A. Madero, Distrito Federal",71 m² construidos,2 recámaras,2 baños,https://departamento.mercadolibre.com.mx/MLM-5863541134-departamento-en-venta-en-lindavista-gustavo-madero-jl-25-660-_JM,https://http2.mlstatic.com/D_NQ_NP_2X_911412-MLM114060906874_072026-E.webp,Gustavo A Madero,71.0,2.0,2.0,66392.95774647887
Venta Departamentos Dm Nacional T-df0066-0787,2300000,MXN,"SAN JUAN DE ARAGON, DM Nacional, Gustavo A. Madero, Distrito Federal",60 m² construidos,2 recámaras,1 baño,https://departamento.mercadolibre.com.mx/MLM-5866605870-venta-departamentos-dm-nacional-t-df0066-0787-_JM,https://http2.mlstatic.com/D_NQ_NP_2X_612170-MLM115403876689_072026-E.webp,Gustavo A Madero,60.0,2.0,1.0,38333.333333333336
Venta Departamentos Tepeyac Insurgentes T-df0215-0111,2790000,MXN,"ONIQUINA, Tepeyac Insurgentes, Gustavo A. Madero, Distrito Federal",57 m² construidos,2 recámaras,1 baño,https://departamento.mercadolibre.com.mx/MLM-3253275435-venta-departamentos-tepeyac-insurgentes-t-df0215-0111-_JM,https://http2.mlstatic.com/D_NQ_NP_2X_964526-MLM115654135381_082026-E.webp,Gustavo A Madero,57.0,2.0,1.0,48947.36842105263
"Departamento En Venta En Lindavista,gustavo Madero Jl 25-659.",4534500,MXN,"Gustavo Madero ,lindavista, Gustavo A. Madero, Distrito Federal",65 m² construidos,2 recámaras,2 baños,https://departamento.mercadolibre.com.mx/MLM-5863541216-departamento-en-venta-en-lindavistagustavo-madero-jl-25-659-_JM,https://http2.mlstatic.com/D_NQ_NP_2X_849955-MLM115383165559_072026-E.webp,Gustavo A Madero,65.0,2.0,2.0,69761.53846153847
"Departamento En Venta En Lindavista, Gustavo Madero Jl 25-661.",4667400,MXN,"Gustavo Madero ,lindavista, Gustavo A. Madero, Distrito Federal",65 m² construidos,2 recámaras,2 baños,https://departamento.mercadolibre.com.mx/MLM-5863528410-departamento-en-venta-en-lindavista-gustavo-madero-jl-25-661-_JM,https://http2.mlstatic.com/D_NQ_NP_2X_991003-MLM114060908158_072026-E.webp,Gustavo A Madero,65.0,2.0,2.0,71806.15384615384
Venta Departamentos Vallejo T-df0236-0073,1850000,MXN,"ESTAÑO, Vallejo, Gustavo A. Madero, Distrito Federal",65 m² construidos,2 recámaras,1 baño,https://departamento.mercadolibre.com.mx/MLM-5885738530-venta-departamentos-vallejo-t-df0236-0073-_JM,https://http2.mlstatic.com/D_NQ_NP_2X_929846-MLM115542488079_082026-E.webp,Gustavo A Madero,65.0,2.0,1.0,28461.53846153846
Venta Departamento 2 Ambientes Guadalupe Insurgentes,2450000,MXN,"Insurgentes Norte, 1249, Guadalupe Insurgentes, Gustavo A. Madero, Distrito Federal",50 m² construidos,2 recámaras,1 baño,https://departamento.mercadolibre.com.mx/MLM-5882274858-venta-departamento-2-ambientes-guadalupe-insurgentes-_JM,https://http2.mlstatic.com/D_NQ_NP_2X_764478-MLM114186833884_082026-E.webp,Gustavo A Madero,50.0,2.0,1.0,49000.0
Venta Departamentos Vallejo T-df0236-0066,1500000,MXN,"JUAN SEBASTIAN BACH, Vallejo, Gustavo A. Madero, Distrito Federal",32 m² construidos,1 recámara,1 baño,https://departamento.mercadolibre.com.mx/MLM-3241193805-venta-departamentos-vallejo-t-df0236-0066-_JM,https://http2.mlstatic.com/D_NQ_NP_2X_629222-MLM114208766924_082026-E.webp,Gustavo A Madero,32.0,1.0,1.0,46875.0
Departamento 39m2 De 1 Recamara Balcon Bodega En Aragon La Villa,1980000,MXN,"Aragón La Villa, Gustavo A. Madero, Distrito Federal",38 m² construidos,1 recámara,1 baño,https://departamento.mercadolibre.com.mx/MLM-3233319335-departamento-39m2-de-1-recamara-balcon-bodega-en-aragon-la-villa-_JM,https://http2.mlstatic.com/D_NQ_NP_2X_684452-MLM104599202289_012026-E.webp,Gustavo A Madero,38.0,1.0,1.0,52105.26315789474
Departamento En Venta  Planta Baja Gustavo A. Madero,1999000,MXN,"Vasco De Quiroga, Gustavo A. Madero, Distrito Federal",62 m² construidos,3 recámaras,2 baños,https://departamento.mercadolibre.com.mx/MLM-2917168473-departamento-en-venta-planta-baja-gustavo-a-madero-_JM,https://http2.mlstatic.com/D_NQ_NP_2X_739963-MLM111416608073_052026-E.webp,Gustavo A Madero,62.0,3.0,2.0,32241.935483870966
Venta Departamentos Industrial T-df0024-0426,2300000,MXN,"SANTA GERTRUDIS, Industrial, Gustavo A. Madero, Distrito Federal",86 m² construidos,1 recámara,1 baño,https://departamento.mercadolibre.com.mx/MLM-5338100142-venta-departamentos-industrial-t-df0024-0426-_JM,https://http2.mlstatic.com/D_NQ_NP_2X_842635-MLM111648126411_052026-E.webp,Gustavo A Madero,86.0,1.0,1.0,26744.18604651163
"Departamento En Venta Torres De Quiroga, Gustavo A. Madero, Cdmx",1600000,MXN,"Av. Ingeniero Eduardo Molina 1720, Edf 16, Depto 112, Vasco De Quiroga, Gustavo A. Madero, Distrito Federal",59 m² construidos,2 recámaras,1 baño,https://departamento.mercadolibre.com.mx/MLM-2937030791-departamento-en-venta-torres-de-quiroga-gustavo-a-madero-cdmx-_JM,https://http2.mlstatic.com/D_NQ_NP_2X_775001-MLM110834353720_052026-E.webp,Gustavo A Madero,59.0,2.0,1.0,27118.64406779661
Venta Departamentos Industrial T-df0215-0100,1690000,MXN,"AV. EUZKARO, Industrial, Gustavo A. Madero, Distrito Federal",55 m² construidos,2 recámaras,1 baño,https://departamento.mercadolibre.com.mx/MLM-5309650946-venta-departamentos-industrial-t-df0215-0100-_JM,https://http2.mlstatic.com/D_NQ_NP_2X_923696-MLM110461715854_052026-E.webp,Gustavo A Madero,55.0,2.0,1.0,30727.272727272728
"Depto En Col.guadalupe Proletaria, Gam",1800000,MXN,"Guadalupe Proletaria, Gustavo A. Madero, Distrito Federal",65 m² construidos,3 recámaras,1 baño,https://departamento.mercadolibre.com.mx/MLM-2737846821-depto-en-colguadalupe-proletaria-gam-_JM,https://http2.mlstatic.com/D_NQ_NP_2X_936477-MLM106933592693_022026-E.webp,Gustavo A Madero,65.0,3.0,1.0,27692.30769230769
Preventa Hacienda Acueducto Lindavista,2100000,MXN,"Ticoman, Gustavo A. Madero, Distrito Federal",48 m² construidos,2 recámaras,1 baño,https://departamento.mercadolibre.com.mx/MLM-4841450350-preventa-hacienda-acueducto-lindavista-_JM,https://http2.mlstatic.com/D_NQ_NP_2X_950023-MLM114613175641_072026-E.webp,Gustavo A Madero,48.0,2.0,1.0,43750.0
Venta Departamentos Guadalupe Tepeyac T-df0219-0104,2530000,MXN,"CARLOTA, Guadalupe Tepeyac, Gustavo A. Madero, Distrito Federal",78 m² construidos,2 recámaras,1 baño,https://departamento.mercadolibre.com.mx/MLM-5400670324-venta-departamentos-guadalupe-tepeyac-t-df0219-0104-_JM,https://http2.mlstatic.com/D_NQ_NP_2X_610954-MLM111188051994_052026-E.webp,Gustavo A Madero,78.0,2.0,1.0,32435.897435897437
"Departamento En Venta En Col. El Arbolillo, Gustavo A. Madero, Cdmx.",1350000,MXN,"Unidad Habitacional El Arbolillo II 40 Edif 40 Depto 203, El Arbolillo, Gustavo A. Madero, Distrito Federal",51 m² construidos,2 recámaras,1 baño,https://departamento.mercadolibre.com.mx/MLM-2811202961-departamento-en-venta-en-col-el-arbolillo-gustavo-a-madero-cdmx-_JM,https://http2.mlstatic.com/D_NQ_NP_2X_601464-MLM108489266594_032026-E.webp,Gustavo A Madero,51.0,2.0,1.0,26470.58823529412
"Departamento En Venta En  Vallejo, Gustavo A. Madero, Ciudad De México.",2415000,MXN,"Caruso 321, Industrial Vallejo, Gustavo A. Madero, Distrito Federal",63 m² construidos,2 recámaras,1 baño,https://departamento.mercadolibre.com.mx/MLM-2855931119-departamento-en-venta-en-vallejo-gustavo-a-madero-ciudad-de-mexico-_JM,https://http2.mlstatic.com/D_NQ_NP_2X_959808-MLM110288159047_042026-E.webp,Gustavo A Madero,63.0,2.0,1.0,38333.333333333336
Departamento En Venta Frente Al Deportivo Bondogito,3050000,MXN,"Emiliano Zapata, Gustavo A. Madero, Distrito Federal",65 m² construidos,2 recámaras,1 baño,https://departamento.mercadolibre.com.mx/MLM-2750066849-departamento-en-venta-frente-al-deportivo-bondogito-_JM,https://http2.mlstatic.com/D_NQ_NP_2X_638921-MLM106908635360_022026-E.webp,Gustavo A Madero,65.0,2.0,1.0,46923.07692307692
Venta Departamentos Nueva Industrial Vallejo T-df0257-0005,2150000,MXN,"MARGARITA MAZA DE JUAREZ, Nueva Industrial Vallejo, Gustavo A. Madero, Distrito Federal",51 m² construidos,2 recámaras,1 baño,https://departamento.mercadolibre.com.mx/MLM-2800904841-venta-departamentos-nueva-industrial-vallejo-t-df0257-0005-_JM,https://http2.mlstatic.com/D_NQ_NP_2X_620333-MLM110175975323_042026-E.webp,Gustavo A Madero,51.0,2.0,1.0,42156.86274509804
Venta Departamento Cerca Terminal Del Norte,1700000,MXN,"Defensores De La República, Gustavo A. Madero, Distrito Federal",82 m² construidos,2 recámaras,2 baños,https://departamento.mercadolibre.com.mx/MLM-3026219189-venta-departamento-cerca-terminal-del-norte-_JM,https://http2.mlstatic.com/D_NQ_NP_2X_671090-MLM115080958205_072026-E.webp,Gustavo A Madero,82.0,2.0,2.0,20731.70731707317
Departamento En Venta Santa Rosa Gustavo A. Madero Cdmx,1650000,MXN,"Joyas Vallejo, Santa Rosa, Gustavo A. Madero, Distrito Federal",64 m² construidos,2 recámaras,1 baño,https://departamento.mercadolibre.com.mx/MLM-3208176215-departamento-en-venta-santa-rosa-gustavo-a-madero-cdmx-_JM,https://http2.mlstatic.com/D_NQ_NP_2X_687322-MLM113945283298_072026-E.webp,Gustavo A Madero,64.0,2.0,1.0,25781.25
Departamento 64m2 Balcon 2 Recamaras Bodega En Aragon La Villa,2810000,MXN,"Aragón La Villa, Gustavo A. Madero, Distrito Federal",64 m² construidos,2 recámaras,2 baños,https://departamento.mercadolibre.com.mx/MLM-5192525738-departamento-64m2-balcon-2-recamaras-bodega-en-aragon-la-villa-_JM,https://http2.mlstatic.com/D_NQ_NP_2X_757221-MLM114714125955_072026-E.webp,Gustavo A Madero,64.0,2.0,2.0,43906.25
Venta Departamentos Vallejo T-df0236-0061,1480000,MXN,"ABUNDIO MARTINEZ, Vallejo, Gustavo A. Madero, Distrito Federal",44 m² construidos,2 recámaras,1 baño,https://departamento.mercadolibre.com.mx/MLM-2951149259-venta-departamentos-vallejo-t-df0236-0061-_JM,https://http2.mlstatic.com/D_NQ_NP_2X_993909-MLM112202174437_052026-E.webp,Gustavo A Madero,44.0,2.0,1.0,33636.36363636364
"Departamento En Venta El Arbolillo 2, Gustavo A. Madero, Cdmex",1350000,MXN,"El Arbolillo 43, Arbolillo II, Gustavo A. Madero, 07239 Ciudad De México, CDMX Edificio 47 Departamento 203, El Arbolillo, Gustavo A. Madero, Distrito Federal",52 m² construidos,2 recámaras,1 baño,https://departamento.mercadolibre.com.mx/MLM-5030572072-departamento-en-venta-el-arbolillo-2-gustavo-a-madero-cdmex-_JM,https://http2.mlstatic.com/D_NQ_NP_2X_929516-MLM108186470898_032026-E.webp,Gustavo A Madero,52.0,2.0,1.0,25961.53846153846
Venta Departamentos Ex Ejido San Juan De Aragon Sector 32 T-df0237-0015,1400000,MXN,"PUERTO OPORTO, San Juan De Aragón I Sección, Gustavo A. Madero, Distrito Federal",47 m² construidos,2 recámaras,1 baño,https://departamento.mercadolibre.com.mx/MLM-4789167488-venta-departamentos-ex-ejido-san-juan-de-aragon-sector-32-t-df0237-0015-_JM,https://http2.mlstatic.com/D_NQ_NP_2X_709180-MLM106682624738_022026-E.webp,Gustavo A Madero,47.0,2.0,1.0,29787.23404255319
Departamento En  Venta Gustavo Madero Lindavista  Gis  25-660,4713000,MXN,"Departamento En  Venta Gustavo Madero Lindavista  GIS  25-660, Gustavo A. Madero, Distrito Federal",71 m² construidos,2 recámaras,2 baños,https://departamento.mercadolibre.com.mx/MLM-3160155217-departamento-en-venta-gustavo-madero-lindavista-gis-25-660-_JM,https://http2.mlstatic.com/D_NQ_NP_2X_632536-MLM114846679817_072026-E.webp,Gustavo A Madero,71.0,2.0,2.0,66380.28169014085
Departamento En  Venta Gustavo Madero Lindavista  Gis 25-661,4538900,MXN,"Departamento En  Venta Gustavo Madero Lindavista  GIS  25-661, Gustavo A. Madero, Distrito Federal",65 m² construidos,2 recámaras,2 baños,https://departamento.mercadolibre.com.mx/MLM-5756664144-departamento-en-venta-gustavo-madero-lindavista-gis-25-661-_JM,https://http2.mlstatic.com/D_NQ_NP_2X_906621-MLM114846650425_072026-E.webp,Gustavo A Madero,65.0,2.0,2.0,69829.23076923077
Departamento En  Venta Gustavo Madero Lindavista  Gis 25-659,4534500,MXN,"Departamento En  Venta Gustavo Madero Lindavista  GIS  25-659, Gustavo A. Madero, Distrito Federal",65 m² construidos,2 recámaras,2 baños,https://departamento.mercadolibre.com.mx/MLM-3160155219-departamento-en-venta-gustavo-madero-lindavista-gis-25-659-_JM,https://http2.mlstatic.com/D_NQ_NP_2X_955997-MLM114846652527_072026-E.webp,Gustavo A Madero,65.0,2.0,2.0,69761.53846153847
Venta Departamentos Vallejo T-df0236-0046,1800000,MXN,"FELIPE VILLANUEVA, Vallejo, Gustavo A. Madero, Distrito Federal",57 m² construidos,2 recámaras,1 baño,https://departamento.mercadolibre.com.mx/MLM-2848241869-venta-departamentos-vallejo-t-df0236-0046-_JM,https://http2.mlstatic.com/D_NQ_NP_2X_717794-MLM110136716245_042026-E.webp,Gustavo A Madero,57.0,2.0,1.0,31578.947368421053
Venta Departamentos Vallejo T-df0236-0030,3200000,MXN,"MINEROS METALURGICOS, Vallejo, Gustavo A. Madero, Distrito Federal",80 m² construidos,3 recámaras,2 baños,https://departamento.mercadolibre.com.mx/MLM-5460425068-venta-departamentos-vallejo-t-df0236-0030-_JM,https://http2.mlstatic.com/D_NQ_NP_2X_846379-MLM106396364086_022026-E.webp,Gustavo A Madero,80.0,3.0,2.0,40000.0
Venta Departamentos San Bartolo Atepehuacan T-df0217-0111,2900000,MXN,"EJE CENTRAL LAZARO CARDENAS, San Bartolo Atepehuacan, Gustavo A. Madero, Distrito Federal",94 m² construidos,3 recámaras,1 baño,https://departamento.mercadolibre.com.mx/MLM-5352903000-venta-departamentos-san-bartolo-atepehuacan-t-df0217-0111-_JM,https://http2.mlstatic.com/D_NQ_NP_2X_609223-MLM111764773441_052026-E.webp,Gustavo A Madero,94.0,3.0,1.0,30851.063829787236
"Departamento En Venta En Colonia Guadalupe Tepeyac, Gustavo A. Madero, Ciudad De México",2984315,MXN,"SARA 4413, Guadalupe Tepeyac, Gustavo A. Madero, Distrito Federal",54 m² construidos,3 recámaras,2 baños,https://departamento.mercadolibre.com.mx/MLM-5042106658-departamento-en-venta-en-colonia-guadalupe-tepeyac-gustavo-a-madero-ciudad-de-mexico-_JM,https://http2.mlstatic.com/D_NQ_NP_2X_856986-MLM108324227444_032026-E.webp,Gustavo A Madero,54.0,3.0,2.0,55265.09259259259
"Departamento En Venta Guadalupe Tepeyac, Gustavo A. Madero",3150000,MXN,"Guadalupe Tepeyac, Gustavo A. Madero, Distrito Federal",58 m² construidos,3 recámaras,2 baños,https://departamento.mercadolibre.com.mx/MLM-2834096543-departamento-en-venta-guadalupe-tepeyac-gustavo-a-madero-_JM,https://http2.mlstatic.com/D_NQ_NP_2X_721727-MLM109052212034_032026-E.webp,Gustavo A Madero,58.0,3.0,2.0,54310.34482758621
Venta Departamentos Nueva Industrial Vallejo T-df0257-0018,2700000,MXN,"AV. MIGUEL OTHON DE MENDIZABAL, Nueva Industrial Vallejo, Gustavo A. Madero, Distrito Federal",89 m² construidos,3 recámaras,1 baño,https://departamento.mercadolibre.com.mx/MLM-5496969234-venta-departamentos-nueva-industrial-vallejo-t-df0257-0018-_JM,https://http2.mlstatic.com/D_NQ_NP_2X_709031-MLM112021110278_062026-E.webp,Gustavo A Madero,89.0,3.0,1.0,30337.078651685395
Venta Departamentos San Juan De Aragon I Seccion T-df0237-0009,3360000,MXN,"AV OCEANIA, San Juan De Aragón I Sección, Gustavo A. Madero, Distrito Federal",112 m² construidos,3 recámaras,2 baños,https://departamento.mercadolibre.com.mx/MLM-5563259656-venta-departamentos-san-juan-de-aragon-i-seccion-t-df0237-0009-_JM,https://http2.mlstatic.com/D_NQ_NP_2X_842021-MLM106759790487_022026-E.webp,Gustavo A Madero,112.0,3.0,2.0,30000.0
"Departamento En Venta Siete Maravillas, Gustavo A. Madero",5850000,MXN,"Siete Maravillas, Gustavo A. Madero, Distrito Federal",185 m² construidos,3 recámaras,2 baños,https://departamento.mercadolibre.com.mx/MLM-5357408170-departamento-en-venta-siete-maravillas-gustavo-a-madero-_JM,https://http2.mlstatic.com/D_NQ_NP_2X_890701-MLM99736823765_112025-E.webp,Gustavo A Madero,185.0,3.0,2.0,31621.62162162162
"Departamento En Venta En Colonia Nueva Industrial Vallejo, Gustavo A. Madero, Ciudad De México",2995000,MXN,"Eje Central Lazaro Cardenas 1040, Nueva Industrial Vallejo, Gustavo A. Madero, Distrito Federal",65 m² construidos,3 recámaras,1 baño,https://departamento.mercadolibre.com.mx/MLM-2797981893-departamento-en-venta-en-colonia-nueva-industrial-vallejo-gustavo-a-madero-ciudad-de-mexico-_JM,https://http2.mlstatic.com/D_NQ_NP_2X_750792-MLM108182835684_032026-E.webp,Gustavo A Madero,65.0,3.0,1.0,46076.92307692308
Departamento En Venta En Ticoman Gustavo A Madero,2591700,MXN,"La Purísima Ticoman, Gustavo A. Madero, Distrito Federal",72 m² construidos,3 recámaras,2 baños,https://departamento.mercadolibre.com.mx/MLM-3050610335-departamento-en-venta-en-ticoman-gustavo-a-madero-_JM,https://http2.mlstatic.com/D_NQ_NP_2X_629239-MLM112599768850_062026-E.webp,Gustavo A Madero,72.0,3.0,2.0,35995.833333333336
Venta De Departamentos En Residencial Zacatenco Gustavo A. Madero  Da557,4191000,MXN,"Residencial Zacatenco, Gustavo A. Madero, Distrito Federal",88 m² construidos,3 recámaras,2 baños,https://departamento.mercadolibre.com.mx/MLM-4948185854-venta-de-departamentos-en-residencial-zacatenco-gustavo-a-madero-da557-_JM,https://http2.mlstatic.com/D_NQ_NP_2X_649216-MLM107399199566_032026-E.webp,Gustavo A Madero,88.0,3.0,2.0,47625.0
"Joyas Vallejo, Metrobús Tenayuca",1748000,MXN,"Santa Rosa, Gustavo A. Madero, Distrito Federal",55 m² construidos,2 recámaras,1 baño,https://departamento.mercadolibre.com.mx/MLM-3153967925-joyas-vallejo-metrobus-tenayuca-_JM,https://http2.mlstatic.com/D_NQ_NP_2X_913219-MLM106199591615_012026-E.webp,Gustavo A Madero,55.0,2.0,1.0,31781.81818181818
Depto En Venta,3120000,MXN,"FC Hidalgo 1404 Edificio ""2 B"", Villa Gustavo A. Madero, Gustavo A. Madero, Distrito Federal",74 m² construidos,3 recámaras,2 baños,https://departamento.mercadolibre.com.mx/MLM-3113654463-depto-en-venta-_JM,https://http2.mlstatic.com/D_NQ_NP_2X_808338-MLM114379275581_072026-E.webp,Gustavo A Madero,74.0,3.0,2.0,42162.16216216216
Departamento 48m2 De 2 Recamaras 2 Baños Planta Baja En Aragon La Villa,2720000,MXN,"Aragón La Villa, Gustavo A. Madero, Distrito Federal",48 m² construidos,2 recámaras,2 baños,https://departamento.mercadolibre.com.mx/MLM-5545825750-departamento-48m2-de-2-recamaras-2-banos-planta-baja-en-aragon-la-villa-_JM,https://http2.mlstatic.com/D_NQ_NP_2X_666218-MLM104598989875_012026-E.webp,Gustavo A Madero,48.0,2.0,2.0,56666.666666666664
Venta Departamentos Vallejo T-df0219-0101,2880000,MXN,"DVORAK, Vallejo, Gustavo A. Madero, Distrito Federal",87 m² construidos,2 recámaras,1 baño,https://departamento.mercadolibre.com.mx/MLM-5326407350-venta-departamentos-vallejo-t-df0219-0101-_JM,https://http2.mlstatic.com/D_NQ_NP_2X_771187-MLM111554876559_052026-E.webp,Gustavo A Madero,87.0,2.0,1.0,33103.44827586207
Venta Departamentos Lindavista Norte T-df0085-0618,2900000,MXN,"INSURGENTES NORTE, Lindavista Norte, Gustavo A. Madero, Distrito Federal",65 m² construidos,2 recámaras,1 baño,https://departamento.mercadolibre.com.mx/MLM-5352886342-venta-departamentos-lindavista-norte-t-df0085-0618-_JM,https://http2.mlstatic.com/D_NQ_NP_2X_731112-MLM110802449946_052026-E.webp,Gustavo A Madero,65.0,2.0,1.0,44615.38461538462
"Venta De Departamento En Lindavista Vallejo Ii Secc., Gustavo A. Madero, Cdmx",2250000,MXN,"Edif 32 Ent A Depto 501, Lindavista Vallejo II Sección, Gustavo A. Madero, Distrito Federal",88 m² construidos,3 recámaras,2 baños,https://departamento.mercadolibre.com.mx/MLM-2888996843-venta-de-departamento-en-lindavista-vallejo-ii-secc-gustavo-a-madero-cdmx-_JM,https://http2.mlstatic.com/D_NQ_NP_2X_957834-MLM110856834725_042026-E.webp,Gustavo A Madero,88.0,3.0,2.0,25568.18181818182
Venta Departamentos Industrial T-df0024-0443,4800000,MXN,"AV ING BASILISO ROMO ANGUIANO, Industrial, Gustavo A. Madero, Distrito Federal",92 m² construidos,2 recámaras,2 baños,https://departamento.mercadolibre.com.mx/MLM-3108519517-venta-departamentos-industrial-t-df0024-0443-_JM,https://http2.mlstatic.com/D_NQ_NP_2X_723821-MLM114339829899_072026-E.webp,Gustavo A Madero,92.0,2.0,2.0,52173.913043478264
"Departamento En Venta Zacatenco , Gustavo A. Madero",5400000,MXN,"Acueducto De Guadalupe, Gustavo A. Madero, Distrito Federal",97 m² construidos,3 recámaras,2 baños,https://departamento.mercadolibre.com.mx/MLM-5519111996-departamento-en-venta-zacatenco-gustavo-a-madero-_JM,https://http2.mlstatic.com/D_NQ_NP_2X_760907-MLM115671675407_082026-E.webp,Gustavo A Madero,97.0,3.0,2.0,55670.1030927835
Venta Departamentos La Purisima Ticoman T-df0213-0052,1795000,MXN,"ESCUADRON 201, La Purísima Ticoman, Gustavo A. Madero, Distrito Federal",72 m² construidos,2 recámaras,1 baño,https://departamento.mercadolibre.com.mx/MLM-3202166517-venta-departamentos-la-purisima-ticoman-t-df0213-0052-_JM,https://http2.mlstatic.com/D_NQ_NP_2X_834851-MLM109556086447_032026-E.webp,Gustavo A Madero,72.0,2.0,1.0,24930.555555555555
Departamento En Venta En Villa De Aragón Gustavo A. Madero Lc472,2900000,MXN,"Villa De Aragón, Gustavo A. Madero, Distrito Federal",60 m² construidos,2 recámaras,1 baño,https://departamento.mercadolibre.com.mx/MLM-4948122548-departamento-en-venta-en-villa-de-aragon-gustavo-a-madero-lc472-_JM,https://http2.mlstatic.com/D_NQ_NP_2X_860166-MLM108114937721_032026-E.webp,Gustavo A Madero,60.0,2.0,1.0,48333.333333333336
Venta Departamentos Tepeyac Insurgentes T-df0215-0107,3495000,MXN,"F. C. HIDALGO, Tepeyac Insurgentes, Gustavo A. Madero, Distrito Federal",75 m² construidos,3 recámaras,2 baños,https://departamento.mercadolibre.com.mx/MLM-2987649615-venta-departamentos-tepeyac-insurgentes-t-df0215-0107-_JM,https://http2.mlstatic.com/D_NQ_NP_2X_885374-MLM112857115909_062026-E.webp,Gustavo A Madero,75.0,3.0,2.0,46600.0
"Departamento En Venta, Colonia Nueva Vallejo, Gustavo A. Madero, Cdmx",2900000,MXN,"Calzada Vallejo, Nueva Vallejo, Gustavo A. Madero, Distrito Federal",59 m² construidos,2 recámaras,1 baño,https://departamento.mercadolibre.com.mx/MLM-2811217889-departamento-en-venta-colonia-nueva-vallejo-gustavo-a-madero-cdmx-_JM,https://http2.mlstatic.com/D_NQ_NP_2X_954315-MLM108489150820_032026-E.webp,Gustavo A Madero,59.0,2.0,1.0,49152.542372881355
Departamentos En Preventa En Lindavista,4490400,MXN,"Departamentos En Preventa En Lindavista S/N, Lindavista Norte, Gustavo A. Madero, Distrito Federal",65 m² construidos,2 recámaras,2 baños,https://departamento.mercadolibre.com.mx/MLM-2745324507-departamentos-en-preventa-en-lindavista-_JM,https://http2.mlstatic.com/D_NQ_NP_2X_823246-MLM106711671722_022026-E.webp,Gustavo A Madero,65.0,2.0,2.0,69083.07692307692
"Venta De Departamento En Nueva Atzacoalco, Gustavo A. Madero Ze202",3600000,MXN,"Nueva Atzacoalco, Gustavo A. Madero, Distrito Federal",110 m² construidos,3 recámaras,1 baño,https://departamento.mercadolibre.com.mx/MLM-5178985368-venta-de-departamento-en-nueva-atzacoalco-gustavo-a-madero-ze202-_JM,https://http2.mlstatic.com/D_NQ_NP_2X_604766-MLM110393430279_042026-E.webp,Gustavo A Madero,110.0,3.0,1.0,32727.272727272728
Departamento En Venta En Vallejo Con Roof Garden Común,3700000,MXN,"Gustavo E. Campa Sn, Vallejo, Gustavo A. Madero, Distrito Federal",73 m² construidos,2 recámaras,1 baño,https://departamento.mercadolibre.com.mx/MLM-5657650274-departamento-en-venta-en-vallejo-con-roof-garden-comun-_JM,https://http2.mlstatic.com/D_NQ_NP_2X_715349-MLM114259447821_072026-E.webp,Gustavo A Madero,73.0,2.0,1.0,50684.931506849316
Venta Departamentos Pradera Ii Seccion T-df0238-0056,1900000,MXN,"ESTADO DE NAYARIT, Pradera II Sección, Gustavo A. Madero, Distrito Federal",90 m² construidos,3 recámaras,2 baños,https://departamento.mercadolibre.com.mx/MLM-3114597799-venta-departamentos-pradera-ii-seccion-t-df0238-0056-_JM,https://http2.mlstatic.com/D_NQ_NP_2X_723070-MLM113648625462_072026-E.webp,Gustavo A Madero,90.0,3.0,2.0,21111.11111111111
"Departamento En Venta En Vasco De Quiroga, Gustavo A. Madero, Cdmx",1495000,MXN,"Eduardo Molina 1320 Edif. 8 Dpto. 110, Vasco De Quiroga, Gustavo A. Madero, Distrito Federal",60 m² construidos,2 recámaras,1 baño,https://departamento.mercadolibre.com.mx/MLM-5842915450-departamento-en-venta-en-vasco-de-quiroga-gustavo-a-madero-cdmx-_JM,https://http2.mlstatic.com/D_NQ_NP_2X_786760-MLM115296402821_072026-E.webp,Gustavo A Madero,60.0,2.0,1.0,24916.666666666668
"Departamento Con Roof Garden Privado, En Guadalupe Tepeyac, Cdmx",3950000,MXN,"Guadalupe Tepeyac, Gustavo A. Madero, Distrito Federal",105 m² construidos,2 recámaras,1 baño,https://departamento.mercadolibre.com.mx/MLM-5821342396-departamento-con-roof-garden-privado-en-guadalupe-tepeyac-cdmx-_JM,https://http2.mlstatic.com/D_NQ_NP_2X_704994-MLM113888742358_072026-E.webp,Gustavo A Madero,105.0,2.0,1.0,37619.04761904762
Venta Departamentos Vallejo T-df0236-0068,4000000,MXN,"BORODIN, Vallejo, Gustavo A. Madero, Distrito Federal",89 m² construidos,3 recámaras,2 baños,https://departamento.mercadolibre.com.mx/MLM-3081798453-venta-departamentos-vallejo-t-df0236-0068-_JM,https://http2.mlstatic.com/D_NQ_NP_2X_849273-MLM112928698924_072026-E.webp,Gustavo A Madero,89.0,3.0,2.0,44943.8202247191
Venta Departamentos Vallejo T-df0236-0069,2150000,MXN,"CIPRES, Vallejo, Gustavo A. Madero, Distrito Federal",53 m² construidos,2 recámaras,1 baño,https://departamento.mercadolibre.com.mx/MLM-3081798435-venta-departamentos-vallejo-t-df0236-0069-_JM,https://http2.mlstatic.com/D_NQ_NP_2X_962275-MLM112928678436_072026-E.webp,Gustavo A Madero,53.0,2.0,1.0,40566.03773584906
Departamento En Venta En Martin Carrera Gustavo Madero Gis 25-352,2390000,MXN,"Martin Carrera Gustavo Madero, Martín Carrera, Gustavo A. Madero, Distrito Federal",60 m² construidos,2 recámaras,2 baños,https://departamento.mercadolibre.com.mx/MLM-3160155187-departamento-en-venta-en-martin-carrera-gustavo-madero-gis-25-352-_JM,https://http2.mlstatic.com/D_NQ_NP_2X_908228-MLM114846678679_072026-E.webp,Gustavo A Madero,60.0,2.0,2.0,39833.333333333336
"Venta De Departamento En Nueva Atzacoalco, Gustavo A Madero Da558",3500000,MXN,"Nueva Atzacoalco, Gustavo A. Madero, Distrito Federal",75 m² construidos,3 recámaras,1 baño,https://departamento.mercadolibre.com.mx/MLM-2795002003-venta-de-departamento-en-nueva-atzacoalco-gustavo-a-madero-da558-_JM,https://http2.mlstatic.com/D_NQ_NP_2X_744530-MLM108885407143_032026-E.webp,Gustavo A Madero,75.0,3.0,1.0,46666.666666666664
Departamento En Venta Planta Baja  Av.eduardo Molina 8140 Col. Vasco De Quiroga,1970000,MXN,"Av. Eduardo Molina 8140, Vasco De Quiroga, Gustavo A. Madero, Distrito Federal",65 m² construidos,2 recámaras,2 baños,https://departamento.mercadolibre.com.mx/MLM-5833448138-departamento-en-venta-planta-baja-aveduardo-molina-8140-col-vasco-de-quiroga-_JM,https://http2.mlstatic.com/D_NQ_NP_2X_823648-MLM115257049849_072026-E.webp,Gustavo A Madero,65.0,2.0,2.0,30307.69230769231
"Departamento En San José Insurgentes, Benito Juárez, Ciudad De México - Ims-1303-de",7500000,MXN,"03900 Ciudad De México, CDMX, México, Gustavo A. Madero, Distrito Federal",177 m² construidos,3 recámaras,2 baños,https://departamento.mercadolibre.com.mx/MLM-2872474451-departamento-en-san-jose-insurgentes-benito-juarez-ciudad-de-mexico-ims-1303-de-_JM,https://http2.mlstatic.com/D_NQ_NP_2X_972243-MLM83382981934_042025-E.webp,Gustavo A Madero,177.0,3.0,2.0,42372.8813559322
"Departamento En Venta Nueva Industrial Vallejo, Gustavo A. Madero",3600000,MXN,"Nueva Industrial Vallejo, Gustavo A. Madero, Distrito Federal",67 m² construidos,2 recámaras,1 baño,https://departamento.mercadolibre.com.mx/MLM-5518934816-departamento-en-venta-nueva-industrial-vallejo-gustavo-a-madero-_JM,https://http2.mlstatic.com/D_NQ_NP_2X_806707-MLM113365825823_062026-E.webp,Gustavo A Madero,67.0,2.0,1.0,53731.34328358209
"Departamento En  Venta En Gustavo Madero, Lindavista Am. 25-661",4667400,MXN,"Departamento En  Venta En Gustavo Madero, Lindavista AM. 25-661, Gustavo A. Madero, Distrito Federal",65 m² construidos,3 recámaras,2 baños,https://departamento.mercadolibre.com.mx/MLM-5644779094-departamento-en-venta-en-gustavo-madero-lindavista-am-25-661-_JM,https://http2.mlstatic.com/D_NQ_NP_2X_651972-MLM112974036358_072026-E.webp,Gustavo A Madero,65.0,3.0,2.0,71806.15384615384
Venta Departamentos Tablas De San Agustin T-df0207-0114,2900000,MXN,"HENRY FORD, Tablas De San Agustín, Gustavo A. Madero, Distrito Federal",67 m² construidos,2 recámaras,2 baños,https://departamento.mercadolibre.com.mx/MLM-5516352444-venta-departamentos-tablas-de-san-agustin-t-df0207-0114-_JM,https://http2.mlstatic.com/D_NQ_NP_2X_695865-MLM112209820714_062026-E.webp,Gustavo A Madero,67.0,2.0,2.0,43283.58208955224
"Departamento En Bosques De Las Lomas, Cuajimalpa De Morelos, Ciudad De México - Task-15-de",11900000,MXN,"Ciudad De México, CDMX, México, Gustavo A. Madero, Distrito Federal",290 m² construidos,3 recámaras,4 baños,https://departamento.mercadolibre.com.mx/MLM-5204827702-departamento-en-bosques-de-las-lomas-cuajimalpa-de-morelos-ciudad-de-mexico-task-15-de-_JM,https://http2.mlstatic.com/D_NQ_NP_2X_782314-MLM83383049196_042025-E.webp,Gustavo A Madero,290.0,3.0,4.0,41034.48275862069
Venta Departamentos Ex Ejido San Juan De Aragon Sector 33 T-df0237-0026,1300000,MXN,"NTE 92-A, Ex Ejido San Juan De Aragon Sector 33, Gustavo A. Madero, Distrito Federal",47 m² construidos,2 recámaras,1 baño,https://departamento.mercadolibre.com.mx/MLM-3148323845-venta-departamentos-ex-ejido-san-juan-de-aragon-sector-33-t-df0237-0026-_JM,https://http2.mlstatic.com/D_NQ_NP_2X_781149-MLM113451189650_072026-E.webp,Gustavo A Madero,47.0,2.0,1.0,27659.574468085106
"Departamento En  Venta En Gustavo Madero, Lindavista Am. 25-660",4713900,MXN,"Gustavo Madero, Gustavo A. Madero, Distrito Federal",100 m² construidos,2 recámaras,2 baños,https://departamento.mercadolibre.com.mx/MLM-2746291943-departamento-en-venta-en-gustavo-madero-lindavista-am-25-660-_JM,https://http2.mlstatic.com/D_NQ_NP_2X_670641-MLM112291410215_052026-E.webp,Gustavo A Madero,100.0,2.0,2.0,47139.0
"Departamento En  Venta En Gustavo Madero, Lindavista Mg. 25-661",4538900,MXN,"Departamento En  Venta En Gustavo Madero, Lindavista AM. 25-661, Gustavo A. Madero, Distrito Federal",65 m² construidos,2 recámaras,2 baños,https://departamento.mercadolibre.com.mx/MLM-2947905913-departamento-en-venta-en-gustavo-madero-lindavista-mg-25-661-_JM,https://http2.mlstatic.com/D_NQ_NP_2X_780375-MLM111029715970_052026-E.webp,Gustavo A Madero,65.0,2.0,2.0,69829.23076923077
Venta Departamentos Lindavista Norte T-df0085-0621,7500000,MXN,"BUENAVISTA, Lindavista Norte, Gustavo A. Madero, Distrito Federal",170 m² construidos,3 recámaras,3 baños,https://departamento.mercadolibre.com.mx/MLM-2979297147-venta-departamentos-lindavista-norte-t-df0085-0621-_JM,https://http2.mlstatic.com/D_NQ_NP_2X_891415-MLM112703527757_062026-E.webp,Gustavo A Madero,170.0,3.0,3.0,44117.64705882353
Venta Departamentos Bondojito T-df0219-0106,1900000,MXN,"AV.HENRY FORD, Bondojito, Gustavo A. Madero, Distrito Federal",53 m² construidos,2 recámaras,1 baño,https://departamento.mercadolibre.com.mx/MLM-5666905284-venta-departamentos-bondojito-t-df0219-0106-_JM,https://http2.mlstatic.com/D_NQ_NP_2X_881335-MLM114301289157_072026-E.webp,Gustavo A Madero,53.0,2.0,1.0,35849.056603773584
"Departamento En Pedregal De Carrasco, Coyoacán, Ciudad De México - Ims-1324-de",5100000,MXN,"Ciudad De México, CDMX, México, Gustavo A. Madero, Distrito Federal",88 m² construidos,2 recámaras,2 baños,https://departamento.mercadolibre.com.mx/MLM-2872475067-departamento-en-pedregal-de-carrasco-coyoacan-ciudad-de-mexico-ims-1324-de-_JM,https://http2.mlstatic.com/D_NQ_NP_2X_983908-MLM83382942202_042025-E.webp,Gustavo A Madero,88.0,2.0,2.0,57954.545454545456
Venta Departamentos Vallejo T-df0236-0070,2300000,MXN,"SCHUMMAN, Vallejo, Gustavo A. Madero, Distrito Federal",58 m² construidos,2 recámaras,1 baño,https://departamento.mercadolibre.com.mx/MLM-5656222426-venta-departamentos-vallejo-t-df0236-0070-_JM,https://http2.mlstatic.com/D_NQ_NP_2X_730573-MLM114252143211_072026-E.webp,Gustavo A Madero,58.0,2.0,1.0,39655.1724137931
"Departamento En Venta Vallejo, Gustavo A. Madero",3750000,MXN,"Vallejo, Gustavo A. Madero, Distrito Federal",80 m² construidos,3 recámaras,2 baños,https://departamento.mercadolibre.com.mx/MLM-3201843799-departamento-en-venta-vallejo-gustavo-a-madero-_JM,https://http2.mlstatic.com/D_NQ_NP_2X_959350-MLM113900966160_072026-E.webp,Gustavo A Madero,80.0,3.0,2.0,46875.0
Departamento En Pre-venta En Colonia Tres Estrellas En Gustavo A Madero,2775000,MXN,"Oniquina, Tres Estrellas, Gustavo A. Madero, Distrito Federal",49 m² construidos,2 recámaras,1 baño,https://departamento.mercadolibre.com.mx/MLM-3215290453-departamento-en-pre-venta-en-colonia-tres-estrellas-en-gustavo-a-madero-_JM,https://http2.mlstatic.com/D_NQ_NP_2X_613696-MLM115303707925_072026-E.webp,Gustavo A Madero,49.0,2.0,1.0,56632.65306122449
Venta Departamentos 7 De Noviembre T-df0219-0097,2150000,MXN,"PORTUGAL, 7 De Noviembre, Gustavo A. Madero, Distrito Federal",51 m² construidos,2 recámaras,1 baño,https://departamento.mercadolibre.com.mx/MLM-5188520022-venta-departamentos-7-de-noviembre-t-df0219-0097-_JM,https://http2.mlstatic.com/D_NQ_NP_2X_794555-MLM113937957196_072026-E.webp,Gustavo A Madero,51.0,2.0,1.0,42156.86274509804
Departamento En Venta Cerca De Metro Potrero,3000000,MXN,"Condominio Grand Insurgentes, Av. Insurgentes Nte. 1260, Capultitlan, Ciudad De México, Capultitlán, Gustavo A. Madero, Distrito Federal",54 m² construidos,2 recámaras,2 baños,https://departamento.mercadolibre.com.mx/MLM-4154563176-departamento-en-venta-cerca-de-metro-potrero-_JM,https://http2.mlstatic.com/D_NQ_NP_2X_931109-MLM93994929919_102025-E.webp,Gustavo A Madero,54.0,2.0,2.0,55555.555555555555
"Departamento En Venta En Capultitlan, Gustavo A. Madero",2550000,MXN,"Capultitlán, Gustavo A. Madero, Distrito Federal",58 m² construidos,2 recámaras,2 baños,https://departamento.mercadolibre.com.mx/MLM-3032448647-departamento-en-venta-en-capultitlan-gustavo-a-madero-_JM,https://http2.mlstatic.com/D_NQ_NP_2X_777817-MLM114661314525_072026-E.webp,Gustavo A Madero,58.0,2.0,2.0,43965.51724137931
Venta Departamentos Bondojito T-df0219-0107,1900000,MXN,"AV.HENRY FORD, Bondojito, Gustavo A. Madero, Distrito Federal",53 m² construidos,2 recámaras,1 baño,https://departamento.mercadolibre.com.mx/MLM-5666905272-venta-departamentos-bondojito-t-df0219-0107-_JM,https://http2.mlstatic.com/D_NQ_NP_2X_950649-MLM114374552911_072026-E.webp,Gustavo A Madero,53.0,2.0,1.0,35849.056603773584
Departamento Nuevo En Venta En Tepeyac Insurgentes 2 Recámaras Y Estacionamiento,2200000,MXN,"Arequipa 702, Tepeyac Insurgentes, Gustavo A. Madero, Distrito Federal",40 m² construidos,2 recámaras,1 baño,https://departamento.mercadolibre.com.mx/MLM-3227107393-departamento-nuevo-en-venta-en-tepeyac-insurgentes-2-recamaras-y-estacionamiento-_JM,https://http2.mlstatic.com/D_NQ_NP_2X_638110-MLM115393782977_072026-E.webp,Gustavo A Madero,40.0,2.0,1.0,55000.0
Departamento En Arcos Esmeralda / 44m2 / Acepta Creditos,1300000,MXN,"La Esmeralda, Gustavo A. Madero, Distrito Federal",44 m² construidos,2 recámaras,1 baño,https://departamento.mercadolibre.com.mx/MLM-5058300014-departamento-en-arcos-esmeralda-44m2-acepta-creditos-_JM,https://http2.mlstatic.com/D_NQ_NP_2X_728508-MLM109290520877_032026-E.webp,Gustavo A Madero,44.0,2.0,1.0,29545.454545454544
Departamento En Col. 15 De Agosto / 60m2,2300000,MXN,"15 De Agosto, Gustavo A. Madero, Distrito Federal",60 m² construidos,2 recámaras,2 baños,https://departamento.mercadolibre.com.mx/MLM-5257027098-departamento-en-col-15-de-agosto-60m2-_JM,https://http2.mlstatic.com/D_NQ_NP_2X_836946-MLM111039200807_042026-E.webp,Gustavo A Madero,60.0,2.0,2.0,38333.333333333336
"Departamento En Venta Vallejo, Gustavo A Madero Cdmx",1990000,MXN,"Tetrazzini, Vallejo, Gustavo A. Madero, Distrito Federal",52 m² construidos,2 recámaras,1 baño,https://departamento.mercadolibre.com.mx/MLM-5833441474-departamento-en-venta-vallejo-gustavo-a-madero-cdmx-_JM,https://http2.mlstatic.com/D_NQ_NP_2X_996910-MLM115257855687_072026-E.webp,Gustavo A Madero,52.0,2.0,1.0,38269.230769230766
Departamentos Nuevos En Gam Preventa Con Gran Plusvalía Y Facilidades De Pago,2031105,MXN,"Union 134, Industrial, Gustavo A. Madero, Distrito Federal",45 m² construidos,2 recámaras,1 baño,https://departamento.mercadolibre.com.mx/MLM-5490968662-departamentos-nuevos-en-gam-preventa-con-gran-plusvalia-y-facilidades-de-pago-_JM,https://http2.mlstatic.com/D_NQ_NP_2X_761155-MLM111971892554_062026-E.webp,Gustavo A Madero,45.0,2.0,1.0,45135.666666666664
Departamento En Venta Colonia Guadalupe Tepeyac,4900000,MXN,"Otilia, Guadalupe Tepeyac, Gustavo A. Madero, Distrito Federal",119 m² construidos,3 recámaras,2 baños,https://departamento.mercadolibre.com.mx/MLM-5030570096-departamento-en-venta-colonia-guadalupe-tepeyac-_JM,https://http2.mlstatic.com/D_NQ_NP_2X_711211-MLM108186323920_032026-E.webp,Gustavo A Madero,119.0,3.0,2.0,41176.470588235294
"Departamento En Venta En Colonia Lindavista Norte, Gustavo A. Madero, Ciudad De México",4600000,MXN,"Av. Lindavista  S/N, Lindavista Norte, Gustavo A. Madero, Distrito Federal",120 m² construidos,2 recámaras,2 baños,https://departamento.mercadolibre.com.mx/MLM-2756606335-departamento-en-venta-en-colonia-lindavista-norte-gustavo-a-madero-ciudad-de-mexico-_JM,https://http2.mlstatic.com/D_NQ_NP_2X_714527-MLM107151921770_022026-E.webp,Gustavo A Madero,120.0,2.0,2.0,38333.333333333336
Departamento En Venta Colonia San Bartolo Atepehuacan,4988000,MXN,"Lindavista, San Bartolo Atepehuacan, Gustavo A. Madero, Distrito Federal",119 m² construidos,3 recámaras,2 baños,https://departamento.mercadolibre.com.mx/MLM-2798123405-departamento-en-venta-colonia-san-bartolo-atepehuacan-_JM,https://http2.mlstatic.com/D_NQ_NP_2X_742949-MLM112761211365_062026-E.webp,Gustavo A Madero,119.0,3.0,2.0,41915.966386554624
"Departamento En Venta El Arbolillo Croc, Gustavo A. Madero",1465000,MXN,"Calzada Chalma La Villa 50, Zona Escolar Oriente, Gustavo A. Madero, Distrito Federal",51 m² construidos,2 recámaras,1 baño,https://departamento.mercadolibre.com.mx/MLM-2901718117-departamento-en-venta-el-arbolillo-croc-gustavo-a-madero-_JM,https://http2.mlstatic.com/D_NQ_NP_2X_846830-MLM110169794106_042026-E.webp,Gustavo A Madero,51.0,2.0,1.0,28725.49019607843
Departamento Nuevo En Complejo Residencial De Lindavista,4300000,MXN,"CIENFUEGOS, Residencial Zacatenco, Gustavo A. Madero, Distrito Federal",88 m² construidos,2 recámaras,2 baños,https://departamento.mercadolibre.com.mx/MLM-3002479213-departamento-nuevo-en-complejo-residencial-de-lindavista-_JM,https://http2.mlstatic.com/D_NQ_NP_2X_736150-MLM111967047894_062026-E.webp,Gustavo A Madero,88.0,2.0,2.0,48863.63636363636
Departamento En Venta Colonia Residencial Zacatenco Enkasa Vista Norte,4600000,MXN,"Avenida Acueducto, Residencial La Escalera, Gustavo A. Madero, Distrito Federal",94 m² construidos,3 recámaras,2 baños,https://departamento.mercadolibre.com.mx/MLM-5030212546-departamento-en-venta-colonia-residencial-zacatenco-enkasa-vista-norte-_JM,https://http2.mlstatic.com/D_NQ_NP_2X_616151-MLM108182505074_032026-E.webp,Gustavo A Madero,94.0,3.0,2.0,48936.17021276596
"Venta Departamento En Dos Plantas En La Colonia 7 De Noviembre, ¡impecable!",6500000,MXN,"7 De Noviembre, Gustavo A. Madero, Distrito Federal",101 m² construidos,3 recámaras,2 baños,https://departamento.mercadolibre.com.mx/MLM-2881201997-venta-departamento-en-dos-plantas-en-la-colonia-7-de-noviembre-impecable-_JM,https://http2.mlstatic.com/D_NQ_NP_2X_859624-MLM109828815410_042026-E.webp,Gustavo A Madero,101.0,3.0,2.0,64356.43564356436
Bonito Departamento De 2 Recamaras Col. Insurgentes Tepeyac,3200000,MXN,"Lindavista Norte, Gustavo A. Madero, Distrito Federal",65 m² construidos,2 recámaras,1 baño,https://departamento.mercadolibre.com.mx/MLM-3102109973-bonito-departamento-de-2-recamaras-col-insurgentes-tepeyac-_JM,https://http2.mlstatic.com/D_NQ_NP_2X_990525-MLM115396844553_072026-E.webp,Gustavo A Madero,65.0,2.0,1.0,49230.769230769234
"Departamento En  Venta En Insurgentes Norte, Magdalena De Las Salinas",4783000,MXN,"Insurgentes Norte 1346, Magdalena De Las Salinas, Gustavo A. Madero, Distrito Federal",75 m² construidos,2 recámaras,2 baños,https://departamento.mercadolibre.com.mx/MLM-5741087692-departamento-en-venta-en-insurgentes-norte-magdalena-de-las-salinas-_JM,https://http2.mlstatic.com/D_NQ_NP_2X_860817-MLM114742482617_072026-E.webp,Gustavo A Madero,75.0,2.0,2.0,63773.333333333336
Venta Departamento La Escalera Lindavista,1750000,MXN,"La Escalera, Gustavo A. Madero, Distrito Federal",40 m² construidos,2 recámaras,1 baño,https://departamento.mercadolibre.com.mx/MLM-3178493859-venta-departamento-la-escalera-lindavista-_JM,https://http2.mlstatic.com/D_NQ_NP_2X_960083-MLM114996902217_072026-E.webp,Gustavo A Madero,40.0,2.0,1.0,43750.0
Departamento Moderno En Vida Victoria | Amenidades Premium,3003600,MXN,"Avenida Ferrocarril Hidalgo 1375, Bondojito, Gustavo A. Madero, Distrito Federal",49 m² construidos,2 recámaras,1 baño,https://departamento.mercadolibre.com.mx/MLM-3002723405-departamento-moderno-en-vida-victoria-amenidades-premium-_JM,https://http2.mlstatic.com/D_NQ_NP_2X_644738-MLM113101954257_062026-E.webp,Gustavo A Madero,49.0,2.0,1.0,61297.95918367347
Departamento En Venta En San Juan De Aragón,1800000,MXN,"Av. San Juan De Aragón 600, Constitución De La República, Gustavo A. Madero, Distrito Federal",50 m² construidos,2 recámaras,1 baño,https://departamento.mercadolibre.com.mx/MLM-3002752439-departamento-en-venta-en-san-juan-de-aragon-_JM,https://http2.mlstatic.com/D_NQ_NP_2X_650678-MLM113102904771_062026-E.webp,Gustavo A Madero,50.0,2.0,1.0,36000.0
Departamentos Con Estacionamiento En Preventa | Gam,2775000,MXN,"Oniquina 6225, Aragón Inguaran, Gustavo A. Madero, Distrito Federal",72 m² construidos,2 recámaras,1 baño,https://departamento.mercadolibre.com.mx/MLM-3002736249-departamentos-con-estacionamiento-en-preventa-gam-_JM,https://http2.mlstatic.com/D_NQ_NP_2X_979418-MLM111972794528_062026-E.webp,Gustavo A Madero,72.0,2.0,1.0,38541.666666666664
"Departamento En Venta Listo Para Habitar En Eduardo Molina, 2 Recs 60m²",1350000,MXN,"Gustavo A. Madero, Mexico City, Torres De Quiroga, Gustavo A. Madero, Distrito Federal",60 m² construidos,2 recámaras,2 baños,https://departamento.mercadolibre.com.mx/MLM-5058217478-departamento-en-venta-listo-para-habitar-en-eduardo-molina-2-recs-60m-_JM,https://http2.mlstatic.com/D_NQ_NP_2X_887169-MLM109286868433_032026-E.webp,Gustavo A Madero,60.0,2.0,2.0,22500.0
Departamento En Venta Listo Para Habitar En Eduardo Molina | 2 Recs 60m²,1350000,MXN,"Salvador Díaz Mirón, Gustavo A. Madero, Distrito Federal",60 m² construidos,2 recámaras,1 baño,https://departamento.mercadolibre.com.mx/MLM-5153852538-departamento-en-venta-listo-para-habitar-en-eduardo-molina-2-recs-60m-_JM,https://http2.mlstatic.com/D_NQ_NP_2X_851211-MLM110184916613_042026-E.webp,Gustavo A Madero,60.0,2.0,1.0,22500.0
"Se Vende Departamento En Dm Nacional, Gustavo A. Madero, Cdmx",2100000,MXN,"Clz. San Juan De Aragon  Edif. Malva Real 530, DM Nacional, Gustavo A. Madero, Distrito Federal",60 m² construidos,3 recámaras,2 baños,https://departamento.mercadolibre.com.mx/MLM-2798152043-se-vende-departamento-en-dm-nacional-gustavo-a-madero-cdmx-_JM,https://http2.mlstatic.com/D_NQ_NP_2X_775735-MLM108186977754_032026-E.webp,Gustavo A Madero,60.0,3.0,2.0,35000.0
Departamento En Venta Av Eduardo Molina Vasco De Quiroga Gustavo A. Madero,3604907,MXN,"Av. Ing. Eduardo Molina, Salvador Díaz Mirón, Gustavo A. Madero, Distrito Federal",75 m² construidos,3 recámaras,2 baños,https://departamento.mercadolibre.com.mx/MLM-3215587477-departamento-en-venta-av-eduardo-molina-vasco-de-quiroga-gustavo-a-madero-_JM,https://http2.mlstatic.com/D_NQ_NP_2X_878613-MLM115307111119_072026-E.webp,Gustavo A Madero,75.0,3.0,2.0,48065.426666666666
Departamento En Venta Av Eduardo Molina Vasco De Quiroga Gustavo A. Madero,2916349,MXN,"Av. Ing. Eduardo Molina, Salvador Díaz Mirón, Gustavo A. Madero, Distrito Federal",59 m² construidos,2 recámaras,1 baño,https://departamento.mercadolibre.com.mx/MLM-3215587497-departamento-en-venta-av-eduardo-molina-vasco-de-quiroga-gustavo-a-madero-_JM,https://http2.mlstatic.com/D_NQ_NP_2X_757992-MLM113991207130_072026-E.webp,Gustavo A Madero,59.0,2.0,1.0,49429.64406779661
Departamento En Venta Av Eduardo Molina Vasco De Quiroga Gustavo A. Madero,3572400,MXN,"Av. Ing. Eduardo Molina, Salvador Díaz Mirón, Gustavo A. Madero, Distrito Federal",71 m² construidos,2 recámaras,2 baños,https://departamento.mercadolibre.com.mx/MLM-3215600389-departamento-en-venta-av-eduardo-molina-vasco-de-quiroga-gustavo-a-madero-_JM,https://http2.mlstatic.com/D_NQ_NP_2X_913889-MLM113991207266_072026-E.webp,Gustavo A Madero,71.0,2.0,2.0,50315.49295774648
Departamento En Venta Av Eduardo Molina Vasco De Quiroga Gustavo A. Madero,2741695,MXN,"Av. Ing. Eduardo Molina, Salvador Díaz Mirón, Gustavo A. Madero, Distrito Federal",57 m² construidos,2 recámaras,1 baño,https://departamento.mercadolibre.com.mx/MLM-3215600401-departamento-en-venta-av-eduardo-molina-vasco-de-quiroga-gustavo-a-madero-_JM,https://http2.mlstatic.com/D_NQ_NP_2X_705411-MLM115307111501_072026-E.webp,Gustavo A Madero,57.0,2.0,1.0,48099.912280701756
Departamento En Venta Av Eduardo Molina Vasco De Quiroga Gustavo A. Madero,2969634,MXN,"Av. Ing. Eduardo Molina, Salvador Díaz Mirón, Gustavo A. Madero, Distrito Federal",52 m² construidos,2 recámaras,1 baño,https://departamento.mercadolibre.com.mx/MLM-3215587513-departamento-en-venta-av-eduardo-molina-vasco-de-quiroga-gustavo-a-madero-_JM,https://http2.mlstatic.com/D_NQ_NP_2X_770048-MLM113991156566_072026-E.webp,Gustavo A Madero,52.0,2.0,1.0,57108.346153846156
Departamento En Venta Av Eduardo Molina Vasco De Quiroga Gustavo A. Madero,3592400,MXN,"Av. Ing. Eduardo Molina, Salvador Díaz Mirón, Gustavo A. Madero, Distrito Federal",71 m² construidos,2 recámaras,2 baños,https://departamento.mercadolibre.com.mx/MLM-3215574623-departamento-en-venta-av-eduardo-molina-vasco-de-quiroga-gustavo-a-madero-_JM,https://http2.mlstatic.com/D_NQ_NP_2X_674169-MLM113991156080_072026-E.webp,Gustavo A Madero,71.0,2.0,2.0,50597.18309859155
Departamento En Venta Calle Norte Panamericana Gustavo A Madero,2295149,MXN,"Norte 7A, Panamericana, Gustavo A. Madero, Distrito Federal",46 m² construidos,2 recámaras,1 baño,https://departamento.mercadolibre.com.mx/MLM-3215574515-departamento-en-venta-calle-norte-panamericana-gustavo-a-madero-_JM,https://http2.mlstatic.com/D_NQ_NP_2X_958156-MLM113991154500_072026-E.webp,Gustavo A Madero,46.0,2.0,1.0,49894.54347826087
Departamento En Venta Calle Norte Panamericana Gustavo A Madero,2031105,MXN,"Norte 7A, Panamericana, Gustavo A. Madero, Distrito Federal",46 m² construidos,2 recámaras,1 baño,https://departamento.mercadolibre.com.mx/MLM-3215600265-departamento-en-venta-calle-norte-panamericana-gustavo-a-madero-_JM,https://http2.mlstatic.com/D_NQ_NP_2X_907778-MLM113991154412_072026-E.webp,Gustavo A Madero,46.0,2.0,1.0,44154.45652173913
"Departamento En Venta En Colonia Lindavista Norte, Gustavo A. Madero, Ciudad De México",4700000,MXN,"Chosica 655, Lindavista Norte, Gustavo A. Madero, Distrito Federal",194 m² construidos,2 recámaras,1 baño,https://departamento.mercadolibre.com.mx/MLM-4837300266-departamento-en-venta-en-colonia-lindavista-norte-gustavo-a-madero-ciudad-de-mexico-_JM,https://http2.mlstatic.com/D_NQ_NP_2X_961058-MLM106982965774_022026-E.webp,Gustavo A Madero,194.0,2.0,1.0,24226.80412371134
"Departamento En Venta En Pb En La U. H. El Milagro, El Milagro, Gustavo A. Madero #26 - 2948 Avc",1600000,MXN,"Nte. 94-A, Milagro, Ciudad De México, El Milagro, Gustavo A. Madero, Distrito Federal",54 m² construidos,2 recámaras,1 baño,https://departamento.mercadolibre.com.mx/MLM-5289079758-departamento-en-venta-en-pb-en-la-u-h-el-milagro-el-milagro-gustavo-a-madero-26-2948-avc-_JM,https://http2.mlstatic.com/D_NQ_NP_2X_882812-MLM111212894697_052026-E.webp,Gustavo A Madero,54.0,2.0,1.0,29629.62962962963
Departamento En Venta  De  3 Recámaras,2990000,MXN,"Av.  Gmo. Massieu Helguerra 177 Depto. 07320, La Purísima Ticoman, Gustavo A. Madero, Distrito Federal",81 m² construidos,3 recámaras,1 baño,https://departamento.mercadolibre.com.mx/MLM-5419486712-departamento-en-venta-de-3-recamaras-_JM,https://http2.mlstatic.com/D_NQ_NP_2X_602163-MLM111357651196_052026-E.webp,Gustavo A Madero,81.0,3.0,1.0,36913.58024691358
Venta Departamento Ferrocarril Hidalgo G.a.m.,3000000,MXN,"Eje 1 Oriente FFCC Hidalgo 1321, Bondojito, Gustavo A. Madero, Distrito Federal",64 m² construidos,2 recámaras,2 baños,https://departamento.mercadolibre.com.mx/MLM-5781637060-venta-departamento-ferrocarril-hidalgo-gam-_JM,https://http2.mlstatic.com/D_NQ_NP_2X_774730-MLM114980999361_072026-E.webp,Gustavo A Madero,64.0,2.0,2.0,46875.0
"Departamento En Venta En Vasco De Quiroga, Gustavo A. Madero",2409267,MXN,"Av. Ing. Eduardo Molina, Salvador Díaz Mirón, Gustavo A. Madero, Distrito Federal",54 m² construidos,2 recámaras,1 baño,https://departamento.mercadolibre.com.mx/MLM-3215599535-departamento-en-venta-en-vasco-de-quiroga-gustavo-a-madero-_JM,https://http2.mlstatic.com/D_NQ_NP_2X_766269-MLM113991138374_072026-E.webp,Gustavo A Madero,54.0,2.0,1.0,44616.055555555555
Departamento En Preventa En Colonia Tres Estrellas- Gustavo A. Madero,2775000,MXN,"ONIQUINA, Tres Estrellas, Gustavo A. Madero, Distrito Federal",49 m² construidos,2 recámaras,1 baño,https://departamento.mercadolibre.com.mx/MLM-5723723256-departamento-en-preventa-en-colonia-tres-estrellas-gustavo-a-madero-_JM,https://http2.mlstatic.com/D_NQ_NP_2X_674683-MLM114606545757_072026-E.webp,Gustavo A Madero,49.0,2.0,1.0,56632.65306122449
"¡el Departamento Que Estabas Buscando Te Está Esperando!   Disfruta De Un Espacio Moderno, Cómodo Y Con Todas Las Amenidades Para Vivir Como Siempre Lo Imaginaste.   2 Amplias Recámaras  2 Baños",3100000,MXN,"FC Hidalgo 1200 - 1500, Tablas De San Agustín, Ciudad De México, Bondojito, Gustavo A. Madero, Distrito Federal",72 m² construidos,2 recámaras,2 baños,https://departamento.mercadolibre.com.mx/MLM-5857155022-el-departamento-que-estabas-buscando-te-esta-esperando-disfruta-de-un-espacio-moderno-comodo-y-con-todas-las-amenidades-para-vivir-como-siempre-lo-imaginaste-2-amplias-recamaras-2-banos-_JM,https://http2.mlstatic.com/D_NQ_NP_2X_867616-MLM114032588578_072026-E.webp,Gustavo A Madero,72.0,2.0,2.0,43055.555555555555
Departamento En Venta Con Excelente Ubicación En Gustavo A. Madero,1950000,MXN,"DM Nacional, San Pedro El Chico, Mexico City, San Pedro El Chico, Gustavo A. Madero, Distrito Federal",60 m² construidos,2 recámaras,1 baño,https://departamento.mercadolibre.com.mx/MLM-5858082304-departamento-en-venta-con-excelente-ubicacion-en-gustavo-a-madero-_JM,https://http2.mlstatic.com/D_NQ_NP_2X_996635-MLM114037689690_072026-E.webp,Gustavo A Madero,60.0,2.0,1.0,32500.0
Hermoso Departamento Cerca De Via Vallejo Con Estacionamiento,2590000,MXN,"Lindavista Vallejo III Secc, Mexico City, Nueva Vallejo, Gustavo A. Madero, Distrito Federal",67 m² construidos,2 recámaras,1 baño,https://departamento.mercadolibre.com.mx/MLM-5885203300-hermoso-departamento-cerca-de-via-vallejo-con-estacionamiento-_JM,https://http2.mlstatic.com/D_NQ_NP_2X_653155-MLM111911105771_052026-E.webp,Gustavo A Madero,67.0,2.0,1.0,38656.71641791045
Hermoso Departamento En Residencial Acueducto De Guadalupe.,2950000,MXN,"De La Borrasca 7, Acueducto De Guadalupe, Ciudad De México, Acueducto De Guadalupe, Gustavo A. Madero, Distrito Federal",84 m² construidos,2 recámaras,1 baño,https://departamento.mercadolibre.com.mx/MLM-5746237652-hermoso-departamento-en-residencial-acueducto-de-guadalupe-_JM,https://http2.mlstatic.com/D_NQ_NP_2X_660367-MLM109521050712_042026-E.webp,Gustavo A Madero,84.0,2.0,1.0,35119.04761904762
"Departamento 80m2 Habitables,  Muy Bien Ubicado, Cerca Del Metro La Villa, Indios Verdes, 18 De Marzo, Mb 6 Y 7, Centros Comerciales, Zona De Hospitales, Escuelas Todos Niveles. Etc",3000000,MXN,"Calz. De Los Misterios, Tepeyac Insurgentes, Ciudad De México, Tepeyac Insurgentes, Gustavo A. Madero, Distrito Federal",80 m² construidos,3 recámaras,2 baños,https://departamento.mercadolibre.com.mx/MLM-3176766079-departamento-80m2-habitables-muy-bien-ubicado-cerca-del-metro-la-villa-indios-verdes-18-de-marzo-mb-6-y-7-centros-comerciales-zona-de-hospitales-escuelas-todos-niveles-etc-_JM,https://http2.mlstatic.com/D_NQ_NP_2X_839873-MLM113693961720_072026-E.webp,Gustavo A Madero,80.0,3.0,2.0,37500.0
Hermoso Departamento Al Norte De Cdmx,2300000,MXN,"Margarita Maza De Juárez, Nueva Industrial Vallejo, Ciudad De México, Nueva Industrial Vallejo, Gustavo A. Madero, Distrito Federal",54 m² construidos,2 recámaras,1 baño,https://departamento.mercadolibre.com.mx/MLM-5704696718-hermoso-departamento-al-norte-de-cdmx-_JM,https://http2.mlstatic.com/D_NQ_NP_2X_931690-MLM114491107947_072026-E.webp,Gustavo A Madero,54.0,2.0,1.0,42592.59259259259
Departamento En Venta Frente Al Metrobus Gran Canal,1690000,MXN,"Cda. San Juan De Aragón 600, DM Nacional, Constitución De La República, Ciudad De México, Constitución De La República, Gustavo A. Madero, Distrito Federal",52 m² construidos,2 recámaras,1 baño,https://departamento.mercadolibre.com.mx/MLM-5724250594-departamento-en-venta-frente-al-metrobus-gran-canal-_JM,https://http2.mlstatic.com/D_NQ_NP_2X_707326-MLM113364948694_072026-E.webp,Gustavo A Madero,52.0,2.0,1.0,32500.0
"¡estrena Depa! 67 M2, 3er Piso Exterior Con Balcón, 2 Recámaras, 1 Baño, Cuarto De Servicio Y Estacionamiento. Ubicación Imbatible Frente Al Metro Y Cerca De Universidades. ¡ideal Para Vivir O Inverti",3200000,MXN,"Av. Insurgentes Nte. 1756, Lindavista, Gustavo A. Madero, 7200 - 7500 Ciudad De México, CDMX, Mexico, Colonia Lindavista Vallejo II Sección, Gustavo A. Madero, Distrito Federal",67 m² construidos,2 recámaras,1 baño,https://departamento.mercadolibre.com.mx/MLM-5845134356-estrena-depa-67-m2-3er-piso-exterior-con-balcon-2-recamaras-1-bano-cuarto-de-servicio-y-estacionamiento-ubicacion-imbatible-frente-al-metro-y-cerca-de-universidades-ideal-para-vivir-o-inverti-_JM,https://http2.mlstatic.com/D_NQ_NP_2X_975852-MLM113980885778_072026-E.webp,Gustavo A Madero,67.0,2.0,1.0,47761.19402985075
"Departamento Recién Remodelado Listo Para Habitar, Excelente Vista, Cerca De Centro Comercial, Bien Comunicado, Excelente Oportunidad",1475000,MXN,"Av. De Las Brisas 300, Acueducto De Guadalupe, Ciudad De México, Acueducto De Guadalupe, Gustavo A. Madero, Distrito Federal",60 m² construidos,3 recámaras,1 baño,https://departamento.mercadolibre.com.mx/MLM-3113128679-departamento-recien-remodelado-listo-para-habitar-excelente-vista-cerca-de-centro-comercial-bien-comunicado-excelente-oportunidad-_JM,https://http2.mlstatic.com/D_NQ_NP_2X_879206-MLM113141681352_072026-E.webp,Gustavo A Madero,60.0,3.0,1.0,24583.333333333332
"Departamento En El Tercer Nivel Cuenta Con Sala Cocina Baño Amplio Dos Recámaras, 60 Metros Cuadrados Está En Avenida Ferrocarril Hidalgo 174",1450000,MXN,"FC Hidalgo 174, Pueblo De Santiago Atzacoalco, Ciudad De México, Atzacoalco, Gustavo A. Madero, Distrito Federal",60 m² construidos,2 recámaras,1 baño,https://departamento.mercadolibre.com.mx/MLM-5746647172-departamento-en-el-tercer-nivel-cuenta-con-sala-cocina-bano-amplio-dos-recamaras-60-metros-cuadrados-esta-en-avenida-ferrocarril-hidalgo-174-_JM,https://http2.mlstatic.com/D_NQ_NP_2X_940016-MLM113513420456_072026-E.webp,Gustavo A Madero,60.0,2.0,1.0,24166.666666666668
"Vive En El Corazón De La Ciudad! Descubre Parque Tepeyac En Gustavo A. Madero. Si Buscas Una Propiedad En Una Ubicación Estratégica, Con Acceso A Servicios, Entretenimiento Etc",2300000,MXN,"DM Nacional, Mexico City, DM Nacional, Gustavo A. Madero, Distrito Federal",60 m² construidos,2 recámaras,1 baño,https://departamento.mercadolibre.com.mx/MLM-3156256531-vive-en-el-corazon-de-la-ciudad-descubre-parque-tepeyac-en-gustavo-a-madero-si-buscas-una-propiedad-en-una-ubicacion-estrategica-con-acceso-a-servicios-entretenimiento-etc-_JM,https://http2.mlstatic.com/D_NQ_NP_2X_987319-MLM114806594537_072026-E.webp,Gustavo A Madero,60.0,2.0,1.0,38333.333333333336
Departamento Cómodo,1200000,MXN,"Av. Ing. Eduardo Molina 1500 - 1800, Vasco De Quiroga, Tablas De San Agustín, Ciudad De México, Vasco De Quiroga, Gustavo A. Madero, Distrito Federal",60 m² construidos,2 recámaras,1 baño,https://departamento.mercadolibre.com.mx/MLM-5698851158-departamento-comodo-_JM,https://http2.mlstatic.com/D_NQ_NP_2X_936238-MLM113216763872_072026-E.webp,Gustavo A Madero,60.0,2.0,1.0,20000.0
Condominio De Interés Social,1800000,MXN,"Calz. San Juan De Aragón, Ciudad De México, DM Nacional, Gustavo A. Madero, Distrito Federal",68 m² construidos,2 recámaras,1 baño,https://departamento.mercadolibre.com.mx/MLM-5758664668-condominio-de-interes-social-_JM,https://http2.mlstatic.com/D_NQ_NP_2X_897811-MLM114857727327_072026-E.webp,Gustavo A Madero,68.0,2.0,1.0,26470.58823529412
Departamento 3 Recamaras  2 Baños Completos Sala Comedor Cocina,2550000,MXN,"Vallejo, Mexico City, Colonia Lindavista Vallejo II Sección, Gustavo A. Madero, Distrito Federal",90 m² construidos,3 recámaras,2 baños,https://departamento.mercadolibre.com.mx/MLM-5794442568-departamento-3-recamaras-2-banos-completos-sala-comedor-cocina-_JM,https://http2.mlstatic.com/D_NQ_NP_2X_695220-MLM113749231390_072026-E.webp,Gustavo A Madero,90.0,3.0,2.0,28333.333333333332
Departamento En Venta San Juan De Aragón,1650000,MXN,"San Juan De Aragón, DM Nacional, Gustavo A. Madero, Distrito Federal",57 m² construidos,2 recámaras,1 baño,https://departamento.mercadolibre.com.mx/MLM-3182948479-departamento-en-venta-san-juan-de-aragon-_JM,https://http2.mlstatic.com/D_NQ_NP_2X_915416-MLM113733245538_072026-E.webp,Gustavo A Madero,57.0,2.0,1.0,28947.36842105263
"Recamaras Con Baño Completos Y Clóset, Área De Lavado Medio Baño Y Un Cuarto De Servicio Azador Con Barra En El Rous Garden Cisterna, Calentador Solar Cuenta Con Cámara G5 Fuera Del Depa",3500000,MXN,"Amatista, Esmeralda, Ciudad De México, Campestre Aragón, Gustavo A. Madero, Distrito Federal",220 m² construidos,4 recámaras,5 baños,https://departamento.mercadolibre.com.mx/MLM-5893108298-recamaras-con-bano-completos-y-closet-area-de-lavado-medio-bano-y-un-cuarto-de-servicio-azador-con-barra-en-el-rous-garden-cisterna-calentador-solar-cuenta-con-camara-g5-fuera-del-depa-_JM,https://http2.mlstatic.com/D_NQ_NP_2X_899284-MLM115587077279_082026-E.webp,Gustavo A Madero,220.0,4.0,5.0,15909.09090909091
Departamento En Venta,2432700,MXN,"Ampliación San Juan De Aragón, Gustavo A. Madero, Distrito Federal",77 m² construidos,3 recámaras,1 baño,https://departamento.mercadolibre.com.mx/MLM-3255304767-departamento-en-venta-_JM,https://http2.mlstatic.com/D_NQ_NP_2X_640049-MLM115681301717_082026-E.webp,Gustavo A Madero,77.0,3.0,1.0,31593.506493506495
"Venta De Departamento 4 O 5 Recamaras, En Colonia Country Club, Campo De Golf Chapultepec, La Herradura, Naucalpan, Estado De Mexico.",8595005,MXN,"C. Magnolias 44, MZ 018, Heroes De La Revolucion, Naucalpan De Juárez, Héroes De La Revolución, Naucalpan, Estado De México",232 m² construidos,3 recámaras,3 baños,https://departamento.mercadolibre.com.mx/MLM-4783938436-venta-de-departamento-4-o-5-recamaras-en-colonia-country-club-campo-de-golf-chapultepec-la-herradura-naucalpan-estado-de-mexico-_JM,https://http2.mlstatic.com/D_NQ_NP_2X_927091-MLM89751775809_082025-E.webp,Naucalpan,232.0,3.0,3.0,37047.43534482759
Departamento En Venta Tecamachalco,6500000,MXN,"Lomas De Tecamachalco, Naucalpan, Estado De México",140 m² construidos,3 recámaras,2 baños,https://departamento.mercadolibre.com.mx/MLM-3140074827-departamento-en-venta-tecamachalco-_JM,https://http2.mlstatic.com/D_NQ_NP_2X_780658-MLM114611553825_072026-E.webp,Naucalpan,140.0,3.0,2.0,46428.57142857143
Venta De Departamentos En Lomas De Tecamachalco,9641000,MXN,"Fuente De Las Piramides, 26, Lomas De Tecamachalco, Naucalpan, Estado De México",181 m² construidos,3 recámaras,3 baños,https://departamento.mercadolibre.com.mx/MLM-3829227616-venta-de-departamentos-en-lomas-de-tecamachalco-_JM,https://http2.mlstatic.com/D_NQ_NP_2X_646211-MLM68946899228_042023-E.webp,Naucalpan,181.0,3.0,3.0,53265.19337016575
Departamento En Venta En Lomas Verdes,4200000,MXN,"Residencial El Risco, Lomas Verdes, Naucalpan, Estado De México",120 m² construidos,3 recámaras,3 baños,https://departamento.mercadolibre.com.mx/MLM-5874844458-departamento-en-venta-en-lomas-verdes-_JM,https://http2.mlstatic.com/D_NQ_NP_2X_937204-MLM115463788481_082026-E.webp,Naucalpan,120.0,3.0,3.0,35000.0
Departamento En Venta Lomas Verdes V Sección Edomex,2200000,MXN,"Lomas Verdes 5a Sección (La Concordia), Naucalpan, Estado De México",60 m² construidos,2 recámaras,1 baño,https://departamento.mercadolibre.com.mx/MLM-5086290866-departamento-en-venta-lomas-verdes-v-seccion-edomex-_JM,https://http2.mlstatic.com/D_NQ_NP_2X_620202-MLM114727560245_072026-E.webp,Naucalpan,60.0,2.0,1.0,36666.666666666664
Departamento En Venta En San Bartolo Naucalpan (naucalpan Centro),2200000,MXN,"Av. 16 De Septiembre No. 0, Naucalpan, Estado De México",84 m² construidos,3 recámaras,2 baños,https://departamento.mercadolibre.com.mx/MLM-5015907766-departamento-en-venta-en-san-bartolo-naucalpan-naucalpan-centro-_JM,https://http2.mlstatic.com/D_NQ_NP_2X_953321-MLM111020909801_042026-E.webp,Naucalpan,84.0,3.0,2.0,26190.47619047619
Departamento En Venta En Lomas De Tecamachalco,7350000,MXN,"Privada De Las Fuentes 0, Lomas De Tecamachalco, Naucalpan, Estado De México",226 m² construidos,3 recámaras,3 baños,https://departamento.mercadolibre.com.mx/MLM-5015953496-departamento-en-venta-en-lomas-de-tecamachalco-_JM,https://http2.mlstatic.com/D_NQ_NP_2X_873780-MLM108044267362_032026-E.webp,Naucalpan,226.0,3.0,3.0,32522.12389380531
Departamento En Venta En Lomas Del Río,10000000,MXN,"Fraccionamiento Lomas Del Río 0, Lomas Del Río, Naucalpan, Estado De México",287 m² construidos,3 recámaras,3 baños,https://departamento.mercadolibre.com.mx/MLM-2792146635-departamento-en-venta-en-lomas-del-rio-_JM,https://http2.mlstatic.com/D_NQ_NP_2X_928121-MLM108816038963_032026-E.webp,Naucalpan,287.0,3.0,3.0,34843.20557491289
Departamento En Venta En Bosque Real,14179550,MXN,"Privada Del Jardin 43, La Mancha II, Naucalpan, Estado De México",257 m² construidos,3 recámaras,3 baños,https://departamento.mercadolibre.com.mx/MLM-4995472102-departamento-en-venta-en-bosque-real-_JM,https://http2.mlstatic.com/D_NQ_NP_2X_699003-MLM107885328108_032026-E.webp,Naucalpan,257.0,3.0,3.0,55173.346303501945
Departamento En Venta En San Andrés Atoto,6990000,MXN,"Boulevard Toluca 0, San Andrés Atoto, Naucalpan, Estado De México",145 m² construidos,2 recámaras,3 baños,https://departamento.mercadolibre.com.mx/MLM-2935094485-departamento-en-venta-en-san-andres-atoto-_JM,https://http2.mlstatic.com/D_NQ_NP_2X_849521-MLM111759782661_052026-E.webp,Naucalpan,145.0,2.0,3.0,48206.89655172414
Departamento En Venta En Lomas De Tecamachalco,7200000,MXN,"Fuente De Templanza 2, Lomas De Tecamachalco, Naucalpan, Estado De México",226 m² construidos,3 recámaras,3 baños,https://departamento.mercadolibre.com.mx/MLM-2984762149-departamento-en-venta-en-lomas-de-tecamachalco-_JM,https://http2.mlstatic.com/D_NQ_NP_2X_983892-MLM111717209662_062026-E.webp,Naucalpan,226.0,3.0,3.0,31858.40707964602
Departamento En Venta En Bosque Real,11125000,MXN,"Priv. Del Romance 27-v, Minas Coyote, Naucalpan, Estado De México",203 m² construidos,3 recámaras,3 baños,https://departamento.mercadolibre.com.mx/MLM-4995460120-departamento-en-venta-en-bosque-real-_JM,https://http2.mlstatic.com/D_NQ_NP_2X_871371-MLM107885326976_032026-E.webp,Naucalpan,203.0,3.0,3.0,54802.95566502463
Departamento En Venta En Bosque Real,10390000,MXN,"Priv. Del Romance 27-v, Minas Palacio Amp, Naucalpan, Estado De México",178 m² construidos,2 recámaras,2 baños,https://departamento.mercadolibre.com.mx/MLM-4995505130-departamento-en-venta-en-bosque-real-_JM,https://http2.mlstatic.com/D_NQ_NP_2X_895670-MLM108640477835_032026-E.webp,Naucalpan,178.0,2.0,2.0,58370.786516853936
Departamento En Venta En Bosque Real,14751145,MXN,"Ciento Ochenta Bosque Real, Real Del Bosque, Naucalpan, Estado De México",246 m² construidos,3 recámaras,3 baños,https://departamento.mercadolibre.com.mx/MLM-4761702870-departamento-en-venta-en-bosque-real-_JM,https://http2.mlstatic.com/D_NQ_NP_2X_712308-MLM106205764854_022026-E.webp,Naucalpan,246.0,3.0,3.0,59964.00406504065
Departamento En Venta En Lomas Del Río,9900000,MXN,"Av Lomas Del Rio Ote, Naucalpan, Estado De México",283 m² construidos,3 recámaras,3 baños,https://departamento.mercadolibre.com.mx/MLM-5412790596-departamento-en-venta-en-lomas-del-rio-_JM,https://http2.mlstatic.com/D_NQ_NP_2X_928724-MLM112334853791_052026-E.webp,Naucalpan,283.0,3.0,3.0,34982.33215547703
Departamento En Venta En Lomas De Tecamachalco,7500000,MXN,"Fuente De Trevi 0, Lomas De Tecamachalco, Naucalpan, Estado De México",270 m² construidos,3 recámaras,3 baños,https://departamento.mercadolibre.com.mx/MLM-5476197584-departamento-en-venta-en-lomas-de-tecamachalco-_JM,https://http2.mlstatic.com/D_NQ_NP_2X_956077-MLM111854924830_062026-E.webp,Naucalpan,270.0,3.0,3.0,27777.777777777777
Departamento En Venta En Lomas De Tecamachalco,7500000,MXN,"Fuente De Trevi 0, Lomas De Tecamachalco, Naucalpan, Estado De México",297 m² construidos,3 recámaras,3 baños,https://departamento.mercadolibre.com.mx/MLM-2988373865-departamento-en-venta-en-lomas-de-tecamachalco-_JM,https://http2.mlstatic.com/D_NQ_NP_2X_885338-MLM112872505581_062026-E.webp,Naucalpan,297.0,3.0,3.0,25252.52525252525
Departamento En Venta En Bosque Real,10149174,MXN,"NOX Bosque Real, Real Del Bosque, Naucalpan, Estado De México",153 m² construidos,2 recámaras,2 baños,https://departamento.mercadolibre.com.mx/MLM-4761653294-departamento-en-venta-en-bosque-real-_JM,https://http2.mlstatic.com/D_NQ_NP_2X_933456-MLM106206674586_022026-E.webp,Naucalpan,153.0,2.0,2.0,66334.4705882353
Departamento En Venta En San José Río Hondo (río Hondo),4899000,MXN,"Cam. Arenero 300, San José Río Hondo, Naucalpan, Estado De México",101 m² construidos,3 recámaras,2 baños,https://departamento.mercadolibre.com.mx/MLM-4761767886-departamento-en-venta-en-san-jose-rio-hondo-rio-hondo-_JM,https://http2.mlstatic.com/D_NQ_NP_2X_839426-MLM106830432753_022026-E.webp,Naucalpan,101.0,3.0,2.0,48504.9504950495
Departamento En Venta En Bosque Real,11663729,MXN,"NOX Bosque Real, Real Del Bosque, Naucalpan, Estado De México",175 m² construidos,3 recámaras,3 baños,https://departamento.mercadolibre.com.mx/MLM-2784668191-departamento-en-venta-en-bosque-real-_JM,https://http2.mlstatic.com/D_NQ_NP_2X_924144-MLM107885317656_032026-E.webp,Naucalpan,175.0,3.0,3.0,66649.88
Venta Departamentos De Lujo En Lomas Verdes,6899341,MXN,"Petroquímica Lomas Verdes, Naucalpan, Estado De México",167 m² construidos,3 recámaras,3 baños,https://departamento.mercadolibre.com.mx/MLM-5091437946-venta-departamentos-de-lujo-en-lomas-verdes-_JM,https://http2.mlstatic.com/D_NQ_NP_2X_818173-MLM113947874666_072026-E.webp,Naucalpan,167.0,3.0,3.0,41313.41916167665
"Departamento En Venta, Lomas Country Club",5661500,MXN,"Country Club, Naucalpan, Estado De México",65 m² construidos,1 recámara,1 baño,https://departamento.mercadolibre.com.mx/MLM-5132926766-departamento-en-venta-lomas-country-club-_JM,https://http2.mlstatic.com/D_NQ_NP_2X_844768-MLM95395268682_102025-E.webp,Naucalpan,65.0,1.0,1.0,87100.0
Departamento En Venta De 3 Recámaras Junto A Hipódromo De Las Américas Con 2 Estacionamientos,10000000,MXN,"C. 8 De Mayo 48, MZ 012, Manuel Avila Camacho, Naucalpan De Juárez, Gral. Manuel Avila Camacho, Naucalpan, Estado De México",320 m² construidos,3 recámaras,5 baños,https://departamento.mercadolibre.com.mx/MLM-2973729451-departamento-en-venta-de-3-recamaras-junto-a-hipodromo-de-las-americas-con-2-estacionamientos-_JM,https://http2.mlstatic.com/D_NQ_NP_2X_901316-MLM112589127065_062026-E.webp,Naucalpan,320.0,3.0,5.0,31250.0
"Departamento En Venta, Residencial Altezza, Naucalpan",4570000,MXN,"Naucalpan, Estado De México",90 m² construidos,2 recámaras,2 baños,https://departamento.mercadolibre.com.mx/MLM-2383999431-departamento-en-venta-residencial-altezza-naucalpan-_JM,https://http2.mlstatic.com/D_NQ_NP_2X_841008-MLM82275008853_022025-E.webp,Naucalpan,90.0,2.0,2.0,50777.77777777778
"Departamento En Venta Residencial Vertice,  Lomas Country Club",15900000,MXN,"Country Club, Naucalpan, Estado De México",370 m² construidos,3 recámaras,3 baños,https://departamento.mercadolibre.com.mx/MLM-2745513187-departamento-en-venta-residencial-vertice-lomas-country-club-_JM,https://http2.mlstatic.com/D_NQ_NP_2X_942285-MLM106728483178_022026-E.webp,Naucalpan,370.0,3.0,3.0,42972.97297297297
Ph En Venta Lomas De Tecamachalco Juventud,12400000,MXN,"Lomas De Tecamachalco, Naucalpan, Estado De México",352 m² construidos,3 recámaras,3 baños,https://departamento.mercadolibre.com.mx/MLM-5378730156-ph-en-venta-lomas-de-tecamachalco-juventud-_JM,https://http2.mlstatic.com/D_NQ_NP_2X_934470-MLM111972461761_052026-E.webp,Naucalpan,352.0,3.0,3.0,35227.27272727273
"Departamento En Venta Fuente De Pirámides, Lomas De Tecamachalco",9800000,MXN,"Lomas De Tecamachalco, Naucalpan, Estado De México",308 m² construidos,3 recámaras,3 baños,https://departamento.mercadolibre.com.mx/MLM-5730322530-departamento-en-venta-fuente-de-piramides-lomas-de-tecamachalco-_JM,https://http2.mlstatic.com/D_NQ_NP_2X_951845-MLM114654863363_072026-E.webp,Naucalpan,308.0,3.0,3.0,31818.18181818182
Departamento En Venta En Lomas De Tecamachalco,9950000,MXN,"Fuente De Molinos 0, Lomas De Tecamachalco, Naucalpan, Estado De México",400 m² construidos,3 recámaras,3 baños,https://departamento.mercadolibre.com.mx/MLM-2924557607-departamento-en-venta-en-lomas-de-tecamachalco-_JM,https://http2.mlstatic.com/D_NQ_NP_2X_822926-MLM111572376121_052026-E.webp,Naucalpan,400.0,3.0,3.0,24875.0
Departamento En Venta En Lomas De Tecamachalco,7700000,MXN,"Fuente De Diana 300, Lomas De Tecamachalco, Naucalpan, Estado De México",240 m² construidos,3 recámaras,3 baños,https://departamento.mercadolibre.com.mx/MLM-2944077829-departamento-en-venta-en-lomas-de-tecamachalco-_JM,https://http2.mlstatic.com/D_NQ_NP_2X_924957-MLM110962056058_052026-E.webp,Naucalpan,240.0,3.0,3.0,32083.333333333332
Departamento En Venta En Lomas De Tecamachalco,14299000,MXN,"Fuente De Pisa 0, Lomas De Tecamachalco, Naucalpan, Estado De México",372 m² construidos,3 recámaras,3 baños,https://departamento.mercadolibre.com.mx/MLM-5328122910-departamento-en-venta-en-lomas-de-tecamachalco-_JM,https://http2.mlstatic.com/D_NQ_NP_2X_900368-MLM111572355303_052026-E.webp,Naucalpan,372.0,3.0,3.0,38438.17204301075
Departamento En Venta En Bosque Real,12500000,MXN,"Boulevard Bosque Real 17, Real Del Bosque, Naucalpan, Estado De México",284 m² construidos,3 recámaras,4 baños,https://departamento.mercadolibre.com.mx/MLM-4995458292-departamento-en-venta-en-bosque-real-_JM,https://http2.mlstatic.com/D_NQ_NP_2X_923191-MLM107885070076_032026-E.webp,Naucalpan,284.0,3.0,4.0,44014.08450704225
"Departamento En Venta Interlomas, Residencial Nua Para Estrenar",6850000,MXN,"El Olivar, Naucalpan, Estado De México",81 m² construidos,2 recámaras,2 baños,https://departamento.mercadolibre.com.mx/MLM-5053209080-departamento-en-venta-interlomas-residencial-nua-para-estrenar-_JM,https://http2.mlstatic.com/D_NQ_NP_2X_895128-MLM109233259163_032026-E.webp,Naucalpan,81.0,2.0,2.0,84567.90123456791
Departamento En Venta En Lomas De Tecamachalco,8200000,MXN,"Fuente De Molinos 0, Lomas De Tecamachalco, Naucalpan, Estado De México",240 m² construidos,3 recámaras,2 baños,https://departamento.mercadolibre.com.mx/MLM-5328122916-departamento-en-venta-en-lomas-de-tecamachalco-_JM,https://http2.mlstatic.com/D_NQ_NP_2X_794554-MLM111572380653_052026-E.webp,Naucalpan,240.0,3.0,2.0,34166.666666666664
Departamento En Venta En Lomas De Tecamachalco,9900000,MXN,"Lomas De Tecamachalco, Naucalpan, Estado De México",305 m² construidos,3 recámaras,3 baños,https://departamento.mercadolibre.com.mx/MLM-5328122924-departamento-en-venta-en-lomas-de-tecamachalco-_JM,https://http2.mlstatic.com/D_NQ_NP_2X_747132-MLM111572362581_052026-E.webp,Naucalpan,305.0,3.0,3.0,32459.016393442624
Departamento En Venta En Lomas De Tecamachalco,12000000,MXN,"Fuente De Las Pirámides 0, Lomas De Tecamachalco, Naucalpan, Estado De México",305 m² construidos,3 recámaras,3 baños,https://departamento.mercadolibre.com.mx/MLM-3086280381-departamento-en-venta-en-lomas-de-tecamachalco-_JM,https://http2.mlstatic.com/D_NQ_NP_2X_812513-MLM114348298421_072026-E.webp,Naucalpan,305.0,3.0,3.0,39344.262295081964
Departamento En Venta En Lomas De Tecamachalco,13900000,MXN,"Fuente De Diana 100, Lomas De Tecamachalco, Naucalpan, Estado De México",231 m² construidos,3 recámaras,3 baños,https://departamento.mercadolibre.com.mx/MLM-5577047264-departamento-en-venta-en-lomas-de-tecamachalco-_JM,https://http2.mlstatic.com/D_NQ_NP_2X_686521-MLM113774882273_062026-E.webp,Naucalpan,231.0,3.0,3.0,60173.16017316018
Venta De Departamento,3050000,MXN,"Prolongacion Alamos 48, Santiago Occipaco, Naucalpan, Estado De México",120 m² construidos,3 recámaras,3 baños,https://departamento.mercadolibre.com.mx/MLM-3239375673-venta-de-departamento-_JM,https://http2.mlstatic.com/D_NQ_NP_2X_906946-MLM115522189373_082026-E.webp,Naucalpan,120.0,3.0,3.0,25416.666666666668
Departamento En Venta Lomas Verdes,2795000,MXN,"Lomas Verdes 1a Secc., Naucalpan, Estado De México",80 m² construidos,3 recámaras,2 baños,https://departamento.mercadolibre.com.mx/MLM-2748053987-departamento-en-venta-lomas-verdes-_JM,https://http2.mlstatic.com/D_NQ_NP_2X_930885-MLM107490903567_022026-E.webp,Naucalpan,80.0,3.0,2.0,34937.5
Departamento En Venta Entre Satelite Y Mundo E,5500000,MXN,"Naucalpan De Juárez, Ciudad Satélite, Naucalpan, Estado De México",115 m² construidos,2 recámaras,2 baños,https://departamento.mercadolibre.com.mx/MLM-2959755263-departamento-en-venta-entre-satelite-y-mundo-e-_JM,https://http2.mlstatic.com/D_NQ_NP_2X_720160-MLM112281552317_052026-E.webp,Naucalpan,115.0,2.0,2.0,47826.086956521736
Departamento En Venta Remodelado En Fuente De Molinos,8990000,MXN,"Lomas De Tecamachalco, Naucalpan, Estado De México",240 m² construidos,3 recámaras,2 baños,https://departamento.mercadolibre.com.mx/MLM-2818056895-departamento-en-venta-remodelado-en-fuente-de-molinos-_JM,https://http2.mlstatic.com/D_NQ_NP_2X_621238-MLM108661760780_032026-E.webp,Naucalpan,240.0,3.0,2.0,37458.333333333336
Pre Venta Departamento En Lomas Verdes Sexta Sección.,8356000,MXN,"Entrega Inmediata Departamento En Lomas Verdes Sexta Sección., Naucalpan, Estado De México",143 m² de terreno,2 recámaras,2 baños,https://departamento.mercadolibre.com.mx/MLM-5706142372-pre-venta-departamento-en-lomas-verdes-sexta-seccion-_JM,https://http2.mlstatic.com/D_NQ_NP_2X_909787-MLM113260924724_072026-E.webp,Naucalpan,143.0,2.0,2.0,58433.56643356643
Departamentos Nuevos En Venta En La Cúspide,8534228,MXN,"Departamentos Nuevos En Venta En La Cúspide, Naucalpan, Estado De México",258 m² de terreno,3 recámaras,3 baños,https://departamento.mercadolibre.com.mx/MLM-3144854477-departamentos-nuevos-en-venta-en-la-cuspide-_JM,https://http2.mlstatic.com/D_NQ_NP_2X_688179-MLM113410607922_072026-E.webp,Naucalpan,258.0,3.0,3.0,33078.40310077519
Departamentos Nuevos En Venta En Lomas Verdes,8025938,MXN,"Hermosos Departamentos Con Excelentes Acabados En Venta En Lomas Verdes, Naucalpan, Estado De México",205 m² de terreno,3 recámaras,3 baños,https://departamento.mercadolibre.com.mx/MLM-5731574584-departamentos-nuevos-en-venta-en-lomas-verdes-_JM,https://http2.mlstatic.com/D_NQ_NP_2X_661238-MLM114666588805_072026-E.webp,Naucalpan,205.0,3.0,3.0,39150.917073170735
Departamento En Venta En Lomas De Tecamachalco,15000000,MXN,"Fuente De La Juventud, Lomas De Tecamachalco, Naucalpan, Estado De México",380 m² construidos,4 recámaras,4 baños,https://departamento.mercadolibre.com.mx/MLM-2803825571-departamento-en-venta-en-lomas-de-tecamachalco-_JM,https://http2.mlstatic.com/D_NQ_NP_2X_760551-MLM109112221513_032026-E.webp,Naucalpan,380.0,4.0,4.0,39473.68421052631
"Venta Departamento En Tiara, Tecamachalco (l)",12500000,MXN,"Venta Departamento EN Tiara, Tecamachalco (l,d), Lomas De Tecamachalco, Naucalpan, Estado De México",244 m² de terreno,3 recámaras,3 baños,https://departamento.mercadolibre.com.mx/MLM-4980244860-venta-departamento-en-tiara-tecamachalco-l-_JM,https://http2.mlstatic.com/D_NQ_NP_2X_853691-MLM108446331179_032026-E.webp,Naucalpan,244.0,3.0,3.0,51229.50819672131
Departamento Exterior Con Baclones Y Roof Privado En Fuente De Acueducto,9900000,MXN,"Lomas De Tecamachalco, Naucalpan, Estado De México",172 m² construidos,3 recámaras,3 baños,https://departamento.mercadolibre.com.mx/MLM-2848196101-departamento-exterior-con-baclones-y-roof-privado-en-fuente-de-acueducto-_JM,https://http2.mlstatic.com/D_NQ_NP_2X_659862-MLM109283209196_042026-E.webp,Naucalpan,172.0,3.0,3.0,57558.13953488372
Venta De Departamentos En Ciudad Brisas,4600000,MXN,"Ciudad Brisa, Naucalpan, Estado De México",125 m² construidos,3 recámaras,2 baños,https://departamento.mercadolibre.com.mx/MLM-3045822325-venta-de-departamentos-en-ciudad-brisas-_JM,https://http2.mlstatic.com/D_NQ_NP_2X_734951-MLM112555349244_062026-E.webp,Naucalpan,125.0,3.0,2.0,36800.0
Amplio Departamento En Alpinia Lomas Verdes,8150000,MXN,"Lomas Verdes (Conjunto Lomas Verdes), Naucalpan, Estado De México",186 m² construidos,3 recámaras,3 baños,https://departamento.mercadolibre.com.mx/MLM-3208441289-amplio-departamento-en-alpinia-lomas-verdes-_JM,https://http2.mlstatic.com/D_NQ_NP_2X_685713-MLM113947931098_072026-E.webp,Naucalpan,186.0,3.0,3.0,43817.20430107527
"Departamento Moderno Con Terraza Y Roof Privado En Fuentes De Pisa, Tecamachalco",14690000,MXN,"Lomas De Tecamachalco, Naucalpan, Estado De México",265 m² construidos,3 recámaras,3 baños,https://departamento.mercadolibre.com.mx/MLM-5147799792-departamento-moderno-con-terraza-y-roof-privado-en-fuentes-de-pisa-tecamachalco-_JM,https://http2.mlstatic.com/D_NQ_NP_2X_614491-MLM109283209124_042026-E.webp,Naucalpan,265.0,3.0,3.0,55433.96226415094
"Departamento Moderno Con Terraza Y Roof Privado, Lomas De Tecamachalco",14150000,MXN,"Lomas De Tecamachalco, Naucalpan, Estado De México",265 m² construidos,3 recámaras,3 baños,https://departamento.mercadolibre.com.mx/MLM-2848184235-departamento-moderno-con-terraza-y-roof-privado-lomas-de-tecamachalco-_JM,https://http2.mlstatic.com/D_NQ_NP_2X_998960-MLM110135199985_042026-E.webp,Naucalpan,265.0,3.0,3.0,53396.22641509434
"Departamento Residencial Con Terraza Y Roof Privado, Lomas De Tecamachalco",14700000,MXN,"Lomas De Tecamachalco, Naucalpan, Estado De México",260 m² construidos,3 recámaras,4 baños,https://departamento.mercadolibre.com.mx/MLM-2848184231-departamento-residencial-con-terraza-y-roof-privado-lomas-de-tecamachalco-_JM,https://http2.mlstatic.com/D_NQ_NP_2X_827488-MLM110135199887_042026-E.webp,Naucalpan,260.0,3.0,4.0,56538.46153846154
Tecamachalco! Torre Manhatan ! Venta (b),11200000,MXN,"Lomas De Tecamachalco, Naucalpan, Estado De México",280 m² construidos,2 recámaras,2 baños,https://departamento.mercadolibre.com.mx/MLM-3058162603-tecamachalco-torre-manhatan-venta-b-_JM,https://http2.mlstatic.com/D_NQ_NP_2X_768663-MLM88651806525_072025-E.webp,Naucalpan,280.0,2.0,2.0,40000.0
"Gran Departamento En Venta  El Ducal, Bosque Real  320 M2 + Bodega | Precio: $10,900,000 Mxn",10900000,MXN,"El Ducal, MZ 1 - 300, Bosque Real, Naucalpan De Juárez, Estado De México, Naucalpan",320 m² construidos,3 recámaras,3 baños,https://departamento.mercadolibre.com.mx/MLM-2763332569-gran-departamento-en-venta-el-ducal-bosque-real-320-m2-bodega-precio-10900000-mxn-_JM,https://http2.mlstatic.com/D_NQ_NP_2X_996586-MLM108126725211_032026-E.webp,Naucalpan,320.0,3.0,3.0,34062.5
"Venta Departamento En, Alce Blanco, Toreo, Periferico Norte",5214000,MXN,"Industrial Alce Blanco, Naucalpan, Estado De México",100 m² construidos,3 recámaras,3 baños,https://departamento.mercadolibre.com.mx/MLM-2619599603-venta-departamento-en-alce-blanco-toreo-periferico-norte-_JM,https://http2.mlstatic.com/D_NQ_NP_2X_765754-MLM113402094400_072026-E.webp,Naucalpan,100.0,3.0,3.0,52140.0
Departamento Moderno Con Terraza Y Roof Privado En Lomas De Tecamachalco,14550000,MXN,"Lomas De Tecamachalco, Naucalpan, Estado De México",265 m² construidos,3 recámaras,4 baños,https://departamento.mercadolibre.com.mx/MLM-5330578410-departamento-moderno-con-terraza-y-roof-privado-en-lomas-de-tecamachalco-_JM,https://http2.mlstatic.com/D_NQ_NP_2X_855842-MLM110640692798_052026-E.webp,Naucalpan,265.0,3.0,4.0,54905.660377358494
"Departamento Moderno Con Terraza Y Roof Privado En Fuentes De Pisa, Tecamachalco",14650000,MXN,"Lomas De Tecamachalco, Naucalpan, Estado De México",265 m² construidos,3 recámaras,3 baños,https://departamento.mercadolibre.com.mx/MLM-5148097752-departamento-moderno-con-terraza-y-roof-privado-en-fuentes-de-pisa-tecamachalco-_JM,https://http2.mlstatic.com/D_NQ_NP_2X_985281-MLM111590617413_052026-E.webp,Naucalpan,265.0,3.0,3.0,55283.018867924526
Venta De Excelente Departamento En Tecamachalco (d),9500000,MXN,"Venta De Excelente Departamento En Tecamachalco (D), Lomas De Tecamachalco, Naucalpan, Estado De México",240 m² construidos,3 recámaras,2 baños,https://departamento.mercadolibre.com.mx/MLM-4980245024-venta-de-excelente-departamento-en-tecamachalco-d-_JM,https://http2.mlstatic.com/D_NQ_NP_2X_818566-MLM107706918202_032026-E.webp,Naucalpan,240.0,3.0,2.0,39583.333333333336
Departamento En Lomas De Tecamachalco,14000000,MXN,"Venta DE Departamento Fuente DE Aguilas (D), Lomas De Tecamachalco, Naucalpan, Estado De México",392 m² de terreno,3 recámaras,3 baños,https://departamento.mercadolibre.com.mx/MLM-4980244910-departamento-en-lomas-de-tecamachalco-_JM,https://http2.mlstatic.com/D_NQ_NP_2X_930530-MLM107706885860_032026-E.webp,Naucalpan,392.0,3.0,3.0,35714.28571428572
Venta Ph De Lujo Lomas De Tecamachalco Con Amplia Terraza,14470000,MXN,"Venta PH De Lujo Lomas De Tecamachalco Con Amplia Terraza  (D), Lomas De Tecamachalco, Naucalpan, Estado De México",400 m² de terreno,3 recámaras,3 baños,https://departamento.mercadolibre.com.mx/MLM-4980030706-venta-ph-de-lujo-lomas-de-tecamachalco-con-amplia-terraza-_JM,https://http2.mlstatic.com/D_NQ_NP_2X_601513-MLM108446329309_032026-E.webp,Naucalpan,400.0,3.0,3.0,36175.0
Departamento En Venta En Lomas Country Club,18000000,MXN,"Country Club, Naucalpan, Estado De México",360 m² construidos,4 recámaras,4 baños,https://departamento.mercadolibre.com.mx/MLM-2755484347-departamento-en-venta-en-lomas-country-club-_JM,https://http2.mlstatic.com/D_NQ_NP_2X_600332-MLM107812920571_022026-E.webp,Naucalpan,360.0,4.0,4.0,50000.0
Exclusivos Departamentos De Lujo En Venta Zona Poniente Cdmx,4549000,MXN,"Ricardo Flores Magón, Naucalpan, Estado De México",85 m² construidos,2 recámaras,2 baños,https://departamento.mercadolibre.com.mx/MLM-5179469194-exclusivos-departamentos-de-lujo-en-venta-zona-poniente-cdmx-_JM,https://http2.mlstatic.com/D_NQ_NP_2X_936721-MLM91045674945_082025-E.webp,Naucalpan,85.0,2.0,2.0,53517.64705882353
Departamento En Venta En Interlomas,13600000,MXN,"Country Club, Naucalpan, Estado De México",216 m² construidos,3 recámaras,3 baños,https://departamento.mercadolibre.com.mx/MLM-5830906698-departamento-en-venta-en-interlomas-_JM,https://http2.mlstatic.com/D_NQ_NP_2X_659024-MLM115243786389_072026-E.webp,Naucalpan,216.0,3.0,3.0,62962.96296296296
Venta De Departamento Con Terraza En Tecamachalco,15154500,MXN,"Lomas De Tecamachalco, Naucalpan, Estado De México",310 m² construidos,3 recámaras,3 baños,https://departamento.mercadolibre.com.mx/MLM-3081326755-venta-de-departamento-con-terraza-en-tecamachalco-_JM,https://http2.mlstatic.com/D_NQ_NP_2X_617943-MLM114129882863_072026-E.webp,Naucalpan,310.0,3.0,3.0,48885.48387096774
Departamento De Lujo,11150000,MXN,"Lomas Verdes 6a Sección, Naucalpan, Estado De México",266 m² construidos,3 recámaras,2 baños,https://departamento.mercadolibre.com.mx/MLM-3081300831-departamento-de-lujo-_JM,https://http2.mlstatic.com/D_NQ_NP_2X_875999-MLM114129875623_072026-E.webp,Naucalpan,266.0,3.0,2.0,41917.29323308271
Departamento Remodelado Con Amenidades En Tecamachalco,9500000,MXN,"Lomas De Tecamachalco, Naucalpan, Estado De México",236 m² construidos,3 recámaras,2 baños,https://departamento.mercadolibre.com.mx/MLM-5617060592-departamento-remodelado-con-amenidades-en-tecamachalco-_JM,https://http2.mlstatic.com/D_NQ_NP_2X_772926-MLM112817745482_072026-E.webp,Naucalpan,236.0,3.0,2.0,40254.23728813559
Penthouse En Venta En Alta Vitta Lomas Verdes,14400000,MXN,"Lomas Verdes 1a Secc., Naucalpan, Estado De México",357 m² construidos,3 recámaras,3 baños,https://departamento.mercadolibre.com.mx/MLM-5609881610-penthouse-en-venta-en-alta-vitta-lomas-verdes-_JM,https://http2.mlstatic.com/D_NQ_NP_2X_943985-MLM113969586421_062026-E.webp,Naucalpan,357.0,3.0,3.0,40336.13445378151
Precioso Departamento En Venta En Lomas Country Club,17500000,MXN,"Country Club, Naucalpan, Estado De México",355 m² construidos,4 recámaras,4 baños,https://departamento.mercadolibre.com.mx/MLM-3050825287-precioso-departamento-en-venta-en-lomas-country-club-_JM,https://http2.mlstatic.com/D_NQ_NP_2X_664331-MLM113779806361_062026-E.webp,Naucalpan,355.0,4.0,4.0,49295.77464788732
Departamento De Lujo En Tecamachalco Ev01,9900000,MXN,"Lomas De Tecamachalco, Naucalpan, Estado De México",200 m² construidos,3 recámaras,3 baños,https://departamento.mercadolibre.com.mx/MLM-5107177308-departamento-de-lujo-en-tecamachalco-ev01-_JM,https://http2.mlstatic.com/D_NQ_NP_2X_814110-MLM109885575909_032026-E.webp,Naucalpan,200.0,3.0,3.0,49500.0
Departamento En Venta,3550000,MXN,"De Los Tarascos 54, Santa Cruz Acatlan, Naucalpan, Estado De México",100 m² construidos,3 recámaras,2 baños,https://departamento.mercadolibre.com.mx/MLM-5449378546-departamento-en-venta-_JM,https://http2.mlstatic.com/D_NQ_NP_2X_689453-MLM112689057867_062026-E.webp,Naucalpan,100.0,3.0,2.0,35500.0
Departamento Para Estrenar En Tecamachalco,12900000,MXN,"Lomas De Tecamachalco, Naucalpan, Estado De México",344 m² construidos,3 recámaras,3 baños,https://departamento.mercadolibre.com.mx/MLM-5617110440-departamento-para-estrenar-en-tecamachalco-_JM,https://http2.mlstatic.com/D_NQ_NP_2X_927518-MLM114263603842_082026-E.webp,Naucalpan,344.0,3.0,3.0,37500.0
"Venta Departamento A Estrenar Fuente De Diana, Tecamachalco",8000000,MXN,"Lomas De Tecamachalco, Naucalpan, Estado De México",230 m² construidos,3 recámaras,3 baños,https://departamento.mercadolibre.com.mx/MLM-2985321369-venta-departamento-a-estrenar-fuente-de-diana-tecamachalco-_JM,https://http2.mlstatic.com/D_NQ_NP_2X_785528-MLM112817688109_062026-E.webp,Naucalpan,230.0,3.0,3.0,34782.608695652176
Vendo Departamento  En Frondoso Ii,17800000,MXN,"Country Club, Naucalpan, Estado De México",350 m² construidos,3 recámaras,3 baños,https://departamento.mercadolibre.com.mx/MLM-5258978952-vendo-departamento-en-frondoso-ii-_JM,https://http2.mlstatic.com/D_NQ_NP_2X_907360-MLM111005599241_042026-E.webp,Naucalpan,350.0,3.0,3.0,50857.142857142855
Estrena Departamento De Lujo En Tecamachalco Ev,9900000,MXN,"Lomas De Tecamachalco, Naucalpan, Estado De México",200 m² construidos,3 recámaras,3 baños,https://departamento.mercadolibre.com.mx/MLM-5058528770-estrena-departamento-de-lujo-en-tecamachalco-ev-_JM,https://http2.mlstatic.com/D_NQ_NP_2X_927885-MLM108494281434_032026-E.webp,Naucalpan,200.0,3.0,3.0,49500.0
Departamento De Lujo En Tecamachalco Ev,9900000,MXN,"Lomas De Tecamachalco, Naucalpan, Estado De México",200 m² construidos,3 recámaras,3 baños,https://departamento.mercadolibre.com.mx/MLM-2795105527-departamento-de-lujo-en-tecamachalco-ev-_JM,https://http2.mlstatic.com/D_NQ_NP_2X_771321-MLM108887456205_032026-E.webp,Naucalpan,200.0,3.0,3.0,49500.0
"Venta Departamento Con Terraza, Tecamachalco, Naucalpan, Estado De México.",15950000,MXN,"Lomas De Tecamachalco, Naucalpan, Estado De México",367 m² construidos,3 recámaras,3 baños,https://departamento.mercadolibre.com.mx/MLM-2788178973-venta-departamento-con-terraza-tecamachalco-naucalpan-estado-de-mexico-_JM,https://http2.mlstatic.com/D_NQ_NP_2X_868015-MLM113688562584_072026-E.webp,Naucalpan,367.0,3.0,3.0,43460.49046321526
"Venta De Departamentos Nuevos En, Las Américas.",6620570,MXN,"Av. México, Las Américas, Naucalpan, Estado De México",148 m² construidos,2 recámaras,2 baños,https://departamento.mercadolibre.com.mx/MLM-5332302078-venta-de-departamentos-nuevos-en-las-americas-_JM,https://http2.mlstatic.com/D_NQ_NP_2X_817396-MLM110655178692_052026-E.webp,Naucalpan,148.0,2.0,2.0,44733.58108108108
Departamento En Venta En Santa Cruz Del Monte,3400000,MXN,"Santa Cruz Del Monte, Santa Cruz Del Monte, Naucalpan, Estado De México",100 m² construidos,2 recámaras,1 baño,https://departamento.mercadolibre.com.mx/MLM-5262383752-departamento-en-venta-en-santa-cruz-del-monte-_JM,https://http2.mlstatic.com/D_NQ_NP_2X_774945-MLM111037739555_042026-E.webp,Naucalpan,100.0,2.0,1.0,34000.0
Departamento Venta Lomas De Tecamachalco,19000000,MXN,"Lomas De Tecamachalco, Naucalpan, Estado De México",340 m² construidos,3 recámaras,3 baños,https://departamento.mercadolibre.com.mx/MLM-2962044373-departamento-venta-lomas-de-tecamachalco-_JM,https://http2.mlstatic.com/D_NQ_NP_2X_982490-MLM111297437016_052026-E.webp,Naucalpan,340.0,3.0,3.0,55882.35294117647
Espectacular Departamento En Muy Exclusivo Desarrollo De Lomas Country,23000000,MXN,"Country Club, Naucalpan, Estado De México",367 m² construidos,3 recámaras,4 baños,https://departamento.mercadolibre.com.mx/MLM-5781008656-espectacular-departamento-en-muy-exclusivo-desarrollo-de-lomas-country-_JM,https://http2.mlstatic.com/D_NQ_NP_2X_961849-MLM114977187349_072026-E.webp,Naucalpan,367.0,3.0,4.0,62670.29972752043
"Departamento Con Terrazas En Fuente De Acueducto (para Agosto 2026, Tecamachalco",10900000,MXN,"Lomas De Tecamachalco, Naucalpan, Estado De México",221 m² construidos,3 recámaras,3 baños,https://departamento.mercadolibre.com.mx/MLM-2937052527-departamento-con-terrazas-en-fuente-de-acueducto-para-agosto-2026-tecamachalco-_JM,https://http2.mlstatic.com/D_NQ_NP_2X_892151-MLM111800465985_052026-E.webp,Naucalpan,221.0,3.0,3.0,49321.26696832579
"Venta Departamento Cumbres Herradura Con Balcón $4,000,000",4000000,MXN,"Ricardo Flores Magón, Naucalpan, Estado De México",108 m² construidos,3 recámaras,2 baños,https://departamento.mercadolibre.com.mx/MLM-3096932947-venta-departamento-cumbres-herradura-con-balcon-4000000-_JM,https://http2.mlstatic.com/D_NQ_NP_2X_776358-MLM113037341104_072026-E.webp,Naucalpan,108.0,3.0,2.0,37037.03703703704
Estrena Departamento En Tecamachalco,14746000,MXN,"Lomas De Tecamachalco, Naucalpan, Estado De México",305 m² construidos,3 recámaras,3 baños,https://departamento.mercadolibre.com.mx/MLM-2901265205-estrena-departamento-en-tecamachalco-_JM,https://http2.mlstatic.com/D_NQ_NP_2X_772397-MLM110162441188_042026-E.webp,Naucalpan,305.0,3.0,3.0,48347.54098360656
"Departamento En Venta, Tecamachalco Moderno, Buenos Acabados Con Amenidades",8990000,MXN,"Moderno, Buenos Acabados Con Amenidades, Lomas De Tecamachalco, Naucalpan, Estado De México",240 m² construidos,3 recámaras,2 baños,https://departamento.mercadolibre.com.mx/MLM-5099713712-departamento-en-venta-tecamachalco-moderno-buenos-acabados-con-amenidades-_JM,https://http2.mlstatic.com/D_NQ_NP_2X_941112-MLM109800282395_032026-E.webp,Naucalpan,240.0,3.0,2.0,37458.333333333336
Departamento En Venta En Tecamachalco Residencial Alegria Gh,8647600,MXN,"Lomas De Tecamachalco, Naucalpan, Estado De México",176 m² construidos,2 recámaras,2 baños,https://departamento.mercadolibre.com.mx/MLM-5385987626-departamento-en-venta-en-tecamachalco-residencial-alegria-gh-_JM,https://http2.mlstatic.com/D_NQ_NP_2X_951904-MLM111044154844_052026-E.webp,Naucalpan,176.0,2.0,2.0,49134.09090909091
Exclusivos Ph De Lujo En Venta Zona Poniente Cdmx,6349000,MXN,"Ricardo Flores Magón, Naucalpan, Estado De México",139 m² construidos,2 recámaras,2 baños,https://departamento.mercadolibre.com.mx/MLM-5179358134-exclusivos-ph-de-lujo-en-venta-zona-poniente-cdmx-_JM,https://http2.mlstatic.com/D_NQ_NP_2X_730209-MLM107062092352_022026-E.webp,Naucalpan,139.0,2.0,2.0,45676.25899280576
"Ph Interior Con Balcones Y Roof Privado En Fuente De Acueducto, Tecamachalco",10300000,MXN,"Lomas De Tecamachalco, Naucalpan, Estado De México",195 m² construidos,3 recámaras,3 baños,https://departamento.mercadolibre.com.mx/MLM-2848259541-ph-interior-con-balcones-y-roof-privado-en-fuente-de-acueducto-tecamachalco-_JM,https://http2.mlstatic.com/D_NQ_NP_2X_810677-MLM110641186572_052026-E.webp,Naucalpan,195.0,3.0,3.0,52820.51282051282
"Preventa Departamentos Lomas Verdes 6a Sección Desde $8,356,000",8356000,MXN,"Lomas Verdes 6a Sección, Naucalpan, Estado De México",143 m² construidos,2 recámaras,2 baños,https://departamento.mercadolibre.com.mx/MLM-5147813320-preventa-departamentos-lomas-verdes-6a-seccion-desde-8356000-_JM,https://http2.mlstatic.com/D_NQ_NP_2X_603040-MLM113589322522_072026-E.webp,Naucalpan,143.0,2.0,2.0,58433.56643356643
Excelente Departamento Ev En Renta Y Venta A Estrenar En Lomas De Tecamachalco,10000000,MXN,"Lomas De Tecamachalco, Naucalpan, Estado De México",191 m² construidos,3 recámaras,4 baños,https://departamento.mercadolibre.com.mx/MLM-5029711072-excelente-departamento-ev-en-renta-y-venta-a-estrenar-en-lomas-de-tecamachalco-_JM,https://http2.mlstatic.com/D_NQ_NP_2X_761858-MLM108958645909_032026-E.webp,Naucalpan,191.0,3.0,4.0,52356.02094240838
Venta De Exclusivo Departamento En  Lomas Country,16241600,MXN,"Boulevares, Naucalpan, Estado De México",307 m² construidos,3 recámaras,3 baños,https://departamento.mercadolibre.com.mx/MLM-2776068137-venta-de-exclusivo-departamento-en-lomas-country-_JM,https://http2.mlstatic.com/D_NQ_NP_2X_872531-MLM108436633001_032026-E.webp,Naucalpan,307.0,3.0,3.0,52904.234527687295
Departamento En Lomas De Tecamachalco,13500000,MXN,"SE Vende Departamento EN Fuentes DE LAS Aguilas Tecamachalco (L), Lomas De Tecamachalco, Naucalpan, Estado De México",336 m² de terreno,3 recámaras,3 baños,https://departamento.mercadolibre.com.mx/MLM-4980030960-departamento-en-lomas-de-tecamachalco-_JM,https://http2.mlstatic.com/D_NQ_NP_2X_932517-MLM107706873168_032026-E.webp,Naucalpan,336.0,3.0,3.0,40178.57142857143
"Residencial En Segundo Piso, Ubicado En Lomas De Tecamachalco",14750000,MXN,"Lomas De Tecamachalco, Naucalpan, Estado De México",260 m² construidos,3 recámaras,3 baños,https://departamento.mercadolibre.com.mx/MLM-5147728186-residencial-en-segundo-piso-ubicado-en-lomas-de-tecamachalco-_JM,https://http2.mlstatic.com/D_NQ_NP_2X_903833-MLM110135199671_042026-E.webp,Naucalpan,260.0,3.0,3.0,56730.769230769234
Venta Departamento En Tecamachalco,14545000,MXN,"Lomas De Tecamachalco, Naucalpan, Estado De México",311 m² construidos,3 recámaras,3 baños,https://departamento.mercadolibre.com.mx/MLM-5140232598-venta-departamento-en-tecamachalco-_JM,https://http2.mlstatic.com/D_NQ_NP_2X_724592-MLM110086403905_042026-E.webp,Naucalpan,311.0,3.0,3.0,46768.48874598071
Departamento En Venta En Lomas De Tecamachalco,20000000,MXN,"Lomas De Tecamachalco, Naucalpan, Estado De México",350 m² construidos,3 recámaras,3 baños,https://departamento.mercadolibre.com.mx/MLM-3058162839-departamento-en-venta-en-lomas-de-tecamachalco-_JM,https://http2.mlstatic.com/D_NQ_NP_2X_945916-MLM104054387078_012026-E.webp,Naucalpan,350.0,3.0,3.0,57142.857142857145
Puerta Grande Un Desarrollo Rodeado De Áreas Verdes,2971875,MXN,"Independencia 113, La Herradura, Naucalpan, Estado De México",63 m² construidos,,1 baño,https://departamento.mercadolibre.com.mx/MLM-5449635030-puerta-grande-un-desarrollo-rodeado-de-areas-verdes-_JM,https://http2.mlstatic.com/D_NQ_NP_2X_907158-MLM114182567727_072026-E.webp,Naucalpan,63.0,,1.0,47172.619047619046
"Ph Interior Con Balcones Y Roof Privado En Fuente De Acueducto, Tecamachalco",10200000,MXN,"Lomas De Tecamachalco, Naucalpan, Estado De México",192 m² construidos,3 recámaras,3 baños,https://departamento.mercadolibre.com.mx/MLM-5147728224-ph-interior-con-balcones-y-roof-privado-en-fuente-de-acueducto-tecamachalco-_JM,https://http2.mlstatic.com/D_NQ_NP_2X_636448-MLM110135223819_042026-E.webp,Naucalpan,192.0,3.0,3.0,53125.0
Excelente Departamento Ev En Venta A Estrenar En Lomas De Tecamachalco,10000000,MXN,"Lomas De Tecamachalco, Naucalpan, Estado De México",191 m² construidos,3 recámaras,4 baños,https://departamento.mercadolibre.com.mx/MLM-2795097289-excelente-departamento-ev-en-venta-a-estrenar-en-lomas-de-tecamachalco-_JM,https://http2.mlstatic.com/D_NQ_NP_2X_726801-MLM108110194984_032026-E.webp,Naucalpan,191.0,3.0,4.0,52356.02094240838
Departamento Recien Remodelado En Venta Nua Interlomas,7099000,MXN,"Lomas De Tecamachalco, Naucalpan, Estado De México",81 m² construidos,2 recámaras,2 baños,https://departamento.mercadolibre.com.mx/MLM-2735777147-departamento-recien-remodelado-en-venta-nua-interlomas-_JM,https://http2.mlstatic.com/D_NQ_NP_2X_672863-MLM115414366839_082026-E.webp,Naucalpan,81.0,2.0,2.0,87641.97530864198
"Departamentos De Lujo En Pre-venta Desde $7,400,000",7000000,MXN,"Lomas De Tecamachalco, Naucalpan, Estado De México",173 m² construidos,3 recámaras,3 baños,https://departamento.mercadolibre.com.mx/MLM-2996755267-departamentos-de-lujo-en-pre-venta-desde-7400000-_JM,https://http2.mlstatic.com/D_NQ_NP_2X_696221-MLM111886155614_062026-E.webp,Naucalpan,173.0,3.0,3.0,40462.42774566474
"Departamento Con  Balcones, Terraza Y Roof Privado En Lomas De Tecamachalco",14500000,MXN,"Lomas De Tecamachalco, Naucalpan, Estado De México",260 m² construidos,3 recámaras,4 baños,https://departamento.mercadolibre.com.mx/MLM-2924977239-departamento-con-balcones-terraza-y-roof-privado-en-lomas-de-tecamachalco-_JM,https://http2.mlstatic.com/D_NQ_NP_2X_621237-MLM110640052992_052026-E.webp,Naucalpan,260.0,3.0,4.0,55769.230769230766
Venta Departamento En Tecamachalco (et),14545000,MXN,"Lomas De Tecamachalco, Naucalpan, Estado De México",311 m² construidos,3 recámaras,3 baños,https://departamento.mercadolibre.com.mx/MLM-5430050668-venta-departamento-en-tecamachalco-et-_JM,https://http2.mlstatic.com/D_NQ_NP_2X_810611-MLM113671189427_062026-E.webp,Naucalpan,311.0,3.0,3.0,46768.48874598071
"Departamento En Venta, Tecamachalco Amplio, Remodelado Y Moderno",9990000,MXN,"Amplio, Remodelado Y Moderno, Lomas De Tecamachalco, Naucalpan, Estado De México",310 m² construidos,3 recámaras,3 baños,https://departamento.mercadolibre.com.mx/MLM-2831079343-departamento-en-venta-tecamachalco-amplio-remodelado-y-moderno-_JM,https://http2.mlstatic.com/D_NQ_NP_2X_920928-MLM109800321537_032026-E.webp,Naucalpan,310.0,3.0,3.0,32225.8064516129
Se Vende Ph  En El Fraccionamiento En  Lomas Del Rio En Minas (l),11500000,MXN,"SE Vende PH  EN EL Fraccionamiento EN  Lomas DEL RIO EN Minas (L), Naucalpan, Estado De México",390 m² de terreno,4 recámaras,4 baños,https://departamento.mercadolibre.com.mx/MLM-5174369838-se-vende-ph-en-el-fraccionamiento-en-lomas-del-rio-en-minas-l-_JM,https://http2.mlstatic.com/D_NQ_NP_2X_746603-MLM109492760384_042026-E.webp,Naucalpan,390.0,4.0,4.0,29487.17948717949
Pent-house En Venta Lomas Country Club,9000000,MXN,"Country Club, Naucalpan, Estado De México",318 m² construidos,3 recámaras,3 baños,https://departamento.mercadolibre.com.mx/MLM-2776077557-pent-house-en-venta-lomas-country-club-_JM,https://http2.mlstatic.com/D_NQ_NP_2X_921040-MLM112771063380_062026-E.webp,Naucalpan,318.0,3.0,3.0,28301.88679245283
Vendo Departamento En Tecamachalco Torre Manhattan,9250000,MXN,"Lomas De Tecamachalco, Naucalpan, Estado De México",300 m² construidos,3 recámaras,2 baños,https://departamento.mercadolibre.com.mx/MLM-5258978988-vendo-departamento-en-tecamachalco-torre-manhattan-_JM,https://http2.mlstatic.com/D_NQ_NP_2X_853491-MLM111005600423_042026-E.webp,Naucalpan,300.0,3.0,2.0,30833.333333333332
"Departamento En Venta, Tecamachalco Estrena Muy Bonitos Depas",10500000,MXN,"Estrena Bonitos Depas, Lomas De Tecamachalco, Naucalpan, Estado De México",221 m² construidos,3 recámaras,3 baños,https://departamento.mercadolibre.com.mx/MLM-5823032140-departamento-en-venta-tecamachalco-estrena-muy-bonitos-depas-_JM,https://http2.mlstatic.com/D_NQ_NP_2X_903969-MLM113896316616_072026-E.webp,Naucalpan,221.0,3.0,3.0,47511.31221719457
"Venta O Renta De Departamento, Torre Manhattan, Lomas De Tecamachalco, Edo.",11000000,MXN,"Lomas De Tecamachalco, Naucalpan, Estado De México",276 m² construidos,2 recámaras,3 baños,https://departamento.mercadolibre.com.mx/MLM-5665570684-venta-o-renta-de-departamento-torre-manhattan-lomas-de-tecamachalco-edo-_JM,https://http2.mlstatic.com/D_NQ_NP_2X_814767-MLM113070725106_072026-E.webp,Naucalpan,276.0,2.0,3.0,39855.07246376811
Excelentes Departamentos Preventa 2028 Tecamachalco,4794000,MXN,"Lomas De Tecamachalco, Naucalpan, Estado De México",120 m² construidos,2 recámaras,2 baños,https://departamento.mercadolibre.com.mx/MLM-5617110480-excelentes-departamentos-preventa-2028-tecamachalco-_JM,https://http2.mlstatic.com/D_NQ_NP_2X_832237-MLM114014898909_072026-E.webp,Naucalpan,120.0,2.0,2.0,39950.0
Departamento En Venta En Tecamachalco,8700000,MXN,"Lomas De Tecamachalco, Naucalpan, Estado De México",220 m² construidos,3 recámaras,2 baños,https://departamento.mercadolibre.com.mx/MLM-5786268336-departamento-en-venta-en-tecamachalco-_JM,https://http2.mlstatic.com/D_NQ_NP_2X_717110-MLM115000011939_072026-E.webp,Naucalpan,220.0,3.0,2.0,39545.454545454544
Penthouse En Venta En La Herradura,11490000,MXN,"Independencia, Naucalpan, Estado De México",356 m² construidos,5 recámaras,5 baños,https://departamento.mercadolibre.com.mx/MLM-3081300677-penthouse-en-venta-en-la-herradura-_JM,https://http2.mlstatic.com/D_NQ_NP_2X_660633-MLM114129795733_072026-E.webp,Naucalpan,356.0,5.0,5.0,32275.280898876405
Vendo Departamento En Frondoso Ii,18000000,MXN,"Country Club, Naucalpan, Estado De México",397 m² construidos,2 recámaras,2 baños,https://departamento.mercadolibre.com.mx/MLM-5366358772-vendo-departamento-en-frondoso-ii-_JM,https://http2.mlstatic.com/D_NQ_NP_2X_646688-MLM115538658229_082026-E.webp,Naucalpan,397.0,2.0,2.0,45340.05037783375
"Ph Exterior Con Balcones Y Roof Privado En Fuente De Acueducto, Tecamachalco",10200000,MXN,"Lomas De Tecamachalco, Naucalpan, Estado De México",192 m² construidos,3 recámaras,3 baños,https://departamento.mercadolibre.com.mx/MLM-5147799798-ph-exterior-con-balcones-y-roof-privado-en-fuente-de-acueducto-tecamachalco-_JM,https://http2.mlstatic.com/D_NQ_NP_2X_757734-MLM110135200587_042026-E.webp,Naucalpan,192.0,3.0,3.0,53125.0
"Venta De Departamento Con Terraza, Lomas De Tecamachalco, Estado De México.",12900000,MXN,"Lomas De Tecamachalco, Naucalpan, Estado De México",339 m² construidos,3 recámaras,3 baños,https://departamento.mercadolibre.com.mx/MLM-3233318287-venta-de-departamento-con-terraza-lomas-de-tecamachalco-estado-de-mexico-_JM,https://http2.mlstatic.com/D_NQ_NP_2X_625008-MLM113995222004_072026-E.webp,Naucalpan,339.0,3.0,3.0,38053.097345132745
"Departamento Moderno Con Terraza Y Roof Privado En Fuentes De Pisa, Tecamachalco",15000000,MXN,"Lomas De Tecamachalco, Naucalpan, Estado De México",265 m² construidos,3 recámaras,3 baños,https://departamento.mercadolibre.com.mx/MLM-2848197325-departamento-moderno-con-terraza-y-roof-privado-en-fuentes-de-pisa-tecamachalco-_JM,https://http2.mlstatic.com/D_NQ_NP_2X_875430-MLM109283302772_042026-E.webp,Naucalpan,265.0,3.0,3.0,56603.77358490566
"Departamento Con Terraza, De Servicio Con Baño, Alberca, Gim",15410000,MXN,"Paseos Del Bosque, Naucalpan, Estado De México",246 m² construidos,3 recámaras,3 baños,https://departamento.mercadolibre.com.mx/MLM-2880796583-departamento-con-terraza-de-servicio-con-bano-alberca-gim-_JM,https://http2.mlstatic.com/D_NQ_NP_2X_940975-MLM69324707167_052023-E.webp,Naucalpan,246.0,3.0,3.0,62642.276422764226
Se Vende Amplio Departamento En Lomas De Tecamachalco (v),6800000,MXN,"Lomas De Tecamachalco, Naucalpan, Estado De México",230 m² construidos,3 recámaras,2 baños,https://departamento.mercadolibre.com.mx/MLM-3058402809-se-vende-amplio-departamento-en-lomas-de-tecamachalco-v-_JM,https://http2.mlstatic.com/D_NQ_NP_2X_616818-MLM82040183937_012025-E.webp,Naucalpan,230.0,3.0,2.0,29565.217391304348
Hermoso Departamento En Venta En Tecamachalco,11000000,MXN,"Lomas De Tecamachalco, Naucalpan, Estado De México",200 m² construidos,3 recámaras,3 baños,https://departamento.mercadolibre.com.mx/MLM-2776008923-hermoso-departamento-en-venta-en-tecamachalco-_JM,https://http2.mlstatic.com/D_NQ_NP_2X_986875-MLM113773986227_062026-E.webp,Naucalpan,200.0,3.0,3.0,55000.0
Departamento Con Amenidades Tecamachalco,11500000,MXN,"Lomas De Tecamachalco, Naucalpan, Estado De México",274 m² construidos,3 recámaras,3 baños,https://departamento.mercadolibre.com.mx/MLM-3071882539-departamento-con-amenidades-tecamachalco-_JM,https://http2.mlstatic.com/D_NQ_NP_2X_657479-MLM112817707540_072026-E.webp,Naucalpan,274.0,3.0,3.0,41970.80291970803
Departamento En Venta En Lomas De Tecamachalco,10500000,MXN,"Lomas De Tecamachalco, Naucalpan, Estado De México",191 m² construidos,3 recámaras,3 baños,https://departamento.mercadolibre.com.mx/MLM-2750035783-departamento-en-venta-en-lomas-de-tecamachalco-_JM,https://http2.mlstatic.com/D_NQ_NP_2X_936807-MLM106913917526_022026-E.webp,Naucalpan,191.0,3.0,3.0,54973.8219895288
Departamento - Lomas De Tecamachalco,10500000,MXN,"Fuente De Molinos Oportunidad, Lomas De Tecamachalco, Naucalpan, Estado De México",330 m² construidos,3 recámaras,3 baños,https://departamento.mercadolibre.com.mx/MLM-3201538749-departamento-lomas-de-tecamachalco-_JM,https://http2.mlstatic.com/D_NQ_NP_2X_960137-MLM115203468483_072026-E.webp,Naucalpan,330.0,3.0,3.0,31818.18181818182
"Departamento En Venta, En Lomas De Tecamachalco, Naucalpan",10499000,MXN,"Fuente De Molinos, Lomas De Tecamachalco, Naucalpan, Estado De México",300 m² construidos,3 recámaras,4 baños,https://departamento.mercadolibre.com.mx/MLM-5802960002-departamento-en-venta-en-lomas-de-tecamachalco-naucalpan-_JM,https://http2.mlstatic.com/D_NQ_NP_2X_830072-MLM78191914582_082024-E.webp,Naucalpan,300.0,3.0,4.0,34996.666666666664
Venta De Departamento En Tecamachalco,8500000,MXN,"Lomas De Tecamachalco, Naucalpan, Estado De México",173 m² construidos,3 recámaras,4 baños,https://departamento.mercadolibre.com.mx/MLM-3183288923-venta-de-departamento-en-tecamachalco-_JM,https://http2.mlstatic.com/D_NQ_NP_2X_945768-MLM113737893506_072026-E.webp,Naucalpan,173.0,3.0,4.0,49132.94797687861
Venta Departamento Tecamachalco Con Terraza  Nuevo Aaa,11500000,MXN,"Lomas De Tecamachalco, Naucalpan, Estado De México",280 m² construidos,3 recámaras,3 baños,https://departamento.mercadolibre.com.mx/MLM-2941045145-venta-departamento-tecamachalco-con-terraza-nuevo-aaa-_JM,https://http2.mlstatic.com/D_NQ_NP_2X_847534-MLM111877051601_052026-E.webp,Naucalpan,280.0,3.0,3.0,41071.42857142857
Vendo Departamento En Tecamachalco,7200000,MXN,"Lomas De Tecamachalco, Naucalpan, Estado De México",230 m² construidos,3 recámaras,3 baños,https://departamento.mercadolibre.com.mx/MLM-5258966130-vendo-departamento-en-tecamachalco-_JM,https://http2.mlstatic.com/D_NQ_NP_2X_652813-MLM111005604085_042026-E.webp,Naucalpan,230.0,3.0,3.0,31304.347826086956
Departamento En Venta En Tecamachalco,13000000,MXN,"Lomas De Tecamachalco, Naucalpan, Estado De México",339 m² construidos,3 recámaras,3 baños,https://departamento.mercadolibre.com.mx/MLM-3113623541-departamento-en-venta-en-tecamachalco-_JM,https://http2.mlstatic.com/D_NQ_NP_2X_722482-MLM113147468728_072026-E.webp,Naucalpan,339.0,3.0,3.0,38348.082595870204
Departamento En Tecamachalco Con Terraza,14545000,MXN,"Lomas De Tecamachalco, Naucalpan, Estado De México",310 m² construidos,3 recámaras,3 baños,https://departamento.mercadolibre.com.mx/MLM-3081326757-departamento-en-tecamachalco-con-terraza-_JM,https://http2.mlstatic.com/D_NQ_NP_2X_880965-MLM114129882985_072026-E.webp,Naucalpan,310.0,3.0,3.0,46919.354838709674
Departamento En Country Club Con Balcón,15768700,MXN,"Av Vista Real 14, Naucalpan, Estado De México",291 m² de terreno,3 recámaras,3 baños,https://departamento.mercadolibre.com.mx/MLM-5602563110-departamento-en-country-club-con-balcon-_JM,https://http2.mlstatic.com/D_NQ_NP_2X_663033-MLM112729436206_062026-E.webp,Naucalpan,291.0,3.0,3.0,54187.97250859107
"Departamento A Estrenar, A 15 Minutos De Polanco, Naucalpan De Juárez",5149000,MXN,"Cam. Arenero 150, MZ 049, Miramar, Naucalpan De Juárez, Río Hondo, Naucalpan, Estado De México",97 m² construidos,3 recámaras,2 baños,https://departamento.mercadolibre.com.mx/MLM-5016719790-departamento-a-estrenar-a-15-minutos-de-polanco-naucalpan-de-juarez-_JM,https://http2.mlstatic.com/D_NQ_NP_2X_920087-MLM108047771182_032026-E.webp,Naucalpan,97.0,3.0,2.0,53082.47422680412
Departamento En Venta En Lomas De Tecamachalco,10300000,MXN,"Lomas De Tecamachalco, Naucalpan, Estado De México",197 m² construidos,3 recámaras,3 baños,https://departamento.mercadolibre.com.mx/MLM-2877473863-departamento-en-venta-en-lomas-de-tecamachalco-_JM,https://http2.mlstatic.com/D_NQ_NP_2X_770033-MLM115210194897_072026-E.webp,Naucalpan,197.0,3.0,3.0,52284.26395939086
"Departamento En Venta, Tecamachalco Bonito Con Gran Terraza",10500000,MXN,"Bonito Con Gran Terraza, Lomas De Tecamachalco, Naucalpan, Estado De México",250 m² construidos,3 recámaras,3 baños,https://departamento.mercadolibre.com.mx/MLM-5099713736-departamento-en-venta-tecamachalco-bonito-con-gran-terraza-_JM,https://http2.mlstatic.com/D_NQ_NP_2X_904631-MLM109800313319_032026-E.webp,Naucalpan,250.0,3.0,3.0,42000.0
"Venta De Departamento En Fuente De Acuario, Tecamachalco, Naucalpan",14000000,MXN,"Lomas De Tecamachalco, Naucalpan, Estado De México",367 m² construidos,3 recámaras,3 baños,https://departamento.mercadolibre.com.mx/MLM-3233365421-venta-de-departamento-en-fuente-de-acuario-tecamachalco-naucalpan-_JM,https://http2.mlstatic.com/D_NQ_NP_2X_846045-MLM115311188531_072026-E.webp,Naucalpan,367.0,3.0,3.0,38147.13896457766
Departamento En Venta En Lomas De Tecamachalco,8500000,MXN,"Avenida De Las Fuentes, Lomas De Tecamachalco, Naucalpan, Estado De México",295 m² construidos,3 recámaras,2 baños,https://departamento.mercadolibre.com.mx/MLM-5071767354-departamento-en-venta-en-lomas-de-tecamachalco-_JM,https://http2.mlstatic.com/D_NQ_NP_2X_940898-MLM108657785142_032026-E.webp,Naucalpan,295.0,3.0,2.0,28813.5593220339
Venta De Departamento,2400000,MXN,"Calle Volador, Lomas Verdes 5a Sección (La Concordia), Naucalpan, Estado De México",70 m² construidos,3 recámaras,1 baño,https://departamento.mercadolibre.com.mx/MLM-2999602855-venta-de-departamento-_JM,https://http2.mlstatic.com/D_NQ_NP_2X_827008-MLM111928464944_062026-E.webp,Naucalpan,70.0,3.0,1.0,34285.71428571428
Baja De Precio Departamento En Venta Lomas De Tecamachalco  (et),11980000,MXN,"Lomas De Tecamachalco, Naucalpan, Estado De México",370 m² construidos,3 recámaras,3 baños,https://departamento.mercadolibre.com.mx/MLM-3005753251-baja-de-precio-departamento-en-venta-lomas-de-tecamachalco-et-_JM,https://http2.mlstatic.com/D_NQ_NP_2X_824795-MLM112502367228_062026-E.webp,Naucalpan,370.0,3.0,3.0,32378.37837837838
"Departamento Interior Con Vistas, Balcon Y Roof Privado En Lomas De Tecamachalco",10000000,MXN,"Lomas De Tecamachalco, Naucalpan, Estado De México",180 m² construidos,3 recámaras,3 baños,https://departamento.mercadolibre.com.mx/MLM-5147799800-departamento-interior-con-vistas-balcon-y-roof-privado-en-lomas-de-tecamachalco-_JM,https://http2.mlstatic.com/D_NQ_NP_2X_939142-MLM110135200703_042026-E.webp,Naucalpan,180.0,3.0,3.0,55555.555555555555
Venta Departamentos En Tecamachalco Cerca Bosques De La Lomas,9678000,MXN,"Lomas De Tecamachalco, Naucalpan, Estado De México",190 m² construidos,2 recámaras,2 baños,https://departamento.mercadolibre.com.mx/MLM-5258966090-venta-departamentos-en-tecamachalco-cerca-bosques-de-la-lomas-_JM,https://http2.mlstatic.com/D_NQ_NP_2X_692066-MLM111005629479_042026-E.webp,Naucalpan,190.0,2.0,2.0,50936.84210526316
Departamento En Venta Lomas De Tecamachalco,8500000,MXN,"Lomas De Tecamachalco, Naucalpan, Estado De México",220 m² construidos,3 recámaras,3 baños,https://departamento.mercadolibre.com.mx/MLM-5281621366-departamento-en-venta-lomas-de-tecamachalco-_JM,https://http2.mlstatic.com/D_NQ_NP_2X_890897-MLM98031958048_112025-E.webp,Naucalpan,220.0,3.0,3.0,38636.36363636364
Departamento En Venta En Lomas De Tecamachalco,12647000,MXN,"Lomas De Tecamachalco, Naucalpan, Estado De México",328 m² construidos,3 recámaras,3 baños,https://departamento.mercadolibre.com.mx/MLM-2750165171-departamento-en-venta-en-lomas-de-tecamachalco-_JM,https://http2.mlstatic.com/D_NQ_NP_2X_870410-MLM106913941116_022026-E.webp,Naucalpan,328.0,3.0,3.0,38557.92682926829
"Departamento En Venta En Lomas De Tecamachalco, Naucalpan, Edo. Méx.",6800000,MXN,"Fuente De La Templanza, Lomas De Tecamachalco, Naucalpan, Estado De México",226 m² construidos,3 recámaras,3 baños,https://departamento.mercadolibre.com.mx/MLM-5058045622-departamento-en-venta-en-lomas-de-tecamachalco-naucalpan-edo-mex-_JM,https://http2.mlstatic.com/D_NQ_NP_2X_738059-MLM108488384962_032026-E.webp,Naucalpan,226.0,3.0,3.0,30088.495575221237
Vendo Departamento Para Remodelar En Tecamachalcco,7800000,MXN,"Lomas De Tecamachalco, Naucalpan, Estado De México",300 m² construidos,2 recámaras,2 baños,https://departamento.mercadolibre.com.mx/MLM-5258940672-vendo-departamento-para-remodelar-en-tecamachalcco-_JM,https://http2.mlstatic.com/D_NQ_NP_2X_779466-MLM111005759715_042026-E.webp,Naucalpan,300.0,2.0,2.0,26000.0
Vendo Departamento Para Remodelar En Tecamachalco,8000000,MXN,"Reforma Social (Lomas De San Isidro), Naucalpan, Estado De México",247 m² construidos,3 recámaras,3 baños,https://departamento.mercadolibre.com.mx/MLM-5259017440-vendo-departamento-para-remodelar-en-tecamachalco-_JM,https://http2.mlstatic.com/D_NQ_NP_2X_940691-MLM110090823066_042026-E.webp,Naucalpan,247.0,3.0,3.0,32388.663967611337
Departamento En Venta Fuente De Molinos (et),10800000,MXN,"Lomas De Tecamachalco, Naucalpan, Estado De México",310 m² construidos,3 recámaras,3 baños,https://departamento.mercadolibre.com.mx/MLM-4824376510-departamento-en-venta-fuente-de-molinos-et-_JM,https://http2.mlstatic.com/D_NQ_NP_2X_618069-MLM107454300657_022026-E.webp,Naucalpan,310.0,3.0,3.0,34838.709677419356
Garden House Tecamachalco,15950000,MXN,"Lomas De Tecamachalco, Naucalpan, Estado De México",367 m² construidos,3 recámaras,3 baños,https://departamento.mercadolibre.com.mx/MLM-3081314003-garden-house-tecamachalco-_JM,https://http2.mlstatic.com/D_NQ_NP_2X_915451-MLM112922687462_072026-E.webp,Naucalpan,367.0,3.0,3.0,43460.49046321526
"Departamento En Venta En Alta Vitta, Lomas Verdes En $8,450,000.00",8450000,MXN,"Lomas Verdes 6a Sección, Naucalpan, Estado De México",181 m² construidos,3 recámaras,3 baños,https://departamento.mercadolibre.com.mx/MLM-3135965471-departamento-en-venta-en-alta-vitta-lomas-verdes-en-845000000-_JM,https://http2.mlstatic.com/D_NQ_NP_2X_737603-MLM114548316705_072026-E.webp,Naucalpan,181.0,3.0,3.0,46685.08287292818
"Departamento En Venta, Tecamachalco Iluminado Termínalo A Tu Gusto",9500000,MXN,"Iluminado, Termínalo A Tu Gusto, Lomas De Tecamachalco, Naucalpan, Estado De México",250 m² construidos,3 recámaras,3 baños,https://departamento.mercadolibre.com.mx/MLM-5617060168-departamento-en-venta-tecamachalco-iluminado-terminalo-a-tu-gusto-_JM,https://http2.mlstatic.com/D_NQ_NP_2X_795554-MLM114014896453_072026-E.webp,Naucalpan,250.0,3.0,3.0,38000.0
"Departamento Moderno Con Terraza Y Roof Privado En Fuentes De Pisa, Tecamachalco",14790000,MXN,"Lomas De Tecamachalco, Naucalpan, Estado De México",265 m² construidos,3 recámaras,3 baños,https://departamento.mercadolibre.com.mx/MLM-5147799790-departamento-moderno-con-terraza-y-roof-privado-en-fuentes-de-pisa-tecamachalco-_JM,https://http2.mlstatic.com/D_NQ_NP_2X_775282-MLM110688037016_052026-E.webp,Naucalpan,265.0,3.0,3.0,55811.32075471698
Departamento Para Remodelar Buen Precio En Molinos,8900000,MXN,"Lomas De Tecamachalco, Naucalpan, Estado De México",335 m² construidos,3 recámaras,2 baños,https://departamento.mercadolibre.com.mx/MLM-5616991002-departamento-para-remodelar-buen-precio-en-molinos-_JM,https://http2.mlstatic.com/D_NQ_NP_2X_755857-MLM112817745804_072026-E.webp,Naucalpan,335.0,3.0,2.0,26567.16417910448
Vendo Pent House Nuevo En Tecamachalco,12800000,MXN,"Lomas De Tecamachalco, Naucalpan, Estado De México",381 m² construidos,3 recámaras,3 baños,https://departamento.mercadolibre.com.mx/MLM-5583960468-vendo-pent-house-nuevo-en-tecamachalco-_JM,https://http2.mlstatic.com/D_NQ_NP_2X_950875-MLM113812995873_062026-E.webp,Naucalpan,381.0,3.0,3.0,33595.800524934384
Vendo Departamento En Tecamachalco,8400000,MXN,"Lomas De Tecamachalco, Naucalpan, Estado De México",173 m² construidos,3 recámaras,2 baños,https://departamento.mercadolibre.com.mx/MLM-5258979016-vendo-departamento-en-tecamachalco-_JM,https://http2.mlstatic.com/D_NQ_NP_2X_622346-MLM111005629019_042026-E.webp,Naucalpan,173.0,3.0,2.0,48554.91329479769
Departamento En Lomas De Tecamachalco,17000000,MXN,"Departamentos EN Preventa Essence, Tecamachalco CON Terraza (ln), Lomas De Tecamachalco, Naucalpan, Estado De México",297 m² de terreno,3 recámaras,3 baños,https://departamento.mercadolibre.com.mx/MLM-2953127997-departamento-en-lomas-de-tecamachalco-_JM,https://http2.mlstatic.com/D_NQ_NP_2X_676178-MLM111131839570_052026-E.webp,Naucalpan,297.0,3.0,3.0,57239.05723905724
Departamento En Tecamachalco Con Terraza Privada,14746000,MXN,"Lomas De Tecamachalco, Naucalpan, Estado De México",305 m² construidos,3 recámaras,3 baños,https://departamento.mercadolibre.com.mx/MLM-3081326753-departamento-en-tecamachalco-con-terraza-privada-_JM,https://http2.mlstatic.com/D_NQ_NP_2X_637605-MLM114129907473_072026-E.webp,Naucalpan,305.0,3.0,3.0,48347.54098360656
"Venta Departamento Con Terraza, Lomas De Tecamachalco, Naucalpan, Edo.  México",10000000,MXN,"Lomas De Tecamachalco, Naucalpan, Estado De México",270 m² construidos,3 recámaras,3 baños,https://departamento.mercadolibre.com.mx/MLM-2894613651-venta-departamento-con-terraza-lomas-de-tecamachalco-naucalpan-edo-mexico-_JM,https://http2.mlstatic.com/D_NQ_NP_2X_899188-MLM113995577424_072026-E.webp,Naucalpan,270.0,3.0,3.0,37037.03703703704
"Departamento En Venta, Tecamachalco Amplio Semi-remodelado",6900000,MXN,"Amplio Semi-remodelado, Lomas De Tecamachalco, Naucalpan, Estado De México",235 m² construidos,3 recámaras,3 baños,https://departamento.mercadolibre.com.mx/MLM-5099662202-departamento-en-venta-tecamachalco-amplio-semi-remodelado-_JM,https://http2.mlstatic.com/D_NQ_NP_2X_850151-MLM109800256885_032026-E.webp,Naucalpan,235.0,3.0,3.0,29361.702127659573
"Departamento Moderno Con Terraza Y Roof Privado En Fuentes De Pisa, Tecamachalco",14640000,MXN,"Lomas De Tecamachalco, Naucalpan, Estado De México",265 m² construidos,3 recámaras,3 baños,https://departamento.mercadolibre.com.mx/MLM-5147799802-departamento-moderno-con-terraza-y-roof-privado-en-fuentes-de-pisa-tecamachalco-_JM,https://http2.mlstatic.com/D_NQ_NP_2X_897955-MLM110688105278_052026-E.webp,Naucalpan,265.0,3.0,3.0,55245.28301886792
Excelente Depto En Molinos,8000000,MXN,"Lomas De Tecamachalco, Naucalpan, Estado De México",280 m² construidos,4 recámaras,2 baños,https://departamento.mercadolibre.com.mx/MLM-5617110796-excelente-depto-en-molinos-_JM,https://http2.mlstatic.com/D_NQ_NP_2X_784823-MLM112817745930_072026-E.webp,Naucalpan,280.0,4.0,2.0,28571.428571428572
Departamento Ivy Bosque Real,12500000,MXN,"Country Club, Naucalpan, Estado De México",277 m² construidos,3 recámaras,3 baños,https://departamento.mercadolibre.com.mx/MLM-3081314005-departamento-ivy-bosque-real-_JM,https://http2.mlstatic.com/D_NQ_NP_2X_642710-MLM114129883113_072026-E.webp,Naucalpan,277.0,3.0,3.0,45126.35379061372
Venta Garden House En  Tecamachalco Con Terrazas Nuevo (r),15950000,MXN,"Lomas De Tecamachalco, Naucalpan, Estado De México",367 m² construidos,3 recámaras,3 baños,https://departamento.mercadolibre.com.mx/MLM-3058412087-venta-garden-house-en-tecamachalco-con-terrazas-nuevo-r-_JM,https://http2.mlstatic.com/D_NQ_NP_2X_801495-MLM88307144548_072025-E.webp,Naucalpan,367.0,3.0,3.0,43460.49046321526
Departamento En Venta En Santiago Occipaco,3900000,MXN,"México 3 91, Santiago Occipaco, Naucalpan, Estado De México",143 m² construidos,3 recámaras,2 baños,https://departamento.mercadolibre.com.mx/MLM-5252263858-departamento-en-venta-en-santiago-occipaco-_JM,https://http2.mlstatic.com/D_NQ_NP_2X_661720-MLM110043686336_042026-E.webp,Naucalpan,143.0,3.0,2.0,27272.727272727272
"Departamento En Venta En 6ta Sección De Lomas Verdes En $ 8,450,000.00",8450000,MXN,"Lomas Verdes 6a Sección, Naucalpan, Estado De México",271 m² construidos,3 recámaras,4 baños,https://departamento.mercadolibre.com.mx/MLM-3135965879-departamento-en-venta-en-6ta-seccion-de-lomas-verdes-en-845000000-_JM,https://http2.mlstatic.com/D_NQ_NP_2X_960448-MLM113303994194_072026-E.webp,Naucalpan,271.0,3.0,4.0,31180.81180811808
Pent House Tecamachalco En Venta,13000000,MXN,"Lomas De Tecamachalco, Naucalpan, Estado De México",270 m² construidos,3 recámaras,2 baños,https://departamento.mercadolibre.com.mx/MLM-2984762515-pent-house-tecamachalco-en-venta-_JM,https://http2.mlstatic.com/D_NQ_NP_2X_820394-MLM114021960062_072026-E.webp,Naucalpan,270.0,3.0,2.0,48148.148148148146
"Departamento En Venta, Tecamachalco",13199000,MXN,"Estrena Amplio Y MUY Iluminado, Lomas De Tecamachalco, Naucalpan, Estado De México",260 m² construidos,3 recámaras,3 baños,https://departamento.mercadolibre.com.mx/MLM-5099539052-departamento-en-venta-tecamachalco-_JM,https://http2.mlstatic.com/D_NQ_NP_2X_761189-MLM109800280801_032026-E.webp,Naucalpan,260.0,3.0,3.0,50765.38461538462
Departamentos En Venta En Interlomas Venta Espectacular,8042500,MXN,"Paseos Del Bosque, Naucalpan, Estado De México",81 m² construidos,2 recámaras,2 baños,https://departamento.mercadolibre.com.mx/MLM-5281647944-departamentos-en-venta-en-interlomas-venta-espectacular-_JM,https://http2.mlstatic.com/D_NQ_NP_2X_688710-MLM98780641075_112025-E.webp,Naucalpan,81.0,2.0,2.0,99290.12345679013
"Departamento En Edificio Vértice, Lomas Country Club",14800000,MXN,"Country Club, Naucalpan, Estado De México",326 m² construidos,3 recámaras,3 baños,https://departamento.mercadolibre.com.mx/MLM-4978384438-departamento-en-edificio-vertice-lomas-country-club-_JM,https://http2.mlstatic.com/D_NQ_NP_2X_642222-MLM110647333016_052026-E.webp,Naucalpan,326.0,3.0,3.0,45398.77300613497
"Departamento En Torre Manhattan, Lomas De Tecamachalco",9250000,MXN,"Lomas De Tecamachalco, Naucalpan, Estado De México",295 m² construidos,3 recámaras,2 baños,https://departamento.mercadolibre.com.mx/MLM-3201656445-departamento-en-torre-manhattan-lomas-de-tecamachalco-_JM,https://http2.mlstatic.com/D_NQ_NP_2X_850610-MLM113898813396_072026-E.webp,Naucalpan,295.0,3.0,2.0,31355.93220338983
Departamento En El Parque,3969253,MXN,"SE Vende Departamento EN Naucalpan CON Balcon (ln), El Parque, Naucalpan, Estado De México",108 m² de terreno,2 recámaras,1 baño,https://departamento.mercadolibre.com.mx/MLM-4824178160-departamento-en-el-parque-_JM,https://http2.mlstatic.com/D_NQ_NP_2X_657221-MLM106781071778_022026-E.webp,Naucalpan,108.0,2.0,1.0,36752.34259259259
Departamento En Venta  Tecamachalco A Estrenar,9300000,MXN,"Lomas De Tecamachalco, Naucalpan, Estado De México",169 m² construidos,3 recámaras,3 baños,https://departamento.mercadolibre.com.mx/MLM-5480660584-departamento-en-venta-tecamachalco-a-estrenar-_JM,https://http2.mlstatic.com/D_NQ_NP_2X_659850-MLM113003998455_062026-E.webp,Naucalpan,169.0,3.0,3.0,55029.585798816566
Departamento En Venta En Lomas De Tecamachalco - Roof Privado,10500000,MXN,"Lomas De Tecamachalco, Naucalpan, Estado De México",330 m² construidos,3 recámaras,3 baños,https://departamento.mercadolibre.com.mx/MLM-3113650007-departamento-en-venta-en-lomas-de-tecamachalco-roof-privado-_JM,https://http2.mlstatic.com/D_NQ_NP_2X_937497-MLM114378484511_072026-E.webp,Naucalpan,330.0,3.0,3.0,31818.18181818182
Departamento En Venta En Tecamachalco (et),20000000,MXN,"Lomas De Tecamachalco, Naucalpan, Estado De México",370 m² construidos,3 recámaras,3 baños,https://departamento.mercadolibre.com.mx/MLM-5430026256-departamento-en-venta-en-tecamachalco-et-_JM,https://http2.mlstatic.com/D_NQ_NP_2X_932225-MLM112503017788_062026-E.webp,Naucalpan,370.0,3.0,3.0,54054.05405405405
Garden En Venta Lomas De Tecamachalco,19800000,MXN,"Lomas De Tecamachalco, Naucalpan, Estado De México",343 m² construidos,3 recámaras,3 baños,https://departamento.mercadolibre.com.mx/MLM-2904775823-garden-en-venta-lomas-de-tecamachalco-_JM,https://http2.mlstatic.com/D_NQ_NP_2X_733522-MLM98502458303_112025-E.webp,Naucalpan,343.0,3.0,3.0,57725.94752186589
Departamento En Venta En  Tecamachalco 658074,7450000,MXN,"Fuente De Petroleos, San Miguel Tecamachalco, Naucalpan, Estado De México",171 m² construidos,3 recámaras,2 baños,https://departamento.mercadolibre.com.mx/MLM-3161390477-departamento-en-venta-en-tecamachalco-658074-_JM,https://http2.mlstatic.com/D_NQ_NP_2X_839192-MLM113586672176_072026-E.webp,Naucalpan,171.0,3.0,2.0,43567.25146198831
Departamento En Venta Tecamachalco,9400000,MXN,"Reforma Social (Lomas De San Isidro), Naucalpan, Estado De México",370 m² construidos,3 recámaras,3 baños,https://departamento.mercadolibre.com.mx/MLM-5802880966-departamento-en-venta-tecamachalco-_JM,https://http2.mlstatic.com/D_NQ_NP_2X_957816-MLM113794744412_072026-E.webp,Naucalpan,370.0,3.0,3.0,25405.405405405407
Interlomas - Departamento - Preventa,15278000,MXN,"Country Club, Naucalpan, Estado De México",320 m² construidos,3 recámaras,3 baños,https://departamento.mercadolibre.com.mx/MLM-5583934548-interlomas-departamento-preventa-_JM,https://http2.mlstatic.com/D_NQ_NP_2X_876784-MLM113813000537_062026-E.webp,Naucalpan,320.0,3.0,3.0,47743.75
Vendo Ph Para Estrenar En Tecamachalco.,11300000,MXN,"San Miguel Tecamachalco, Naucalpan, Estado De México",318 m² construidos,3 recámaras,3 baños,https://departamento.mercadolibre.com.mx/MLM-5583934492-vendo-ph-para-estrenar-en-tecamachalco-_JM,https://http2.mlstatic.com/D_NQ_NP_2X_773500-MLM112630783004_062026-E.webp,Naucalpan,318.0,3.0,3.0,35534.591194968554
Departamento En Venta - Tecamachalco,14545000,MXN,"Lomas De Tecamachalco, Naucalpan, Estado De México",310 m² construidos,3 recámaras,3 baños,https://departamento.mercadolibre.com.mx/MLM-2776068319-departamento-en-venta-tecamachalco-_JM,https://http2.mlstatic.com/D_NQ_NP_2X_972483-MLM113772952979_062026-E.webp,Naucalpan,310.0,3.0,3.0,46919.354838709674
"Residencial Exclusivo En Venta En  Las Vistas Lomas Country, Interlomas",6982000,MXN,"Country Club, Naucalpan, Estado De México",133 m² construidos,2 recámaras,2 baños,https://departamento.mercadolibre.com.mx/MLM-5357497518-residencial-exclusivo-en-venta-en-las-vistas-lomas-country-interlomas-_JM,https://http2.mlstatic.com/D_NQ_NP_2X_737156-MLM86045263885_062025-E.webp,Naucalpan,133.0,2.0,2.0,52496.240601503756
Interlomas - Departamento - Preventa,15278000,MXN,"Country Club, Naucalpan, Estado De México",320 m² construidos,3 recámaras,3 baños,https://departamento.mercadolibre.com.mx/MLM-5583960562-interlomas-departamento-preventa-_JM,https://http2.mlstatic.com/D_NQ_NP_2X_988981-MLM113813015677_062026-E.webp,Naucalpan,320.0,3.0,3.0,47743.75
"Departamento Venta A Estrenar, Fuente De Acuario, Tecamachalco",15000000,MXN,"Lomas De Tecamachalco, Naucalpan, Estado De México",309 m² construidos,3 recámaras,3 baños,https://departamento.mercadolibre.com.mx/MLM-2985321375-departamento-venta-a-estrenar-fuente-de-acuario-tecamachalco-_JM,https://http2.mlstatic.com/D_NQ_NP_2X_649976-MLM111729086530_062026-E.webp,Naucalpan,309.0,3.0,3.0,48543.68932038835
Departamento En Venta Con Excelente Vista En Tecamachalco,10500000,MXN,"Lomas De Tecamachalco, Naucalpan, Estado De México",200 m² construidos,3 recámaras,3 baños,https://departamento.mercadolibre.com.mx/MLM-2776045913-departamento-en-venta-con-excelente-vista-en-tecamachalco-_JM,https://http2.mlstatic.com/D_NQ_NP_2X_952303-MLM112633124714_062026-E.webp,Naucalpan,200.0,3.0,3.0,52500.0
"Departamento Con Terraza En Venta, Naucalpan De Juárez, Ciudad De México",10511665,MXN,"Av. El Olivo 16, El Olivo, 52789 Naucalpan De Juárez, Méx., Mexico, San Bartolo Naucalpan, Naucalpan, Estado De México",193 m² construidos,3 recámaras,3 baños,https://departamento.mercadolibre.com.mx/MLM-5795172772-departamento-con-terraza-en-venta-naucalpan-de-juarez-ciudad-de-mexico-_JM,https://http2.mlstatic.com/D_NQ_NP_2X_819542-MLM105024315340_012026-E.webp,Naucalpan,193.0,3.0,3.0,54464.585492227976
Departamento Venta Tecamachalco Fuente De Trevi,7390000,MXN,"Lomas De Tecamachalco, Naucalpan, Estado De México",250 m² construidos,3 recámaras,3 baños,https://departamento.mercadolibre.com.mx/MLM-3058415433-departamento-venta-tecamachalco-fuente-de-trevi-_JM,https://http2.mlstatic.com/D_NQ_NP_2X_678129-MLM81909308016_012025-E.webp,Naucalpan,250.0,3.0,3.0,29560.0
"Departamento En Venta, Tecamachalco Precioso Con Roof Garden En 3 Niveles",10500000,MXN,"Precioso Con Roof Garden En  3 Niveles, Lomas De Tecamachalco, Naucalpan, Estado De México",330 m² construidos,3 recámaras,3 baños,https://departamento.mercadolibre.com.mx/MLM-5099539162-departamento-en-venta-tecamachalco-precioso-con-roof-garden-en-3-niveles-_JM,https://http2.mlstatic.com/D_NQ_NP_2X_728150-MLM109800285701_032026-E.webp,Naucalpan,330.0,3.0,3.0,31818.18181818182
Departamento En Venta En Lomas De Tecamachalco,12999000,MXN,"Lomas De Tecamachalco, Naucalpan, Estado De México",315 m² construidos,3 recámaras,3 baños,https://departamento.mercadolibre.com.mx/MLM-2750165175-departamento-en-venta-en-lomas-de-tecamachalco-_JM,https://http2.mlstatic.com/D_NQ_NP_2X_752272-MLM106913990112_022026-E.webp,Naucalpan,315.0,3.0,3.0,41266.666666666664
Departamento Nuevo Tecamachalco,8800000,MXN,"Lomas De Tecamachalco, Naucalpan, Estado De México",210 m² construidos,3 recámaras,3 baños,https://departamento.mercadolibre.com.mx/MLM-3071882667-departamento-nuevo-tecamachalco-_JM,https://http2.mlstatic.com/D_NQ_NP_2X_799787-MLM114014934583_072026-E.webp,Naucalpan,210.0,3.0,3.0,41904.76190476191
"Departamento En Venta, Tecamachalco Estrena Bonito Depa",8500000,MXN,"Estrena Bonito Depa, Lomas De Tecamachalco, Naucalpan, Estado De México",208 m² construidos,3 recámaras,3 baños,https://departamento.mercadolibre.com.mx/MLM-5569348852-departamento-en-venta-tecamachalco-estrena-bonito-depa-_JM,https://http2.mlstatic.com/D_NQ_NP_2X_949945-MLM112548760242_062026-E.webp,Naucalpan,208.0,3.0,3.0,40865.38461538462
"Departamento En Venta, Tecamachalco Oportunidad, Único Con 4 Recámaras",9000000,MXN,"Oportunidad, Único Con 4 Recámaras, Lomas De Tecamachalco, Naucalpan, Estado De México",234 m² construidos,4 recámaras,3 baños,https://departamento.mercadolibre.com.mx/MLM-5099713784-departamento-en-venta-tecamachalco-oportunidad-unico-con-4-recamaras-_JM,https://http2.mlstatic.com/D_NQ_NP_2X_800424-MLM109800315363_032026-E.webp,Naucalpan,234.0,4.0,3.0,38461.53846153846
"Departamento En Venta, Tecamachalco Bonito Con Excelente Vista E Iluminación",7500000,MXN,"Bonito Con Excelente Vista E Iluminación, Lomas De Tecamachalco, Naucalpan, Estado De México",226 m² construidos,3 recámaras,3 baños,https://departamento.mercadolibre.com.mx/MLM-5099662158-departamento-en-venta-tecamachalco-bonito-con-excelente-vista-e-iluminacion-_JM,https://http2.mlstatic.com/D_NQ_NP_2X_750386-MLM109800282653_032026-E.webp,Naucalpan,226.0,3.0,3.0,33185.8407079646
Departamento En Venta Tecamachalco (et),8500000,MXN,"Lomas De Tecamachalco, Naucalpan, Estado De México",189 m² construidos,3 recámaras,3 baños,https://departamento.mercadolibre.com.mx/MLM-5694775104-departamento-en-venta-tecamachalco-et-_JM,https://http2.mlstatic.com/D_NQ_NP_2X_915613-MLM105117231314_012026-E.webp,Naucalpan,189.0,3.0,3.0,44973.54497354497
Departamento En Venta En Lomas Del Rio,6500000,MXN,"Lomas Del Río, Naucalpan, Estado De México",170 m² construidos,2 recámaras,2 baños,https://departamento.mercadolibre.com.mx/MLM-2992859083-departamento-en-venta-en-lomas-del-rio-_JM,https://http2.mlstatic.com/D_NQ_NP_2X_974065-MLM112939849473_062026-E.webp,Naucalpan,170.0,2.0,2.0,38235.294117647056
"Departamento En Venta En Alta Vitta, 6a Sección De Lomas Verdes En $7 ,950,000",7950000,MXN,"Lomas Verdes 6a Sección, Naucalpan, Estado De México",180 m² construidos,3 recámaras,2 baños,https://departamento.mercadolibre.com.mx/MLM-3141092557-departamento-en-venta-en-alta-vitta-6a-seccion-de-lomas-verdes-en-7-950000-_JM,https://http2.mlstatic.com/D_NQ_NP_2X_780929-MLM113372710762_072026-E.webp,Naucalpan,180.0,3.0,2.0,44166.666666666664
Estrena Pent House  En Tecamachalco Con Roof Garden,11300000,MXN,"Lomas De Tecamachalco, Naucalpan, Estado De México",318 m² construidos,3 recámaras,3 baños,https://departamento.mercadolibre.com.mx/MLM-3053093975-estrena-pent-house-en-tecamachalco-con-roof-garden-_JM,https://http2.mlstatic.com/D_NQ_NP_2X_766764-MLM113812996049_062026-E.webp,Naucalpan,318.0,3.0,3.0,35534.591194968554
"Venta De Departamento, Lomas De Tecamachalco, Naucalpan De Juárez, Edo. México.",14500000,MXN,"Lomas De Tecamachalco, Naucalpan, Estado De México",269 m² construidos,3 recámaras,3 baños,https://departamento.mercadolibre.com.mx/MLM-3233365413-venta-de-departamento-lomas-de-tecamachalco-naucalpan-de-juarez-edo-mexico-_JM,https://http2.mlstatic.com/D_NQ_NP_2X_734635-MLM106486831986_022026-E.webp,Naucalpan,269.0,3.0,3.0,53903.34572490706
Se Vende Departamento En Lomas De Tecamachalco (v),8000000,MXN,"Lomas De Tecamachalco, Naucalpan, Estado De México",281 m² construidos,2 recámaras,2 baños,https://departamento.mercadolibre.com.mx/MLM-5534035474-se-vende-departamento-en-lomas-de-tecamachalco-v-_JM,https://http2.mlstatic.com/D_NQ_NP_2X_689926-MLM112317520068_062026-E.webp,Naucalpan,281.0,2.0,2.0,28469.750889679715
Departamento En Venta Tecamachalco  (et),8500000,MXN,"Lomas De Tecamachalco, Naucalpan, Estado De México",189 m² construidos,3 recámaras,3 baños,https://departamento.mercadolibre.com.mx/MLM-5430026148-departamento-en-venta-tecamachalco-et-_JM,https://http2.mlstatic.com/D_NQ_NP_2X_664726-MLM112502865068_062026-E.webp,Naucalpan,189.0,3.0,3.0,44973.54497354497
Departamento En Venta En Tecamachalco,11000000,MXN,"Lomas De Tecamachalco, Naucalpan, Estado De México",300 m² construidos,3 recámaras,3 baños,https://departamento.mercadolibre.com.mx/MLM-5048137968-departamento-en-venta-en-tecamachalco-_JM,https://http2.mlstatic.com/D_NQ_NP_2X_741924-MLM93945978376_102025-E.webp,Naucalpan,300.0,3.0,3.0,36666.666666666664
"Venta De Departamento En Fuente De Acuario, Tecamachalco, Naucalpan",16000000,MXN,"Lomas De Tecamachalco, Naucalpan, Estado De México",309 m² construidos,3 recámaras,3 baños,https://departamento.mercadolibre.com.mx/MLM-5006099696-venta-de-departamento-en-fuente-de-acuario-tecamachalco-naucalpan-_JM,https://http2.mlstatic.com/D_NQ_NP_2X_916807-MLM113995252404_072026-E.webp,Naucalpan,309.0,3.0,3.0,51779.935275080905
"Departamento En Venta, Tecamachalco Estrema Moderno Depa",9500000,MXN,"Estrena Moderno Depa, Lomas De Tecamachalco, Naucalpan, Estado De México",208 m² construidos,3 recámaras,3 baños,https://departamento.mercadolibre.com.mx/MLM-3113628819-departamento-en-venta-tecamachalco-estrema-moderno-depa-_JM,https://http2.mlstatic.com/D_NQ_NP_2X_655960-MLM113148699104_072026-E.webp,Naucalpan,208.0,3.0,3.0,45673.07692307692
"Departamento En Venta, Interlomas (et)",10500000,MXN,"Country Club, Naucalpan, Estado De México",325 m² construidos,3 recámaras,3 baños,https://departamento.mercadolibre.com.mx/MLM-5430026332-departamento-en-venta-interlomas-et-_JM,https://http2.mlstatic.com/D_NQ_NP_2X_696190-MLM112503072474_062026-E.webp,Naucalpan,325.0,3.0,3.0,32307.69230769231
Departamentos En Venta Tecamachalco (et),14746000,MXN,"Lomas De Tecamachalco, Naucalpan, Estado De México",305 m² construidos,3 recámaras,3 baños,https://departamento.mercadolibre.com.mx/MLM-5430419196-departamentos-en-venta-tecamachalco-et-_JM,https://http2.mlstatic.com/D_NQ_NP_2X_619875-MLM112503072178_062026-E.webp,Naucalpan,305.0,3.0,3.0,48347.54098360656
Departamento A La Venta En Tecamachalco,11000000,MXN,"Lomas De Tecamachalco, Naucalpan, Estado De México",280 m² construidos,3 recámaras,3 baños,https://departamento.mercadolibre.com.mx/MLM-5616991064-departamento-a-la-venta-en-tecamachalco-_JM,https://http2.mlstatic.com/D_NQ_NP_2X_784607-MLM115111902105_072026-E.webp,Naucalpan,280.0,3.0,3.0,39285.71428571428
Penthouse En Venta En Alta Vitta Lomas Verdes.,14400000,MXN,"Lomas Verdes 1a Secc., Naucalpan, Estado De México",240 m² construidos,2 recámaras,3 baños,https://departamento.mercadolibre.com.mx/MLM-5609948518-penthouse-en-venta-en-alta-vitta-lomas-verdes-_JM,https://http2.mlstatic.com/D_NQ_NP_2X_633583-MLM113969556383_062026-E.webp,Naucalpan,240.0,2.0,3.0,60000.0
Departamento En Venta Lomas De Tecamachalco (et),9500000,MXN,"Lomas De Tecamachalco, Naucalpan, Estado De México",240 m² construidos,3 recámaras,3 baños,https://departamento.mercadolibre.com.mx/MLM-5430153056-departamento-en-venta-lomas-de-tecamachalco-et-_JM,https://http2.mlstatic.com/D_NQ_NP_2X_749454-MLM112503022458_062026-E.webp,Naucalpan,240.0,3.0,3.0,39583.333333333336
Vendo Departamento Nuevo En Tecamachalco,8300000,MXN,"Lomas De Tecamachalco, Naucalpan, Estado De México",202 m² construidos,3 recámaras,3 baños,https://departamento.mercadolibre.com.mx/MLM-5583960472-vendo-departamento-nuevo-en-tecamachalco-_JM,https://http2.mlstatic.com/D_NQ_NP_2X_980718-MLM112630783096_062026-E.webp,Naucalpan,202.0,3.0,3.0,41089.10891089109
¿buscas El Espacio Definitivo En Una De Las Zonas Más Exclusivas De Naucalpan?,6051562,MXN,"Independencia 113, La Herradura, Naucalpan, Estado De México",120 m² construidos,3 recámaras,2 baños,https://departamento.mercadolibre.com.mx/MLM-5706540836-buscas-el-espacio-definitivo-en-una-de-las-zonas-mas-exclusivas-de-naucalpan-_JM,https://http2.mlstatic.com/D_NQ_NP_2X_847483-MLM114504456907_072026-E.webp,Naucalpan,120.0,3.0,2.0,50429.683333333334
Venta Departamento En Lomas De Tecamachalco,9900000,MXN,"Lomas De Tecamachalco, Naucalpan, Estado De México",239 m² construidos,3 recámaras,3 baños,https://departamento.mercadolibre.com.mx/MLM-5215977712-venta-departamento-en-lomas-de-tecamachalco-_JM,https://http2.mlstatic.com/D_NQ_NP_2X_943956-MLM109862349474_042026-E.webp,Naucalpan,239.0,3.0,3.0,41422.59414225941
"Venta Deptos, 2 Penthouse Y 1 Garden House En Lomas De Tecamachalco Apa_5433 Am",10800000,MXN,"Lomas De Tecamachalco, Naucalpan, Estado De México",239 m² construidos,3 recámaras,3 baños,https://departamento.mercadolibre.com.mx/MLM-3136037671-venta-deptos-2-penthouse-y-1-garden-house-en-lomas-de-tecamachalco-apa5433-am-_JM,https://http2.mlstatic.com/D_NQ_NP_2X_611652-MLM114549986113_072026-E.webp,Naucalpan,239.0,3.0,3.0,45188.284518828455
Venta Departamentos Con Balcón Y Roof Garden Lomas De Tecamachalco Apa_5454 Am,9800000,MXN,"Lomas De Tecamachalco, Naucalpan, Estado De México",239 m² construidos,3 recámaras,3 baños,https://departamento.mercadolibre.com.mx/MLM-5715466718-venta-departamentos-con-balcon-y-roof-garden-lomas-de-tecamachalco-apa5454-am-_JM,https://http2.mlstatic.com/D_NQ_NP_2X_800374-MLM114549735345_072026-E.webp,Naucalpan,239.0,3.0,3.0,41004.18410041841
"Venta De Departamento, Colonia Lomas De Las Fuentes, Naucalpan",5200000,MXN,"Privada De Zenzontle S/N, Lomas De Las Fuentes, Naucalpan, Estado De México",140 m² construidos,3 recámaras,3 baños,https://departamento.mercadolibre.com.mx/MLM-5310262650-venta-de-departamento-colonia-lomas-de-las-fuentes-naucalpan-_JM,https://http2.mlstatic.com/D_NQ_NP_2X_908416-MLM111408355337_052026-E.webp,Naucalpan,140.0,3.0,3.0,37142.857142857145
Depto Con Roof Garden Tecamachalco,13588000,MXN,"Lomas De Tecamachalco, Naucalpan, Estado De México",300 m² construidos,3 recámaras,3 baños,https://departamento.mercadolibre.com.mx/MLM-5583921406-depto-con-roof-garden-tecamachalco-_JM,https://http2.mlstatic.com/D_NQ_NP_2X_681162-MLM112630741664_062026-E.webp,Naucalpan,300.0,3.0,3.0,45293.333333333336
Ph En Tecamachalco,9300000,MXN,"Lomas De Tecamachalco, Naucalpan, Estado De México",245 m² construidos,3 recámaras,3 baños,https://departamento.mercadolibre.com.mx/MLM-2901342275-ph-en-tecamachalco-_JM,https://http2.mlstatic.com/D_NQ_NP_2X_909769-MLM110162442572_042026-E.webp,Naucalpan,245.0,3.0,3.0,37959.183673469386
Vendo Departamento En Tecamachalco,9500000,MXN,"Reforma Social (Lomas De San Isidro), Naucalpan, Estado De México",300 m² construidos,2 recámaras,2 baños,https://departamento.mercadolibre.com.mx/MLM-5258967014-vendo-departamento-en-tecamachalco-_JM,https://http2.mlstatic.com/D_NQ_NP_2X_676694-MLM110090907652_042026-E.webp,Naucalpan,300.0,2.0,2.0,31666.666666666668
Venta Departamento En Lomas De Tecamachalco,10700000,MXN,"Lomas De Tecamachalco, Naucalpan, Estado De México",262 m² construidos,3 recámaras,3 baños,https://departamento.mercadolibre.com.mx/MLM-5228548186-venta-departamento-en-lomas-de-tecamachalco-_JM,https://http2.mlstatic.com/D_NQ_NP_2X_917140-MLM110760427021_042026-E.webp,Naucalpan,262.0,3.0,3.0,40839.69465648855
"Departamento En Venta, Tecamachalco  Hermoso Ph A Precio De Oportunidad",7600000,MXN,"Hermoso PH Con Gran Terraza Privada, Lomas De Tecamachalco, Naucalpan, Estado De México",199 m² construidos,3 recámaras,3 baños,https://departamento.mercadolibre.com.mx/MLM-5099514434-departamento-en-venta-tecamachalco-hermoso-ph-a-precio-de-oportunidad-_JM,https://http2.mlstatic.com/D_NQ_NP_2X_617700-MLM109424117760_042026-E.webp,Naucalpan,199.0,3.0,3.0,38190.95477386934
Rento/ Vendo Departamento En Bosque Real Five,10000000,MXN,"Country Club, Naucalpan, Estado De México",211 m² construidos,3 recámaras,3 baños,https://departamento.mercadolibre.com.mx/MLM-5269466262-rento-vendo-departamento-en-bosque-real-five-_JM,https://http2.mlstatic.com/D_NQ_NP_2X_944673-MLM110163033742_042026-E.webp,Naucalpan,211.0,3.0,3.0,47393.364928909956
Departamento En Venta En Lomas Country,9500000,MXN,"Country Club, Naucalpan, Estado De México",230 m² construidos,3 recámaras,3 baños,https://departamento.mercadolibre.com.mx/MLM-5845167224-departamento-en-venta-en-lomas-country-_JM,https://http2.mlstatic.com/D_NQ_NP_2X_735673-MLM115309148551_072026-E.webp,Naucalpan,230.0,3.0,3.0,41304.34782608696
"Venta Departamento Lomas De Tecamachalco, Naucalpan",6500000,MXN,"Lomas De Tecamachalco, Naucalpan, Estado De México",140 m² construidos,3 recámaras,2 baños,https://departamento.mercadolibre.com.mx/MLM-3148667047-venta-departamento-lomas-de-tecamachalco-naucalpan-_JM,https://http2.mlstatic.com/D_NQ_NP_2X_836319-MLM113460710936_072026-E.webp,Naucalpan,140.0,3.0,2.0,46428.57142857143
Vendo Departamento En Residencial Montecarlo,7500000,MXN,"Country Club, Naucalpan, Estado De México",280 m² construidos,3 recámaras,3 baños,https://departamento.mercadolibre.com.mx/MLM-2943030465-vendo-departamento-en-residencial-montecarlo-_JM,https://http2.mlstatic.com/D_NQ_NP_2X_855281-MLM111907147371_052026-E.webp,Naucalpan,280.0,3.0,3.0,26785.714285714286
"Departamento En Venta, Col. Lomas De Tecamachalco Naucalpan",8475000,MXN,"Lomas De Tecamachalco, Lomas De Tecamachalco, Naucalpan, Estado De México",209 m² construidos,3 recámaras,3 baños,https://departamento.mercadolibre.com.mx/MLM-2908007451-departamento-en-venta-col-lomas-de-tecamachalco-naucalpan-_JM,https://http2.mlstatic.com/D_NQ_NP_2X_702466-MLM110281697070_052026-E.webp,Naucalpan,209.0,3.0,3.0,40550.239234449764
Vendo Departamento En The Parallel Interlomas,15200000,MXN,"Country Club, Naucalpan, Estado De México",248 m² construidos,3 recámaras,3 baños,https://departamento.mercadolibre.com.mx/MLM-5269466302-vendo-departamento-en-the-parallel-interlomas-_JM,https://http2.mlstatic.com/D_NQ_NP_2X_668431-MLM111083056599_042026-E.webp,Naucalpan,248.0,3.0,3.0,61290.32258064516
Departamento En La Entrada De Tecamachalco,7000000,MXN,"Lomas De Tecamachalco, Naucalpan, Estado De México",240 m² construidos,3 recámaras,4 baños,https://departamento.mercadolibre.com.mx/MLM-3071882557-departamento-en-la-entrada-de-tecamachalco-_JM,https://http2.mlstatic.com/D_NQ_NP_2X_758831-MLM114014931681_072026-E.webp,Naucalpan,240.0,3.0,4.0,29166.666666666668
Departamento En Lomas De Tecamachalco,10300000,MXN,"Fuente De Acueducto, Lomas De Tecamachalco, Naucalpan De Juárez, Lomas De Tecamachalco, Naucalpan, Estado De México",277 m² construidos,3 recámaras,3 baños,https://departamento.mercadolibre.com.mx/MLM-4389833608-departamento-en-lomas-de-tecamachalco-_JM,https://http2.mlstatic.com/D_NQ_NP_2X_840682-MLM99517949267_112025-E.webp,Naucalpan,277.0,3.0,3.0,37184.115523465705
Departamento En  Venta En Lomas De Tecamachalco Gh,9900000,MXN,"Lomas De Tecamachalco, Naucalpan, Estado De México",273 m² construidos,3 recámaras,3 baños,https://departamento.mercadolibre.com.mx/MLM-5385976644-departamento-en-venta-en-lomas-de-tecamachalco-gh-_JM,https://http2.mlstatic.com/D_NQ_NP_2X_762638-MLM112025755971_052026-E.webp,Naucalpan,273.0,3.0,3.0,36263.73626373626
Vendo Departamentos Nuevos En Tecamachalco,13855000,MXN,"Lomas De Tecamachalco, Naucalpan, Estado De México",310 m² construidos,3 recámaras,3 baños,https://departamento.mercadolibre.com.mx/MLM-5269466210-vendo-departamentos-nuevos-en-tecamachalco-_JM,https://http2.mlstatic.com/D_NQ_NP_2X_749828-MLM110163031924_042026-E.webp,Naucalpan,310.0,3.0,3.0,44693.54838709677
Departamento En Venta  - Lomas De Tecamachalco,7900000,MXN,"Remodelado, Iluminado, Lomas De Tecamachalco, Naucalpan, Estado De México",280 m² construidos,3 recámaras,3 baños,https://departamento.mercadolibre.com.mx/MLM-5099539074-departamento-en-venta-lomas-de-tecamachalco-_JM,https://http2.mlstatic.com/D_NQ_NP_2X_788096-MLM109800253831_032026-E.webp,Naucalpan,280.0,3.0,3.0,28214.285714285714
Departamento En  Venta En Lomas De Tecamachalco Ph,10300000,MXN,"Lomas De Tecamachalco, Naucalpan, Estado De México",302 m² construidos,3 recámaras,3 baños,https://departamento.mercadolibre.com.mx/MLM-5385923616-departamento-en-venta-en-lomas-de-tecamachalco-ph-_JM,https://http2.mlstatic.com/D_NQ_NP_2X_816699-MLM111044450234_052026-E.webp,Naucalpan,302.0,3.0,3.0,34105.96026490066
Vendo Departamento Nuevo En Tecamachalco,8300000,MXN,"San Miguel Tecamachalco, Naucalpan, Estado De México",202 m² construidos,3 recámaras,3 baños,https://departamento.mercadolibre.com.mx/MLM-3053093983-vendo-departamento-nuevo-en-tecamachalco-_JM,https://http2.mlstatic.com/D_NQ_NP_2X_981573-MLM112630783846_062026-E.webp,Naucalpan,202.0,3.0,3.0,41089.10891089109
Departamentos En Venta Tecamachalco (et),9600000,MXN,"Lomas De Tecamachalco, Naucalpan, Estado De México",239 m² construidos,3 recámaras,3 baños,https://departamento.mercadolibre.com.mx/MLM-5694775106-departamentos-en-venta-tecamachalco-et-_JM,https://http2.mlstatic.com/D_NQ_NP_2X_759472-MLM105117231194_012026-E.webp,Naucalpan,239.0,3.0,3.0,40167.3640167364
Departamento En Lomas De Tecamachalco,9800000,MXN,"Lomas De Tecamachalco, Naucalpan De Juárez, Estado De México, Naucalpan, Estado De México",216 m² construidos,1 recámara,1 baño,https://departamento.mercadolibre.com.mx/MLM-4399739224-departamento-en-lomas-de-tecamachalco-_JM,https://http2.mlstatic.com/D_NQ_NP_2X_963441-MLM99363714432_112025-E.webp,Naucalpan,216.0,1.0,1.0,45370.37037037037
"Departamento En Venta-renta, Tecamachalco Bonito Y Bien Ubicado",6000000,MXN,"Bonito Y Bien Ubicado, Lomas De Tecamachalco, Naucalpan, Estado De México",165 m² construidos,3 recámaras,3 baños,https://departamento.mercadolibre.com.mx/MLM-2831114063-departamento-en-venta-renta-tecamachalco-bonito-y-bien-ubicado-_JM,https://http2.mlstatic.com/D_NQ_NP_2X_831723-MLM109800285315_032026-E.webp,Naucalpan,165.0,3.0,3.0,36363.63636363636
Departamento En Venta En Tecamachalco,15000000,MXN,"Lomas De Tecamachalco, Naucalpan, Estado De México",309 m² construidos,3 recámaras,3 baños,https://departamento.mercadolibre.com.mx/MLM-5683539618-departamento-en-venta-en-tecamachalco-_JM,https://http2.mlstatic.com/D_NQ_NP_2X_919095-MLM114378142925_072026-E.webp,Naucalpan,309.0,3.0,3.0,48543.68932038835
Departamento Con Ámenidades En Tecamachalco,11500000,MXN,"Lomas De Tecamachalco, Naucalpan, Estado De México",280 m² construidos,3 recámaras,3 baños,https://departamento.mercadolibre.com.mx/MLM-3071882433-departamento-con-amenidades-en-tecamachalco-_JM,https://http2.mlstatic.com/D_NQ_NP_2X_865149-MLM115102859307_072026-E.webp,Naucalpan,280.0,3.0,3.0,41071.42857142857
Departamentos En Venta Tecamachalco  (et),9600000,MXN,"Lomas De Tecamachalco, Naucalpan, Estado De México",239 m² construidos,3 recámaras,3 baños,https://departamento.mercadolibre.com.mx/MLM-5430419016-departamentos-en-venta-tecamachalco-et-_JM,https://http2.mlstatic.com/D_NQ_NP_2X_779807-MLM113671211513_062026-E.webp,Naucalpan,239.0,3.0,3.0,40167.3640167364
Departamento En Venta Lomas De Tecamachalco (et),6500000,MXN,"Lomas De Tecamachalco, Naucalpan, Estado De México",145 m² construidos,2 recámaras,3 baños,https://departamento.mercadolibre.com.mx/MLM-2904775865-departamento-en-venta-lomas-de-tecamachalco-et-_JM,https://http2.mlstatic.com/D_NQ_NP_2X_646424-MLM105509223738_012026-E.webp,Naucalpan,145.0,2.0,3.0,44827.58620689655
"Penthouse En Venta, Cuarto De Servicio, Y Vestíbulo, Naucalpan, Ciudad De México",8700000,MXN,"Av. Bosque De Minas 47, Bosques De La Herradura, 52783 Naucalpan De Juárez, Méx., Mexico, Naucalpan, Estado De México",270 m² construidos,3 recámaras,3 baños,https://departamento.mercadolibre.com.mx/MLM-2911681853-penthouse-en-venta-cuarto-de-servicio-y-vestibulo-naucalpan-ciudad-de-mexico-_JM,https://http2.mlstatic.com/D_NQ_NP_2X_604140-MLM81385621664_122024-E.webp,Naucalpan,270.0,3.0,3.0,32222.222222222223
"Venta De Departamento Lomas Del Pescador, Lomas De Tecamachalco",9389000,MXN,"Lomas De Tecamachalco, Naucalpan, Estado De México",286 m² construidos,3 recámaras,3 baños,https://departamento.mercadolibre.com.mx/MLM-3174367847-venta-de-departamento-lomas-del-pescador-lomas-de-tecamachalco-_JM,https://http2.mlstatic.com/D_NQ_NP_2X_941629-MLM114965817539_072026-E.webp,Naucalpan,286.0,3.0,3.0,32828.67132867133
Departamento En Venta En Vista Real San Miguel Tecamachalco 665565,5450000,MXN,"Huitlapexco Conjunto Habitaciónal Vista Real, San Miguel Tecamachalco, Naucalpan, Estado De México",133 m² construidos,2 recámaras,2 baños,https://departamento.mercadolibre.com.mx/MLM-5759240364-departamento-en-venta-en-vista-real-san-miguel-tecamachalco-665565-_JM,https://http2.mlstatic.com/D_NQ_NP_2X_671975-MLM114861722999_072026-E.webp,Naucalpan,133.0,2.0,2.0,40977.44360902256
"Departamento En Venta, Tecamachalco Moderno Con Doble Terraza En Parte Baja",6500000,MXN,"Moderno CON Doble Terraza EN Parte Baja, Lomas De Tecamachalco, Naucalpan, Estado De México",130 m² construidos,3 recámaras,2 baños,https://departamento.mercadolibre.com.mx/MLM-2831200397-departamento-en-venta-tecamachalco-moderno-con-doble-terraza-en-parte-baja-_JM,https://http2.mlstatic.com/D_NQ_NP_2X_988903-MLM108973859788_032026-E.webp,Naucalpan,130.0,3.0,2.0,50000.0
Estrena Depto Nuevo En Tecamachalco,13560000,MXN,"Lomas De Tecamachalco, Naucalpan, Estado De México",352 m² construidos,3 recámaras,3 baños,https://departamento.mercadolibre.com.mx/MLM-2901303063-estrena-depto-nuevo-en-tecamachalco-_JM,https://http2.mlstatic.com/D_NQ_NP_2X_714068-MLM111082470567_042026-E.webp,Naucalpan,352.0,3.0,3.0,38522.72727272727
Vendo Departamento Obra Gris En Tecamachalco,10500000,MXN,"Lomas De Tecamachalco, Naucalpan, Estado De México",310 m² construidos,3 recámaras,3 baños,https://departamento.mercadolibre.com.mx/MLM-5258979664-vendo-departamento-obra-gris-en-tecamachalco-_JM,https://http2.mlstatic.com/D_NQ_NP_2X_899142-MLM111005783931_042026-E.webp,Naucalpan,310.0,3.0,3.0,33870.967741935485
Vendo Penthouse Nuevo En Tecamachalco,19000000,MXN,"Lomas De Tecamachalco, Naucalpan, Estado De México",285 m² construidos,3 recámaras,3 baños,https://departamento.mercadolibre.com.mx/MLM-5258978912-vendo-penthouse-nuevo-en-tecamachalco-_JM,https://http2.mlstatic.com/D_NQ_NP_2X_623083-MLM111005760257_042026-E.webp,Naucalpan,285.0,3.0,3.0,66666.66666666667
Departamento En Venta En Tecamachalco,9500000,MXN,"Lomas De Tecamachalco, Naucalpan, Estado De México",240 m² construidos,3 recámaras,2 baños,https://departamento.mercadolibre.com.mx/MLM-4874244712-departamento-en-venta-en-tecamachalco-_JM,https://http2.mlstatic.com/D_NQ_NP_2X_916279-MLM88097728006_072025-E.webp,Naucalpan,240.0,3.0,2.0,39583.333333333336
"Venta De Departamento Lomas Del Pescador, Lomas De Tecamachalco",9389000,MXN,"Lomas De Tecamachalco, Naucalpan, Estado De México",237 m² construidos,3 recámaras,3 baños,https://departamento.mercadolibre.com.mx/MLM-3174367849-venta-de-departamento-lomas-del-pescador-lomas-de-tecamachalco-_JM,https://http2.mlstatic.com/D_NQ_NP_2X_634057-MLM114965817741_072026-E.webp,Naucalpan,237.0,3.0,3.0,39616.033755274264
"Venta De Departamento Lomas Del Pescador, Lomas De Tecamachalco",9949000,MXN,"Lomas De Tecamachalco, Naucalpan, Estado De México",278 m² construidos,3 recámaras,3 baños,https://departamento.mercadolibre.com.mx/MLM-3174917137-venta-de-departamento-lomas-del-pescador-lomas-de-tecamachalco-_JM,https://http2.mlstatic.com/D_NQ_NP_2X_666508-MLM114965784093_072026-E.webp,Naucalpan,278.0,3.0,3.0,35787.76978417266
Departamento En Venta Lomas De  Tecamachalco (et),10000000,MXN,"Lomas De Tecamachalco, Naucalpan, Estado De México",310 m² construidos,3 recámaras,3 baños,https://departamento.mercadolibre.com.mx/MLM-5430050882-departamento-en-venta-lomas-de-tecamachalco-et-_JM,https://http2.mlstatic.com/D_NQ_NP_2X_982748-MLM113671292003_062026-E.webp,Naucalpan,310.0,3.0,3.0,32258.064516129034
Estrena Depto Nuevo En Tecamachalco,12999000,MXN,"Lomas De Tecamachalco, Naucalpan, Estado De México",315 m² construidos,3 recámaras,3 baños,https://departamento.mercadolibre.com.mx/MLM-2901303303-estrena-depto-nuevo-en-tecamachalco-_JM,https://http2.mlstatic.com/D_NQ_NP_2X_963126-MLM110162440204_042026-E.webp,Naucalpan,315.0,3.0,3.0,41266.666666666664
Estrena Depto Nuevo En Tecamachalco,12647000,MXN,"Lomas De Tecamachalco, Naucalpan, Estado De México",328 m² construidos,3 recámaras,2 baños,https://departamento.mercadolibre.com.mx/MLM-2901329067-estrena-depto-nuevo-en-tecamachalco-_JM,https://http2.mlstatic.com/D_NQ_NP_2X_860809-MLM111082470471_042026-E.webp,Naucalpan,328.0,3.0,2.0,38557.92682926829
Departamento En Venta Lomas De Tecamachalco (et),13000000,MXN,"Lomas De Tecamachalco, Naucalpan, Estado De México",370 m² construidos,3 recámaras,3 baños,https://departamento.mercadolibre.com.mx/MLM-3153965195-departamento-en-venta-lomas-de-tecamachalco-et-_JM,https://http2.mlstatic.com/D_NQ_NP_2X_918637-MLM105625743256_012026-E.webp,Naucalpan,370.0,3.0,3.0,35135.13513513513
Venta Departamentos Tecamachalco Con Terraza Y Roof Garden(r),14640000,MXN,"Lomas De Tecamachalco, Naucalpan, Estado De México",390 m² construidos,3 recámaras,3 baños,https://departamento.mercadolibre.com.mx/MLM-3058412041-venta-departamentos-tecamachalco-con-terraza-y-roof-gardenr-_JM,https://http2.mlstatic.com/D_NQ_NP_2X_739570-MLM113517342058_072026-E.webp,Naucalpan,390.0,3.0,3.0,37538.46153846154
"Venta De Departamento Lomas Del Pescador, Lomas De Tecamachalco",9289000,MXN,"Lomas De Tecamachalco, Naucalpan, Estado De México",237 m² construidos,3 recámaras,3 baños,https://departamento.mercadolibre.com.mx/MLM-3174367845-venta-de-departamento-lomas-del-pescador-lomas-de-tecamachalco-_JM,https://http2.mlstatic.com/D_NQ_NP_2X_826096-MLM114965817477_072026-E.webp,Naucalpan,237.0,3.0,3.0,39194.09282700422
"Venta De Departamento Lomas Del Pescador, Lomas De Tecamachalco",9889000,MXN,"Lomas De Tecamachalco, Naucalpan, Estado De México",278 m² construidos,3 recámaras,3 baños,https://departamento.mercadolibre.com.mx/MLM-3174917139-venta-de-departamento-lomas-del-pescador-lomas-de-tecamachalco-_JM,https://http2.mlstatic.com/D_NQ_NP_2X_993594-MLM114965844917_072026-E.webp,Naucalpan,278.0,3.0,3.0,35571.94244604316
"Venta De Penthouse Lomas Del Pescador, Lomas De Tecamachalco",9989000,MXN,"Lomas De Tecamachalco, Naucalpan, Estado De México",278 m² construidos,3 recámaras,3 baños,https://departamento.mercadolibre.com.mx/MLM-3174917133-venta-de-penthouse-lomas-del-pescador-lomas-de-tecamachalco-_JM,https://http2.mlstatic.com/D_NQ_NP_2X_875218-MLM114965816817_072026-E.webp,Naucalpan,278.0,3.0,3.0,35931.65467625899
Fuente De Aguilas,15200000,MXN,"Lomas De Tecamachalco, Naucalpan, Estado De México",330 m² construidos,3 recámaras,,https://departamento.mercadolibre.com.mx/MLM-4830847788-fuente-de-aguilas-_JM,https://http2.mlstatic.com/D_NQ_NP_2X_624976-MLM107529406931_022026-E.webp,Naucalpan,330.0,3.0,,46060.606060606064
Venta Departamento Lomas De Tecamachalco,15000000,MXN,"Naucalpan, Estado De México",254 m² construidos,3 recámaras,3 baños,https://departamento.mercadolibre.com.mx/MLM-2937241127-venta-departamento-lomas-de-tecamachalco-_JM,https://http2.mlstatic.com/D_NQ_NP_2X_809812-MLM81386526444_122024-E.webp,Naucalpan,254.0,3.0,3.0,59055.11811023622
Renta Departamento- Tecamachalco,10950000,MXN,"Edificio Muy Alto Con Vista Panorámica, Lomas De Tecamachalco, Naucalpan, Estado De México",299 m² construidos,3 recámaras,3 baños,https://departamento.mercadolibre.com.mx/MLM-5099713684-renta-departamento-tecamachalco-_JM,https://http2.mlstatic.com/D_NQ_NP_2X_831013-MLM109800310833_032026-E.webp,Naucalpan,299.0,3.0,3.0,36622.073578595315
Venta Garden Fuente De La Juventud Lomas De Tecamachalco,12999000,MXN,"Lomas De Tecamachalco, Naucalpan, Estado De México",315 m² construidos,3 recámaras,3 baños,https://departamento.mercadolibre.com.mx/MLM-2919694549-venta-garden-fuente-de-la-juventud-lomas-de-tecamachalco-_JM,https://http2.mlstatic.com/D_NQ_NP_2X_797187-MLM115524473867_082026-E.webp,Naucalpan,315.0,3.0,3.0,41266.666666666664
Vendo Departamento En Residencial Montecarlo,8000000,MXN,"Country Club, Naucalpan, Estado De México",280 m² construidos,3 recámaras,3 baños,https://departamento.mercadolibre.com.mx/MLM-2997355367-vendo-departamento-en-residencial-montecarlo-_JM,https://http2.mlstatic.com/D_NQ_NP_2X_787378-MLM113013430783_062026-E.webp,Naucalpan,280.0,3.0,3.0,28571.428571428572
Departamento En Venta En Tecamachalco Con Balcon,11200000,MXN,"Lomas De Tecamachalco, Naucalpan, Estado De México",238 m² construidos,3 recámaras,3 baños,https://departamento.mercadolibre.com.mx/MLM-5385988800-departamento-en-venta-en-tecamachalco-con-balcon-_JM,https://http2.mlstatic.com/D_NQ_NP_2X_764575-MLM114566761735_072026-E.webp,Naucalpan,238.0,3.0,3.0,47058.82352941176
Águilas Tecamachalco,15200000,MXN,"Lomas De Tecamachalco, Naucalpan, Estado De México",320 m² construidos,3 recámaras,3 baños,https://departamento.mercadolibre.com.mx/MLM-5583960584-aguilas-tecamachalco-_JM,https://http2.mlstatic.com/D_NQ_NP_2X_732965-MLM113813004133_062026-E.webp,Naucalpan,320.0,3.0,3.0,47500.0
Departamento En Venta En Tecamachalco Con Balcon,10400000,MXN,"Lomas De Tecamachalco, Naucalpan, Estado De México",193 m² construidos,3 recámaras,3 baños,https://departamento.mercadolibre.com.mx/MLM-5385963662-departamento-en-venta-en-tecamachalco-con-balcon-_JM,https://http2.mlstatic.com/D_NQ_NP_2X_694027-MLM114566691823_072026-E.webp,Naucalpan,193.0,3.0,3.0,53886.0103626943
Vendo Departamento En Tecamachalco,17000000,MXN,"Lomas De Tecamachalco, Naucalpan, Estado De México",360 m² construidos,3 recámaras,3 baños,https://departamento.mercadolibre.com.mx/MLM-5258979826-vendo-departamento-en-tecamachalco-_JM,https://http2.mlstatic.com/D_NQ_NP_2X_702222-MLM110090900820_042026-E.webp,Naucalpan,360.0,3.0,3.0,47222.22222222222
Venta Departamento Con Roof Garden Privado Lomas De Tecamachalco Apa_4910 Am,10200000,MXN,"Lomas De Tecamachalco, Naucalpan, Estado De México",201 m² construidos,3 recámaras,3 baños,https://departamento.mercadolibre.com.mx/MLM-5715760236-venta-departamento-con-roof-garden-privado-lomas-de-tecamachalco-apa4910-am-_JM,https://http2.mlstatic.com/D_NQ_NP_2X_967815-MLM114549852803_072026-E.webp,Naucalpan,201.0,3.0,3.0,50746.26865671642
Departamento De 3 Recámaras Con Roof Garden Privado De 122 M2 En Preventa,14750000,MXN,"Lomas De Tecamachalco, Naucalpan, Estado De México",391 m² construidos,3 recámaras,4 baños,https://departamento.mercadolibre.com.mx/MLM-5148097140-departamento-de-3-recamaras-con-roof-garden-privado-de-122-m2-en-preventa-_JM,https://http2.mlstatic.com/D_NQ_NP_2X_992380-MLM110688472904_052026-E.webp,Naucalpan,391.0,3.0,4.0,37723.78516624041
"Departamento En Venta En Residencial Bosque De Lomas Verdes En $8,000,000.00",8000000,MXN,"Lomas Verdes 1a Secc., Naucalpan, Estado De México",170 m² construidos,3 recámaras,3 baños,https://departamento.mercadolibre.com.mx/MLM-3135965739-departamento-en-venta-en-residencial-bosque-de-lomas-verdes-en-800000000-_JM,https://http2.mlstatic.com/D_NQ_NP_2X_707475-MLM113303987590_072026-E.webp,Naucalpan,170.0,3.0,3.0,47058.82352941176
Departamento En Venta-tecamachalco,8950000,MXN,"Depto Muy Iluminado, Lomas De Tecamachalco, Naucalpan, Estado De México",299 m² construidos,3 recámaras,3 baños,https://departamento.mercadolibre.com.mx/MLM-5099576374-departamento-en-venta-tecamachalco-_JM,https://http2.mlstatic.com/D_NQ_NP_2X_702952-MLM109800306875_032026-E.webp,Naucalpan,299.0,3.0,3.0,29933.110367892976
Venta De Departamento En Interlomas Con Terraza Amueblada.,14900000,MXN,"Country Club, Naucalpan, Estado De México",179 m² construidos,3 recámaras,4 baños,https://departamento.mercadolibre.com.mx/MLM-2776033187-venta-de-departamento-en-interlomas-con-terraza-amueblada-_JM,https://http2.mlstatic.com/D_NQ_NP_2X_994012-MLM108436612015_032026-E.webp,Naucalpan,179.0,3.0,4.0,83240.22346368716
Preventa Tecamachalco,12870000,MXN,"Lomas De Tecamachalco, Naucalpan, Estado De México",330 m² construidos,3 recámaras,3 baños,https://departamento.mercadolibre.com.mx/MLM-5583986044-preventa-tecamachalco-_JM,https://http2.mlstatic.com/D_NQ_NP_2X_894794-MLM113813016287_062026-E.webp,Naucalpan,330.0,3.0,3.0,39000.0
Excelente Departamento En Tecamachalco,9500000,MXN,"Lomas De Tecamachalco, Naucalpan, Estado De México",250 m² construidos,3 recámaras,3 baños,https://departamento.mercadolibre.com.mx/MLM-5204976642-excelente-departamento-en-tecamachalco-_JM,https://http2.mlstatic.com/D_NQ_NP_2X_653739-MLM109680345236_042026-E.webp,Naucalpan,250.0,3.0,3.0,38000.0
Departamento En Tecamachalco,13800000,MXN,"Reforma Social (Lomas De San Isidro), Naucalpan, Estado De México",300 m² construidos,3 recámaras,2 baños,https://departamento.mercadolibre.com.mx/MLM-5617110782-departamento-en-tecamachalco-_JM,https://http2.mlstatic.com/D_NQ_NP_2X_880396-MLM114263607408_082026-E.webp,Naucalpan,300.0,3.0,2.0,46000.0
Departamento En  Venta,10500000,MXN,"En Venta Depto Fuente De Diana, Lomas De Tecamachalco, Naucalpan, Estado De México",280 m² construidos,3 recámaras,3 baños,https://departamento.mercadolibre.com.mx/MLM-5823041600-departamento-en-venta-_JM,https://http2.mlstatic.com/D_NQ_NP_2X_993944-MLM115203496809_072026-E.webp,Naucalpan,280.0,3.0,3.0,37500.0
Departamentos Con Áreas En Tecamachalco 2028,8800000,MXN,"Lomas De Tecamachalco, Naucalpan, Estado De México",238 m² construidos,3 recámaras,3 baños,https://departamento.mercadolibre.com.mx/MLM-5616990670-departamentos-con-areas-en-tecamachalco-2028-_JM,https://http2.mlstatic.com/D_NQ_NP_2X_898115-MLM113831522654_072026-E.webp,Naucalpan,238.0,3.0,3.0,36974.78991596639
Preventa De Departamentos En Tecamachalco,9300000,MXN,"Lomas De Tecamachalco, Naucalpan, Estado De México",180 m² construidos,3 recámaras,3 baños,https://departamento.mercadolibre.com.mx/MLM-5269414598-preventa-de-departamentos-en-tecamachalco-_JM,https://http2.mlstatic.com/D_NQ_NP_2X_971851-MLM111083039071_042026-E.webp,Naucalpan,180.0,3.0,3.0,51666.666666666664
Departamento En Preventa Lomas De Tecamachalco (et),7490000,MXN,"Lomas De Tecamachalco, Naucalpan, Estado De México",144 m² construidos,3 recámaras,2 baños,https://departamento.mercadolibre.com.mx/MLM-5747050696-departamento-en-preventa-lomas-de-tecamachalco-et-_JM,https://http2.mlstatic.com/D_NQ_NP_2X_662580-MLM105625763812_012026-E.webp,Naucalpan,144.0,3.0,2.0,52013.88888888889
Vendo Garden House Nuevo En Tecamachalco,16000000,MXN,"Lomas De Tecamachalco, Naucalpan, Estado De México",285 m² construidos,3 recámaras,3 baños,https://departamento.mercadolibre.com.mx/MLM-5258978914-vendo-garden-house-nuevo-en-tecamachalco-_JM,https://http2.mlstatic.com/D_NQ_NP_2X_622472-MLM111005760265_042026-E.webp,Naucalpan,285.0,3.0,3.0,56140.350877192985
"Departamento En Venta En Lomas Verdes, Naucalpan De Juarez, Con Balcon Y Cuarto De Servicio",5165000,MXN,"Del Volador, Lomas Verdes 5a Secc, Naucalpan De Juárez, Lomas Verdes, Naucalpan, Estado De México",145 m² construidos,2 recámaras,2 baños,https://departamento.mercadolibre.com.mx/MLM-2831261299-departamento-en-venta-en-lomas-verdes-naucalpan-de-juarez-con-balcon-y-cuarto-de-servicio-_JM,https://http2.mlstatic.com/D_NQ_NP_2X_855748-MLM93966790039_102025-E.webp,Naucalpan,145.0,2.0,2.0,35620.68965517241
Departamento En Venta  Lomas De Tecamachalco,8500000,MXN,"San Miguel Tecamachalco, Naucalpan, Estado De México",156 m² construidos,3 recámaras,2 baños,https://departamento.mercadolibre.com.mx/MLM-5290886240-departamento-en-venta-lomas-de-tecamachalco-_JM,https://http2.mlstatic.com/D_NQ_NP_2X_963496-MLM111234630517_052026-E.webp,Naucalpan,156.0,3.0,2.0,54487.179487179485
Departamentos A Estrenar Cleo,13899900,MXN,"Lomas De Tecamachalco, Naucalpan, Estado De México",347 m² construidos,3 recámaras,3 baños,https://departamento.mercadolibre.com.mx/MLM-5583921592-departamentos-a-estrenar-cleo-_JM,https://http2.mlstatic.com/D_NQ_NP_2X_738161-MLM113812988235_062026-E.webp,Naucalpan,347.0,3.0,3.0,40057.34870317003
Departamento En Preventa Lomas De Tecamachalco  (et),7490000,MXN,"Lomas De Tecamachalco, Naucalpan, Estado De México",144 m² construidos,3 recámaras,2 baños,https://departamento.mercadolibre.com.mx/MLM-5430419004-departamento-en-preventa-lomas-de-tecamachalco-et-_JM,https://http2.mlstatic.com/D_NQ_NP_2X_643056-MLM113671194101_062026-E.webp,Naucalpan,144.0,3.0,2.0,52013.88888888889
Vendo Departamento En Torre Inteligente,14600000,MXN,"Lomas De Tecamachalco, Naucalpan, Estado De México",260 m² construidos,2 recámaras,2 baños,https://departamento.mercadolibre.com.mx/MLM-5258979982-vendo-departamento-en-torre-inteligente-_JM,https://http2.mlstatic.com/D_NQ_NP_2X_642092-MLM110090831336_042026-E.webp,Naucalpan,260.0,2.0,2.0,56153.846153846156
Vendo Departamento En Tao Lomas Country,12000000,MXN,"Country Club, Naucalpan, Estado De México",310 m² construidos,3 recámaras,3 baños,https://departamento.mercadolibre.com.mx/MLM-5258979776-vendo-departamento-en-tao-lomas-country-_JM,https://http2.mlstatic.com/D_NQ_NP_2X_615249-MLM110090796094_042026-E.webp,Naucalpan,310.0,3.0,3.0,38709.67741935484
Departamento En Preventa En Lomas De Tecamachalco,14890000,MXN,"Lomas De Tecamachalco, Naucalpan, Estado De México",390 m² construidos,3 recámaras,3 baños,https://departamento.mercadolibre.com.mx/MLM-4831073880-departamento-en-preventa-en-lomas-de-tecamachalco-_JM,https://http2.mlstatic.com/D_NQ_NP_2X_882883-MLM106856348516_022026-E.webp,Naucalpan,390.0,3.0,3.0,38179.48717948718
Departamento En Lomas De Tecamachalco,14790000,MXN,"Lomas De Tecamachalco, Naucalpan, Estado De México",389 m² construidos,3 recámaras,3 baños,https://departamento.mercadolibre.com.mx/MLM-5874380552-departamento-en-lomas-de-tecamachalco-_JM,https://http2.mlstatic.com/D_NQ_NP_2X_644174-MLM106552486386_022026-E.webp,Naucalpan,389.0,3.0,3.0,38020.56555269923
"Venta Garden,  Lomas De Tecamachalco, Naucalpan, Edo.  México",11000000,MXN,"Lomas De Tecamachalco, Naucalpan, Estado De México",360 m² construidos,3 recámaras,3 baños,https://departamento.mercadolibre.com.mx/MLM-3120299097-venta-garden-lomas-de-tecamachalco-naucalpan-edo-mexico-_JM,https://http2.mlstatic.com/D_NQ_NP_2X_624127-MLM115311872597_072026-E.webp,Naucalpan,360.0,3.0,3.0,30555.555555555555
Exclusivo Departamento En Lomas De Tecamachalco,17000000,MXN,"Lomas De Tecamachalco, Naucalpan, Estado De México",330 m² construidos,3 recámaras,3 baños,https://departamento.mercadolibre.com.mx/MLM-2785385679-exclusivo-departamento-en-lomas-de-tecamachalco-_JM,https://http2.mlstatic.com/D_NQ_NP_2X_788144-MLM107905184166_032026-E.webp,Naucalpan,330.0,3.0,3.0,51515.15151515151
Departamento En Preventa En Lomas De Tecamachalco,14890000,MXN,"Lomas De Tecamachalco, Naucalpan, Estado De México",390 m² construidos,3 recámaras,3 baños,https://departamento.mercadolibre.com.mx/MLM-3161186393-departamento-en-preventa-en-lomas-de-tecamachalco-_JM,https://http2.mlstatic.com/D_NQ_NP_2X_732000-MLM114860316271_072026-E.webp,Naucalpan,390.0,3.0,3.0,38179.48717948718
"Departamento Garden En Venta, Tecamachalco",13890000,MXN,"Lomas De Tecamachalco, Naucalpan, Estado De México",385 m² construidos,3 recámaras,3 baños,https://departamento.mercadolibre.com.mx/MLM-2996754883-departamento-garden-en-venta-tecamachalco-_JM,https://http2.mlstatic.com/D_NQ_NP_2X_889733-MLM113004001317_062026-E.webp,Naucalpan,385.0,3.0,3.0,36077.92207792208
Ph De Alto Nivel,13700000,MXN,"Lomas De Tecamachalco, Naucalpan, Estado De México",330 m² construidos,3 recámaras,3 baños,https://departamento.mercadolibre.com.mx/MLM-5874383184-ph-de-alto-nivel-_JM,https://http2.mlstatic.com/D_NQ_NP_2X_750642-MLM106607405600_022026-E.webp,Naucalpan,330.0,3.0,3.0,41515.15151515151
Departamento En Lomas De Tecamachalco,14790000,MXN,"Lomas De Tecamachalco, Naucalpan, Estado De México",389 m² construidos,3 recámaras,3 baños,https://departamento.mercadolibre.com.mx/MLM-3161186417-departamento-en-lomas-de-tecamachalco-_JM,https://http2.mlstatic.com/D_NQ_NP_2X_785197-MLM113585426014_072026-E.webp,Naucalpan,389.0,3.0,3.0,38020.56555269923
Departamento En Tecamachalco,11500000,MXN,"Lomas De Tecamachalco, Naucalpan, Estado De México",300 m² construidos,3 recámaras,2 baños,https://departamento.mercadolibre.com.mx/MLM-5616991284-departamento-en-tecamachalco-_JM,https://http2.mlstatic.com/D_NQ_NP_2X_742554-MLM115110846039_072026-E.webp,Naucalpan,300.0,3.0,2.0,38333.333333333336
Departamento A La Venta De 3 Recamaras En Tecamachalco,10500000,MXN,"Lomas De Tecamachalco, Naucalpan, Estado De México",265 m² construidos,3 recámaras,3 baños,https://departamento.mercadolibre.com.mx/MLM-5617060698-departamento-a-la-venta-de-3-recamaras-en-tecamachalco-_JM,https://http2.mlstatic.com/D_NQ_NP_2X_709879-MLM113814419594_072026-E.webp,Naucalpan,265.0,3.0,3.0,39622.64150943396
Departamentos En Toreo,2468685,MXN,"El Parque, Naucalpan, Estado De México",68 m² construidos,2 recámaras,2 baños,https://departamento.mercadolibre.com.mx/MLM-5811590984-departamentos-en-toreo-_JM,https://http2.mlstatic.com/D_NQ_NP_2X_813371-MLM105318897526_012026-E.webp,Naucalpan,68.0,2.0,2.0,36304.19117647059
Departamento En Venta En Lomas De Tecamachalco,14299000,MXN,"Lomas De Tecamachalco, Naucalpan, Estado De México",255 m² construidos,3 recámaras,3 baños,https://departamento.mercadolibre.com.mx/MLM-2904711901-departamento-en-venta-en-lomas-de-tecamachalco-_JM,https://http2.mlstatic.com/D_NQ_NP_2X_954384-MLM106552724738_022026-E.webp,Naucalpan,255.0,3.0,3.0,56074.509803921566
Departamento Con Terraza En Venta En Lomas De Tecamachalco,8990000,MXN,"Fuente De La Juventud 34, MZ 004, Lomas De Tecamachalco, Naucalpan De Juárez, Lomas De Tecamachalco Secc. Fuentes, Naucalpan, Estado De México",210 m² construidos,2 recámaras,3 baños,https://departamento.mercadolibre.com.mx/MLM-5465952280-departamento-con-terraza-en-venta-en-lomas-de-tecamachalco-_JM,https://http2.mlstatic.com/D_NQ_NP_2X_991906-MLM95979842200_102025-E.webp,Naucalpan,210.0,2.0,3.0,42809.52380952381
Venta Departamento En Lomas De Tecamachalco,9800000,MXN,"Lomas De Tecamachalco, Naucalpan, Estado De México",242 m² construidos,3 recámaras,3 baños,https://departamento.mercadolibre.com.mx/MLM-2877533255-venta-departamento-en-lomas-de-tecamachalco-_JM,https://http2.mlstatic.com/D_NQ_NP_2X_801703-MLM110660627369_042026-E.webp,Naucalpan,242.0,3.0,3.0,40495.86776859504
Venta Departamento Lomas De Tecamachalco 3 Recamaras,6500000,MXN,"Fuente De Las Pirámides, Lomas De Tecamachalco, Naucalpan De Juárez, Lomas De Tecamachalco, Naucalpan, Estado De México",140 m² construidos,3 recámaras,2 baños,https://departamento.mercadolibre.com.mx/MLM-5383803826-venta-departamento-lomas-de-tecamachalco-3-recamaras-_JM,https://http2.mlstatic.com/D_NQ_NP_2X_779119-MLM111996742275_052026-E.webp,Naucalpan,140.0,3.0,2.0,46428.57142857143
Departamento En Pre Venta En Tecamachalco,8178000,MXN,"Naucalpan, Estado De México",188 m² construidos,3 recámaras,3 baños,https://departamento.mercadolibre.com.mx/MLM-2985333091-departamento-en-pre-venta-en-tecamachalco-_JM,https://http2.mlstatic.com/D_NQ_NP_2X_709113-MLM112817687621_062026-E.webp,Naucalpan,188.0,3.0,3.0,43500.0
Venta Ph En Fuente De Juventud,10500000,MXN,"Lomas De Tecamachalco, Naucalpan, Estado De México",302 m² construidos,3 recámaras,3 baños,https://departamento.mercadolibre.com.mx/MLM-5215977216-venta-ph-en-fuente-de-juventud-_JM,https://http2.mlstatic.com/D_NQ_NP_2X_739749-MLM109769471628_042026-E.webp,Naucalpan,302.0,3.0,3.0,34768.2119205298
"Departamento En Venta, Manuel Ávila Camacho Excelente Opción Para Actualizar",5800000,MXN,"Excelente Opción Para Actualizar, Naucalpan, Estado De México",180 m² construidos,3 recámaras,2 baños,https://departamento.mercadolibre.com.mx/MLM-5099576574-departamento-en-venta-manuel-avila-camacho-excelente-opcion-para-actualizar-_JM,https://http2.mlstatic.com/D_NQ_NP_2X_676943-MLM109800316081_032026-E.webp,Naucalpan,180.0,3.0,2.0,32222.222222222223
Departamento En Venta En Lomas De Tecamachalco,14299000,MXN,"Lomas De Tecamachalco, Naucalpan, Estado De México",255 m² construidos,3 recámaras,3 baños,https://departamento.mercadolibre.com.mx/MLM-3161184793-departamento-en-venta-en-lomas-de-tecamachalco-_JM,https://http2.mlstatic.com/D_NQ_NP_2X_932826-MLM114860281313_072026-E.webp,Naucalpan,255.0,3.0,3.0,56074.509803921566
"Departamento En Preventa En Lomas De Tecamachalco, Naucalpan De Juárez",12196750,MXN,"Lomas De Tecamachalco, Naucalpan, Estado De México",272 m² construidos,3 recámaras,3 baños,https://departamento.mercadolibre.com.mx/MLM-3063445083-departamento-en-preventa-en-lomas-de-tecamachalco-naucalpan-de-juarez-_JM,https://http2.mlstatic.com/D_NQ_NP_2X_618044-MLM112740500114_062026-E.webp,Naucalpan,272.0,3.0,3.0,44840.992647058825
Departamento En Preventa En Lomas De Tecamachalco (f),17326470,MXN,"Lomas De Tecamachalco, Naucalpan, Estado De México",395 m² construidos,3 recámaras,3 baños,https://departamento.mercadolibre.com.mx/MLM-3063319833-departamento-en-preventa-en-lomas-de-tecamachalco-f-_JM,https://http2.mlstatic.com/D_NQ_NP_2X_890680-MLM113931062305_062026-E.webp,Naucalpan,395.0,3.0,3.0,43864.48101265823
"Venta Departamento En Loma Del Bosque, Av De Los Bosques (d)",9998000,MXN,"Venta Departamento EN Loma DEL Bosque, AV DE LOS Bosques (D), Lomas De Tecamachalco, Naucalpan, Estado De México",360 m² construidos,3 recámaras,3 baños,https://departamento.mercadolibre.com.mx/MLM-4979991972-venta-departamento-en-loma-del-bosque-av-de-los-bosques-d-_JM,https://http2.mlstatic.com/D_NQ_NP_2X_839412-MLM107706867128_032026-E.webp,Naucalpan,360.0,3.0,3.0,27772.222222222223
Preventa Fuente De Leones,6025000,MXN,"Lomas De Tecamachalco, Naucalpan, Estado De México",108 m² construidos,3 recámaras,2 baños,https://departamento.mercadolibre.com.mx/MLM-5583960346-preventa-fuente-de-leones-_JM,https://http2.mlstatic.com/D_NQ_NP_2X_600100-MLM112630751178_062026-E.webp,Naucalpan,108.0,3.0,2.0,55787.03703703704
Preventa De Departamento En Tecamachalco Con Roof Garden Privado,10300000,MXN,"Lomas De Tecamachalco, Naucalpan, Estado De México",260 m² construidos,3 recámaras,3 baños,https://departamento.mercadolibre.com.mx/MLM-2776055317-preventa-de-departamento-en-tecamachalco-con-roof-garden-privado-_JM,https://http2.mlstatic.com/D_NQ_NP_2X_957583-MLM108436626935_032026-E.webp,Naucalpan,260.0,3.0,3.0,39615.38461538462
Venta Ph En Tecamachalco Con Roof Garden Privado. (r),8500000,MXN,"Lomas De Tecamachalco, Naucalpan, Estado De México",280 m² construidos,3 recámaras,3 baños,https://departamento.mercadolibre.com.mx/MLM-3058224511-venta-ph-en-tecamachalco-con-roof-garden-privado-r-_JM,https://http2.mlstatic.com/D_NQ_NP_2X_629302-MLM88307160572_072025-E.webp,Naucalpan,280.0,3.0,3.0,30357.14285714286
Departamento En Venta,14075702,MXN,"Country Club, Naucalpan, Estado De México",320 m² construidos,3 recámaras,3 baños,https://departamento.mercadolibre.com.mx/MLM-2865198955-departamento-en-venta-_JM,https://http2.mlstatic.com/D_NQ_NP_2X_941464-MLM107603407853_022026-E.webp,Naucalpan,320.0,3.0,3.0,43986.56875
Descubre Deptos De 2 Recámaras En El Desarrollo Más Exclusivo De Naucalpan,4431093,MXN,"Independencia 113, La Herradura, Naucalpan, Estado De México",94 m² construidos,2 recámaras,2 baños,https://departamento.mercadolibre.com.mx/MLM-5723212322-descubre-deptos-de-2-recamaras-en-el-desarrollo-mas-exclusivo-de-naucalpan-_JM,https://http2.mlstatic.com/D_NQ_NP_2X_841504-MLM113356140088_072026-E.webp,Naucalpan,94.0,2.0,2.0,47139.28723404255
Fuente De Aguilas Tecamachalco,16200000,MXN,"Lomas De Tecamachalco, Naucalpan, Estado De México",335 m² construidos,3 recámaras,3 baños,https://departamento.mercadolibre.com.mx/MLM-5583921792-fuente-de-aguilas-tecamachalco-_JM,https://http2.mlstatic.com/D_NQ_NP_2X_633212-MLM113813040699_062026-E.webp,Naucalpan,335.0,3.0,3.0,48358.20895522388
Fuente De Águilas Preventa,11620000,MXN,"Lomas De Tecamachalco, Naucalpan, Estado De México",332 m² construidos,3 recámaras,3 baños,https://departamento.mercadolibre.com.mx/MLM-3053093879-fuente-de-aguilas-preventa-_JM,https://http2.mlstatic.com/D_NQ_NP_2X_774007-MLM112630751594_062026-E.webp,Naucalpan,332.0,3.0,3.0,35000.0
Departamento En Venta,14037602,MXN,"Country Club, Naucalpan, Estado De México",320 m² construidos,3 recámaras,3 baños,https://departamento.mercadolibre.com.mx/MLM-2865227451-departamento-en-venta-_JM,https://http2.mlstatic.com/D_NQ_NP_2X_967076-MLM106921926420_022026-E.webp,Naucalpan,320.0,3.0,3.0,43867.50625
Departamento En Venta,11798302,MXN,"Country Club, Naucalpan, Estado De México",314 m² construidos,3 recámaras,3 baños,https://departamento.mercadolibre.com.mx/MLM-2865210911-departamento-en-venta-_JM,https://http2.mlstatic.com/D_NQ_NP_2X_671915-MLM107603402151_022026-E.webp,Naucalpan,314.0,3.0,3.0,37574.210191082806
Preventa Departamentos Tecamachalco Aqua Residence (r),12000000,MXN,"Lomas De Tecamachalco, Naucalpan, Estado De México",295 m² construidos,3 recámaras,3 baños,https://departamento.mercadolibre.com.mx/MLM-3058224533-preventa-departamentos-tecamachalco-aqua-residence-r-_JM,https://http2.mlstatic.com/D_NQ_NP_2X_924947-MLM88307143766_072025-E.webp,Naucalpan,295.0,3.0,3.0,40677.96610169492
Departamento Garden En Venta. Lomas De Tecamachalco,13990000,MXN,"Lomas De Tecamachalco, Naucalpan, Estado De México",392 m² construidos,3 recámaras,3 baños,https://departamento.mercadolibre.com.mx/MLM-5480876408-departamento-garden-en-venta-lomas-de-tecamachalco-_JM,https://http2.mlstatic.com/D_NQ_NP_2X_729991-MLM111886144606_062026-E.webp,Naucalpan,392.0,3.0,3.0,35688.77551020408
Departamento En Venta,13814102,MXN,"Country Club, Naucalpan, Estado De México",320 m² construidos,3 recámaras,3 baños,https://departamento.mercadolibre.com.mx/MLM-5186924336-departamento-en-venta-_JM,https://http2.mlstatic.com/D_NQ_NP_2X_633751-MLM106921924140_022026-E.webp,Naucalpan,320.0,3.0,3.0,43169.06875
Departamento En Venta,13948802,MXN,"Country Club, Naucalpan, Estado De México",320 m² construidos,3 recámaras,3 baños,https://departamento.mercadolibre.com.mx/MLM-2865211697-departamento-en-venta-_JM,https://http2.mlstatic.com/D_NQ_NP_2X_988974-MLM107963311541_032026-E.webp,Naucalpan,320.0,3.0,3.0,43590.00625
Departamento En Venta,14062502,MXN,"Country Club, Naucalpan, Estado De México",314 m² construidos,3 recámaras,3 baños,https://departamento.mercadolibre.com.mx/MLM-5186928860-departamento-en-venta-_JM,https://http2.mlstatic.com/D_NQ_NP_2X_701701-MLM106921923692_022026-E.webp,Naucalpan,314.0,3.0,3.0,44785.03821656051
Departamento En Venta,14235502,MXN,"Country Club, Naucalpan, Estado De México",311 m² construidos,3 recámaras,3 baños,https://departamento.mercadolibre.com.mx/MLM-2865210181-departamento-en-venta-_JM,https://http2.mlstatic.com/D_NQ_NP_2X_622166-MLM107603402157_022026-E.webp,Naucalpan,311.0,3.0,3.0,45773.31832797427
Departamento En Venta,13916802,MXN,"Country Club, Naucalpan, Estado De México",305 m² construidos,3 recámaras,3 baños,https://departamento.mercadolibre.com.mx/MLM-2865191753-departamento-en-venta-_JM,https://http2.mlstatic.com/D_NQ_NP_2X_921668-MLM107603382647_022026-E.webp,Naucalpan,305.0,3.0,3.0,45628.85901639344
Departamento En Venta,13945402,MXN,"Country Club, Naucalpan, Estado De México",320 m² construidos,3 recámaras,3 baños,https://departamento.mercadolibre.com.mx/MLM-5186857840-departamento-en-venta-_JM,https://http2.mlstatic.com/D_NQ_NP_2X_758532-MLM107603404661_022026-E.webp,Naucalpan,320.0,3.0,3.0,43579.38125
Departamento En Venta,13896902,MXN,"Country Club, Naucalpan, Estado De México",307 m² construidos,3 recámaras,3 baños,https://departamento.mercadolibre.com.mx/MLM-2865177497-departamento-en-venta-_JM,https://http2.mlstatic.com/D_NQ_NP_2X_805633-MLM107603385227_022026-E.webp,Naucalpan,307.0,3.0,3.0,45266.78175895765
Departamento En Venta,13944202,MXN,"Country Club, Naucalpan, Estado De México",320 m² construidos,3 recámaras,3 baños,https://departamento.mercadolibre.com.mx/MLM-5186848152-departamento-en-venta-_JM,https://http2.mlstatic.com/D_NQ_NP_2X_685643-MLM107603382203_022026-E.webp,Naucalpan,320.0,3.0,3.0,43575.63125
Departamento En Venta,13910402,MXN,"Country Club, Naucalpan, Estado De México",314 m² construidos,3 recámaras,3 baños,https://departamento.mercadolibre.com.mx/MLM-2865174247-departamento-en-venta-_JM,https://http2.mlstatic.com/D_NQ_NP_2X_625232-MLM107603408083_022026-E.webp,Naucalpan,314.0,3.0,3.0,44300.64331210191
Departamento En Venta,14279902,MXN,"Country Club, Naucalpan, Estado De México",314 m² construidos,3 recámaras,3 baños,https://departamento.mercadolibre.com.mx/MLM-5186838460-departamento-en-venta-_JM,https://http2.mlstatic.com/D_NQ_NP_2X_982809-MLM106921923682_022026-E.webp,Naucalpan,314.0,3.0,3.0,45477.3949044586
"Venta Pent House 370m2-lomas Country, Naucalpan De Juárez-",17900000,MXN,"Country Club, Naucalpan, Estado De México",350 m² construidos,,,https://departamento.mercadolibre.com.mx/MLM-4873969864-venta-pent-house-370m2-lomas-country-naucalpan-de-juarez--_JM,https://http2.mlstatic.com/D_NQ_NP_2X_671706-MLM83023738920_032025-E.webp,Naucalpan,350.0,,,51142.857142857145
Departamentos En Venta,12995000,MXN,"Fuente De Apolo, Lomas De Tecamachalco, Naucalpan, Estado De México",232 m² construidos,3 recámaras,3 baños,https://departamento.mercadolibre.com.mx/MLM-5823041650-departamentos-en-venta-_JM,https://http2.mlstatic.com/D_NQ_NP_2X_666362-MLM113897433826_072026-E.webp,Naucalpan,232.0,3.0,3.0,56012.93103448276
Departamento Garden Venta En Tecamachalco,14199000,MXN,"Lomas De Tecamachalco, Naucalpan, Estado De México",392 m² construidos,3 recámaras,3 baños,https://departamento.mercadolibre.com.mx/MLM-5480876400-departamento-garden-venta-en-tecamachalco-_JM,https://http2.mlstatic.com/D_NQ_NP_2X_960207-MLM113004000607_062026-E.webp,Naucalpan,392.0,3.0,3.0,36221.93877551021
Departamento En Venta Tecamachalco Con Su Propio Roof Garden Y Balcon,11500000,MXN,"Lomas De Tecamachalco, Naucalpan, Estado De México",344 m² construidos,3 recámaras,4 baños,https://departamento.mercadolibre.com.mx/MLM-5480876364-departamento-en-venta-tecamachalco-con-su-propio-roof-garden-y-balcon-_JM,https://http2.mlstatic.com/D_NQ_NP_2X_901100-MLM111886141114_062026-E.webp,Naucalpan,344.0,3.0,4.0,33430.232558139534
Departamento A Estrenar,11000000,MXN,"Lomas De Tecamachalco, Naucalpan, Estado De México",259 m² construidos,3 recámaras,3 baños,https://departamento.mercadolibre.com.mx/MLM-2996754833-departamento-a-estrenar-_JM,https://http2.mlstatic.com/D_NQ_NP_2X_611241-MLM113003997023_062026-E.webp,Naucalpan,259.0,3.0,3.0,42471.04247104247
"Venta Departamento A Estrenar, Fuente De Acuario, Tecamachalco",14000000,MXN,"Lomas De Tecamachalco, Naucalpan, Estado De México",368 m² construidos,3 recámaras,3 baños,https://departamento.mercadolibre.com.mx/MLM-2985333107-venta-departamento-a-estrenar-fuente-de-acuario-tecamachalco-_JM,https://http2.mlstatic.com/D_NQ_NP_2X_956076-MLM112817688203_062026-E.webp,Naucalpan,368.0,3.0,3.0,38043.47826086957
Departamento En Venta,13935802,MXN,"Country Club, Naucalpan, Estado De México",320 m² construidos,3 recámaras,3 baños,https://departamento.mercadolibre.com.mx/MLM-5186945118-departamento-en-venta-_JM,https://http2.mlstatic.com/D_NQ_NP_2X_951879-MLM107603382123_022026-E.webp,Naucalpan,320.0,3.0,3.0,43549.38125
Departamento En Venta,13822902,MXN,"Country Club, Naucalpan, Estado De México",320 m² construidos,3 recámaras,3 baños,https://departamento.mercadolibre.com.mx/MLM-5186920266-departamento-en-venta-_JM,https://http2.mlstatic.com/D_NQ_NP_2X_663604-MLM106921924228_022026-E.webp,Naucalpan,320.0,3.0,3.0,43196.56875
Departamento En Venta,14031902,MXN,"Country Club, Naucalpan, Estado De México",308 m² construidos,3 recámaras,3 baños,https://departamento.mercadolibre.com.mx/MLM-5186861136-departamento-en-venta-_JM,https://http2.mlstatic.com/D_NQ_NP_2X_867504-MLM106921924238_022026-E.webp,Naucalpan,308.0,3.0,3.0,45558.12337662338
Departamento En Venta,12084102,MXN,"Country Club, Naucalpan, Estado De México",314 m² construidos,3 recámaras,3 baños,https://departamento.mercadolibre.com.mx/MLM-2865208961-departamento-en-venta-_JM,https://http2.mlstatic.com/D_NQ_NP_2X_761343-MLM106921921416_022026-E.webp,Naucalpan,314.0,3.0,3.0,38484.40127388535
Departamento En Venta,11871802,MXN,"Country Club, Naucalpan, Estado De México",309 m² construidos,3 recámaras,3 baños,https://departamento.mercadolibre.com.mx/MLM-2865208617-departamento-en-venta-_JM,https://http2.mlstatic.com/D_NQ_NP_2X_774322-MLM106921921270_022026-E.webp,Naucalpan,309.0,3.0,3.0,38420.071197411
Departamento En Venta,13936502,MXN,"Country Club, Naucalpan, Estado De México",320 m² construidos,3 recámaras,3 baños,https://departamento.mercadolibre.com.mx/MLM-5186855948-departamento-en-venta-_JM,https://http2.mlstatic.com/D_NQ_NP_2X_635574-MLM107963307075_032026-E.webp,Naucalpan,320.0,3.0,3.0,43551.56875
Departamento En Venta,13961402,MXN,"Country Club, Naucalpan, Estado De México",306 m² construidos,3 recámaras,3 baños,https://departamento.mercadolibre.com.mx/MLM-2865161413-departamento-en-venta-_JM,https://http2.mlstatic.com/D_NQ_NP_2X_769759-MLM107603404955_022026-E.webp,Naucalpan,306.0,3.0,3.0,45625.49673202614
Departamento En Venta,13895402,MXN,"Country Club, Naucalpan, Estado De México",314 m² construidos,3 recámaras,3 baños,https://departamento.mercadolibre.com.mx/MLM-2865137115-departamento-en-venta-_JM,https://http2.mlstatic.com/D_NQ_NP_2X_687456-MLM107603382657_022026-E.webp,Naucalpan,314.0,3.0,3.0,44252.87261146497
Departamento En Venta En Tecamachalco,13500000,MXN,"Lomas De Tecamachalco, Naucalpan, Estado De México",265 m² construidos,3 recámaras,3 baños,https://departamento.mercadolibre.com.mx/MLM-5683539710-departamento-en-venta-en-tecamachalco-_JM,https://http2.mlstatic.com/D_NQ_NP_2X_847331-MLM113147472920_072026-E.webp,Naucalpan,265.0,3.0,3.0,50943.3962264151
Departamento En Venta,14083502,MXN,"Country Club, Naucalpan, Estado De México",320 m² construidos,3 recámaras,3 baños,https://departamento.mercadolibre.com.mx/MLM-2865137625-departamento-en-venta-_JM,https://http2.mlstatic.com/D_NQ_NP_2X_811677-MLM107258382048_032026-E.webp,Naucalpan,320.0,3.0,3.0,44010.94375
Departamento En Venta En Naucalpan,4550000,MXN,"Blvd. Toluca 28, San Francisco Cuautlalpan, Naucalpan De Juárez, Industrial Alce Blanco, Naucalpan, Estado De México",94 m² construidos,2 recámaras,2 baños,https://departamento.mercadolibre.com.mx/MLM-3057557637-departamento-en-venta-en-naucalpan-_JM,https://http2.mlstatic.com/D_NQ_NP_2X_708796-MLM112673491450_062026-E.webp,Naucalpan,94.0,2.0,2.0,48404.255319148935
Vendo Departamento En Tecamachalco,7000000,MXN,"Lomas De Tecamachalco, Naucalpan, Estado De México",230 m² construidos,3 recámaras,2 baños,https://departamento.mercadolibre.com.mx/MLM-5259016814-vendo-departamento-en-tecamachalco-_JM,https://http2.mlstatic.com/D_NQ_NP_2X_868619-MLM113541369278_072026-E.webp,Naucalpan,230.0,3.0,2.0,30434.782608695652
Vendo Departamento En Tiara,14900000,MXN,"Lomas De Tecamachalco, Naucalpan, Estado De México",244 m² construidos,3 recámaras,3 baños,https://departamento.mercadolibre.com.mx/MLM-5258978932-vendo-departamento-en-tiara-_JM,https://http2.mlstatic.com/D_NQ_NP_2X_878665-MLM111005598685_042026-E.webp,Naucalpan,244.0,3.0,3.0,61065.57377049181
Departamento De Lujo,7631875,MXN,"Lomas De Tecamachalco, Naucalpan, Estado De México",178 m² construidos,3 recámaras,3 baños,https://departamento.mercadolibre.com.mx/MLM-5874323256-departamento-de-lujo-_JM,https://http2.mlstatic.com/D_NQ_NP_2X_980239-MLM106607405576_022026-E.webp,Naucalpan,178.0,3.0,3.0,42875.70224719101
Tecamamachalco Remató Departamento En Obra Negra,6500000,MXN,"Lomas De Tecamachalco, Naucalpan, Estado De México",196 m² construidos,2 recámaras,1 baño,https://departamento.mercadolibre.com.mx/MLM-5645471642-tecamamachalco-remato-departamento-en-obra-negra-_JM,https://http2.mlstatic.com/D_NQ_NP_2X_898477-MLM114193507547_072026-E.webp,Naucalpan,196.0,2.0,1.0,33163.26530612245
Preventa Leonés Tecsmachalco,6500000,MXN,"Lomas De Tecamachalco, Naucalpan, Estado De México",145 m² construidos,2 recámaras,2 baños,https://departamento.mercadolibre.com.mx/MLM-3053093597-preventa-leones-tecsmachalco-_JM,https://http2.mlstatic.com/D_NQ_NP_2X_975202-MLM112630735568_062026-E.webp,Naucalpan,145.0,2.0,2.0,44827.58620689655
Departamento En Venta En Tecamachalco,9600000,MXN,"Lomas De Tecamachalco, Naucalpan, Estado De México",198 m² construidos,3 recámaras,3 baños,https://departamento.mercadolibre.com.mx/MLM-2776033415-departamento-en-venta-en-tecamachalco-_JM,https://http2.mlstatic.com/D_NQ_NP_2X_887161-MLM107698135882_032026-E.webp,Naucalpan,198.0,3.0,3.0,48484.84848484849
Fuente De Diana,10560000,MXN,"Lomas De Tecamachalco, Naucalpan, Estado De México",240 m² construidos,3 recámaras,3 baños,https://departamento.mercadolibre.com.mx/MLM-5583960396-fuente-de-diana-_JM,https://http2.mlstatic.com/D_NQ_NP_2X_812774-MLM113813005459_062026-E.webp,Naucalpan,240.0,3.0,3.0,44000.0
Vendo Departamento En Tecamachalco,9500000,MXN,"Lomas De Tecamachalco, Naucalpan, Estado De México",216 m² construidos,3 recámaras,2 baños,https://departamento.mercadolibre.com.mx/MLM-5259016798-vendo-departamento-en-tecamachalco-_JM,https://http2.mlstatic.com/D_NQ_NP_2X_824629-MLM111005765021_042026-E.webp,Naucalpan,216.0,3.0,2.0,43981.48148148148
Venta De Departamento Nuevo En Tecamachalco,10400000,MXN,"Lomas De Tecamachalco, Naucalpan, Estado De México",260 m² construidos,3 recámaras,3 baños,https://departamento.mercadolibre.com.mx/MLM-3188053091-venta-de-departamento-nuevo-en-tecamachalco-_JM,https://http2.mlstatic.com/D_NQ_NP_2X_887301-MLM115076295439_072026-E.webp,Naucalpan,260.0,3.0,3.0,40000.0
Departamento En Venta Tecamachalco,12000000,MXN,"Lomas De Tecamachalco, Naucalpan, Estado De México",309 m² construidos,3 recámaras,3 baños,https://departamento.mercadolibre.com.mx/MLM-3153967383-departamento-en-venta-tecamachalco-_JM,https://http2.mlstatic.com/D_NQ_NP_2X_610692-MLM105662783584_012026-E.webp,Naucalpan,309.0,3.0,3.0,38834.95145631068
Departamento A Estrenar Tecamachalco,8500000,MXN,"Lomas De Tecamachalco, Naucalpan, Estado De México",300 m² construidos,3 recámaras,3 baños,https://departamento.mercadolibre.com.mx/MLM-5617110810-departamento-a-estrenar-tecamachalco-_JM,https://http2.mlstatic.com/D_NQ_NP_2X_873877-MLM112817708040_072026-E.webp,Naucalpan,300.0,3.0,3.0,28333.333333333332
Penthouse En Venta En La Herradura,11490000,MXN,"Independencia, Naucalpan, Estado De México",356 m² construidos,5 recámaras,5 baños,https://departamento.mercadolibre.com.mx/MLM-3081326791-penthouse-en-venta-en-la-herradura-_JM,https://http2.mlstatic.com/D_NQ_NP_2X_787509-MLM114129886459_072026-E.webp,Naucalpan,356.0,5.0,5.0,32275.280898876405
Departamento En Lomas De Tecamachalco,8425600,MXN,"SE Vende PH CON Terraza EN Tecamachalco (L), Lomas De Tecamachalco, Naucalpan, Estado De México",166 m² de terreno,3 recámaras,3 baños,https://departamento.mercadolibre.com.mx/MLM-5242279064-departamento-en-lomas-de-tecamachalco-_JM,https://http2.mlstatic.com/D_NQ_NP_2X_954195-MLM110868160723_042026-E.webp,Naucalpan,166.0,3.0,3.0,50756.6265060241
Departamento En Venta Nuevos En Lomas De Tecamachalco De 3 Recs,10500000,MXN,"Lomas De Tecamachalco, Naucalpan, Estado De México",280 m² construidos,3 recámaras,3 baños,https://departamento.mercadolibre.com.mx/MLM-5617060678-departamento-en-venta-nuevos-en-lomas-de-tecamachalco-de-3-recs-_JM,https://http2.mlstatic.com/D_NQ_NP_2X_996586-MLM113844257422_072026-E.webp,Naucalpan,280.0,3.0,3.0,37500.0
Departamento En Venta En San Juan Totoltepec 26-1490.,3700000,MXN,"Naucalpan De Juarez ,san Juan Totoltepec, San Juan Totoltepec, Naucalpan, Estado De México",196 m² construidos,2 recámaras,2 baños,https://departamento.mercadolibre.com.mx/MLM-5896448684-departamento-en-venta-en-san-juan-totoltepec-26-1490-_JM,https://http2.mlstatic.com/D_NQ_NP_2X_661105-MLM114281288710_082026-E.webp,Naucalpan,196.0,2.0,2.0,18877.551020408162
"Departamento En Venta En Naucalpan De Juarez ,lomas Verdes Rt 26-2271.",2100000,MXN,"Naucalpan De Juarez, Lomas Verdes, Naucalpan, Estado De México",78 m² construidos,2 recámaras,1 baño,https://departamento.mercadolibre.com.mx/MLM-5858649170-departamento-en-venta-en-naucalpan-de-juarez-lomas-verdes-rt-26-2271-_JM,https://http2.mlstatic.com/D_NQ_NP_2X_965540-MLM114041792582_072026-E.webp,Naucalpan,78.0,2.0,1.0,26923.076923076922
Departamento  En Venta En Lomas Verdes 6ª Secc,7200000,MXN,"CALLE S/N, Lomas Verdes 6a Sección, Naucalpan, Estado De México",160 m² construidos,3 recámaras,2 baños,https://departamento.mercadolibre.com.mx/MLM-3239979147-departamento-en-venta-en-lomas-verdes-6-secc-_JM,https://http2.mlstatic.com/D_NQ_NP_2X_976049-MLM115529928263_082026-E.webp,Naucalpan,160.0,3.0,2.0,45000.0
"Departamento En Venta  En Residencial Freixido, 6ta. Sección Lomas Verdes",8950000,MXN,"Gral. Miguel Miramón Al 100, Naucalpan, Estado De México",285 m² de terreno,3 recámaras,3 baños,https://departamento.mercadolibre.com.mx/MLM-5849209390-departamento-en-venta-en-residencial-freixido-6ta-seccion-lomas-verdes-_JM,https://http2.mlstatic.com/D_NQ_NP_2X_794227-MLM115324733447_072026-E.webp,Naucalpan,285.0,3.0,3.0,31403.508771929824
"Preventa Departamentos En L. De Tecamachalco, Fuente De Juventud",10300000,MXN,"Fuente De Juventud, Lomas De Tecamachalco, Naucalpan, Estado De México",302 m² construidos,3 recámaras,3 baños,https://departamento.mercadolibre.com.mx/MLM-3240105797-preventa-departamentos-en-l-de-tecamachalco-fuente-de-juventud-_JM,https://http2.mlstatic.com/D_NQ_NP_2X_725412-MLM114197577168_082026-E.webp,Naucalpan,302.0,3.0,3.0,34105.96026490066
Departamento En Venta En Lomas Verdes,6900000,MXN,"AVENIDA LOMAS VERDES, Lomas Verdes, Naucalpan, Estado De México",196 m² construidos,3 recámaras,3 baños,https://departamento.mercadolibre.com.mx/MLM-5872403108-departamento-en-venta-en-lomas-verdes-_JM,https://http2.mlstatic.com/D_NQ_NP_2X_835275-MLM115441153669_082026-E.webp,Naucalpan,196.0,3.0,3.0,35204.08163265306
"Departamento En Venta En Colonia La Joya I, Naucalpan De Juárez, Estado De México",3378000,MXN,"Av San Mateo 184-B, Naucalpan, Estado De México",91 m² construidos,2 recámaras,2 baños,https://departamento.mercadolibre.com.mx/MLM-3224413551-departamento-en-venta-en-colonia-la-joya-i-naucalpan-de-juarez-estado-de-mexico-_JM,https://http2.mlstatic.com/D_NQ_NP_2X_792272-MLM114051776352_072026-E.webp,Naucalpan,91.0,2.0,2.0,37120.87912087912
Venta Departamentos Lomas Verdes 5a Seccion (la Concordia) T-df0018-0286,4499000,MXN,"SAN JOSE DEL REAL, Lomas Verdes 5a Sección (La Concordia), Naucalpan, Estado De México",130 m² construidos,3 recámaras,2 baños,https://departamento.mercadolibre.com.mx/MLM-3239867299-venta-departamentos-lomas-verdes-5a-seccion-la-concordia-t-df0018-0286-_JM,https://http2.mlstatic.com/D_NQ_NP_2X_764334-MLM114194405344_082026-E.webp,Naucalpan,130.0,3.0,2.0,34607.692307692305
Preventa Departamentos En Casa Jardìn Bosques (tecamachalco),16000000,MXN,"Fuente De Pescador, Lomas De Tecamachalco, Naucalpan, Estado De México",349 m² construidos,3 recámaras,3 baños,https://departamento.mercadolibre.com.mx/MLM-5873800962-preventa-departamentos-en-casa-jardn-bosques-tecamachalco-_JM,https://http2.mlstatic.com/D_NQ_NP_2X_771420-MLM114126008112_082026-E.webp,Naucalpan,349.0,3.0,3.0,45845.27220630372
Departamento En Venta En Santa Cruz Acatlán - Amplio Y Funcional,3550000,MXN,"Sin Calle, Santa Cruz Acatlan, Naucalpan, Estado De México",100 m² construidos,3 recámaras,2 baños,https://departamento.mercadolibre.com.mx/MLM-3239979331-departamento-en-venta-en-santa-cruz-acatlan-amplio-y-funcional-_JM,https://http2.mlstatic.com/D_NQ_NP_2X_912089-MLM114196826884_082026-E.webp,Naucalpan,100.0,3.0,2.0,35500.0
Venta Departamento 3 Ambientes Las Américas,5050000,MXN,"Toronto, 1, Las Américas, Naucalpan, Estado De México",149 m² construidos,3 recámaras,2 baños,https://departamento.mercadolibre.com.mx/MLM-3234571929-venta-departamento-3-ambientes-las-americas-_JM,https://http2.mlstatic.com/D_NQ_NP_2X_842031-MLM114143226220_082026-E.webp,Naucalpan,149.0,3.0,2.0,33892.61744966443
Mhs- Departamento Venta Lomas Verdes 1a Sección,3100000,MXN,"Lomas Verdes 1a Secc., Naucalpan, Estado De México",82 m² construidos,3 recámaras,2 baños,https://departamento.mercadolibre.com.mx/MLM-3247314335-mhs-departamento-venta-lomas-verdes-1a-seccion-_JM,https://http2.mlstatic.com/D_NQ_NP_2X_696844-MLM114267431600_082026-E.webp,Naucalpan,82.0,3.0,2.0,37804.87804878049
"Departamento En Venta Con Doble Seguridad En Lomas Verdes 6a Sección, Naucalpan",7500000,MXN,"Lomas Verdes 6a Sección, Naucalpan, Estado De México",270 m² construidos,3 recámaras,2 baños,https://departamento.mercadolibre.com.mx/MLM-2934956009-departamento-en-venta-con-doble-seguridad-en-lomas-verdes-6a-seccion-naucalpan-_JM,https://http2.mlstatic.com/D_NQ_NP_2X_922238-MLM114604946665_072026-E.webp,Naucalpan,270.0,3.0,2.0,27777.777777777777
"Departamento En Venta En San Juan Totoltepec, Naucalpan, Edo. Méx",2760000,MXN,"Principal, San Juan Totoltepec, Naucalpan, Estado De México",115 m² construidos,3 recámaras,2 baños,https://departamento.mercadolibre.com.mx/MLM-5058003258-departamento-en-venta-en-san-juan-totoltepec-naucalpan-edo-mex-_JM,https://http2.mlstatic.com/D_NQ_NP_2X_885245-MLM108488554510_032026-E.webp,Naucalpan,115.0,3.0,2.0,24000.0
"Departamento En Venta Totoltepec, Naucalpan De Juarez",2980000,MXN,"San Juan Totoltepec, Naucalpan, Estado De México",115 m² construidos,3 recámaras,2 baños,https://departamento.mercadolibre.com.mx/MLM-5561566772-departamento-en-venta-totoltepec-naucalpan-de-juarez-_JM,https://http2.mlstatic.com/D_NQ_NP_2X_671332-MLM113673613247_062026-E.webp,Naucalpan,115.0,3.0,2.0,25913.043478260868
"Departamento En Venta En Manuel Ávila Camacho, Naucalpan",6300000,MXN,"Fracc. Lomas Manuel Avila Camacho, Naucalpan, Estado De México",160 m² construidos,2 recámaras,2 baños,https://departamento.mercadolibre.com.mx/MLM-5694957682-departamento-en-venta-en-manuel-avila-camacho-naucalpan-_JM,https://http2.mlstatic.com/D_NQ_NP_2X_951868-MLM115528174315_082026-E.webp,Naucalpan,160.0,2.0,2.0,39375.0
"Dmz Venta De Pent House En Altavitta, Lomas Verdes 6ta Sección",15900000,MXN,"Lomas Verdes 6a Sección, Naucalpan, Estado De México",365 m² construidos,4 recámaras,4 baños,https://departamento.mercadolibre.com.mx/MLM-5767943018-dmz-venta-de-pent-house-en-altavitta-lomas-verdes-6ta-seccion-_JM,https://http2.mlstatic.com/D_NQ_NP_2X_782380-MLM113630432908_072026-E.webp,Naucalpan,365.0,4.0,4.0,43561.643835616436
"Departamento En Venta San Juan Totoltepec, Naucalpan De Juárez 26-1490 Mm",3700000,MXN,"Departamento En Venta San Juan Totoltepec, Naucalpan De Juárez 26-1490 MM, San Juan Totoltepec, Naucalpan, Estado De México",196 m² construidos,2 recámaras,2 baños,https://departamento.mercadolibre.com.mx/MLM-5475264194-departamento-en-venta-san-juan-totoltepec-naucalpan-de-juarez-26-1490-mm-_JM,https://http2.mlstatic.com/D_NQ_NP_2X_782425-MLM112957843401_062026-E.webp,Naucalpan,196.0,2.0,2.0,18877.551020408162
Departamento En Venta En Tecamachalco,8500000,MXN,"Lomas De Tecamachalco, Naucalpan, Estado De México",300 m² construidos,3 recámaras,2 baños,https://departamento.mercadolibre.com.mx/MLM-5178851270-departamento-en-venta-en-tecamachalco-_JM,https://http2.mlstatic.com/D_NQ_NP_2X_854212-MLM113584752672_072026-E.webp,Naucalpan,300.0,3.0,2.0,28333.333333333332
"Departamento En Venta En Lomas De Tecamachalco, Naucalpan De Juárez 26-20 Jas",9990000,MXN,"Departamento En Venta En Lomas De Tecamachalco, Naucalpan De Juárez 26-20 MM, Lomas De Tecamachalco, Naucalpan, Estado De México",295 m² construidos,3 recámaras,3 baños,https://departamento.mercadolibre.com.mx/MLM-5475238528-departamento-en-venta-en-lomas-de-tecamachalco-naucalpan-de-juarez-26-20-jas-_JM,https://http2.mlstatic.com/D_NQ_NP_2X_694434-MLM112957842803_062026-E.webp,Naucalpan,295.0,3.0,3.0,33864.40677966102
Departamento En Venta En Miramar,5099000,MXN,"CAMINO ARENERO, Miramar, Naucalpan, Estado De México",96 m² construidos,3 recámaras,2 baños,https://departamento.mercadolibre.com.mx/MLM-5844280944-departamento-en-venta-en-miramar-_JM,https://http2.mlstatic.com/D_NQ_NP_2X_619343-MLM115304606155_072026-E.webp,Naucalpan,96.0,3.0,2.0,53114.583333333336
Departamento En Venta En Lomas Verdes 26-2271.,2100000,MXN,"Naucalpan De Juarez , Lomas Verdes, Naucalpan, Estado De México",78 m² construidos,2 recámaras,1 baño,https://departamento.mercadolibre.com.mx/MLM-5370158450-departamento-en-venta-en-lomas-verdes-26-2271-_JM,https://http2.mlstatic.com/D_NQ_NP_2X_639123-MLM111915384117_052026-E.webp,Naucalpan,78.0,2.0,1.0,26923.076923076922
Departamento En Venta En Naucalpan,4549000,MXN,"Camino Arenero, Miramar, Naucalpan, Estado De México",76 m² construidos,2 recámaras,2 baños,https://departamento.mercadolibre.com.mx/MLM-5844255784-departamento-en-venta-en-naucalpan-_JM,https://http2.mlstatic.com/D_NQ_NP_2X_684898-MLM115304617361_072026-E.webp,Naucalpan,76.0,2.0,2.0,59855.26315789474
"Departamento En Venta En San Juan Totoltepec, Naucalpan De Juarez Cr 26-1490.",3500000,MXN,"Naucalpan De Juarez,san Juan Totoltepec, San Juan Totoltepec, Naucalpan, Estado De México",196 m² construidos,2 recámaras,2 baños,https://departamento.mercadolibre.com.mx/MLM-3181579241-departamento-en-venta-en-san-juan-totoltepec-naucalpan-de-juarez-cr-26-1490-_JM,https://http2.mlstatic.com/D_NQ_NP_2X_996365-MLM115017287775_072026-E.webp,Naucalpan,196.0,2.0,2.0,17857.14285714286
Departamento En Venta En Naucalpan De Juárez Lomas Verdes Ve 26-2271,2100000,MXN,"Departamento En Venta En Naucalpan De Juárez Lomas Verdes VE 26-2271, Naucalpan, Estado De México",78 m² construidos,2 recámaras,1 baño,https://departamento.mercadolibre.com.mx/MLM-3201528965-departamento-en-venta-en-naucalpan-de-juarez-lomas-verdes-ve-26-2271-_JM,https://http2.mlstatic.com/D_NQ_NP_2X_784576-MLM113896235228_072026-E.webp,Naucalpan,78.0,2.0,1.0,26923.076923076922
Departamento En Venta En Lomas Verdes Rah-zg 26-2271,2100000,MXN,"Naucalpan De Juarez ,lomas Verdes, Naucalpan, Estado De México",78 m² construidos,2 recámaras,1 baño,https://departamento.mercadolibre.com.mx/MLM-5644872854-departamento-en-venta-en-lomas-verdes-rah-zg-26-2271-_JM,https://http2.mlstatic.com/D_NQ_NP_2X_941686-MLM114189935923_072026-E.webp,Naucalpan,78.0,2.0,1.0,26923.076923076922
"Departamento En Venta En Las Américas, Naucalpan De Juárez 26-2073 Mm",7300000,MXN,"Departamento En Venta En Las Américas, Naucalpan De Juárez 26-2073 MM, Naucalpan, Estado De México",217 m² construidos,3 recámaras,4 baños,https://departamento.mercadolibre.com.mx/MLM-5475264216-departamento-en-venta-en-las-americas-naucalpan-de-juarez-26-2073-mm-_JM,https://http2.mlstatic.com/D_NQ_NP_2X_679809-MLM112957815907_062026-E.webp,Naucalpan,217.0,3.0,4.0,33640.55299539171
Departamento En Venta En Santa Cruz Del Monte,5515000,MXN,"Cruz De La Florida, Santa Cruz Del Monte, Naucalpan, Estado De México",111 m² construidos,3 recámaras,2 baños,https://departamento.mercadolibre.com.mx/MLM-5844267300-departamento-en-venta-en-santa-cruz-del-monte-_JM,https://http2.mlstatic.com/D_NQ_NP_2X_793685-MLM115304543635_072026-E.webp,Naucalpan,111.0,3.0,2.0,49684.68468468468
Departamento En Venta En Naucalpan De Juárez Lomas Verdes Bj 26-2271,2300000,MXN,"Departamento En Venta En Naucalpan De Juárez Lomas Verdes BJ 26-2271, Naucalpan, Estado De México",78 m² construidos,2 recámaras,1 baño,https://departamento.mercadolibre.com.mx/MLM-3201461407-departamento-en-venta-en-naucalpan-de-juarez-lomas-verdes-bj-26-2271-_JM,https://http2.mlstatic.com/D_NQ_NP_2X_896903-MLM115201925539_072026-E.webp,Naucalpan,78.0,2.0,1.0,29487.17948717949
"Departamento En Venta En Lomas De Sotelo, Naucalpan, Edo. Méx",2670000,MXN,"Luis Freg, Lomas De Sotelo, Naucalpan, Estado De México",60 m² construidos,2 recámaras,1 baño,https://departamento.mercadolibre.com.mx/MLM-2811210717-departamento-en-venta-en-lomas-de-sotelo-naucalpan-edo-mex-_JM,https://http2.mlstatic.com/D_NQ_NP_2X_620333-MLM108489420378_032026-E.webp,Naucalpan,60.0,2.0,1.0,44500.0
Departamento Venta Lomas Verdes,9350000,MXN,"Lomas Verdes 6a Sección, Naucalpan, Estado De México",266 m² construidos,3 recámaras,2 baños,https://departamento.mercadolibre.com.mx/MLM-5241289028-departamento-venta-lomas-verdes-_JM,https://http2.mlstatic.com/D_NQ_NP_2X_964605-MLM114613162285_072026-E.webp,Naucalpan,266.0,3.0,2.0,35150.375939849626
Departamento En San Lucas Tepetlacalco,6200000,MXN,"Penthouse En Renta, Tlalnepantla, San Lucas Tepetlacalco Gis26-2933, San Lucas Tepetlacalco, Naucalpan, Estado De México",135 m² de terreno,2 recámaras,2 baños,https://departamento.mercadolibre.com.mx/MLM-3160155377-departamento-en-san-lucas-tepetlacalco-_JM,https://http2.mlstatic.com/D_NQ_NP_2X_854182-MLM113573026762_072026-E.webp,Naucalpan,135.0,2.0,2.0,45925.92592592593
Departamento En Venta San Lucas Tepetlacalco ¡privilegiada  Ubicacion!,5964000,MXN,"Calle 16 De Septiembre 5, San Lucas Tepetlacalco, Naucalpan, Estado De México",158 m² de terreno,2 recámaras,2 baños,https://departamento.mercadolibre.com.mx/MLM-3193415227-departamento-en-venta-san-lucas-tepetlacalco-privilegiada-ubicacion-_JM,https://http2.mlstatic.com/D_NQ_NP_2X_868771-MLM113843128954_072026-E.webp,Naucalpan,158.0,2.0,2.0,37746.83544303798
Departamento En Venta En San Lucas Tepetlacalco Tlalnepantla Ve 24-2085,4300000,MXN,"San Lucas Tepetlacalco Tlalnepantla, San Lucas Tepetlacalco, Naucalpan, Estado De México",98 m² construidos,2 recámaras,2 baños,https://departamento.mercadolibre.com.mx/MLM-3201528937-departamento-en-venta-en-san-lucas-tepetlacalco-tlalnepantla-ve-24-2085-_JM,https://http2.mlstatic.com/D_NQ_NP_2X_910976-MLM115202181357_072026-E.webp,Naucalpan,98.0,2.0,2.0,43877.551020408166
Departamento En Venta En San Lucas Tepetlacalco Gis 26-3025,4300000,MXN,"Departamento En Venta En San Lucas Tepetlacalco GIS 26-3025, San Lucas Tepetlacalco, Naucalpan, Estado De México",98 m² construidos,2 recámaras,2 baños,https://departamento.mercadolibre.com.mx/MLM-5757111378-departamento-en-venta-en-san-lucas-tepetlacalco-gis-26-3025-_JM,https://http2.mlstatic.com/D_NQ_NP_2X_971593-MLM113572967398_072026-E.webp,Naucalpan,98.0,2.0,2.0,43877.551020408166
Departamento En San Lucas Tepetlacalco,4300000,MXN,"San Lucas Tepetlacalco, San Lucas Tepetlacalco, Naucalpan, Estado De México",98 m² de terreno,2 recámaras,2 baños,https://departamento.mercadolibre.com.mx/MLM-5229577304-departamento-en-san-lucas-tepetlacalco-_JM,https://http2.mlstatic.com/D_NQ_NP_2X_986474-MLM109874003152_042026-E.webp,Naucalpan,98.0,2.0,2.0,43877.551020408166
"Lomas Verdes 5ta Sección, Naucalpan",2398207,MXN,"Lomas Verdes 5a Sección (La Concordia), Naucalpan, Estado De México",52 m² construidos,2 recámaras,1 baño,https://departamento.mercadolibre.com.mx/MLM-3058413939-lomas-verdes-5ta-seccion-naucalpan-_JM,https://http2.mlstatic.com/D_NQ_NP_2X_856248-MLM104157974491_012026-E.webp,Naucalpan,52.0,2.0,1.0,46119.36538461538
Departamento En Venta En Interlomas En Ciudad De México,7800000,MXN,"Sin Calle, Naucalpan, Estado De México",96 m² construidos,2 recámaras,2 baños,https://departamento.mercadolibre.com.mx/MLM-5657481078-departamento-en-venta-en-interlomas-en-ciudad-de-mexico-_JM,https://http2.mlstatic.com/D_NQ_NP_2X_785343-MLM113039160410_072026-E.webp,Naucalpan,96.0,2.0,2.0,81250.0
Departamentos Nuevos En Venta En Zona De Cd Satélite,4300000,MXN,"Heroes, Ciudad Satélite, Naucalpan, Estado De México",98 m² construidos,2 recámaras,2 baños,https://departamento.mercadolibre.com.mx/MLM-2932029825-departamentos-nuevos-en-venta-en-zona-de-cd-satelite-_JM,https://http2.mlstatic.com/D_NQ_NP_2X_955126-MLM111580214032_062026-E.webp,Naucalpan,98.0,2.0,2.0,43877.551020408166
Departamento  En Venta En La Herradura,3450000,MXN,"Río Hondo, Naucalpan, Estado De México",76 m² construidos,2 recámaras,2 baños,https://departamento.mercadolibre.com.mx/MLM-5527650308-departamento-en-venta-en-la-herradura-_JM,https://http2.mlstatic.com/D_NQ_NP_2X_696667-MLM112265233704_062026-E.webp,Naucalpan,76.0,2.0,2.0,45394.73684210526
"Departamento En Venta Con Seguridad En Ciudad Satélite, Naucalpan De Juárez",5500000,MXN,"Ciudad Satélite, Naucalpan, Estado De México",105 m² construidos,3 recámaras,2 baños,https://departamento.mercadolibre.com.mx/MLM-5199667658-departamento-en-venta-con-seguridad-en-ciudad-satelite-naucalpan-de-juarez-_JM,https://http2.mlstatic.com/D_NQ_NP_2X_693976-MLM114604947053_072026-E.webp,Naucalpan,105.0,3.0,2.0,52380.95238095238
"Departamento En Venta En Lomas Verdes, Naucalpan De Juárez, Edo. Mex.",2250000,MXN,"Capuchinas 53, Depto. 203, Lomas Verdes, Naucalpan, Estado De México",65 m² construidos,2 recámaras,1 baño,https://departamento.mercadolibre.com.mx/MLM-5456958798-departamento-en-venta-en-lomas-verdes-naucalpan-de-juarez-edo-mex-_JM,https://http2.mlstatic.com/D_NQ_NP_2X_975800-MLM111693646296_062026-E.webp,Naucalpan,65.0,2.0,1.0,34615.38461538462
2 Recamaras Preventa 76m2 Habitables Planta Baja Por El Campo Militar Conscripto,4449000,MXN,"Miramar, Naucalpan, Estado De México",76 m² construidos,2 recámaras,1 baño,https://departamento.mercadolibre.com.mx/MLM-2743862671-2-recamaras-preventa-76m2-habitables-planta-baja-por-el-campo-militar-conscripto-_JM,https://http2.mlstatic.com/D_NQ_NP_2X_731443-MLM106667194610_022026-E.webp,Naucalpan,76.0,2.0,1.0,58539.47368421053
Venta De Departamento Nuevo En Cumbres Herradura Naucalpan Edo De Mex,3595000,MXN,"Camino Arenero Mz 1 Lt 1 Numero 150 Edif. B Int.B-1108, Naucalpan, Estado De México",72 m² construidos,2 recámaras,2 baños,https://departamento.mercadolibre.com.mx/MLM-5274138130-venta-de-departamento-nuevo-en-cumbres-herradura-naucalpan-edo-de-mex-_JM,https://http2.mlstatic.com/D_NQ_NP_2X_658957-MLM110170852860_042026-E.webp,Naucalpan,72.0,2.0,2.0,49930.555555555555
"Venta De Departamneto En Fuente De Molinos, Lomas De Tecamachalco Ct763",8150000,MXN,"Lomas De Tecamachalco, Naucalpan, Estado De México",369 m² construidos,3 recámaras,3 baños,https://departamento.mercadolibre.com.mx/MLM-4948159934-venta-de-departamneto-en-fuente-de-molinos-lomas-de-tecamachalco-ct763-_JM,https://http2.mlstatic.com/D_NQ_NP_2X_826158-MLM108114500845_032026-E.webp,Naucalpan,369.0,3.0,3.0,22086.72086720867
Departamento En Venta 6ta Sección Lomas Verdes,7500000,MXN,"Lomas Verdes 6a Sección, Naucalpan, Estado De México",190 m² construidos,3 recámaras,2 baños,https://departamento.mercadolibre.com.mx/MLM-5694777126-departamento-en-venta-6ta-seccion-lomas-verdes-_JM,https://http2.mlstatic.com/D_NQ_NP_2X_753002-MLM105579703569_012026-E.webp,Naucalpan,190.0,3.0,2.0,39473.68421052631
Venta Departamentos Ciudad Satelite T-df0128-0388,6450000,MXN,"CTO. ARQUITECTOS, Ciudad Satélite, Naucalpan, Estado De México",105 m² construidos,3 recámaras,2 baños,https://departamento.mercadolibre.com.mx/MLM-3038675227-venta-departamentos-ciudad-satelite-t-df0128-0388-_JM,https://http2.mlstatic.com/D_NQ_NP_2X_731672-MLM107347868939_022026-E.webp,Naucalpan,105.0,3.0,2.0,61428.57142857143
"Departamento En Bosque De Lomas Verdes, Naucalpan, Estado De México.",8450000,MXN,"Av. Lomas Verdes 760, Lomas Verdes, Naucalpan, Estado De México",196 m² construidos,4 recámaras,2 baños,https://departamento.mercadolibre.com.mx/MLM-5030548218-departamento-en-bosque-de-lomas-verdes-naucalpan-estado-de-mexico-_JM,https://http2.mlstatic.com/D_NQ_NP_2X_664282-MLM108185951896_032026-E.webp,Naucalpan,196.0,4.0,2.0,43112.244897959186
Departamento En Venta La Cuspide Naucalpan 11246,3650000,MXN,"11246 Camino A Praderas San Mateo, Praderas De San Mateo, Naucalpan, Estado De México",104 m² construidos,2 recámaras,2 baños,https://departamento.mercadolibre.com.mx/MLM-2869692469-departamento-en-venta-la-cuspide-naucalpan-11246-_JM,https://http2.mlstatic.com/D_NQ_NP_2X_820136-MLM109631449702_042026-E.webp,Naucalpan,104.0,2.0,2.0,35096.153846153844
Se Vende Departamento Con Balcón En Cumbres Herradura,4050000,MXN,"Río Hondo, Naucalpan, Estado De México",82 m² construidos,2 recámaras,2 baños,https://departamento.mercadolibre.com.mx/MLM-5107691724-se-vende-departamento-con-balcon-en-cumbres-herradura-_JM,https://http2.mlstatic.com/D_NQ_NP_2X_704160-MLM109057210162_032026-E.webp,Naucalpan,82.0,2.0,2.0,49390.243902439026
"Vendo Departamento En Naucalpan, Manuel Avila Camacho",6300000,MXN,"Fracc. Lomas Manuel Avila Camacho, Naucalpan, Estado De México",158 m² construidos,3 recámaras,2 baños,https://departamento.mercadolibre.com.mx/MLM-5694612788-vendo-departamento-en-naucalpan-manuel-avila-camacho-_JM,https://http2.mlstatic.com/D_NQ_NP_2X_622366-MLM114195255754_082026-E.webp,Naucalpan,158.0,3.0,2.0,39873.417721518985
3 Recamaras 98m2 Habitables Planta Baja Por El Campo Militar Conscripto,4999000,MXN,"Miramar, Naucalpan, Estado De México",97 m² construidos,3 recámaras,2 baños,https://departamento.mercadolibre.com.mx/MLM-3233379535-3-recamaras-98m2-habitables-planta-baja-por-el-campo-militar-conscripto-_JM,https://http2.mlstatic.com/D_NQ_NP_2X_646478-MLM106666581656_022026-E.webp,Naucalpan,97.0,3.0,2.0,51536.0824742268
Departamento En Venta Lomas Del Río,5938600,MXN,"Lomas Del Río, Naucalpan, Estado De México",129 m² construidos,3 recámaras,3 baños,https://departamento.mercadolibre.com.mx/MLM-5241302076-departamento-en-venta-lomas-del-rio-_JM,https://http2.mlstatic.com/D_NQ_NP_2X_777354-MLM114613162185_072026-E.webp,Naucalpan,129.0,3.0,3.0,46035.65891472868
"Departamento Ph Venta Lomas Manuel Ávila Camacho, Rdv583342",8700000,MXN,"Fracc. Lomas Manuel Avila Camacho, Naucalpan, Estado De México",205 m² construidos,3 recámaras,3 baños,https://departamento.mercadolibre.com.mx/MLM-2858577397-departamento-ph-venta-lomas-manuel-avila-camacho-rdv583342-_JM,https://http2.mlstatic.com/D_NQ_NP_2X_723272-MLM95640118270_102025-E.webp,Naucalpan,205.0,3.0,3.0,42439.0243902439
Tu Oasis Privado En La Ciudad: Penthouse De 357 M² En Lomas Del Río.,11400000,MXN,"Lomas Del Río, Naucalpan, Estado De México",357 m² construidos,4 recámaras,4 baños,https://departamento.mercadolibre.com.mx/MLM-5694957442-tu-oasis-privado-en-la-ciudad-penthouse-de-357-m-en-lomas-del-rio-_JM,https://http2.mlstatic.com/D_NQ_NP_2X_887960-MLM114195270348_082026-E.webp,Naucalpan,357.0,4.0,4.0,31932.7731092437
"Departamentos En Venta En Santa Cruz Del Monte, Naucalpan De Juárez",5250000,MXN,"Santa Cruz Del Monte, Naucalpan, Estado De México",110 m² construidos,3 recámaras,2 baños,https://departamento.mercadolibre.com.mx/MLM-5048205240-departamentos-en-venta-en-santa-cruz-del-monte-naucalpan-de-juarez-_JM,https://http2.mlstatic.com/D_NQ_NP_2X_884155-MLM93985336567_102025-E.webp,Naucalpan,110.0,3.0,2.0,47727.27272727273
Venta Departamento En Alce Blanco Naucalpan,4990000,MXN,"Industrial Alce Blanco, Naucalpan, Estado De México",105 m² construidos,2 recámaras,2 baños,https://departamento.mercadolibre.com.mx/MLM-5398014634-venta-departamento-en-alce-blanco-naucalpan-_JM,https://http2.mlstatic.com/D_NQ_NP_2X_806410-MLM112171142297_052026-E.webp,Naucalpan,105.0,2.0,2.0,47523.80952380953
Gran Depto En Lomas De Tecamachalco Ideal Para Remodelar,8200000,MXN,"Lomas De Tecamachalco, Naucalpan, Estado De México",358 m² construidos,3 recámaras,3 baños,https://departamento.mercadolibre.com.mx/MLM-5694778978-gran-depto-en-lomas-de-tecamachalco-ideal-para-remodelar-_JM,https://http2.mlstatic.com/D_NQ_NP_2X_628342-MLM115528169005_082026-E.webp,Naucalpan,358.0,3.0,3.0,22905.027932960893
"Departamento En Venta En Bosques De Lomas Verdes, Naucalpan, Estado De México.",9850000,MXN,"Av. Lomas Verdes 125, Lomas Verdes, Naucalpan, Estado De México",220 m² construidos,3 recámaras,4 baños,https://departamento.mercadolibre.com.mx/MLM-3108410227-departamento-en-venta-en-bosques-de-lomas-verdes-naucalpan-estado-de-mexico-_JM,https://http2.mlstatic.com/D_NQ_NP_2X_610821-MLM114338448091_072026-E.webp,Naucalpan,220.0,3.0,4.0,44772.72727272727
Pent-house En Venta Con Vigilancia Y Amenidades En Lomas Verdes 6a Sección,16800000,MXN,"Lomas Verdes 6a Sección, Naucalpan, Estado De México",346 m² construidos,3 recámaras,4 baños,https://departamento.mercadolibre.com.mx/MLM-3058227211-pent-house-en-venta-con-vigilancia-y-amenidades-en-lomas-verdes-6a-seccion-_JM,https://http2.mlstatic.com/D_NQ_NP_2X_652149-MLM114604980139_072026-E.webp,Naucalpan,346.0,3.0,4.0,48554.91329479769
"Departamento En Venta En  Lomas Verdes, Naucalpan De Juárez",5800000,MXN,"Lomas Verdes 6a Sección, Naucalpan, Estado De México",151 m² construidos,2 recámaras,2 baños,https://departamento.mercadolibre.com.mx/MLM-5594244116-departamento-en-venta-en-lomas-verdes-naucalpan-de-juarez-_JM,https://http2.mlstatic.com/D_NQ_NP_2X_686475-MLM114604989233_072026-E.webp,Naucalpan,151.0,2.0,2.0,38410.596026490064
"Venta Departamento Archandel Del Bosque , Naucalpan De Juárez",5500000,MXN,"Naucalpan, Estado De México",142 m² construidos,2 recámaras,2 baños,https://departamento.mercadolibre.com.mx/MLM-4948075210-venta-departamento-archandel-del-bosque-naucalpan-de-juarez-_JM,https://http2.mlstatic.com/D_NQ_NP_2X_706540-MLM108116953423_032026-E.webp,Naucalpan,142.0,2.0,2.0,38732.394366197186
3 Recamaras 101m2 Con Balcon Por El Campo Militar Conscripto,5449000,MXN,"Miramar, Naucalpan, Estado De México",101 m² construidos,3 recámaras,2 baños,https://departamento.mercadolibre.com.mx/MLM-3233366495-3-recamaras-101m2-con-balcon-por-el-campo-militar-conscripto-_JM,https://http2.mlstatic.com/D_NQ_NP_2X_926228-MLM107321769353_022026-E.webp,Naucalpan,101.0,3.0,2.0,53950.49504950495
"Departamento  En Venta Con Seguridad  Y Amenidades,  En Lomas Verdes, Naucalpan",8000000,MXN,"Lomas Verdes 1a Secc., Naucalpan, Estado De México",190 m² construidos,3 recámaras,2 baños,https://departamento.mercadolibre.com.mx/MLM-3058401599-departamento-en-venta-con-seguridad-y-amenidades-en-lomas-verdes-naucalpan-_JM,https://http2.mlstatic.com/D_NQ_NP_2X_980005-MLM113356269774_072026-E.webp,Naucalpan,190.0,3.0,2.0,42105.26315789474
"Departamento En Venta Con Doble Seguridad En Lomas Verdes 6a Sección, Naucalpan",7500000,MXN,"Lomas Verdes 6a Sección, Naucalpan, Estado De México",240 m² construidos,3 recámaras,2 baños,https://departamento.mercadolibre.com.mx/MLM-5625634016-departamento-en-venta-con-doble-seguridad-en-lomas-verdes-6a-seccion-naucalpan-_JM,https://http2.mlstatic.com/D_NQ_NP_2X_875858-MLM113356272536_072026-E.webp,Naucalpan,240.0,3.0,2.0,31250.0
"Departamento Venta,  Altavita Lomas Verdes",8000000,MXN,"Lomas Verdes 6a Sección, Naucalpan, Estado De México",180 m² construidos,3 recámaras,2 baños,https://departamento.mercadolibre.com.mx/MLM-5030321380-departamento-venta-altavita-lomas-verdes-_JM,https://http2.mlstatic.com/D_NQ_NP_2X_723824-MLM108966022587_032026-E.webp,Naucalpan,180.0,3.0,2.0,44444.444444444445
Departamento En Venta Lomas Del Río,4476260,MXN,"Lomas Del Río, Naucalpan, Estado De México",97 m² construidos,2 recámaras,2 baños,https://departamento.mercadolibre.com.mx/MLM-5241289024-departamento-en-venta-lomas-del-rio-_JM,https://http2.mlstatic.com/D_NQ_NP_2X_815665-MLM114613184383_072026-E.webp,Naucalpan,97.0,2.0,2.0,46147.010309278354
2 Recamaras 94m2 Con Balcon Con Vistas Para El Campo Militar Conscripto Preventa,5599000,MXN,"Miramar, Naucalpan, Estado De México",93 m² construidos,2 recámaras,2 baños,https://departamento.mercadolibre.com.mx/MLM-3233379531-2-recamaras-94m2-con-balcon-con-vistas-para-el-campo-militar-conscripto-preventa-_JM,https://http2.mlstatic.com/D_NQ_NP_2X_897284-MLM107902442373_032026-E.webp,Naucalpan,93.0,2.0,2.0,60204.30107526882
Departamento En Venta Lomas Del Río,6248500,MXN,"Lomas Del Río, Naucalpan, Estado De México",160 m² construidos,3 recámaras,3 baños,https://departamento.mercadolibre.com.mx/MLM-5241277016-departamento-en-venta-lomas-del-rio-_JM,https://http2.mlstatic.com/D_NQ_NP_2X_957153-MLM114613184687_072026-E.webp,Naucalpan,160.0,3.0,3.0,39053.125
Departamento En Venta Lomas De Tecamachalco,6800000,MXN,"DEPARTAMENTO EN VENTA LOMAS DE TECAMACHALCO S/N, Lomas De Tecamachalco, Naucalpan, Estado De México",140 m² construidos,3 recámaras,2 baños,https://departamento.mercadolibre.com.mx/MLM-2745239043-departamento-en-venta-lomas-de-tecamachalco-_JM,https://http2.mlstatic.com/D_NQ_NP_2X_878721-MLM107375676191_022026-E.webp,Naucalpan,140.0,3.0,2.0,48571.42857142857
2 Recamaras 83m2 Con Balcon Con Vistas Para El Campo Militar Conscripto Preventa,4549000,MXN,"Miramar, Naucalpan, Estado De México",82 m² construidos,2 recámaras,2 baños,https://departamento.mercadolibre.com.mx/MLM-3233319325-2-recamaras-83m2-con-balcon-con-vistas-para-el-campo-militar-conscripto-preventa-_JM,https://http2.mlstatic.com/D_NQ_NP_2X_903591-MLM107322057155_022026-E.webp,Naucalpan,82.0,2.0,2.0,55475.60975609756
"Departamento Pentgarden, En Venta, Cumbres De La Herradura,  Amenidades, Seguridad",3649000,MXN,"Cumbres De La Herradura, Cam. Arenero , La Nueva Herradura, Naucalpan De Juárez, Edo De México, Naucalpan, Estado De México",61 m² de terreno,1 recámara,1 baño,https://departamento.mercadolibre.com.mx/MLM-3114740403-departamento-pentgarden-en-venta-cumbres-de-la-herradura-amenidades-seguridad-_JM,https://http2.mlstatic.com/D_NQ_NP_2X_836758-MLM113159188382_072026-E.webp,Naucalpan,61.0,1.0,1.0,59819.67213114754
Pent House  En Venta En Lomas Verdes,13940000,MXN,"Lomas Verdes 1a Secc., Naucalpan, Estado De México",260 m² construidos,3 recámaras,4 baños,https://departamento.mercadolibre.com.mx/MLM-2827107375-pent-house-en-venta-en-lomas-verdes-_JM,https://http2.mlstatic.com/D_NQ_NP_2X_602360-MLM94995048757_102025-E.webp,Naucalpan,260.0,3.0,4.0,53615.38461538462
"Departamento En Venta Cumbres Herradura, Independencia, Naucalpan Edo. Mex. Ea60",4200000,MXN,"Independencia, Naucalpan, Estado De México",76 m² construidos,2 recámaras,1 baño,https://departamento.mercadolibre.com.mx/MLM-4948173212-departamento-en-venta-cumbres-herradura-independencia-naucalpan-edo-mex-ea60-_JM,https://http2.mlstatic.com/D_NQ_NP_2X_617470-MLM108114581381_032026-E.webp,Naucalpan,76.0,2.0,1.0,55263.15789473684
"Departamentos En Venta En Las Americas, Naucalpan",4990165,MXN,"Las Américas, Naucalpan, Estado De México",135 m² construidos,3 recámaras,3 baños,https://departamento.mercadolibre.com.mx/MLM-2827087091-departamentos-en-venta-en-las-americas-naucalpan-_JM,https://http2.mlstatic.com/D_NQ_NP_2X_605871-MLM94563540200_102025-E.webp,Naucalpan,135.0,3.0,3.0,36964.18518518518
3 Recamaras 106m2 Con Balcon Por El Campo Militar Conscripto Preventa,5799000,MXN,"Miramar, Naucalpan, Estado De México",106 m² construidos,3 recámaras,2 baños,https://departamento.mercadolibre.com.mx/MLM-3233379539-3-recamaras-106m2-con-balcon-por-el-campo-militar-conscripto-preventa-_JM,https://http2.mlstatic.com/D_NQ_NP_2X_924040-MLM107322368109_022026-E.webp,Naucalpan,106.0,3.0,2.0,54707.54716981132
"Departamentos En Venta, Zona Residencial Lomas Verdes, Listos Para Estrenar.",11150000,MXN,"Lomas Verdes 6a Sección, Naucalpan, Estado De México",286 m² construidos,3 recámaras,2 baños,https://departamento.mercadolibre.com.mx/MLM-2874535303-departamentos-en-venta-zona-residencial-lomas-verdes-listos-para-estrenar-_JM,https://http2.mlstatic.com/D_NQ_NP_2X_880951-MLM83680965111_042025-E.webp,Naucalpan,286.0,3.0,2.0,38986.01398601398
3 Recamaras Preventa 191m2 Con Terraza Planta Baja Campo Militar Conscripto,8099000,MXN,"Miramar, Naucalpan, Estado De México",190 m² construidos,3 recámaras,2 baños,https://departamento.mercadolibre.com.mx/MLM-3233366515-3-recamaras-preventa-191m2-con-terraza-planta-baja-campo-militar-conscripto-_JM,https://http2.mlstatic.com/D_NQ_NP_2X_878577-MLM107322661295_022026-E.webp,Naucalpan,190.0,3.0,2.0,42626.31578947369
"Departamento En Venta, Lomas Country Club, Naucalpan",19011200,MXN,"Country Club, Naucalpan, Estado De México",326 m² construidos,3 recámaras,3 baños,https://departamento.mercadolibre.com.mx/MLM-3058414381-departamento-en-venta-lomas-country-club-naucalpan-_JM,https://http2.mlstatic.com/D_NQ_NP_2X_952775-MLM81921908094_012025-E.webp,Naucalpan,326.0,3.0,3.0,58316.56441717791
"Dge Venta Ph En Lomas Verdes Sexta Sección, Naucalpan",11980000,MXN,"Lomas Verdes 6a Sección, Naucalpan, Estado De México",329 m² construidos,3 recámaras,3 baños,https://departamento.mercadolibre.com.mx/MLM-5767909678-dge-venta-ph-en-lomas-verdes-sexta-seccion-naucalpan-_JM,https://http2.mlstatic.com/D_NQ_NP_2X_690097-MLM114909894771_072026-E.webp,Naucalpan,329.0,3.0,3.0,36413.37386018237
"Penthouse En Venta, Cumbres De La Herradura,  Amenidades, Seguridad",8199000,MXN,"Cumbres De La Herradura, Cam. Arenero , La Nueva Herradura, Naucalpan De Juárez, Edo De México, Naucalpan, Estado De México",165 m² de terreno,2 recámaras,2 baños,https://departamento.mercadolibre.com.mx/MLM-5686057220-penthouse-en-venta-cumbres-de-la-herradura-amenidades-seguridad-_JM,https://http2.mlstatic.com/D_NQ_NP_2X_817536-MLM114390585405_072026-E.webp,Naucalpan,165.0,2.0,2.0,49690.90909090909
Departamentos En Venta En Fuente De Diana De 300 M2!!!!!,15000000,MXN,"Fuente DE Diana, Lomas DE Tecamachalco, Naucalpan, Estado DE Mexico 33, Lomas De Tecamachalco, Naucalpan, Estado De México",300 m² de terreno,3 recámaras,3 baños,https://departamento.mercadolibre.com.mx/MLM-2956918145-departamentos-en-venta-en-fuente-de-diana-de-300-m2-_JM,https://http2.mlstatic.com/D_NQ_NP_2X_925176-MLM112218969917_052026-E.webp,Naucalpan,300.0,3.0,3.0,50000.0
Departamento En Venta En Lomas De Tecamachalco,12000000,MXN,"Lomas De Tecamachalco, Naucalpan, Estado De México",380 m² construidos,3 recámaras,4 baños,https://departamento.mercadolibre.com.mx/MLM-5406945638-departamento-en-venta-en-lomas-de-tecamachalco-_JM,https://http2.mlstatic.com/D_NQ_NP_2X_680698-MLM111243915612_052026-E.webp,Naucalpan,380.0,3.0,4.0,31578.947368421053
Departamento En Venta Con Doble Seguridad Y Amenidades En Naucalpan De Juárez,7200000,MXN,"Lomas Verdes 1a Secc., Naucalpan, Estado De México",190 m² construidos,3 recámaras,3 baños,https://departamento.mercadolibre.com.mx/MLM-3139784959-departamento-en-venta-con-doble-seguridad-y-amenidades-en-naucalpan-de-juarez-_JM,https://http2.mlstatic.com/D_NQ_NP_2X_658465-MLM113356414150_072026-E.webp,Naucalpan,190.0,3.0,3.0,37894.73684210526
"Departamento En Venta, Cumbres De La Herradura,  Amenidades, Seguridad",6249000,MXN,"Cumbres De La Herradura, Cam. Arenero , La Nueva Herradura, Naucalpan De Juárez, Edo De México, Naucalpan, Estado De México",118 m² de terreno,3 recámaras,2 baños,https://departamento.mercadolibre.com.mx/MLM-5686054370-departamento-en-venta-cumbres-de-la-herradura-amenidades-seguridad-_JM,https://http2.mlstatic.com/D_NQ_NP_2X_788733-MLM114389926355_072026-E.webp,Naucalpan,118.0,3.0,2.0,52957.627118644064
"Departamento En Venta, Cumbres De La Herradura,  Amenidades, Seguridad",5499000,MXN,"Cumbres De La Herradura, Cam. Arenero , La Nueva Herradura, Naucalpan De Juárez, Edo De México, Naucalpan, Estado De México",93 m² de terreno,2 recámaras,2 baños,https://departamento.mercadolibre.com.mx/MLM-5686021246-departamento-en-venta-cumbres-de-la-herradura-amenidades-seguridad-_JM,https://http2.mlstatic.com/D_NQ_NP_2X_953952-MLM114389836089_072026-E.webp,Naucalpan,93.0,2.0,2.0,59129.032258064515
"Departamento En Venta, Cumbres De La Herradura,  Amenidades, Seguridad",4549000,MXN,"Cumbres De La Herradura, Cam. Arenero , La Nueva Herradura, Naucalpan De Juárez, Edo De México, Naucalpan, Estado De México",82 m² de terreno,2 recámaras,2 baños,https://departamento.mercadolibre.com.mx/MLM-5686019458-departamento-en-venta-cumbres-de-la-herradura-amenidades-seguridad-_JM,https://http2.mlstatic.com/D_NQ_NP_2X_807033-MLM113158912370_072026-E.webp,Naucalpan,82.0,2.0,2.0,55475.60975609756
"Venta O Renta De Departamento En Valle Real, Valle De Las Palmas Ct901",6290000,MXN,"Otros, Naucalpan, Estado De México",169 m² construidos,3 recámaras,2 baños,https://departamento.mercadolibre.com.mx/MLM-5576862682-venta-o-renta-de-departamento-en-valle-real-valle-de-las-palmas-ct901-_JM,https://http2.mlstatic.com/D_NQ_NP_2X_732209-MLM112595132586_062026-E.webp,Naucalpan,169.0,3.0,2.0,37218.934911242606
Departamento En Venta En Aliah Lomas Verdes | Roof Garden Privado | 2 Autos,5840000,MXN,"Santa Cruz Acatlan, Naucalpan, Estado De México",96 m² construidos,2 recámaras,2 baños,https://departamento.mercadolibre.com.mx/MLM-3098309281-departamento-en-venta-en-aliah-lomas-verdes-roof-garden-privado-2-autos-_JM,https://http2.mlstatic.com/D_NQ_NP_2X_816425-MLM113047627958_072026-E.webp,Naucalpan,96.0,2.0,2.0,60833.333333333336
Departamento Venta Lomas Verdes,9600000,MXN,"Lomas Verdes 6a Sección, Naucalpan, Estado De México",285 m² construidos,3 recámaras,2 baños,https://departamento.mercadolibre.com.mx/MLM-5241302084-departamento-venta-lomas-verdes-_JM,https://http2.mlstatic.com/D_NQ_NP_2X_653970-MLM114613162447_072026-E.webp,Naucalpan,285.0,3.0,2.0,33684.21052631579
Venta Departamento Lomas Verdes (naucalpan),9450000,MXN,"AVENIDA LOMAS VERDES, Lomas Verdes, Naucalpan, Estado De México",220 m² construidos,3 recámaras,4 baños,https://departamento.mercadolibre.com.mx/MLM-3215260815-venta-departamento-lomas-verdes-naucalpan-_JM,https://http2.mlstatic.com/D_NQ_NP_2X_932188-MLM113987428624_072026-E.webp,Naucalpan,220.0,3.0,4.0,42954.545454545456
Departamento En Venta Doble Seguridad   3 Estacionamientos,8500000,MXN,"Lomas DEL RIO 53, Naucalpan, Estado De México",240 m² de terreno,3 recámaras,3 baños,https://departamento.mercadolibre.com.mx/MLM-5810632214-departamento-en-venta-doble-seguridad-3-estacionamientos-_JM,https://http2.mlstatic.com/D_NQ_NP_2X_667913-MLM113843101744_072026-E.webp,Naucalpan,240.0,3.0,3.0,35416.666666666664
Departamento Venta Lomas De Tecamachalco,12900000,MXN,"Lomas De Tecamachalco, Naucalpan, Estado De México",352 m² construidos,3 recámaras,3 baños,https://departamento.mercadolibre.com.mx/MLM-5241314764-departamento-venta-lomas-de-tecamachalco-_JM,https://http2.mlstatic.com/D_NQ_NP_2X_660967-MLM114613177063_072026-E.webp,Naucalpan,352.0,3.0,3.0,36647.72727272727
Departamento En Venta En Tecamachalco,6975000,MXN,"Lomas De Tecamachalco, Naucalpan, Estado De México",158 m² construidos,3 recámaras,3 baños,https://departamento.mercadolibre.com.mx/MLM-2798020315-departamento-en-venta-en-tecamachalco-_JM,https://http2.mlstatic.com/D_NQ_NP_2X_960070-MLM108183751152_032026-E.webp,Naucalpan,158.0,3.0,3.0,44145.56962025316
2 Recamaras 89m2 Con Balcon Con Vistas Para El Campo Militar Conscripto,5049000,MXN,"Miramar, Naucalpan, Estado De México",88 m² construidos,2 recámaras,2 baños,https://departamento.mercadolibre.com.mx/MLM-4787671174-2-recamaras-89m2-con-balcon-con-vistas-para-el-campo-militar-conscripto-_JM,https://http2.mlstatic.com/D_NQ_NP_2X_689095-MLM106666376988_022026-E.webp,Naucalpan,88.0,2.0,2.0,57375.0
Departamento En Venta En Lomas De Tecamachalco,7500000,MXN,"Fuente De Diana, Lomas De Tecamachalco, Naucalpan, Estado De México",230 m² construidos,3 recámaras,3 baños,https://departamento.mercadolibre.com.mx/MLM-5844282934-departamento-en-venta-en-lomas-de-tecamachalco-_JM,https://http2.mlstatic.com/D_NQ_NP_2X_994776-MLM115304748793_072026-E.webp,Naucalpan,230.0,3.0,3.0,32608.695652173912
Departamento En Venta En Naucalpan De Juárez,5795000,MXN,"Valle Real, Naucalpan De Juárez Centro, Naucalpan, Estado De México",169 m² construidos,3 recámaras,2 baños,https://departamento.mercadolibre.com.mx/MLM-5844280316-departamento-en-venta-en-naucalpan-de-juarez-_JM,https://http2.mlstatic.com/D_NQ_NP_2X_741145-MLM113988924366_072026-E.webp,Naucalpan,169.0,3.0,2.0,34289.94082840237
Excelente Departamento Con Terraza En Venta Lomas De Tecamachalco,10750000,MXN,"Av. Fuente De Piramides, Lomas De Tecamachalco, Naucalpan, Estado De México",197 m² construidos,2 recámaras,2 baños,https://departamento.mercadolibre.com.mx/MLM-3215293469-excelente-departamento-con-terraza-en-venta-lomas-de-tecamachalco-_JM,https://http2.mlstatic.com/D_NQ_NP_2X_783618-MLM115303816759_072026-E.webp,Naucalpan,197.0,2.0,2.0,54568.52791878173
Departamento En Venta Tecamachalco,10000000,MXN,"Fuente Del Pescador, Lomas De Tecamachalco, Naucalpan, Estado De México",315 m² construidos,3 recámaras,3 baños,https://departamento.mercadolibre.com.mx/MLM-3215273517-departamento-en-venta-tecamachalco-_JM,https://http2.mlstatic.com/D_NQ_NP_2X_900694-MLM115303228043_072026-E.webp,Naucalpan,315.0,3.0,3.0,31746.031746031746
Departamento En Venta En Lomas De Tecamachalco,7500000,MXN,"Fuente De Diana, Lomas De Tecamachalco, Naucalpan, Estado De México",230 m² construidos,3 recámaras,3 baños,https://departamento.mercadolibre.com.mx/MLM-3215283361-departamento-en-venta-en-lomas-de-tecamachalco-_JM,https://http2.mlstatic.com/D_NQ_NP_2X_883870-MLM113987230410_072026-E.webp,Naucalpan,230.0,3.0,3.0,32608.695652173912
P.h. En Venta En Naucalpan,8199000,MXN,"CAMINO ARENERO, Miramar, Naucalpan, Estado De México",149 m² construidos,2 recámaras,2 baños,https://departamento.mercadolibre.com.mx/MLM-5844268440-ph-en-venta-en-naucalpan-_JM,https://http2.mlstatic.com/D_NQ_NP_2X_941537-MLM115304616903_072026-E.webp,Naucalpan,149.0,2.0,2.0,55026.845637583894
Venta Departamento Lomas Verdes Sexta Seccion Naucalpan De Juarez,11500000,MXN,"Lomas Verdes 6a Sección, Naucalpan, Estado De México",285 m² construidos,3 recámaras,2 baños,https://departamento.mercadolibre.com.mx/MLM-4874074022-venta-departamento-lomas-verdes-sexta-seccion-naucalpan-de-juarez-_JM,https://http2.mlstatic.com/D_NQ_NP_2X_832421-MLM92105301104_092025-E.webp,Naucalpan,285.0,3.0,2.0,40350.87719298246
Departamento En Venta En Lomas De Tecamachalco Bosques I Y Ii,8000000,MXN,"Fuente De Diana, Lomas De Tecamachalco, Naucalpan, Estado De México",230 m² construidos,3 recámaras,3 baños,https://departamento.mercadolibre.com.mx/MLM-5844270026-departamento-en-venta-en-lomas-de-tecamachalco-bosques-i-y-ii-_JM,https://http2.mlstatic.com/D_NQ_NP_2X_915192-MLM115304819389_072026-E.webp,Naucalpan,230.0,3.0,3.0,34782.608695652176
Departamento En Venta En Lomas De Tecamachalco Bosques I Y Ii,8000000,MXN,"Fuente De Diana, Lomas De Tecamachalco, Naucalpan, Estado De México",230 m² construidos,3 recámaras,3 baños,https://departamento.mercadolibre.com.mx/MLM-3215270461-departamento-en-venta-en-lomas-de-tecamachalco-bosques-i-y-ii-_JM,https://http2.mlstatic.com/D_NQ_NP_2X_983399-MLM113987251598_072026-E.webp,Naucalpan,230.0,3.0,3.0,34782.608695652176
Departamento En Venta En La Concordia  (gro),2400000,MXN,"Lomas Verdes 5a Sección (La Concordia), Naucalpan, Estado De México",70 m² construidos,3 recámaras,1 baño,https://departamento.mercadolibre.com.mx/MLM-3114933361-departamento-en-venta-en-la-concordia-gro-_JM,https://http2.mlstatic.com/D_NQ_NP_2X_641358-MLM113160621814_072026-E.webp,Naucalpan,70.0,3.0,1.0,34285.71428571428
Departamento En Venta En Lomas De Tecamachalco Bosques I Y Ii,9500000,MXN,"Fuente De Templanza, Lomas De Tecamachalco, Naucalpan, Estado De México",250 m² construidos,3 recámaras,3 baños,https://departamento.mercadolibre.com.mx/MLM-5844268890-departamento-en-venta-en-lomas-de-tecamachalco-bosques-i-y-ii-_JM,https://http2.mlstatic.com/D_NQ_NP_2X_973041-MLM115304632583_072026-E.webp,Naucalpan,250.0,3.0,3.0,38000.0
"Departamento En Venta Con Doble Seguridad En Lomas Verdes, Naucalpan De Juárez",8000000,MXN,"Lomas Verdes (Conjunto Lomas Verdes), Naucalpan, Estado De México",200 m² construidos,2 recámaras,2 baños,https://departamento.mercadolibre.com.mx/MLM-3058401647-departamento-en-venta-con-doble-seguridad-en-lomas-verdes-naucalpan-de-juarez-_JM,https://http2.mlstatic.com/D_NQ_NP_2X_958360-MLM113356271840_072026-E.webp,Naucalpan,200.0,2.0,2.0,40000.0
"Penthouse En Venta Con Doble Seguridad En Lomas Verdes, Naucalpan De Juárez",12325000,MXN,"Lomas Verdes (Conjunto Lomas Verdes), Naucalpan, Estado De México",300 m² construidos,3 recámaras,3 baños,https://departamento.mercadolibre.com.mx/MLM-5723253134-penthouse-en-venta-con-doble-seguridad-en-lomas-verdes-naucalpan-de-juarez-_JM,https://http2.mlstatic.com/D_NQ_NP_2X_991496-MLM113356413764_072026-E.webp,Naucalpan,300.0,3.0,3.0,41083.333333333336
"Departamento En  Venta, Atorre Manhattan Lomas De Tecamachalco",10000000,MXN,"Av. De Las Fuentes, Lomas De Tecamachalco, Naucalpan, Estado De México",261 m² construidos,3 recámaras,2 baños,https://departamento.mercadolibre.com.mx/MLM-5844246578-departamento-en-venta-atorre-manhattan-lomas-de-tecamachalco-_JM,https://http2.mlstatic.com/D_NQ_NP_2X_944831-MLM115303901537_072026-E.webp,Naucalpan,261.0,3.0,2.0,38314.17624521073
Departamento En Venta Lomas De Tecamachalco,6900000,MXN,"Fte De Templaza, Lomas De Tecamachalco, Naucalpan, Estado De México",230 m² construidos,3 recámaras,2 baños,https://departamento.mercadolibre.com.mx/MLM-5844256796-departamento-en-venta-lomas-de-tecamachalco-_JM,https://http2.mlstatic.com/D_NQ_NP_2X_963193-MLM113989044128_072026-E.webp,Naucalpan,230.0,3.0,2.0,30000.0
Dge Venta Departamento Lomas Verdes 6ta Secc. Naucalpan De Juárez,8690000,MXN,"Lomas Verdes 6a Sección, Naucalpan, Estado De México",184 m² construidos,3 recámaras,3 baños,https://departamento.mercadolibre.com.mx/MLM-5793388196-dge-venta-departamento-lomas-verdes-6ta-secc-naucalpan-de-juarez-_JM,https://http2.mlstatic.com/D_NQ_NP_2X_671846-MLM115034069179_072026-E.webp,Naucalpan,184.0,3.0,3.0,47228.260869565216
Departamento En Lomas De Tecamachalco,10000000,MXN,"Lomas De Tecamachalco, Lomas De Tecamachalco, Naucalpan, Estado De México",380 m² de terreno,3 recámaras,3 baños,https://departamento.mercadolibre.com.mx/MLM-4830863230-departamento-en-lomas-de-tecamachalco-_JM,https://http2.mlstatic.com/D_NQ_NP_2X_959500-MLM106855402114_022026-E.webp,Naucalpan,380.0,3.0,3.0,26315.78947368421
"Departamentos En Venta En Santa Cruz Del Monte, Naucalpan",4500000,MXN,"Santa Cruz Del Monte, Naucalpan, Estado De México",100 m² construidos,3 recámaras,2 baños,https://departamento.mercadolibre.com.mx/MLM-2827116367-departamentos-en-venta-en-santa-cruz-del-monte-naucalpan-_JM,https://http2.mlstatic.com/D_NQ_NP_2X_798686-MLM94995050137_102025-E.webp,Naucalpan,100.0,3.0,2.0,45000.0
Departamento Venta Lomas Verdes,8800000,MXN,"Lomas Verdes 6a Sección, Naucalpan, Estado De México",285 m² construidos,3 recámaras,2 baños,https://departamento.mercadolibre.com.mx/MLM-5241314986-departamento-venta-lomas-verdes-_JM,https://http2.mlstatic.com/D_NQ_NP_2X_807115-MLM114613184179_072026-E.webp,Naucalpan,285.0,3.0,2.0,30877.19298245614
"Venta, Ph Con Vista Panorámica En Torre Manhattan, Tecamachalco",12500000,MXN,"Lomas De Tecamachalco, Naucalpan, Estado De México",335 m² construidos,3 recámaras,2 baños,https://departamento.mercadolibre.com.mx/MLM-2778538369-venta-ph-con-vista-panoramica-en-torre-manhattan-tecamachalco-_JM,https://http2.mlstatic.com/D_NQ_NP_2X_883942-MLM115528181829_082026-E.webp,Naucalpan,335.0,3.0,2.0,37313.432835820895
3 Recamaras 114m2 Con Balcon Y Family Room Con Vista Al Campo Militar Conscripto,5499000,MXN,"Miramar, Naucalpan, Estado De México",113 m² construidos,3 recámaras,2 baños,https://departamento.mercadolibre.com.mx/MLM-2743783421-3-recamaras-114m2-con-balcon-y-family-room-con-vista-al-campo-militar-conscripto-_JM,https://http2.mlstatic.com/D_NQ_NP_2X_741877-MLM107321802001_022026-E.webp,Naucalpan,113.0,3.0,2.0,48663.71681415929
Departamento En Venta Tecamachalco Edomex,8500000,MXN,"DEPARTAMENTO EN VENTA TECAMACHALCO EDOMEX S/N, Lomas De Tecamachalco, Naucalpan, Estado De México",140 m² construidos,3 recámaras,3 baños,https://departamento.mercadolibre.com.mx/MLM-2745187513-departamento-en-venta-tecamachalco-edomex-_JM,https://http2.mlstatic.com/D_NQ_NP_2X_652826-MLM107375652403_022026-E.webp,Naucalpan,140.0,3.0,3.0,60714.28571428572
Venta Departamentos Industrial Alce Blanco T-df0049-0528,3950000,MXN,"BOULEVARD DE TOLUCA, Industrial Alce Blanco, Naucalpan, Estado De México",90 m² construidos,2 recámaras,2 baños,https://departamento.mercadolibre.com.mx/MLM-2886293223-venta-departamentos-industrial-alce-blanco-t-df0049-0528-_JM,https://http2.mlstatic.com/D_NQ_NP_2X_657541-MLM110807528235_042026-E.webp,Naucalpan,90.0,2.0,2.0,43888.88888888889
Venta Departamentos Hacienda De Echegaray T-df0141-0214,2990000,MXN,"PUREPECHAS, Hacienda De Echegaray, Naucalpan, Estado De México",69 m² construidos,3 recámaras,2 baños,https://departamento.mercadolibre.com.mx/MLM-5617912706-venta-departamentos-hacienda-de-echegaray-t-df0141-0214-_JM,https://http2.mlstatic.com/D_NQ_NP_2X_665908-MLM112823627278_072026-E.webp,Naucalpan,69.0,3.0,2.0,43333.333333333336
Ph Reserva Bosques,11000000,MXN,"Ciudad Satélite, Naucalpan, Estado De México",205 m² construidos,3 recámaras,3 baños,https://departamento.mercadolibre.com.mx/MLM-5704697176-ph-reserva-bosques-_JM,https://http2.mlstatic.com/D_NQ_NP_2X_666490-MLM115353914017_072026-E.webp,Naucalpan,205.0,3.0,3.0,53658.53658536585
Ph 3 Recamaras Preventa 234m2 Con Roof Garden Zona Del Campo Militar Conscripto,10999000,MXN,"Miramar, Naucalpan, Estado De México",233 m² construidos,3 recámaras,2 baños,https://departamento.mercadolibre.com.mx/MLM-4787892610-ph-3-recamaras-preventa-234m2-con-roof-garden-zona-del-campo-militar-conscripto-_JM,https://http2.mlstatic.com/D_NQ_NP_2X_607974-MLM106667283520_022026-E.webp,Naucalpan,233.0,3.0,2.0,47206.008583690986
"Departamento En Venta En Lomas De Tecamachalco, Naucalpan De Juárez 26-2514 Mm",13600000,MXN,"Departamento En Venta En Lomas De Tecamachalco, Naucalpan De Juárez 26-2514 MM, Lomas De Tecamachalco, Naucalpan, Estado De México",290 m² construidos,3 recámaras,3 baños,https://departamento.mercadolibre.com.mx/MLM-5475225476-departamento-en-venta-en-lomas-de-tecamachalco-naucalpan-de-juarez-26-2514-mm-_JM,https://http2.mlstatic.com/D_NQ_NP_2X_752108-MLM112957857687_062026-E.webp,Naucalpan,290.0,3.0,3.0,46896.55172413793
Ph 3 Recamaras Preventa 165m2 Con Roof Garden Zona Del Campo Militar Conscripto,8199000,MXN,"Miramar, Naucalpan, Estado De México",165 m² construidos,3 recámaras,2 baños,https://departamento.mercadolibre.com.mx/MLM-3233319319-ph-3-recamaras-preventa-165m2-con-roof-garden-zona-del-campo-militar-conscripto-_JM,https://http2.mlstatic.com/D_NQ_NP_2X_953188-MLM106667296722_022026-E.webp,Naucalpan,165.0,3.0,2.0,49690.90909090909
Departamento En Venta  En Lomas De Tecamachalco,7300000,MXN,"Lomas De Tecamachalco, Naucalpan, Estado De México",146 m² construidos,3 recámaras,2 baños,https://departamento.mercadolibre.com.mx/MLM-5407006244-departamento-en-venta-en-lomas-de-tecamachalco-_JM,https://http2.mlstatic.com/D_NQ_NP_2X_901462-MLM112266685141_052026-E.webp,Naucalpan,146.0,3.0,2.0,50000.0
"Departamento En Venta Con Seguridad En Lomas De Tecamachalco, Naucalpan",13950000,MXN,"Lomas De Tecamachalco, Naucalpan, Estado De México",307 m² construidos,3 recámaras,3 baños,https://departamento.mercadolibre.com.mx/MLM-5594244200-departamento-en-venta-con-seguridad-en-lomas-de-tecamachalco-naucalpan-_JM,https://http2.mlstatic.com/D_NQ_NP_2X_748732-MLM114604952437_072026-E.webp,Naucalpan,307.0,3.0,3.0,45439.739413680785
"Departamento En Venta Tecamachalco, Naucalpan De Juárez",11660000,MXN,"Lomas De Tecamachalco, Naucalpan, Estado De México",205 m² construidos,3 recámaras,3 baños,https://departamento.mercadolibre.com.mx/MLM-3058401087-departamento-en-venta-tecamachalco-naucalpan-de-juarez-_JM,https://http2.mlstatic.com/D_NQ_NP_2X_730090-MLM81921903268_012025-E.webp,Naucalpan,205.0,3.0,3.0,56878.04878048781
Departamento En Venta Bosque Real Naucalpan  Ct798,6300000,MXN,"Boulevares, Naucalpan, Estado De México",120 m² construidos,3 recámaras,2 baños,https://departamento.mercadolibre.com.mx/MLM-4948121494-departamento-en-venta-bosque-real-naucalpan-ct798-_JM,https://http2.mlstatic.com/D_NQ_NP_2X_983778-MLM107399225602_032026-E.webp,Naucalpan,120.0,3.0,2.0,52500.0
Departamento En Venta En Lomas De Tecamachalco,11000000,MXN,"Av. De Las Fuentes (torre Manhattan), Lomas De Tecamachalco, Naucalpan, Estado De México",276 m² construidos,2 recámaras,2 baños,https://departamento.mercadolibre.com.mx/MLM-5844281088-departamento-en-venta-en-lomas-de-tecamachalco-_JM,https://http2.mlstatic.com/D_NQ_NP_2X_626613-MLM115304600597_072026-E.webp,Naucalpan,276.0,2.0,2.0,39855.07246376811
"Departamento En Venta En El Parque, Naucalpan De Juárez 26-1258 Mm",8899000,MXN,"Departamento En Venta En El Parque, Naucalpan De Juárez 26-1258 MM, El Parque, Naucalpan, Estado De México",223 m² construidos,3 recámaras,3 baños,https://departamento.mercadolibre.com.mx/MLM-5475264190-departamento-en-venta-en-el-parque-naucalpan-de-juarez-26-1258-mm-_JM,https://http2.mlstatic.com/D_NQ_NP_2X_762878-MLM112957842847_062026-E.webp,Naucalpan,223.0,3.0,3.0,39905.82959641256
Departamento En Venta En Tecamachalco Ct873,8500000,MXN,"Lomas De Tecamachalco, Naucalpan, Estado De México",300 m² construidos,3 recámaras,4 baños,https://departamento.mercadolibre.com.mx/MLM-5291394098-departamento-en-venta-en-tecamachalco-ct873-_JM,https://http2.mlstatic.com/D_NQ_NP_2X_753454-MLM111239217643_052026-E.webp,Naucalpan,300.0,3.0,4.0,28333.333333333332
3 Recamaras Preventa 119m2 Balcon Family Room Vista Al Campo Militar Conscripto,6199000,MXN,"Miramar, Naucalpan, Estado De México",118 m² construidos,3 recámaras,2 baños,https://departamento.mercadolibre.com.mx/MLM-3233319331-3-recamaras-preventa-119m2-balcon-family-room-vista-al-campo-militar-conscripto-_JM,https://http2.mlstatic.com/D_NQ_NP_2X_883717-MLM106667098008_022026-E.webp,Naucalpan,118.0,3.0,2.0,52533.898305084746
Departamento - Lomas De Tecamachalco,6500000,MXN,"Hermoso Departamento En Fuente De Molinos, Lomas De Tecamachalco, Naucalpan, Estado De México",146 m² construidos,3 recámaras,2 baños,https://departamento.mercadolibre.com.mx/MLM-3137230515-departamento-lomas-de-tecamachalco-_JM,https://http2.mlstatic.com/D_NQ_NP_2X_983501-MLM113326009116_072026-E.webp,Naucalpan,146.0,3.0,2.0,44520.54794520548
"Departamento En Venta En Fuente De Parián, Tecamachalco:",14900000,MXN,"Lomas De Tecamachalco, Naucalpan, Estado De México",290 m² construidos,3 recámaras,3 baños,https://departamento.mercadolibre.com.mx/MLM-2956924439-departamento-en-venta-en-fuente-de-parian-tecamachalco-_JM,https://http2.mlstatic.com/D_NQ_NP_2X_684392-MLM112217055565_052026-E.webp,Naucalpan,290.0,3.0,3.0,51379.31034482759
Venta  Departamento En Bosque Real Gania,12503800,MXN,"Bosque Real Country Club, Naucalpan De Juárez, Bosque De Los Remedios Issemym, Naucalpan, Estado De México",219 m² construidos,3 recámaras,3 baños,https://departamento.mercadolibre.com.mx/MLM-2737738747-venta-departamento-en-bosque-real-gania-_JM,https://http2.mlstatic.com/D_NQ_NP_2X_938080-MLM106928344609_022026-E.webp,Naucalpan,219.0,3.0,3.0,57094.97716894977
"Departamento En Venta  Gania, Bosque Real",9512000,MXN,"Blvrd Bosque Real MZ 1 - 300, Bosque De Los Remedios Issemym, Naucalpan, Estado De México",217 m² construidos,3 recámaras,3 baños,https://departamento.mercadolibre.com.mx/MLM-4335896592-departamento-en-venta-gania-bosque-real-_JM,https://http2.mlstatic.com/D_NQ_NP_2X_697990-MLM106509184283_022026-E.webp,Naucalpan,217.0,3.0,3.0,43834.10138248848
"Departamento En Venta En Colonia El Parque, Naucalpan De Juárez, Cdmx.",2850000,MXN,"El Parque, Naucalpan, Estado De México",62 m² construidos,1 recámara,1 baño,https://departamento.mercadolibre.com.mx/MLM-5758912356-departamento-en-venta-en-colonia-el-parque-naucalpan-de-juarez-cdmx-_JM,https://http2.mlstatic.com/D_NQ_NP_2X_829897-MLM114860242581_072026-E.webp,Naucalpan,62.0,1.0,1.0,45967.74193548387
Venta Depto. Sexta Seccion De Lomas Verdes,6850000,MXN,"Lomas Verdes 6a Sección, Naucalpan, Estado De México",150 m² construidos,3 recámaras,2 baños,https://departamento.mercadolibre.com.mx/MLM-5145435212-venta-depto-sexta-seccion-de-lomas-verdes-_JM,https://http2.mlstatic.com/D_NQ_NP_2X_889147-MLM110121297145_042026-E.webp,Naucalpan,150.0,3.0,2.0,45666.666666666664
"Vendo Departamento Exterior En Colonia El Parque, Naucalpan De Juárez, Cdmx.",3150000,MXN,"El Parque, Naucalpan, Estado De México",63 m² construidos,2 recámaras,2 baños,https://departamento.mercadolibre.com.mx/MLM-5758912386-vendo-departamento-exterior-en-colonia-el-parque-naucalpan-de-juarez-cdmx-_JM,https://http2.mlstatic.com/D_NQ_NP_2X_735985-MLM113585354150_072026-E.webp,Naucalpan,63.0,2.0,2.0,50000.0
Venta Departamento En Altavitta,8300000,MXN,"Lomas Verdes 6a Sección, Naucalpan, Estado De México",180 m² construidos,3 recámaras,3 baños,https://departamento.mercadolibre.com.mx/MLM-5132927360-venta-departamento-en-altavitta-_JM,https://http2.mlstatic.com/D_NQ_NP_2X_666258-MLM98663268488_112025-E.webp,Naucalpan,180.0,3.0,3.0,46111.11111111111
"Departamento De Lujo En Avivia, Bosque Real,  Un Fraccionamiento Con Todos Los Servicios, A 5 Minutos De Interlomas",9990000,MXN,"Blvrd Bosque Real 17, MZ 001, Bosque Real, Naucalpan De Juárez, Naucalpan, Estado De México",185 m² construidos,3 recámaras,3 baños,https://departamento.mercadolibre.com.mx/MLM-5785489334-departamento-de-lujo-en-avivia-bosque-real-un-fraccionamiento-con-todos-los-servicios-a-5-minutos-de-interlomas-_JM,https://http2.mlstatic.com/D_NQ_NP_2X_671413-MLM113730019226_072026-E.webp,Naucalpan,185.0,3.0,3.0,54000.0
Venta P. H. Con Roof Garden Privado 96 M2 + 2 Autos Techados  Vive En San Juan Totoltepec,3700000,MXN,"Cda. Olivo, San Juan Totoltepec, Naucalpan De Juárez, San Juan Totoltepec, Naucalpan, Estado De México",96 m² construidos,2 recámaras,2 baños,https://departamento.mercadolibre.com.mx/MLM-2773387601-venta-p-h-con-roof-garden-privado-96-m2-2-autos-techados-vive-en-san-juan-totoltepec-_JM,https://http2.mlstatic.com/D_NQ_NP_2X_746585-MLM107637569810_032026-E.webp,Naucalpan,96.0,2.0,2.0,38541.666666666664
"Venta Departamentos  Tecamachalco Con Terrazas, Nuevos De De Lujo(r)",14299000,MXN,"Lomas De Tecamachalco, Naucalpan, Estado De México",383 m² construidos,3 recámaras,3 baños,https://departamento.mercadolibre.com.mx/MLM-5132894116-venta-departamentos-tecamachalco-con-terrazas-nuevos-de-de-lujor-_JM,https://http2.mlstatic.com/D_NQ_NP_2X_612511-MLM96659467931_102025-E.webp,Naucalpan,383.0,3.0,3.0,37334.20365535248
"Departamento En Venta, San José Del Real",7300000,MXN,"Lomas Verdes 6a Sección, Naucalpan, Estado De México",200 m² construidos,2 recámaras,2 baños,https://departamento.mercadolibre.com.mx/MLM-5739960324-departamento-en-venta-san-jose-del-real-_JM,https://http2.mlstatic.com/D_NQ_NP_2X_640449-MLM113469980244_072026-E.webp,Naucalpan,200.0,2.0,2.0,36500.0
"Departamento En Venta, Col. San Lucas Tepetlacalco Tlanepantla De Baz",4580000,MXN,"San Lucas Tepetlacalco, San Lucas Tepetlacalco, Naucalpan, Estado De México",98 m² construidos,2 recámaras,2 baños,https://departamento.mercadolibre.com.mx/MLM-2907994735-departamento-en-venta-col-san-lucas-tepetlacalco-tlanepantla-de-baz-_JM,https://http2.mlstatic.com/D_NQ_NP_2X_690498-MLM110281697328_052026-E.webp,Naucalpan,98.0,2.0,2.0,46734.69387755102
"Departamento En Planta Baja Con Terreza, Adicional Un Roof Privado, Tecamachalco",8600000,MXN,"Lomas De Tecamachalco, Naucalpan, Estado De México",123 m² construidos,3 recámaras,3 baños,https://departamento.mercadolibre.com.mx/MLM-4954688010-departamento-en-planta-baja-con-terreza-adicional-un-roof-privado-tecamachalco-_JM,https://http2.mlstatic.com/D_NQ_NP_2X_990259-MLM104784326391_012026-E.webp,Naucalpan,123.0,3.0,3.0,69918.69918699187
"Departamento En Planta Baja Con Terreza, Adicional Un Roof Privado, Tecamachalco",7450000,MXN,"Lomas De Tecamachalco, Naucalpan, Estado De México",123 m² construidos,3 recámaras,3 baños,https://departamento.mercadolibre.com.mx/MLM-5147799782-departamento-en-planta-baja-con-terreza-adicional-un-roof-privado-tecamachalco-_JM,https://http2.mlstatic.com/D_NQ_NP_2X_744152-MLM110135223311_042026-E.webp,Naucalpan,123.0,3.0,3.0,60569.10569105691
"Venta Departamento, Lomas Verdes, V Sección",4575000,MXN,"Lomas Verdes 5a Sección (La Concordia), Naucalpan, Estado De México",152 m² construidos,3 recámaras,2 baños,https://departamento.mercadolibre.com.mx/MLM-5006138696-venta-departamento-lomas-verdes-v-seccion-_JM,https://http2.mlstatic.com/D_NQ_NP_2X_682464-MLM93314913581_092025-E.webp,Naucalpan,152.0,3.0,2.0,30098.684210526317
Departamento En Venta En Tecamachalco 3r/3.5b/4e - Terraza Comunal - 333m2,10800000,MXN,"Lomas De Tecamachalco, Naucalpan, Estado De México",333 m² construidos,3 recámaras,3 baños,https://departamento.mercadolibre.com.mx/MLM-2916681477-departamento-en-venta-en-tecamachalco-3r35b4e-terraza-comunal-333m2-_JM,https://http2.mlstatic.com/D_NQ_NP_2X_785109-MLM111403458663_052026-E.webp,Naucalpan,333.0,3.0,3.0,32432.432432432433
Departamento En Lomas Verdes Edificio Pet Friendly,10484000,MXN,"Penthouse Departamento   Sexta Sección En Lomas Verdes, Naucalpan, Estado De México",251 m² de terreno,2 recámaras,2 baños,https://departamento.mercadolibre.com.mx/MLM-3136034743-departamento-en-lomas-verdes-edificio-pet-friendly-_JM,https://http2.mlstatic.com/D_NQ_NP_2X_768362-MLM113304823812_072026-E.webp,Naucalpan,251.0,2.0,2.0,41768.924302788844
Departamento En Lomas Verdes Edificio Pet Friendly,8579000,MXN,"Departamento  Entrega Inmediata En Sexta Sección De Lomas Verdes Edificio Pet Friendly, Naucalpan, Estado De México",153 m² de terreno,2 recámaras,2 baños,https://departamento.mercadolibre.com.mx/MLM-3135227225-departamento-en-lomas-verdes-edificio-pet-friendly-_JM,https://http2.mlstatic.com/D_NQ_NP_2X_727252-MLM114539268707_072026-E.webp,Naucalpan,153.0,2.0,2.0,56071.8954248366
"Departamento Moderno Con Terrezas Y Un Roof Privado, Tecamachalco",7500000,MXN,"Lomas De Tecamachalco, Naucalpan, Estado De México",123 m² construidos,3 recámaras,3 baños,https://departamento.mercadolibre.com.mx/MLM-5147799784-departamento-moderno-con-terrezas-y-un-roof-privado-tecamachalco-_JM,https://http2.mlstatic.com/D_NQ_NP_2X_991518-MLM110135223465_042026-E.webp,Naucalpan,123.0,3.0,3.0,60975.60975609756
Departamento En Venta En Tecamachalco 3r/3.5b/2e - Balcón - Amenidades - 300m2,12900000,MXN,"Lomas De Tecamachalco, Naucalpan, Estado De México",300 m² construidos,3 recámaras,3 baños,https://departamento.mercadolibre.com.mx/MLM-5205117540-departamento-en-venta-en-tecamachalco-3r35b2e-balcon-amenidades-300m2-_JM,https://http2.mlstatic.com/D_NQ_NP_2X_988841-MLM109683702808_042026-E.webp,Naucalpan,300.0,3.0,3.0,43000.0
"Departamento En Venta, Col. Lomas Verdes 5a Secc Naucalpan",2700000,MXN,"San José Del Real 32, Col. Lomas Verdes, Naucalpan, Estado De México",61 m² construidos,2 recámaras,1 baño,https://departamento.mercadolibre.com.mx/MLM-5682017698-departamento-en-venta-col-lomas-verdes-5a-secc-naucalpan-_JM,https://http2.mlstatic.com/D_NQ_NP_2X_753638-MLM113142122034_072026-E.webp,Naucalpan,61.0,2.0,1.0,44262.29508196721
Dh Venta De Departamento En Bosque De Lomas Verdes Dh,8000000,MXN,"Lomas Verdes 1a Secc., Naucalpan, Estado De México",192 m² construidos,3 recámaras,2 baños,https://departamento.mercadolibre.com.mx/MLM-3166215637-dh-venta-de-departamento-en-bosque-de-lomas-verdes-dh-_JM,https://http2.mlstatic.com/D_NQ_NP_2X_732499-MLM113625975642_072026-E.webp,Naucalpan,192.0,3.0,2.0,41666.666666666664
Departamento En Preventa En Lomas Verdes Edificio Pet Friendly,7980000,MXN,"Hermoso Departamento  En La Sexta Sección De  Lomas Verdes, Naucalpan, Estado De México",170 m² de terreno,2 recámaras,2 baños,https://departamento.mercadolibre.com.mx/MLM-3135077151-departamento-en-preventa-en-lomas-verdes-edificio-pet-friendly-_JM,https://http2.mlstatic.com/D_NQ_NP_2X_949505-MLM114537714127_072026-E.webp,Naucalpan,170.0,2.0,2.0,46941.17647058824
Departamento En Venta En Tecamachalco 3r/3.5b/2e - Balcón - Amenidades - 300m2,12900000,MXN,"Lomas De Tecamachalco, Naucalpan, Estado De México",300 m² construidos,3 recámaras,3 baños,https://departamento.mercadolibre.com.mx/MLM-2996646749-departamento-en-venta-en-tecamachalco-3r35b2e-balcon-amenidades-300m2-_JM,https://http2.mlstatic.com/D_NQ_NP_2X_785773-MLM111883950816_062026-E.webp,Naucalpan,300.0,3.0,3.0,43000.0
Departamento En Venta Five ( Amoblado ),9900000,MXN,"Boulevares, Naucalpan, Estado De México",177 m² construidos,3 recámaras,2 baños,https://departamento.mercadolibre.com.mx/MLM-3065123753-departamento-en-venta-five-amoblado--_JM,https://http2.mlstatic.com/D_NQ_NP_2X_777970-MLM112757953564_062026-E.webp,Naucalpan,177.0,3.0,2.0,55932.20338983051
Fuente De Templanza 16,9500000,MXN,"Lomas De Tecamachalco, Naucalpan, Estado De México",227 m² construidos,3 recámaras,3 baños,https://departamento.mercadolibre.com.mx/MLM-3071267707-fuente-de-templanza-16-_JM,https://http2.mlstatic.com/D_NQ_NP_2X_933217-MLM114008801485_072026-E.webp,Naucalpan,227.0,3.0,3.0,41850.220264317184
Departamento En Venta En Tecamachalco,9000000,MXN,"Lomas De Tecamachalco, Naucalpan, Estado De México",335 m² construidos,3 recámaras,2 baños,https://departamento.mercadolibre.com.mx/MLM-5246121724-departamento-en-venta-en-tecamachalco-_JM,https://http2.mlstatic.com/D_NQ_NP_2X_846700-MLM79978096390_102024-E.webp,Naucalpan,335.0,3.0,2.0,26865.671641791047
Departamento Grande En La Sexta Sección Lomas Verdes,8800000,MXN,"Hermoso Departamento Con Maravillosas Vistas  En La Sexta Sección Lomas Verdes, Naucalpan, Estado De México",266 m² de terreno,3 recámaras,3 baños,https://departamento.mercadolibre.com.mx/MLM-5739007052-departamento-grande-en-la-sexta-seccion-lomas-verdes-_JM,https://http2.mlstatic.com/D_NQ_NP_2X_858403-MLM113452734216_072026-E.webp,Naucalpan,266.0,3.0,3.0,33082.70676691729
"Departamento Con Excelentes Acabados En Fraccionamiento Lomas Del Rio, Bosques De La Herradura, A Pocos Minutos De Polanco, Interlomas, Con Doble Filtro De Seguridad",7200000,MXN,"Av Lomas Del Rio Ote, Bosques De La Herradura, Naucalpan De Juárez, Independencia, Naucalpan, Estado De México",170 m² construidos,3 recámaras,3 baños,https://departamento.mercadolibre.com.mx/MLM-2916681539-departamento-con-excelentes-acabados-en-fraccionamiento-lomas-del-rio-bosques-de-la-herradura-a-pocos-minutos-de-polanco-interlomas-con-doble-filtro-de-seguridad-_JM,https://http2.mlstatic.com/D_NQ_NP_2X_867437-MLM111400574831_052026-E.webp,Naucalpan,170.0,3.0,3.0,42352.94117647059
Venta Depto Cumbres De La Herradura,4700000,MXN,"Ricardo Flores Magón, Naucalpan, Estado De México",97 m² construidos,3 recámaras,2 baños,https://departamento.mercadolibre.com.mx/MLM-5792738040-venta-depto-cumbres-de-la-herradura-_JM,https://http2.mlstatic.com/D_NQ_NP_2X_804504-MLM113735586194_072026-E.webp,Naucalpan,97.0,3.0,2.0,48453.60824742268
Departamento Grande En La Sexta Sección Lomas Verdes,8950000,MXN,"Departamento Grande En La Sexta Sección Lomas Verdes, Naucalpan, Estado De México",266 m² de terreno,3 recámaras,3 baños,https://departamento.mercadolibre.com.mx/MLM-3148478963-departamento-grande-en-la-sexta-seccion-lomas-verdes-_JM,https://http2.mlstatic.com/D_NQ_NP_2X_911966-MLM114716436543_072026-E.webp,Naucalpan,266.0,3.0,3.0,33646.61654135338
Departamento En  Venta 6ta Secc Lomas Verdes - Espectacular Vista,11150000,MXN,"Lomas Verdes 6a Sección, Naucalpan, Estado De México",286 m² construidos,3 recámaras,2 baños,https://departamento.mercadolibre.com.mx/MLM-2734134547-departamento-en-venta-6ta-secc-lomas-verdes-espectacular-vista-_JM,https://http2.mlstatic.com/D_NQ_NP_2X_884392-MLM106145223734_022026-E.webp,Naucalpan,286.0,3.0,2.0,38986.01398601398
Departamento En Bosque De Lomas Verdes Con 3 Recámaras Y Opción A Una Cuarta Recámara,7500000,MXN,"Departamento En Bosque De Lomas Verdes Con 3 Recámaras Y Opción A Una Cuarta Recámara., Naucalpan, Estado De México",196 m² de terreno,3 recámaras,3 baños,https://departamento.mercadolibre.com.mx/MLM-5705903922-departamento-en-bosque-de-lomas-verdes-con-3-recamaras-y-opcion-a-una-cuarta-recamara-_JM,https://http2.mlstatic.com/D_NQ_NP_2X_979378-MLM114500521193_072026-E.webp,Naucalpan,196.0,3.0,3.0,38265.30612244898
Vendo Departamento En Fuentes De Satelite Naucalpn Estado De Mexico,4600000,MXN,"Fuentes De Satelite, Ciudad López Mateos, Fuentes De Satelite, Naucalpan, Estado De México",157 m² construidos,3 recámaras,2 baños,https://departamento.mercadolibre.com.mx/MLM-5803478562-vendo-departamento-en-fuentes-de-satelite-naucalpn-estado-de-mexico-_JM,https://http2.mlstatic.com/D_NQ_NP_2X_674563-MLM113802575468_072026-E.webp,Naucalpan,157.0,3.0,2.0,29299.36305732484
Departamento - Naucalpan De Juárez,9637000,MXN,"Hermoso Departamento Con Terraza En La Sexta Sección De Lomas Verdes, Naucalpan, Estado De México",170 m² construidos,3 recámaras,2 baños,https://departamento.mercadolibre.com.mx/MLM-5715456052-departamento-naucalpan-de-juarez-_JM,https://http2.mlstatic.com/D_NQ_NP_2X_686870-MLM114547990895_072026-E.webp,Naucalpan,170.0,3.0,2.0,56688.23529411765
Hermoso Departamento Con Terraza En La Sexta Sección De Lomas Verdes,8710000,MXN,"Hermoso Departamento Con Terraza En La Sexta Sección De Lomas Verdes, Naucalpan, Estado De México",153 m² de terreno,2 recámaras,2 baños,https://departamento.mercadolibre.com.mx/MLM-5715352030-hermoso-departamento-con-terraza-en-la-sexta-seccion-de-lomas-verdes-_JM,https://http2.mlstatic.com/D_NQ_NP_2X_788134-MLM114547421679_072026-E.webp,Naucalpan,153.0,2.0,2.0,56928.1045751634
Hermoso Departamento En Lomas Verdes Con Terraza.,5840000,MXN,"Lomas Verdes, Estado De Mexico. C.p. 53489, Santa Cruz Acatlan, Naucalpan, Estado De México",96 m² de terreno,2 recámaras,2 baños,https://departamento.mercadolibre.com.mx/MLM-3124384785-hermoso-departamento-en-lomas-verdes-con-terraza-_JM,https://http2.mlstatic.com/D_NQ_NP_2X_845137-MLM114452526003_072026-E.webp,Naucalpan,96.0,2.0,2.0,60833.333333333336
Venta De Departamento En Residencial Lomas Verdes,7280000,MXN,"Lomas Verdes 1a Secc., Naucalpan, Estado De México",149 m² construidos,3 recámaras,2 baños,https://departamento.mercadolibre.com.mx/MLM-4770300956-venta-de-departamento-en-residencial-lomas-verdes-_JM,https://http2.mlstatic.com/D_NQ_NP_2X_733952-MLM107012302191_022026-E.webp,Naucalpan,149.0,3.0,2.0,48859.06040268456
Oportunidad Departamento En La Sexta Sección De Lomas Verdes,8879000,MXN,"Departamento Con Jardin Propio Lomas Verdes Sexta Sección, Naucalpan, Estado De México",202 m² de terreno,2 recámaras,2 baños,https://departamento.mercadolibre.com.mx/MLM-3134798261-oportunidad-departamento-en-la-sexta-seccion-de-lomas-verdes-_JM,https://http2.mlstatic.com/D_NQ_NP_2X_798637-MLM113292897296_072026-E.webp,Naucalpan,202.0,2.0,2.0,43955.44554455446
"Penthouse De Dos Pisos En Venta En Santa Cruz Del Monte, Naucalpan De Juarez, Edomex",4500000,MXN,"SANTA CRUZ DEL RIO 38, Santa Cruz Del Monte, Naucalpan, Estado De México",113 m² construidos,4 recámaras,3 baños,https://departamento.mercadolibre.com.mx/MLM-3067285141-penthouse-de-dos-pisos-en-venta-en-santa-cruz-del-monte-naucalpan-de-juarez-edomex-_JM,https://http2.mlstatic.com/D_NQ_NP_2X_817613-MLM113972199481_062026-E.webp,Naucalpan,113.0,4.0,3.0,39823.008849557526
Departamento En Venta A Unos Min De La Herradura,4300000,MXN,"Camino Arenero, La Herradura, Naucalpan, Estado De México",79 m² de terreno,2 recámaras,2 baños,https://departamento.mercadolibre.com.mx/MLM-3054125533-departamento-en-venta-a-unos-min-de-la-herradura-_JM,https://http2.mlstatic.com/D_NQ_NP_2X_916412-MLM112639692322_062026-E.webp,Naucalpan,79.0,2.0,2.0,54430.379746835446
Departamento En Venta En Tecamachalco,9800000,MXN,"Lomas De Tecamachalco, Naucalpan, Estado De México",307 m² construidos,3 recámaras,3 baños,https://departamento.mercadolibre.com.mx/MLM-4829915852-departamento-en-venta-en-tecamachalco-_JM,https://http2.mlstatic.com/D_NQ_NP_2X_877293-MLM106851529028_022026-E.webp,Naucalpan,307.0,3.0,3.0,31921.82410423453
Departamento Grande En La Sexta Sección Lomas Verdes,10000000,MXN,"Departamento Grande En La Sexta Sección Lomas Verdes, Naucalpan, Estado De México",285 m² de terreno,3 recámaras,3 baños,https://departamento.mercadolibre.com.mx/MLM-5739008554-departamento-grande-en-la-sexta-seccion-lomas-verdes-_JM,https://http2.mlstatic.com/D_NQ_NP_2X_982034-MLM113453273420_072026-E.webp,Naucalpan,285.0,3.0,3.0,35087.71929824561
Departamento En Venta En Lomas Verdes,4385000,MXN,"Lomas Verdes 5a Sección (La Concordia), Naucalpan, Estado De México",130 m² construidos,3 recámaras,2 baños,https://departamento.mercadolibre.com.mx/MLM-2924969025-departamento-en-venta-en-lomas-verdes-_JM,https://http2.mlstatic.com/D_NQ_NP_2X_726338-MLM111580048647_052026-E.webp,Naucalpan,130.0,3.0,2.0,33730.769230769234
Bilú Departamento En Venta Bosque Real,10000000,MXN,"Bosque Real Country Club, Naucalpan De Juárez, Naucalpan, Estado De México",150 m² construidos,2 recámaras,2 baños,https://departamento.mercadolibre.com.mx/MLM-4972238032-bilu-departamento-en-venta-bosque-real-_JM,https://http2.mlstatic.com/D_NQ_NP_2X_913665-MLM85794365828_062025-E.webp,Naucalpan,150.0,2.0,2.0,66666.66666666667
"Departamento En Venta En Lomas De Tecamachalco, Naucalpan De Juárez 25-3496 Mm",8000000,MXN,"Departamento En Venta En Lomas De Tecamachalco, Naucalpan De Juárez 25-3496 MM, Lomas De Tecamachalco, Naucalpan, Estado De México",150 m² construidos,2 recámaras,3 baños,https://departamento.mercadolibre.com.mx/MLM-5475225474-departamento-en-venta-en-lomas-de-tecamachalco-naucalpan-de-juarez-25-3496-mm-_JM,https://http2.mlstatic.com/D_NQ_NP_2X_628215-MLM112957857587_062026-E.webp,Naucalpan,150.0,2.0,3.0,53333.333333333336
Venta De Departamento En Venta Tecamachalco Ct860,8500000,MXN,"Lomas De Tecamachalco, Naucalpan, Estado De México",300 m² construidos,3 recámaras,3 baños,https://departamento.mercadolibre.com.mx/MLM-2896930253-venta-de-departamento-en-venta-tecamachalco-ct860-_JM,https://http2.mlstatic.com/D_NQ_NP_2X_992840-MLM110083413592_042026-E.webp,Naucalpan,300.0,3.0,3.0,28333.333333333332
Venta Departamento Alta Vitta Lomas Verdes Naucalpan 11277,7500000,MXN,"11277 Anillo Interior Lomas Verdes  Alta Vitta 275 A 1103, Lomas Verdes 6a Sección, Naucalpan, Estado De México",180 m² construidos,3 recámaras,3 baños,https://departamento.mercadolibre.com.mx/MLM-3096577661-venta-departamento-alta-vitta-lomas-verdes-naucalpan-11277-_JM,https://http2.mlstatic.com/D_NQ_NP_2X_962832-MLM113034765188_072026-E.webp,Naucalpan,180.0,3.0,3.0,41666.666666666664
"Departamento En Venta En Naucalpan De Juárez,lomas Verdes Primera Sección Gis 26-578",15436200,MXN,"Departamento En Venta En Naucalpan De Juárez,	Lomas Verdes Primera Sección GIS 26-578, Naucalpan, Estado De México",306 m² construidos,4 recámaras,4 baños,https://departamento.mercadolibre.com.mx/MLM-3160155191-departamento-en-venta-en-naucalpan-de-juarezlomas-verdes-primera-seccion-gis-26-578-_JM,https://http2.mlstatic.com/D_NQ_NP_2X_820744-MLM113572970362_072026-E.webp,Naucalpan,306.0,4.0,4.0,50445.098039215685
"Departamento Venta Torre Manhattan, Lomas De Tecamachalco, Rdv566467",11500000,MXN,"Lomas De Tecamachalco, Naucalpan, Estado De México",290 m² construidos,3 recámaras,2 baños,https://departamento.mercadolibre.com.mx/MLM-5171497576-departamento-venta-torre-manhattan-lomas-de-tecamachalco-rdv566467-_JM,https://http2.mlstatic.com/D_NQ_NP_2X_738440-MLM96081545645_102025-E.webp,Naucalpan,290.0,3.0,2.0,39655.1724137931
"Departamento En Venta En Lomas De Tecamachalco, Naucalpan De Juárez, México",12900000,MXN,"Lomas De Tecamachalco Sn, Lomas De Tecamachalco, Naucalpan, Estado De México",263 m² construidos,3 recámaras,3 baños,https://departamento.mercadolibre.com.mx/MLM-5264986286-departamento-en-venta-en-lomas-de-tecamachalco-naucalpan-de-juarez-mexico-_JM,https://http2.mlstatic.com/D_NQ_NP_2X_702134-MLM111052094653_042026-E.webp,Naucalpan,263.0,3.0,3.0,49049.42965779467
Departamento Remodelado En Venta En Tecamachalco,7500000,MXN,"Avenida DE LAS Fuentes, Lomas De Tecamachalco, Naucalpan, Estado De México",228 m² construidos,3 recámaras,3 baños,https://departamento.mercadolibre.com.mx/MLM-4769094898-departamento-remodelado-en-venta-en-tecamachalco-_JM,https://http2.mlstatic.com/D_NQ_NP_2X_653827-MLM106955216267_022026-E.webp,Naucalpan,228.0,3.0,3.0,32894.73684210526
Departamento Venta Bosques De Las Lomas,17300000,MXN,"Lomas De Tecamachalco, Naucalpan, Estado De México",285 m² construidos,3 recámaras,3 baños,https://departamento.mercadolibre.com.mx/MLM-5407006508-departamento-venta-bosques-de-las-lomas-_JM,https://http2.mlstatic.com/D_NQ_NP_2X_985816-MLM112266701077_052026-E.webp,Naucalpan,285.0,3.0,3.0,60701.754385964916
Departamentos Desde 290 M² En Preventa En Interlomas,10700000,MXN,"Av. Vista Real, Country Club, Naucalpan, Estado De México",290 m² construidos,3 recámaras,3 baños,https://departamento.mercadolibre.com.mx/MLM-3215283935-departamentos-desde-290-m-en-preventa-en-interlomas-_JM,https://http2.mlstatic.com/D_NQ_NP_2X_602518-MLM115303051627_072026-E.webp,Naucalpan,290.0,3.0,3.0,36896.55172413793
Departamento Desde 317 M² Con Balcón En Interlomas | Preventa,10800000,MXN,"Av. Vista Real, Country Club, Naucalpan, Estado De México",317 m² construidos,3 recámaras,3 baños,https://departamento.mercadolibre.com.mx/MLM-3215283923-departamento-desde-317-m-con-balcon-en-interlomas-preventa-_JM,https://http2.mlstatic.com/D_NQ_NP_2X_641163-MLM115303031559_072026-E.webp,Naucalpan,317.0,3.0,3.0,34069.400630914824
Departamento 288 M² En Preventa Interlomas,10400000,MXN,"Av. Vista Real, Country Club, Naucalpan, Estado De México",288 m² construidos,3 recámaras,3 baños,https://departamento.mercadolibre.com.mx/MLM-3215258599-departamento-288-m-en-preventa-interlomas-_JM,https://http2.mlstatic.com/D_NQ_NP_2X_745800-MLM115303030799_072026-E.webp,Naucalpan,288.0,3.0,3.0,36111.11111111111
Departamento Amplio 309 M² En Interlomas,10600000,MXN,"Av. Vista Real, Country Club, Naucalpan, Estado De México",309 m² construidos,3 recámaras,3 baños,https://departamento.mercadolibre.com.mx/MLM-3215283899-departamento-amplio-309-m-en-interlomas-_JM,https://http2.mlstatic.com/D_NQ_NP_2X_735903-MLM113987291708_072026-E.webp,Naucalpan,309.0,3.0,3.0,34304.2071197411
"Dra Departamento En Venta En Lomas Del Río, Naucalpan De Juárez",6250000,MXN,"Lomas Del Río, Naucalpan, Estado De México",160 m² construidos,2 recámaras,2 baños,https://departamento.mercadolibre.com.mx/MLM-3202155671-dra-departamento-en-venta-en-lomas-del-rio-naucalpan-de-juarez-_JM,https://http2.mlstatic.com/D_NQ_NP_2X_891506-MLM113905592618_072026-E.webp,Naucalpan,160.0,2.0,2.0,39062.5
Departamento En  Venta En Bosque Real,8990000,MXN,"Departamento En Venta Y/o Renta En Bosque Real, Naucalpan, Estado De México",244 m² de terreno,3 recámaras,2 baños,https://departamento.mercadolibre.com.mx/MLM-5627665996-departamento-en-venta-en-bosque-real-_JM,https://http2.mlstatic.com/D_NQ_NP_2X_753920-MLM114086588095_072026-E.webp,Naucalpan,244.0,3.0,2.0,36844.262295081964
Departamento Venta Tecamachalco,10500000,MXN,"Lomas De Tecamachalco, Naucalpan, Estado De México",330 m² construidos,3 recámaras,4 baños,https://departamento.mercadolibre.com.mx/MLM-2907537451-departamento-venta-tecamachalco-_JM,https://http2.mlstatic.com/D_NQ_NP_2X_874630-MLM114613152557_072026-E.webp,Naucalpan,330.0,3.0,4.0,31818.18181818182
"Departamento En Venta / Renta Fuente De Las Pirámides, Rdv679169, Rdr679171",12425000,MXN,"Lomas De Tecamachalco, Naucalpan, Estado De México",199 m² construidos,2 recámaras,3 baños,https://departamento.mercadolibre.com.mx/MLM-5438894158-departamento-en-venta-renta-fuente-de-las-piramides-rdv679169-rdr679171-_JM,https://http2.mlstatic.com/D_NQ_NP_2X_671706-MLM112589161439_062026-E.webp,Naucalpan,199.0,2.0,3.0,62437.18592964824
"Departamento En Venta Zereniti Residencial, Huixquilucan.",15600000,MXN,"Country Club, Naucalpan, Estado De México",305 m² construidos,3 recámaras,3 baños,https://departamento.mercadolibre.com.mx/MLM-5694957304-departamento-en-venta-zereniti-residencial-huixquilucan-_JM,https://http2.mlstatic.com/D_NQ_NP_2X_846768-MLM115528164027_082026-E.webp,Naucalpan,305.0,3.0,3.0,51147.54098360656
"Departamento En Ventaen Lomas Verdes 4a Sección, Concordia, Listo Para Usarse.",2475000,MXN,"Av. Lomas Verdes, Lomas Verdes, Naucalpan, Estado De México",61 m² construidos,2 recámaras,1 baño,https://departamento.mercadolibre.com.mx/MLM-3215264547-departamento-en-ventaen-lomas-verdes-4a-seccion-concordia-listo-para-usarse-_JM,https://http2.mlstatic.com/D_NQ_NP_2X_774907-MLM113988087044_072026-E.webp,Naucalpan,61.0,2.0,1.0,40573.770491803276
Venta Departamento Av Santa Fe Balcón Perimetral Con Vista A La Mexicana,10420000,MXN,"LOMAS DE TECAMACHALCO S/N, Lomas De Tecamachalco, Naucalpan, Estado De México",360 m² construidos,3 recámaras,4 baños,https://departamento.mercadolibre.com.mx/MLM-2745110043-venta-departamento-av-santa-fe-balcon-perimetral-con-vista-a-la-mexicana-_JM,https://http2.mlstatic.com/D_NQ_NP_2X_720021-MLM107375687845_022026-E.webp,Naucalpan,360.0,3.0,4.0,28944.444444444445
Departamento En San Lucas Tepetlacalco,5450000,MXN,"San Lucas Tepetlacalco, San Lucas Tepetlacalco, Naucalpan, Estado De México",132 m² de terreno,2 recámaras,1 baño,https://departamento.mercadolibre.com.mx/MLM-2906235687-departamento-en-san-lucas-tepetlacalco-_JM,https://http2.mlstatic.com/D_NQ_NP_2X_893362-MLM110247273484_052026-E.webp,Naucalpan,132.0,2.0,1.0,41287.878787878784
"Departamento Venta,  Residencial Altezza , Col. Alce Blanco",5310000,MXN,"Industrial Alce Blanco, Naucalpan, Estado De México",100 m² construidos,3 recámaras,2 baños,https://departamento.mercadolibre.com.mx/MLM-5030310796-departamento-venta-residencial-altezza-col-alce-blanco-_JM,https://http2.mlstatic.com/D_NQ_NP_2X_763891-MLM108966047803_032026-E.webp,Naucalpan,100.0,3.0,2.0,53100.0
Venta Departamento Av Lomas Verdes Naucalpan,7900001,MXN,"Lomas Verdes (Conjunto Lomas Verdes), Naucalpan, Estado De México",180 m² construidos,3 recámaras,2 baños,https://departamento.mercadolibre.com.mx/MLM-3144136565-venta-departamento-av-lomas-verdes-naucalpan-_JM,https://http2.mlstatic.com/D_NQ_NP_2X_611818-MLM113399416816_072026-E.webp,Naucalpan,180.0,3.0,2.0,43888.89444444444
"Departamento En Preventa En Santa Cruz Del Monte, Naucalpan De Juárez",4500000,MXN,"Santa Cruz Del Monte, Naucalpan, Estado De México",100 m² construidos,2 recámaras,2 baños,https://departamento.mercadolibre.com.mx/MLM-3058401553-departamento-en-preventa-en-santa-cruz-del-monte-naucalpan-de-juarez-_JM,https://http2.mlstatic.com/D_NQ_NP_2X_728330-MLM114604953809_072026-E.webp,Naucalpan,100.0,2.0,2.0,45000.0
Departamento En Venta O Renta Lomas De Tecamachalco,20100000,MXN,"DEPARTAMENTO EN VENTA O RENTA LOMAS DE TECAMACHALCO S/N, Lomas De Tecamachalco, Naucalpan, Estado De México",308 m² construidos,3 recámaras,4 baños,https://departamento.mercadolibre.com.mx/MLM-2745019269-departamento-en-venta-o-renta-lomas-de-tecamachalco-_JM,https://http2.mlstatic.com/D_NQ_NP_2X_935575-MLM107375671479_022026-E.webp,Naucalpan,308.0,3.0,4.0,65259.74025974026
Departamento En Venta En Lomas Verdes 5a Sección,2390000,MXN,"VOLADOR, Lomas Verdes 5a Sección (La Concordia), Naucalpan, Estado De México",76 m² construidos,3 recámaras,1 baño,https://departamento.mercadolibre.com.mx/MLM-5844269122-departamento-en-venta-en-lomas-verdes-5a-seccion-_JM,https://http2.mlstatic.com/D_NQ_NP_2X_738032-MLM113989000578_072026-E.webp,Naucalpan,76.0,3.0,1.0,31447.36842105263
"Departamento En Lomas De Tecamachalco, Naucalpan De Juarez",8650000,MXN,"Lomas De Tecamachalco, Naucalpan, Estado De México",140 m² construidos,2 recámaras,1 baño,https://departamento.mercadolibre.com.mx/MLM-4703109362-departamento-en-lomas-de-tecamachalco-naucalpan-de-juarez-_JM,https://http2.mlstatic.com/D_NQ_NP_2X_920618-MLM105118695674_012026-E.webp,Naucalpan,140.0,2.0,1.0,61785.71428571428
"Departamento En Venta En Lomas De Tecamachalco, Naucalpan De Juarez Gis 26-2195",8000000,MXN,"Departamento En Venta En Lomas De Tecamachalco, Naucalpan De Juarez GIS 26-2195, Lomas De Tecamachalco, Naucalpan, Estado De México",198 m² construidos,3 recámaras,3 baños,https://departamento.mercadolibre.com.mx/MLM-5757111602-departamento-en-venta-en-lomas-de-tecamachalco-naucalpan-de-juarez-gis-26-2195-_JM,https://http2.mlstatic.com/D_NQ_NP_2X_677211-MLM113572977400_072026-E.webp,Naucalpan,198.0,3.0,3.0,40404.0404040404
Departamento En Lomas De Tecamachalco,9900000,MXN,"Lomas De Tecamachalco, Naucalpan, Estado De México",241 m² construidos,3 recámaras,3 baños,https://departamento.mercadolibre.com.mx/MLM-5406832316-departamento-en-lomas-de-tecamachalco-_JM,https://http2.mlstatic.com/D_NQ_NP_2X_806903-MLM111243795246_052026-E.webp,Naucalpan,241.0,3.0,3.0,41078.83817427386
Venta Departamento Tipo Penthouse Roofgarden Privado 3 Recamaras,17900000,MXN,"Lomas De Tecamachalco S/N, Lomas De Tecamachalco, Naucalpan, Estado De México",330 m² construidos,3 recámaras,3 baños,https://departamento.mercadolibre.com.mx/MLM-2745019427-venta-departamento-tipo-penthouse-roofgarden-privado-3-recamaras-_JM,https://http2.mlstatic.com/D_NQ_NP_2X_684242-MLM107375664437_022026-E.webp,Naucalpan,330.0,3.0,3.0,54242.42424242424
"Preventa Departamentos En Lomas Verdes, Naucalpan",5200000,MXN,"Lomas Verdes (Conjunto Lomas Verdes), Naucalpan, Estado De México",64 m² construidos,2 recámaras,2 baños,https://departamento.mercadolibre.com.mx/MLM-2806877565-preventa-departamentos-en-lomas-verdes-naucalpan-_JM,https://http2.mlstatic.com/D_NQ_NP_2X_729678-MLM93564000052_102025-E.webp,Naucalpan,64.0,2.0,2.0,81250.0
"Departamento En Venta En Las Américas, Naucalpan De Juárez 24-2791 Mm",6715310,MXN,"Departamento En Venta En Las Américas, Naucalpan De Juárez 24-2791 MM, Naucalpan, Estado De México",284 m² construidos,3 recámaras,3 baños,https://departamento.mercadolibre.com.mx/MLM-5475225470-departamento-en-venta-en-las-americas-naucalpan-de-juarez-24-2791-mm-_JM,https://http2.mlstatic.com/D_NQ_NP_2X_694519-MLM112957857095_062026-E.webp,Naucalpan,284.0,3.0,3.0,23645.457746478874
"Departamento En Venta En Naucalpan, Estado De Mex. Soslo  A Cinco Min De Metro Toreo )",2290000,MXN,"Av. Minas Palacio, Los Cuartos, Naucalpan, Estado De México",59 m² construidos,2 recámaras,1 baño,https://departamento.mercadolibre.com.mx/MLM-5844254098-departamento-en-venta-en-naucalpan-estado-de-mex-soslo-a-cinco-min-de-metro-toreo--_JM,https://http2.mlstatic.com/D_NQ_NP_2X_906386-MLM115304527661_072026-E.webp,Naucalpan,59.0,2.0,1.0,38813.5593220339
"Departamento En Venta Fuente De Pisa, Lomas De Tecamachalco, Rdv668330",14790000,MXN,"Lomas De Tecamachalco, Naucalpan, Estado De México",383 m² construidos,3 recámaras,3 baños,https://departamento.mercadolibre.com.mx/MLM-2746154185-departamento-en-venta-fuente-de-pisa-lomas-de-tecamachalco-rdv668330-_JM,https://http2.mlstatic.com/D_NQ_NP_2X_923037-MLM107426818371_022026-E.webp,Naucalpan,383.0,3.0,3.0,38616.187989556136
"Departamento En Pre-venta Con Seguridad En Santa Cruz Del Monte, Naucalpan",5250000,MXN,"Santa Cruz Del Monte, Naucalpan, Estado De México",111 m² construidos,3 recámaras,2 baños,https://departamento.mercadolibre.com.mx/MLM-3058414581-departamento-en-pre-venta-con-seguridad-en-santa-cruz-del-monte-naucalpan-_JM,https://http2.mlstatic.com/D_NQ_NP_2X_829230-MLM114604954133_072026-E.webp,Naucalpan,111.0,3.0,2.0,47297.2972972973
Departamento En  Venta Naucalpan De Juarez - Las Américas 24-2792 Jas,6715310,MXN,"Naucalpan De Juarez - Las Américas, Naucalpan, Estado De México",145 m² construidos,3 recámaras,3 baños,https://departamento.mercadolibre.com.mx/MLM-5675689782-departamento-en-venta-naucalpan-de-juarez-las-americas-24-2792-jas-_JM,https://http2.mlstatic.com/D_NQ_NP_2X_639572-MLM114340707477_072026-E.webp,Naucalpan,145.0,3.0,3.0,46312.48275862069
"Departamento En Venta En Lomas De Tecamachalco, Naucalpan De Juárez 26-2195 Mm",8000000,MXN,"Departamento En Venta En Lomas De Tecamachalco, Naucalpan De Juárez 26-2195 MM, Lomas De Tecamachalco, Naucalpan, Estado De México",198 m² construidos,3 recámaras,3 baños,https://departamento.mercadolibre.com.mx/MLM-5475264218-departamento-en-venta-en-lomas-de-tecamachalco-naucalpan-de-juarez-26-2195-mm-_JM,https://http2.mlstatic.com/D_NQ_NP_2X_747509-MLM112957858537_062026-E.webp,Naucalpan,198.0,3.0,3.0,40404.0404040404
"Departamento En Venta Fuente De Platerías, Lomas De Tecamachalco, Rdv668342",14099000,MXN,"Lomas De Tecamachalco, Naucalpan, Estado De México",383 m² construidos,3 recámaras,3 baños,https://departamento.mercadolibre.com.mx/MLM-2746141043-departamento-en-venta-fuente-de-platerias-lomas-de-tecamachalco-rdv668342-_JM,https://http2.mlstatic.com/D_NQ_NP_2X_989089-MLM106757639912_022026-E.webp,Naucalpan,383.0,3.0,3.0,36812.01044386423
"Venta De Departamento En Tecamachalco, Naucalpan De Juarez Ct839",6500000,MXN,"Lomas De Tecamachalco, Naucalpan, Estado De México",140 m² construidos,3 recámaras,2 baños,https://departamento.mercadolibre.com.mx/MLM-2794882137-venta-de-departamento-en-tecamachalco-naucalpan-de-juarez-ct839-_JM,https://http2.mlstatic.com/D_NQ_NP_2X_922584-MLM108881450571_032026-E.webp,Naucalpan,140.0,3.0,2.0,46428.57142857143
"Departamento En Venta En Tecamachalco, Fuente De Diana",12900000,MXN,"Lomas De Tecamachalco, Naucalpan, Estado De México",300 m² construidos,3 recámaras,3 baños,https://departamento.mercadolibre.com.mx/MLM-5303992070-departamento-en-venta-en-tecamachalco-fuente-de-diana-_JM,https://http2.mlstatic.com/D_NQ_NP_2X_759708-MLM111347981749_052026-E.webp,Naucalpan,300.0,3.0,3.0,43000.0
Departamento En Venta En Lomas De Tecamachalco,7300000,MXN,"Lomas De Tecamachalco, Naucalpan, Estado De México",175 m² construidos,3 recámaras,2 baños,https://departamento.mercadolibre.com.mx/MLM-3076071323-departamento-en-venta-en-lomas-de-tecamachalco-_JM,https://http2.mlstatic.com/D_NQ_NP_2X_951959-MLM114059156411_072026-E.webp,Naucalpan,175.0,3.0,2.0,41714.28571428572
"Ultimos Dos Departamentos En Venta Con Terraza En Fuente De Las Aguilas, Lomas De Tecamachalco!!!",16485000,MXN,"Ultimos DOS Departamentos EN Venta CON Terraza EN Fuente DE LAS Aguilas, Lomas DE Tecamachalco!, Lomas De Tecamachalco, Naucalpan, Estado De México",321 m² de terreno,3 recámaras,3 baños,https://departamento.mercadolibre.com.mx/MLM-3168519047-ultimos-dos-departamentos-en-venta-con-terraza-en-fuente-de-las-aguilas-lomas-de-tecamachalco-_JM,https://http2.mlstatic.com/D_NQ_NP_2X_823771-MLM114921834363_072026-E.webp,Naucalpan,321.0,3.0,3.0,51355.14018691589
"Departamento En Venta, Lomas De Tecamachalco",8500000,MXN,"FUENTE DE LA JUVENTUD, Lomas De Tecamachalco, Naucalpan, Estado De México",208 m² construidos,3 recámaras,3 baños,https://departamento.mercadolibre.com.mx/MLM-5844252992-departamento-en-venta-lomas-de-tecamachalco-_JM,https://http2.mlstatic.com/D_NQ_NP_2X_661920-MLM115304460755_072026-E.webp,Naucalpan,208.0,3.0,3.0,40865.38461538462
Departamento En Venta En Tecamachalco,13785000,MXN,"Fuente De Apolo, Lomas De Tecamachalco, Naucalpan, Estado De México",246 m² construidos,3 recámaras,3 baños,https://departamento.mercadolibre.com.mx/MLM-5844260192-departamento-en-venta-en-tecamachalco-_JM,https://http2.mlstatic.com/D_NQ_NP_2X_798810-MLM115303967657_072026-E.webp,Naucalpan,246.0,3.0,3.0,56036.58536585366
"Preventa De Departamentos En Lomas De Tecamachalco, Naucualpan!!!",15500000,MXN,"Preventa DE Departamentos EN Lomas DE Tecamachalco, Fuente DE Diana, Naucualpan!!, Lomas De Tecamachalco, Naucalpan, Estado De México",367 m² de terreno,4 recámaras,4 baños,https://departamento.mercadolibre.com.mx/MLM-5759410646-preventa-de-departamentos-en-lomas-de-tecamachalco-naucualpan-_JM,https://http2.mlstatic.com/D_NQ_NP_2X_714213-MLM113591123784_072026-E.webp,Naucalpan,367.0,4.0,4.0,42234.33242506812
"Departamento En Venta En Fuente De Pirámides, Tecamachalco Ct856",8300000,MXN,"Lomas De Tecamachalco, Naucalpan, Estado De México",198 m² construidos,3 recámaras,3 baños,https://departamento.mercadolibre.com.mx/MLM-2867527873-departamento-en-venta-en-fuente-de-piramides-tecamachalco-ct856-_JM,https://http2.mlstatic.com/D_NQ_NP_2X_674643-MLM110476487521_042026-E.webp,Naucalpan,198.0,3.0,3.0,41919.19191919192
Venta De Departamento En Tecamachalco,12889000,MXN,"Lomas De Tecamachalco, Naucalpan, Estado De México",372 m² construidos,3 recámaras,3 baños,https://departamento.mercadolibre.com.mx/MLM-5406946126-venta-de-departamento-en-tecamachalco-_JM,https://http2.mlstatic.com/D_NQ_NP_2X_612390-MLM112266689641_052026-E.webp,Naucalpan,372.0,3.0,3.0,34647.84946236559
Departamento En Venta En Lomas De Tecamachalco,14470000,MXN,"Lomas De Tecamachalco S/N, Lomas De Tecamachalco, Naucalpan, Estado De México",400 m² construidos,3 recámaras,3 baños,https://departamento.mercadolibre.com.mx/MLM-2745019349-departamento-en-venta-en-lomas-de-tecamachalco-_JM,https://http2.mlstatic.com/D_NQ_NP_2X_802467-MLM107375680835_022026-E.webp,Naucalpan,400.0,3.0,3.0,36175.0
Venta De Departamento En Tecamachalco Ct870,4500000,MXN,"Lomas De Tecamachalco, Naucalpan, Estado De México",120 m² construidos,2 recámaras,1 baño,https://departamento.mercadolibre.com.mx/MLM-5287873854-venta-de-departamento-en-tecamachalco-ct870-_JM,https://http2.mlstatic.com/D_NQ_NP_2X_629579-MLM110272873938_052026-E.webp,Naucalpan,120.0,2.0,1.0,37500.0
Preventa Departamentos En Lomas De Tecamachalco,13199000,MXN,"Lomas De Tecamachalco, Naucalpan, Estado De México",252 m² construidos,3 recámaras,3 baños,https://departamento.mercadolibre.com.mx/MLM-5407005886-preventa-departamentos-en-lomas-de-tecamachalco-_JM,https://http2.mlstatic.com/D_NQ_NP_2X_999332-MLM111243981590_052026-E.webp,Naucalpan,252.0,3.0,3.0,52376.98412698413
Departamento En Venta Lomas De Tecamachalco  Ultimo,11800000,MXN,"Lomas De Tecamachalco, Naucalpan, Estado De México",260 m² construidos,3 recámaras,3 baños,https://departamento.mercadolibre.com.mx/MLM-5407005472-departamento-en-venta-lomas-de-tecamachalco-ultimo-_JM,https://http2.mlstatic.com/D_NQ_NP_2X_736813-MLM111243823250_052026-E.webp,Naucalpan,260.0,3.0,3.0,45384.61538461538
"Departamento En Pre Venta En Mercurio, Lomas De Tecamachalco",13128450,MXN,"Fuente DE Mercurio 3 Lomas DE Tecamachalco, Lomas De Tecamachalco, Naucalpan, Estado De México",348 m² de terreno,3 recámaras,3 baños,https://departamento.mercadolibre.com.mx/MLM-5063904228-departamento-en-pre-venta-en-mercurio-lomas-de-tecamachalco-_JM,https://http2.mlstatic.com/D_NQ_NP_2X_644009-MLM108565009594_032026-E.webp,Naucalpan,348.0,3.0,3.0,37725.43103448276
"Departamento Pre-venta, Col. Lomas De Tecamachalco",11200000,MXN,"Lomas De Tecamachalco, Naucalpan, Estado De México",297 m² construidos,3 recámaras,3 baños,https://departamento.mercadolibre.com.mx/MLM-5791382204-departamento-pre-venta-col-lomas-de-tecamachalco-_JM,https://http2.mlstatic.com/D_NQ_NP_2X_786717-MLM115019255909_072026-E.webp,Naucalpan,297.0,3.0,3.0,37710.43771043771
"Venta Departamento, Bosques De Lomas Verdes, Amenidades, Vigilancia.",8000000,MXN,"Lomas Verdes 4a Secc., Naucalpan, Estado De México",175 m² construidos,3 recámaras,2 baños,https://departamento.mercadolibre.com.mx/MLM-5091422184-venta-departamento-bosques-de-lomas-verdes-amenidades-vigilancia-_JM,https://http2.mlstatic.com/D_NQ_NP_2X_600160-MLM94454298392_102025-E.webp,Naucalpan,175.0,3.0,2.0,45714.28571428572
"Departamento En Venta En San Juan Totoltepec, Naucalpan De Juárez",4000000,MXN,"San Juan Totoltepec, Naucalpan, Estado De México",190 m² construidos,3 recámaras,2 baños,https://departamento.mercadolibre.com.mx/MLM-5541000880-departamento-en-venta-en-san-juan-totoltepec-naucalpan-de-juarez-_JM,https://http2.mlstatic.com/D_NQ_NP_2X_814748-MLM113401673300_072026-E.webp,Naucalpan,190.0,3.0,2.0,21052.63157894737
Preventa Departamentos Con Amenidades,5800000,MXN,"Santa Cruz Del Monte, Naucalpan, Estado De México",111 m² construidos,3 recámaras,2 baños,https://departamento.mercadolibre.com.mx/MLM-5441726454-preventa-departamentos-con-amenidades-_JM,https://http2.mlstatic.com/D_NQ_NP_2X_670023-MLM112613477651_062026-E.webp,Naucalpan,111.0,3.0,2.0,52252.252252252256
"Lomas De Tecamachalco,  Departamentos En Venta,rdv544692",12850000,MXN,"Lomas De Tecamachalco, Naucalpan, Estado De México",246 m² construidos,3 recámaras,3 baños,https://departamento.mercadolibre.com.mx/MLM-5171430386-lomas-de-tecamachalco-departamentos-en-ventardv544692-_JM,https://http2.mlstatic.com/D_NQ_NP_2X_600325-MLM95640122638_102025-E.webp,Naucalpan,246.0,3.0,3.0,52235.772357723574
"Departamentos En Preventa En San Mateo, Naucalpan De Juárez",5000000,MXN,"Santa Cruz Acatlan, Naucalpan, Estado De México",107 m² construidos,3 recámaras,3 baños,https://departamento.mercadolibre.com.mx/MLM-5594244194-departamentos-en-preventa-en-san-mateo-naucalpan-de-juarez-_JM,https://http2.mlstatic.com/D_NQ_NP_2X_652109-MLM113356269462_072026-E.webp,Naucalpan,107.0,3.0,3.0,46728.97196261682
"Departamento En Venta En Lomas Del Rio,, Naucalan De Juarez, Con Terraza Impresionante!!!!",10500000,MXN,"Emilio G Baz, Avenida DE Minas, Naucalpan DE Juarez, Mexico 59, Naucalpan, Estado De México",264 m² de terreno,3 recámaras,2 baños,https://departamento.mercadolibre.com.mx/MLM-5064042758-departamento-en-venta-en-lomas-del-rio-naucalan-de-juarez-con-terraza-impresionante-_JM,https://http2.mlstatic.com/D_NQ_NP_2X_818681-MLM109368940483_032026-E.webp,Naucalpan,264.0,3.0,2.0,39772.72727272727
"Departamentos En Venta En Fuente De Las Aguilas, Entrega Inmediata!!!",15730000,MXN,"Departamentos EN Venta Entrega Inmediata,  Root 162, EN Fuente DE LAS Aguilas, Colonia Lomas DE Tecamachalco, Naucalpan DE Juarez,,estado DE Mexico, Lomas De Tecamachalco, Naucalpan, Estado De México",296 m² de terreno,3 recámaras,3 baños,https://departamento.mercadolibre.com.mx/MLM-5731169818-departamentos-en-venta-en-fuente-de-las-aguilas-entrega-inmediata-_JM,https://http2.mlstatic.com/D_NQ_NP_2X_910742-MLM113404931700_072026-E.webp,Naucalpan,296.0,3.0,3.0,53141.89189189189
Departamentos Preventa Lomas De Tecamachalco,9900000,MXN,"Lomas De Tecamachalco, Naucalpan, Estado De México",186 m² construidos,3 recámaras,3 baños,https://departamento.mercadolibre.com.mx/MLM-5406910066-departamentos-preventa-lomas-de-tecamachalco-_JM,https://http2.mlstatic.com/D_NQ_NP_2X_643469-MLM112266734715_052026-E.webp,Naucalpan,186.0,3.0,3.0,53225.8064516129
Departamento En Venta En Lomas De Tecamachalco,6300500,MXN,"Fuente De Los Leones, Lomas De Tecamachalco, Naucalpan, Estado De México",107 m² construidos,3 recámaras,3 baños,https://departamento.mercadolibre.com.mx/MLM-5844279654-departamento-en-venta-en-lomas-de-tecamachalco-_JM,https://http2.mlstatic.com/D_NQ_NP_2X_604702-MLM115304527381_072026-E.webp,Naucalpan,107.0,3.0,3.0,58883.17757009346
Departamento En Venta En Tecamachalco En Ciudad De México,8500000,MXN,"Sin Calle, Reforma Social (Lomas De San Isidro), Naucalpan, Estado De México",236 m² construidos,2 recámaras,2 baños,https://departamento.mercadolibre.com.mx/MLM-5657646086-departamento-en-venta-en-tecamachalco-en-ciudad-de-mexico-_JM,https://http2.mlstatic.com/D_NQ_NP_2X_666719-MLM114259111411_072026-E.webp,Naucalpan,236.0,2.0,2.0,36016.94915254237
Residencial Vivenzza Grand Amplio Departamento Doble Vigilancia,4895000,MXN,"José María Luis Mora MZ 1 - 300, Naucalpan De Juárez, Lomas Verdes 6a Sección, Naucalpan, Estado De México",95 m² construidos,2 recámaras,2 baños,https://departamento.mercadolibre.com.mx/MLM-2839559973-residencial-vivenzza-grand-amplio-departamento-doble-vigilancia-_JM,https://http2.mlstatic.com/D_NQ_NP_2X_989089-MLM109983775577_042026-E.webp,Naucalpan,95.0,2.0,2.0,51526.31578947369
Amplio Departamento En Venta En La 5ta Sección De Lomas Verdes,3250000,MXN,"Lomas Verdes 5a Sección (La Concordia), Naucalpan, Estado De México",90 m² construidos,3 recámaras,2 baños,https://departamento.mercadolibre.com.mx/MLM-2981206279-amplio-departamento-en-venta-en-la-5ta-seccion-de-lomas-verdes-_JM,https://http2.mlstatic.com/D_NQ_NP_2X_698948-MLM111658600690_062026-E.webp,Naucalpan,90.0,3.0,2.0,36111.11111111111
Departamento 120m2 De 2 Recamaras En Lomas Verdes Cristobal Colon,3600000,MXN,"Lomas Verdes 3a Secc., Naucalpan, Estado De México",120 m² construidos,2 recámaras,2 baños,https://departamento.mercadolibre.com.mx/MLM-5656196872-departamento-120m2-de-2-recamaras-en-lomas-verdes-cristobal-colon-_JM,https://http2.mlstatic.com/D_NQ_NP_2X_760731-MLM113032684312_072026-E.webp,Naucalpan,120.0,2.0,2.0,30000.0
Preventa En Lomas De Tecamachalco,13954231,MXN,"Lomas De Tecamachalco, Naucalpan, Estado De México",342 m² construidos,3 recámaras,3 baños,https://departamento.mercadolibre.com.mx/MLM-5406833072-preventa-en-lomas-de-tecamachalco-_JM,https://http2.mlstatic.com/D_NQ_NP_2X_723103-MLM111243935702_052026-E.webp,Naucalpan,342.0,3.0,3.0,40801.84502923977
¡oportunidad! Departamento En  Lomas Tecamachalco,18300000,MXN,"Paseo De Los  Ahuehuetes Nte Al 800, Lomas De Tecamachalco, Naucalpan, Estado De México",278 m² de terreno,3 recámaras,3 baños,https://departamento.mercadolibre.com.mx/MLM-3193415119-oportunidad-departamento-en-lomas-tecamachalco-_JM,https://http2.mlstatic.com/D_NQ_NP_2X_735150-MLM113843100820_072026-E.webp,Naucalpan,278.0,3.0,3.0,65827.3381294964
Departamentos En Venta Gh Lomas De Tecamachalco,10450000,MXN,"Lomas De Tecamachalco, Naucalpan, Estado De México",195 m² construidos,3 recámaras,3 baños,https://departamento.mercadolibre.com.mx/MLM-5407006610-departamentos-en-venta-gh-lomas-de-tecamachalco-_JM,https://http2.mlstatic.com/D_NQ_NP_2X_802279-MLM111244190040_052026-E.webp,Naucalpan,195.0,3.0,3.0,53589.743589743586
Departamento En  Lomas Tecamachalco ¡ubicacion Aaa!,17900000,MXN,"Paseo De Los  Ahuehuetes Nte Al 800, Lomas De Tecamachalco, Naucalpan, Estado De México",296 m² de terreno,3 recámaras,3 baños,https://departamento.mercadolibre.com.mx/MLM-3193415191-departamento-en-lomas-tecamachalco-ubicacion-aaa-_JM,https://http2.mlstatic.com/D_NQ_NP_2X_914859-MLM113843127428_072026-E.webp,Naucalpan,296.0,3.0,3.0,60472.97297297297
Ph En Venta En Zona Dorada De Tecamachalco!!!! Fuente De Diana!!,11800000,MXN,"PH EN Venta EN Lomas DE Tecamachalco, Fuente DE Diana CON Terraza Privada Y  Roof Garden Comun!!!, Lomas De Tecamachalco, Naucalpan, Estado De México",260 m² de terreno,3 recámaras,3 baños,https://departamento.mercadolibre.com.mx/MLM-3109018849-ph-en-venta-en-zona-dorada-de-tecamachalco-fuente-de-diana-_JM,https://http2.mlstatic.com/D_NQ_NP_2X_611736-MLM113117047230_072026-E.webp,Naucalpan,260.0,3.0,3.0,45384.61538461538
"Departamento En Venta En Colonia Lomas Verdes 1a Sección, Naucalpan De Juárez, Estado De México",6950000,MXN,"Residencial Bosques De Lomas Verdes 760, Naucalpan, Estado De México",191 m² construidos,3 recámaras,2 baños,https://departamento.mercadolibre.com.mx/MLM-3229676955-departamento-en-venta-en-colonia-lomas-verdes-1a-seccion-naucalpan-de-juarez-estado-de-mexico-_JM,https://http2.mlstatic.com/D_NQ_NP_2X_973727-MLM114097514406_082026-E.webp,Naucalpan,191.0,3.0,2.0,36387.43455497382
"Departamento En Venta  Interlomas, Lomas Country Club",9900000,MXN,"Av. Club De Golf Lomas Country Club, Interlomas 217, Naucalpan, Estado De México",310 m² construidos,,2 baños,https://departamento.mercadolibre.com.mx/MLM-3221102685-departamento-en-venta-interlomas-lomas-country-club-_JM,https://http2.mlstatic.com/D_NQ_NP_2X_672621-MLM114027937506_072026-E.webp,Naucalpan,310.0,,2.0,31935.483870967742
"Departamento En Venta San Lucas Tepetlacalco, Tlalnepantla De Baz",5100000,MXN,"Lázaro Cárdenas, San Lucas Tepetlacalco, Naucalpan, Estado De México",163 m² construidos,3 recámaras,3 baños,https://departamento.mercadolibre.com.mx/MLM-5833536400-departamento-en-venta-san-lucas-tepetlacalco-tlalnepantla-de-baz-_JM,https://http2.mlstatic.com/D_NQ_NP_2X_794627-MLM115257873121_072026-E.webp,Naucalpan,163.0,3.0,3.0,31288.34355828221
"Departamento Impecable, Con Espectacular Vista Panorámica",7400000,MXN,"FRANCISCO JAVIER MIRANDA, Lomas Verdes 6a Sección, Naucalpan, Estado De México",221 m² construidos,3 recámaras,3 baños,https://departamento.mercadolibre.com.mx/MLM-5833441496-departamento-impecable-con-espectacular-vista-panoramica-_JM,https://http2.mlstatic.com/D_NQ_NP_2X_931870-MLM113946779286_072026-E.webp,Naucalpan,221.0,3.0,3.0,33484.1628959276
Venta Departamento Cd Satélite,5000000,MXN,"Circuito Misioneros, Ciudad Satélite, Naucalpan, Estado De México",96 m² construidos,2 recámaras,2 baños,https://departamento.mercadolibre.com.mx/MLM-5833441438-venta-departamento-cd-satelite-_JM,https://http2.mlstatic.com/D_NQ_NP_2X_834813-MLM115257877151_072026-E.webp,Naucalpan,96.0,2.0,2.0,52083.333333333336
"Venta De Departamento En Fuente De Molinos, Lomas De Tecamachalco",9000000,MXN,"Lomas De Tecamachalco, Naucalpan, Estado De México",335 m² construidos,3 recámaras,3 baños,https://departamento.mercadolibre.com.mx/MLM-2801066489-venta-de-departamento-en-fuente-de-molinos-lomas-de-tecamachalco-_JM,https://http2.mlstatic.com/D_NQ_NP_2X_895760-MLM108252818234_032026-E.webp,Naucalpan,335.0,3.0,3.0,26865.671641791047
"Penthouse En Venta, En Residencial Altezza Central, Naucalpan, Edomex",6800000,MXN,"Boulevard Toluca 26 Y 28 PH A-2003 Torre 1, Industrial Alce Blanco, Naucalpan, Estado De México",145 m² construidos,3 recámaras,3 baños,https://departamento.mercadolibre.com.mx/MLM-5030578852-penthouse-en-venta-en-residencial-altezza-central-naucalpan-edomex-_JM,https://http2.mlstatic.com/D_NQ_NP_2X_896940-MLM108968393903_032026-E.webp,Naucalpan,145.0,3.0,3.0,46896.55172413793
Hermoso Departamento En Bosques De Lomas Verdes,6900000,MXN,"BOSQUES LOMAS VERDES S/N, Lomas Verdes 6a Sección, Naucalpan, Estado De México",191 m² construidos,3 recámaras,2 baños,https://departamento.mercadolibre.com.mx/MLM-5295462956-hermoso-departamento-en-bosques-de-lomas-verdes-_JM,https://http2.mlstatic.com/D_NQ_NP_2X_811074-MLM111281452425_052026-E.webp,Naucalpan,191.0,3.0,2.0,36125.65445026178
"Departamento Con Loft Y Roof En Venta, Cerca De Polanco, A 170 M De Periférico",4720000,MXN,"Parque De La Malinche, El Parque, Naucalpan, Estado De México",126 m² construidos,3 recámaras,2 baños,https://departamento.mercadolibre.com.mx/MLM-2959299521-departamento-con-loft-y-roof-en-venta-cerca-de-polanco-a-170-m-de-periferico-_JM,https://http2.mlstatic.com/D_NQ_NP_2X_832602-MLM111415407362_052026-E.webp,Naucalpan,126.0,3.0,2.0,37460.31746031746
"Departamento En Venta En Colonia Naucalpan, Naucalpan De Juárez, Estado De México",4160000,MXN,"Blv Toluca  28, Naucalpan, Estado De México",77 m² construidos,2 recámaras,2 baños,https://departamento.mercadolibre.com.mx/MLM-2968737739-departamento-en-venta-en-colonia-naucalpan-naucalpan-de-juarez-estado-de-mexico-_JM,https://http2.mlstatic.com/D_NQ_NP_2X_667422-MLM111432186928_052026-E.webp,Naucalpan,77.0,2.0,2.0,54025.97402597403
"Departamento En Venta En Colonia Naucalpan, Naucalpan De Juárez, Estado De México",5300000,MXN,"Blvd Toluca  28, Naucalpan, Estado De México",100 m² construidos,3 recámaras,2 baños,https://departamento.mercadolibre.com.mx/MLM-5427017276-departamento-en-venta-en-colonia-naucalpan-naucalpan-de-juarez-estado-de-mexico-_JM,https://http2.mlstatic.com/D_NQ_NP_2X_710800-MLM112481503233_052026-E.webp,Naucalpan,100.0,3.0,2.0,53000.0
"Departamento En Venta Naucalpan De Juárez, Estado De México.",4330000,MXN,"De Los Ciruelos, Jardines De San Mateo, Naucalpan, Estado De México",142 m² construidos,3 recámaras,2 baños,https://departamento.mercadolibre.com.mx/MLM-5729656968-departamento-en-venta-naucalpan-de-juarez-estado-de-mexico-_JM,https://http2.mlstatic.com/D_NQ_NP_2X_807324-MLM113393910624_072026-E.webp,Naucalpan,142.0,3.0,2.0,30492.957746478874
Departamento En Venta En Interlomas,5600000,MXN,"C. Palma Criolla, Bosque De Las Palmas, Naucalpan De Juárez, Bosque Alto, Naucalpan, Estado De México",210 m² construidos,3 recámaras,2 baños,https://departamento.mercadolibre.com.mx/MLM-4695729298-departamento-en-venta-en-interlomas-_JM,https://http2.mlstatic.com/D_NQ_NP_2X_616509-MLM104919070860_012026-E.webp,Naucalpan,210.0,3.0,2.0,26666.666666666668
Departamento En Obra Gris En Venta En Lomas De Tecamachalco,7500000,MXN,"Sin Calle, Lomas De Tecamachalco, Naucalpan, Estado De México",230 m² construidos,2 recámaras,2 baños,https://departamento.mercadolibre.com.mx/MLM-2982494105-departamento-en-obra-gris-en-venta-en-lomas-de-tecamachalco-_JM,https://http2.mlstatic.com/D_NQ_NP_2X_813564-MLM111683043636_062026-E.webp,Naucalpan,230.0,2.0,2.0,32608.695652173912
Vendo Departamento En La Florida Satélite,5859339,MXN,"La Florida, Naucalpan, Estado De México",107 m² construidos,3 recámaras,3 baños,https://departamento.mercadolibre.com.mx/MLM-5262386332-vendo-departamento-en-la-florida-satelite-_JM,https://http2.mlstatic.com/D_NQ_NP_2X_764705-MLM111038612277_042026-E.webp,Naucalpan,107.0,3.0,3.0,54760.17757009346
"Departamento En Venta En Colonia Lomas Verdes 6a Sección, Naucalpan De Juárez, Estado De México",7200000,MXN,". 0, Lomas Verdes 6a Sección, Naucalpan, Estado De México",165 m² construidos,2 recámaras,2 baños,https://departamento.mercadolibre.com.mx/MLM-3182262961-departamento-en-venta-en-colonia-lomas-verdes-6a-seccion-naucalpan-de-juarez-estado-de-mexico-_JM,https://http2.mlstatic.com/D_NQ_NP_2X_815693-MLM113728352274_072026-E.webp,Naucalpan,165.0,2.0,2.0,43636.36363636364
"Departamento En Venta En San José Río Hondo (río Hondo), Naucalpan De Juárez, México",4949000,MXN,"Cumbres Herradura Sn, Naucalpan, Estado De México",110 m² construidos,3 recámaras,2 baños,https://departamento.mercadolibre.com.mx/MLM-2746360447-departamento-en-venta-en-san-jose-rio-hondo-rio-hondo-naucalpan-de-juarez-mexico-_JM,https://http2.mlstatic.com/D_NQ_NP_2X_864551-MLM107426530449_022026-E.webp,Naucalpan,110.0,3.0,2.0,44990.90909090909
"Departamento En Venta, La Concordia, Lomas Verdes, Naucalpan",4200000,MXN,"Acordada, Lomas Verdes 5a Sección (La Concordia), Naucalpan, Estado De México",152 m² construidos,3 recámaras,2 baños,https://departamento.mercadolibre.com.mx/MLM-5833441272-departamento-en-venta-la-concordia-lomas-verdes-naucalpan-_JM,https://http2.mlstatic.com/D_NQ_NP_2X_940532-MLM115257870757_072026-E.webp,Naucalpan,152.0,3.0,2.0,27631.57894736842
Departamento En Venta Con Terraza Propia,4200000,MXN,"Acordada, Lomas Verdes 5a Sección (La Concordia), Naucalpan, Estado De México",152 m² construidos,3 recámaras,2 baños,https://departamento.mercadolibre.com.mx/MLM-5833440882-departamento-en-venta-con-terraza-propia-_JM,https://http2.mlstatic.com/D_NQ_NP_2X_991790-MLM115257829963_072026-E.webp,Naucalpan,152.0,3.0,2.0,27631.57894736842
"Departamento En Venta En Colonia Lomas De Tecamachalco, Naucalpan De Juárez, Estado De México",9500000,MXN,". 0, Lomas De Tecamachalco, Naucalpan, Estado De México",180 m² construidos,2 recámaras,2 baños,https://departamento.mercadolibre.com.mx/MLM-2968789645-departamento-en-venta-en-colonia-lomas-de-tecamachalco-naucalpan-de-juarez-estado-de-mexico-_JM,https://http2.mlstatic.com/D_NQ_NP_2X_943490-MLM111432600004_052026-E.webp,Naucalpan,180.0,2.0,2.0,52777.77777777778
Amplio Departamento De 3 Recamaras En Tecamachalco,7400000,MXN,"Reforma Social (Lomas De San Isidro), Naucalpan, Estado De México",275 m² construidos,3 recámaras,2 baños,https://departamento.mercadolibre.com.mx/MLM-2748843937-amplio-departamento-de-3-recamaras-en-tecamachalco-_JM,https://http2.mlstatic.com/D_NQ_NP_2X_656830-MLM107517519825_022026-E.webp,Naucalpan,275.0,3.0,2.0,26909.090909090908
Departamento En Venta  Nuevo Espectacular Bosque De Echegaray Cod. Dv1200,5801327,MXN,"Bosque De Echegaray, Naucalpan, Estado De México",105 m² construidos,3 recámaras,3 baños,https://departamento.mercadolibre.com.mx/MLM-5262360570-departamento-en-venta-nuevo-espectacular-bosque-de-echegaray-cod-dv1200-_JM,https://http2.mlstatic.com/D_NQ_NP_2X_948825-MLM111038615179_042026-E.webp,Naucalpan,105.0,3.0,3.0,55250.73333333333
"Departamento En Venta Lomas Verdes., Naucalpan",3000000,MXN,"San Jose Del Real 18, Lomas Verdes 5a Secc., Naucalpan, Estado De México",58 m² construidos,2 recámaras,1 baño,https://departamento.mercadolibre.com.mx/MLM-3014109769-departamento-en-venta-lomas-verdes-naucalpan-_JM,https://http2.mlstatic.com/D_NQ_NP_2X_758049-MLM113311877165_062026-E.webp,Naucalpan,58.0,2.0,1.0,51724.137931034486
"Departamento En Venta En Colonia Lomas De Tecamachalco, Naucalpan De Juárez, Estado De México",16000000,MXN,"Pirámides 0, Lomas De Tecamachalco, Naucalpan, Estado De México",300 m² construidos,3 recámaras,3 baños,https://departamento.mercadolibre.com.mx/MLM-5096648606-departamento-en-venta-en-colonia-lomas-de-tecamachalco-naucalpan-de-juarez-estado-de-mexico-_JM,https://http2.mlstatic.com/D_NQ_NP_2X_902169-MLM108939694346_032026-E.webp,Naucalpan,300.0,3.0,3.0,53333.333333333336
Departamento En Venta,7950000,MXN,"C. Volador 0, Naucalpan, Estado De México",229 m² construidos,,3 baños,https://departamento.mercadolibre.com.mx/MLM-5236359368-departamento-en-venta-_JM,https://http2.mlstatic.com/D_NQ_NP_2X_741791-MLM110816620489_042026-E.webp,Naucalpan,229.0,,3.0,34716.157205240175
"Departamento En Pre-venta, South Satélite Towers Cod. Dv1196",5687018,MXN,"Lomas Verdes (Conjunto Lomas Verdes), Naucalpan, Estado De México",105 m² construidos,3 recámaras,3 baños,https://departamento.mercadolibre.com.mx/MLM-5262373622-departamento-en-pre-venta-south-satelite-towers-cod-dv1196-_JM,https://http2.mlstatic.com/D_NQ_NP_2X_902061-MLM111038615391_042026-E.webp,Naucalpan,105.0,3.0,3.0,54162.07619047619
Departamento En Venta En Circuito Novelistas,7300000,MXN,"Circuito Novelistas, Ciudad Satélite, Naucalpan, Estado De México",142 m² construidos,3 recámaras,2 baños,https://departamento.mercadolibre.com.mx/MLM-5833453714-departamento-en-venta-en-circuito-novelistas-_JM,https://http2.mlstatic.com/D_NQ_NP_2X_933051-MLM115257850355_072026-E.webp,Naucalpan,142.0,3.0,2.0,51408.45070422535
"Departamento En Venta En Colonia Lomas Verdes 3a Sección, Naucalpan De Juárez, Estado De México",6052645,MXN,"Paseo De Las Americas  S/N, Naucalpan, Estado De México",132 m² construidos,2 recámaras,2 baños,https://departamento.mercadolibre.com.mx/MLM-5555762072-departamento-en-venta-en-colonia-lomas-verdes-3a-seccion-naucalpan-de-juarez-estado-de-mexico-_JM,https://http2.mlstatic.com/D_NQ_NP_2X_831154-MLM113633415081_062026-E.webp,Naucalpan,132.0,2.0,2.0,45853.371212121216
"Departamento En Venta En Colonia La Nueva Herradura , Naucalpan De Juárez, Estado De México",4900000,MXN,"CAM. ARENERO ., Naucalpan, Estado De México",108 m² construidos,3 recámaras,2 baños,https://departamento.mercadolibre.com.mx/MLM-2972119291-departamento-en-venta-en-colonia-la-nueva-herradura-naucalpan-de-juarez-estado-de-mexico-_JM,https://http2.mlstatic.com/D_NQ_NP_2X_709697-MLM112556358397_062026-E.webp,Naucalpan,108.0,3.0,2.0,45370.37037037037
"Departamento En Venta En Santiago Occipaco, Naucalpan De Juárez, México",4290000,MXN,"Prolongación Álamo Sn, Santiago Occipaco, Naucalpan, Estado De México",122 m² construidos,2 recámaras,2 baños,https://departamento.mercadolibre.com.mx/MLM-2930406999-departamento-en-venta-en-santiago-occipaco-naucalpan-de-juarez-mexico-_JM,https://http2.mlstatic.com/D_NQ_NP_2X_890898-MLM110715156316_052026-E.webp,Naucalpan,122.0,2.0,2.0,35163.934426229505
Departamento En Cumbres La Herradura | Amenidades Premium Y Seguridad 24 Hrs,4100000,MXN,"Camino Arenero 150, Río Hondo, Naucalpan, Estado De México",78 m² construidos,2 recámaras,1 baño,https://departamento.mercadolibre.com.mx/MLM-5490797674-departamento-en-cumbres-la-herradura-amenidades-premium-y-seguridad-24-hrs-_JM,https://http2.mlstatic.com/D_NQ_NP_2X_944561-MLM111968664760_062026-E.webp,Naucalpan,78.0,2.0,1.0,52564.10256410256
"Venta Departamento, Cumbres La Herradura",3950000,MXN,"Camino Arenero 150, San José Poza Honda, Naucalpan, Estado De México",77 m² construidos,2 recámaras,2 baños,https://departamento.mercadolibre.com.mx/MLM-5490790742-venta-departamento-cumbres-la-herradura-_JM,https://http2.mlstatic.com/D_NQ_NP_2X_602228-MLM111968115536_062026-E.webp,Naucalpan,77.0,2.0,2.0,51298.7012987013
Departamento En Pre-venta Santa Cruz Acatlán University Heights Cod. Dv1198,5630710,MXN,"Santa Cruz Acatlan, Naucalpan, Estado De México",106 m² construidos,3 recámaras,3 baños,https://departamento.mercadolibre.com.mx/MLM-5262348214-departamento-en-pre-venta-santa-cruz-acatlan-university-heights-cod-dv1198-_JM,https://http2.mlstatic.com/D_NQ_NP_2X_653500-MLM111038599507_042026-E.webp,Naucalpan,106.0,3.0,3.0,53119.90566037736
"Departamento En Venta, Las Américas Estrena Desarrollo  Colinas De Las Americas",5574961,MXN,"Las Américas, Naucalpan, Estado De México",107 m² construidos,3 recámaras,3 baños,https://departamento.mercadolibre.com.mx/MLM-5262386376-departamento-en-venta-las-americas-estrena-desarrollo-colinas-de-las-americas-_JM,https://http2.mlstatic.com/D_NQ_NP_2X_948366-MLM111038615499_042026-E.webp,Naucalpan,107.0,3.0,3.0,52102.43925233645
Garden House En Venta En Lomas De Tecamachalco  | Av. De Los Bosques,9500000,MXN,"Lomas De Tecamachalco, Naucalpan, Estado De México",389 m² construidos,3 recámaras,3 baños,https://departamento.mercadolibre.com.mx/MLM-3201856429-garden-house-en-venta-en-lomas-de-tecamachalco-av-de-los-bosques-_JM,https://http2.mlstatic.com/D_NQ_NP_2X_783321-MLM113901268602_072026-E.webp,Naucalpan,389.0,3.0,3.0,24421.59383033419
"Departamento En Venta En Colonia Lomas De Tecamachalco, Naucalpan De Juárez, Estado De México",8100000,MXN,". 0, Lomas De Tecamachalco, Naucalpan, Estado De México",247 m² construidos,3 recámaras,2 baños,https://departamento.mercadolibre.com.mx/MLM-4971752632-departamento-en-venta-en-colonia-lomas-de-tecamachalco-naucalpan-de-juarez-estado-de-mexico-_JM,https://http2.mlstatic.com/D_NQ_NP_2X_933710-MLM108373993655_032026-E.webp,Naucalpan,247.0,3.0,2.0,32793.52226720648
Departamento Con Amplia Terraza Privada Y Amenidades Premium,7550000,MXN,"Lucas Alamán Y Escalada 36, Lomas Verdes 6a Secc., Naucalpan, Estado De México",153 m² construidos,3 recámaras,2 baños,https://departamento.mercadolibre.com.mx/MLM-5837348462-departamento-con-amplia-terraza-privada-y-amenidades-premium-_JM,https://http2.mlstatic.com/D_NQ_NP_2X_719425-MLM115271540365_072026-E.webp,Naucalpan,153.0,3.0,2.0,49346.40522875817
Departamento Nuevo En Venta Lomas Verdes,5715000,MXN,"Super Avenida Lomas Verdes 77, Naucalpan, Estado De México",66 m² construidos,2 recámaras,2 baños,https://departamento.mercadolibre.com.mx/MLM-5845139912-departamento-nuevo-en-venta-lomas-verdes-_JM,https://http2.mlstatic.com/D_NQ_NP_2X_628338-MLM115309099585_072026-E.webp,Naucalpan,66.0,2.0,2.0,86590.90909090909
"Venta De Departamentos En Fuente De Prometeo, Lomas De Tecamachalco",9900000,MXN,"Lomas De Tecamachalco, Naucalpan, Estado De México",200 m² construidos,3 recámaras,3 baños,https://departamento.mercadolibre.com.mx/MLM-2801054201-venta-de-departamentos-en-fuente-de-prometeo-lomas-de-tecamachalco-_JM,https://http2.mlstatic.com/D_NQ_NP_2X_612810-MLM108252816354_032026-E.webp,Naucalpan,200.0,3.0,3.0,49500.0
Departamentos En Preventa En Lomas De Tecamachalco,8889000,MXN,"Fuente Del Pescador 123, Lomas De Tecamachalco, Naucalpan, Estado De México",205 m² construidos,3 recámaras,2 baños,https://departamento.mercadolibre.com.mx/MLM-5569411918-departamentos-en-preventa-en-lomas-de-tecamachalco-_JM,https://http2.mlstatic.com/D_NQ_NP_2X_892966-MLM112550607662_062026-E.webp,Naucalpan,205.0,3.0,2.0,43360.9756097561
"Departamento En Venta En Colonia Lomas Verdes 6a Sección, Naucalpan De Juárez, Estado De México",9200000,MXN,"General Miguel Miramon S/N, Lomas Verdes 6a Sección, Naucalpan, Estado De México",267 m² construidos,3 recámaras,3 baños,https://departamento.mercadolibre.com.mx/MLM-5115933158-departamento-en-venta-en-colonia-lomas-verdes-6a-seccion-naucalpan-de-juarez-estado-de-mexico-_JM,https://http2.mlstatic.com/D_NQ_NP_2X_677917-MLM109115486310_042026-E.webp,Naucalpan,267.0,3.0,3.0,34456.92883895131
"Departamento En Venta En Colonia Lomas Verdes 6a Sección, Naucalpan De Juárez, Estado De México",11150000,MXN,"General Miguel Miramon ., Lomas Verdes 6a Sección, Naucalpan, Estado De México",286 m² construidos,3 recámaras,3 baños,https://departamento.mercadolibre.com.mx/MLM-5116083250-departamento-en-venta-en-colonia-lomas-verdes-6a-seccion-naucalpan-de-juarez-estado-de-mexico-_JM,https://http2.mlstatic.com/D_NQ_NP_2X_665062-MLM109115504680_042026-E.webp,Naucalpan,286.0,3.0,3.0,38986.01398601398
Penthouse Venta Lomas De Tecamachalco,10150000,MXN,"Sin Calle, Lomas De Tecamachalco, Naucalpan, Estado De México",245 m² construidos,3 recámaras,3 baños,https://departamento.mercadolibre.com.mx/MLM-3076075675-penthouse-venta-lomas-de-tecamachalco-_JM,https://http2.mlstatic.com/D_NQ_NP_2X_919243-MLM112858187788_072026-E.webp,Naucalpan,245.0,3.0,3.0,41428.57142857143
Tecamachalco  Fuente De Las Vestales En Venta,12900000,MXN,"FUENTE DE LAS VESTALES, LOMAS DE TECAMACHALCO 22, Naucalpan, Estado De México",339 m² construidos,,3 baños,https://departamento.mercadolibre.com.mx/MLM-2886649697-tecamachalco-fuente-de-las-vestales-en-venta-_JM,https://http2.mlstatic.com/D_NQ_NP_2X_625119-MLM112019319922_062026-E.webp,Naucalpan,339.0,,3.0,38053.097345132745
"Penthouse En Cunmbres De La Herradura, Naucalpan Edo. De Mexico",7990000,MXN,"Camino Arenero 150, Río Hondo, Naucalpan, Estado De México",148 m² construidos,4 recámaras,3 baños,https://departamento.mercadolibre.com.mx/MLM-5491050198-penthouse-en-cunmbres-de-la-herradura-naucalpan-edo-de-mexico-_JM,https://http2.mlstatic.com/D_NQ_NP_2X_985624-MLM113100109661_062026-E.webp,Naucalpan,148.0,4.0,3.0,53986.48648648649
"Departamento En Lomas Manuel Avila Camacho, Naucalpan De Juárez Con 3 Recámaras, 158 M², Id: 151493",6000000,MXN,"Avenida Paseo Del Pipila, Naucalpan, Estado De México",158 m² construidos,3 recámaras,3 baños,https://departamento.mercadolibre.com.mx/MLM-3068375829-departamento-en-lomas-manuel-avila-camacho-naucalpan-de-juarez-con-3-recamaras-158-m-id-151493-_JM,https://http2.mlstatic.com/D_NQ_NP_2X_862458-MLM112790141866_072026-E.webp,Naucalpan,158.0,3.0,3.0,37974.6835443038
"Venta De Departamento En Fuente De Pirámides, Lomas De Tecamachalco",9200000,MXN,"Lomas De Tecamachalco, Naucalpan, Estado De México",200 m² construidos,3 recámaras,3 baños,https://departamento.mercadolibre.com.mx/MLM-5036016750-venta-de-departamento-en-fuente-de-piramides-lomas-de-tecamachalco-_JM,https://http2.mlstatic.com/D_NQ_NP_2X_831530-MLM108252916374_032026-E.webp,Naucalpan,200.0,3.0,3.0,46000.0
Departamento Capuchinas Naucalpan,2250000,MXN,"Capuchinas 53, Naucalpan, Estado De México",65 m² construidos,,1 baño,https://departamento.mercadolibre.com.mx/MLM-2979398473-departamento-capuchinas-naucalpan-_JM,https://http2.mlstatic.com/D_NQ_NP_2X_869157-MLM112706109041_062026-E.webp,Naucalpan,65.0,,1.0,34615.38461538462
Departamento En Lomas De Tecamachalco,17000000,MXN,"Lomas De Tecamachalco, Naucalpan, Estado De México",310 m² construidos,3 recámaras,3 baños,https://departamento.mercadolibre.com.mx/MLM-5035991416-departamento-en-lomas-de-tecamachalco-_JM,https://http2.mlstatic.com/D_NQ_NP_2X_734524-MLM108252819966_032026-E.webp,Naucalpan,310.0,3.0,3.0,54838.709677419356
"Departamento En Venta En Colonia Santiago Occipaco, Naucalpan De Juárez, Estado De México",4300000,MXN,". 0, Santiago Occipaco, Naucalpan, Estado De México",119 m² construidos,3 recámaras,2 baños,https://departamento.mercadolibre.com.mx/MLM-3101654643-departamento-en-venta-en-colonia-santiago-occipaco-naucalpan-de-juarez-estado-de-mexico-_JM,https://http2.mlstatic.com/D_NQ_NP_2X_765471-MLM114290465699_072026-E.webp,Naucalpan,119.0,3.0,2.0,36134.4537815126
Departamento Satelite En Venta,5450000,MXN,"Circuito Medicos, Ciudad Satélite, Naucalpan, Estado De México",83 m² construidos,2 recámaras,2 baños,https://departamento.mercadolibre.com.mx/MLM-5833536300-departamento-satelite-en-venta-_JM,https://http2.mlstatic.com/D_NQ_NP_2X_674188-MLM113946770864_072026-E.webp,Naucalpan,83.0,2.0,2.0,65662.65060240965
Departamento En Venta En Tecamachalco,8350000,MXN,"Fuentes Del Pescador 0, Naucalpan, Estado De México",298 m² construidos,,3 baños,https://departamento.mercadolibre.com.mx/MLM-5236384288-departamento-en-venta-en-tecamachalco-_JM,https://http2.mlstatic.com/D_NQ_NP_2X_793424-MLM110816619779_042026-E.webp,Naucalpan,298.0,,3.0,28020.13422818792
Departamento En Residencial  Cumbres De La Herradura,4750000,MXN,"Camino Arenero 150, San José Río Hondo, Naucalpan, Estado De México",107 m² construidos,3 recámaras,2 baños,https://departamento.mercadolibre.com.mx/MLM-5490790832-departamento-en-residencial-cumbres-de-la-herradura-_JM,https://http2.mlstatic.com/D_NQ_NP_2X_684305-MLM113097006651_062026-E.webp,Naucalpan,107.0,3.0,2.0,44392.52336448598
"Departamento En Venta, Nuevo Jardines De San Mateo. Tipo Loft. Cod. Dv1199",5743888,MXN,"Jardines De San Mateo, Naucalpan, Estado De México",107 m² construidos,3 recámaras,3 baños,https://departamento.mercadolibre.com.mx/MLM-5262360572-departamento-en-venta-nuevo-jardines-de-san-mateo-tipo-loft-cod-dv1199-_JM,https://http2.mlstatic.com/D_NQ_NP_2X_808292-MLM111038615209_042026-E.webp,Naucalpan,107.0,3.0,3.0,53681.19626168224
"Departamento En Venta, Naucalpan",4991000,MXN,"Av. México, Naucalpan 32, Naucalpan, Estado De México",139 m² construidos,,2 baños,https://departamento.mercadolibre.com.mx/MLM-5236334988-departamento-en-venta-naucalpan-_JM,https://http2.mlstatic.com/D_NQ_NP_2X_855101-MLM110816715963_042026-E.webp,Naucalpan,139.0,,2.0,35906.474820143885
"Departamento En Venta En Lomas Verdes (conjunto Lomas Verdes), Naucalpan De Juárez, México",7850000,MXN,"S/C S/N, Lomas Verdes (Conjunto Lomas Verdes), Naucalpan, Estado De México",181 m² construidos,3 recámaras,2 baños,https://departamento.mercadolibre.com.mx/MLM-5625488254-departamento-en-venta-en-lomas-verdes-conjunto-lomas-verdes-naucalpan-de-juarez-mexico-_JM,https://http2.mlstatic.com/D_NQ_NP_2X_840883-MLM114067901357_072026-E.webp,Naucalpan,181.0,3.0,2.0,43370.16574585636
"Departamento En Venta En Lomas Verdes (conjunto Lomas Verdes), Naucalpan De Juárez, México",6490000,MXN,"Alta Vitta S/N, Lomas Verdes (Conjunto Lomas Verdes), Naucalpan, Estado De México",135 m² construidos,3 recámaras,2 baños,https://departamento.mercadolibre.com.mx/MLM-5625158336-departamento-en-venta-en-lomas-verdes-conjunto-lomas-verdes-naucalpan-de-juarez-mexico-_JM,https://http2.mlstatic.com/D_NQ_NP_2X_776831-MLM114065454037_072026-E.webp,Naucalpan,135.0,3.0,2.0,48074.07407407407
"Departamentos En Venta, Naucalpan",9490000,MXN,"Magnolias, Country Club, Naucalpan 44, Naucalpan, Estado De México",191 m² construidos,,3 baños,https://departamento.mercadolibre.com.mx/MLM-5236360598-departamentos-en-venta-naucalpan-_JM,https://http2.mlstatic.com/D_NQ_NP_2X_976548-MLM109914934468_042026-E.webp,Naucalpan,191.0,,3.0,49685.86387434555
Departamento En Preventa Av. Lomas Verdes,6100000,MXN,"Av. Lomas Verdes 77, Santa Cruz Acatlan, Naucalpan, Estado De México",68 m² construidos,2 recámaras,2 baños,https://departamento.mercadolibre.com.mx/MLM-5490777592-departamento-en-preventa-av-lomas-verdes-_JM,https://http2.mlstatic.com/D_NQ_NP_2X_997960-MLM111968017702_062026-E.webp,Naucalpan,68.0,2.0,2.0,89705.88235294117
Venta Departamento Lomas De Chapultepec,19900000,MXN,"Venta Departamento Lomas DE Chapultepec, Lomas De Tecamachalco, Naucalpan, Estado De México",364 m² construidos,3 recámaras,3 baños,https://departamento.mercadolibre.com.mx/MLM-5187356868-venta-departamento-lomas-de-chapultepec-_JM,https://http2.mlstatic.com/D_NQ_NP_2X_868513-MLM102444899505_122025-E.webp,Naucalpan,364.0,3.0,3.0,54670.32967032967
"Departamento En Venta En Colonia Lomas De Tecamachalco, Naucalpan De Juárez, Estado De México",8178000,MXN,"Fuente De Las Flores 23, Lomas De Tecamachalco, Naucalpan, Estado De México",142 m² construidos,3 recámaras,3 baños,https://departamento.mercadolibre.com.mx/MLM-3126762901-departamento-en-venta-en-colonia-lomas-de-tecamachalco-naucalpan-de-juarez-estado-de-mexico-_JM,https://http2.mlstatic.com/D_NQ_NP_2X_772880-MLM114478875883_072026-E.webp,Naucalpan,142.0,3.0,3.0,57591.54929577465
Fuente De Acuario 3 Ultimos Departamentos En Venta,16000000,MXN,"FUENTE DE ACUARIO, LOMAS DE TECAMACHALCO 17, Naucalpan, Estado De México",367 m² construidos,,3 baños,https://departamento.mercadolibre.com.mx/MLM-5236359572-fuente-de-acuario-3-ultimos-departamentos-en-venta-_JM,https://http2.mlstatic.com/D_NQ_NP_2X_608296-MLM110816633915_042026-E.webp,Naucalpan,367.0,,3.0,43596.73024523161
Departamento Venta Lomas De Tecamachalco,14790000,MXN,"Departamento Venta Tecamachalco, Lomas De Tecamachalco, Naucalpan, Estado De México",255 m² construidos,3 recámaras,3 baños,https://departamento.mercadolibre.com.mx/MLM-5187043556-departamento-venta-lomas-de-tecamachalco-_JM,https://http2.mlstatic.com/D_NQ_NP_2X_976971-MLM109560511713_032026-E.webp,Naucalpan,255.0,3.0,3.0,58000.0
"Departamento En Venta En Naucalpan De Juarez, San Juan Totoltepec Cmb 26-1490.",3500000,MXN,"San Juan Totoltepec, Naucalpan De Juárez, San Juan Totoltepec, Naucalpan, Estado De México",196 m² construidos,2 recámaras,2 baños,https://departamento.mercadolibre.com.mx/MLM-3226264745-departamento-en-venta-en-naucalpan-de-juarez-san-juan-totoltepec-cmb-26-1490-_JM,https://http2.mlstatic.com/D_NQ_NP_2X_710813-MLM100012778164_122025-E.webp,Naucalpan,196.0,2.0,2.0,17857.14285714286
"Departamento En Venta En Colonia San Mateo Nopala, Naucalpan De Juárez, Estado De México",3285000,MXN,"Avenida San Mateo 184-B, San Mateo Nopala, Naucalpan, Estado De México",103 m² construidos,2 recámaras,2 baños,https://departamento.mercadolibre.com.mx/MLM-5869607158-departamento-en-venta-en-colonia-san-mateo-nopala-naucalpan-de-juarez-estado-de-mexico-_JM,https://http2.mlstatic.com/D_NQ_NP_2X_653170-MLM115423511229_082026-E.webp,Naucalpan,103.0,2.0,2.0,31893.203883495145
"Departamento En Venta En Colonia San Mateo Nopala, Naucalpan De Juárez, Estado De México",3440000,MXN,"Av. Camino Real A San Mateo Nopala 184B, San Mateo Nopala, Naucalpan, Estado De México",123 m² construidos,2 recámaras,2 baños,https://departamento.mercadolibre.com.mx/MLM-5869525982-departamento-en-venta-en-colonia-san-mateo-nopala-naucalpan-de-juarez-estado-de-mexico-_JM,https://http2.mlstatic.com/D_NQ_NP_2X_902250-MLM114097014856_082026-E.webp,Naucalpan,123.0,2.0,2.0,27967.47967479675
"Departamento En Venta En Colonia San Mateo Nopala, Naucalpan De Juárez, Estado De México",3550000,MXN,"Av. Camino Real A San Mateo Nopala 184B, San Mateo Nopala, Naucalpan, Estado De México",125 m² construidos,2 recámaras,2 baños,https://departamento.mercadolibre.com.mx/MLM-5869525850-departamento-en-venta-en-colonia-san-mateo-nopala-naucalpan-de-juarez-estado-de-mexico-_JM,https://http2.mlstatic.com/D_NQ_NP_2X_706416-MLM115422934209_082026-E.webp,Naucalpan,125.0,2.0,2.0,28400.0
"Departamento En Venta En Colonia Las Américas, Naucalpan De Juárez, Estado De México",3500000,MXN,"Montreal 2, Las Américas, Naucalpan, Estado De México",100 m² construidos,3 recámaras,2 baños,https://departamento.mercadolibre.com.mx/MLM-5869600364-departamento-en-venta-en-colonia-las-americas-naucalpan-de-juarez-estado-de-mexico-_JM,https://http2.mlstatic.com/D_NQ_NP_2X_817474-MLM115422755583_082026-E.webp,Naucalpan,100.0,3.0,2.0,35000.0
"Departamento En Venta En Lomas De Rio, Naucalpan De Juárez  Rah27149ref",6246774,MXN,"Naucalpan De Juárez, Lomas Del Río, Naucalpan, Estado De México",129 m² construidos,3 recámaras,3 baños,https://departamento.mercadolibre.com.mx/MLM-3240893827-departamento-en-venta-en-lomas-de-rio-naucalpan-de-juarez-rah27149ref-_JM,https://http2.mlstatic.com/D_NQ_NP_2X_763613-MLM115537973703_082026-E.webp,Naucalpan,129.0,3.0,3.0,48424.604651162794
"Departamento En Venta En Lomas Del Rio, Naucalpan De Juárez Rah27148ref",4574032,MXN,"Naucalpan De Juárez, Lomas Del Río, Naucalpan, Estado De México",94 m² construidos,2 recámaras,3 baños,https://departamento.mercadolibre.com.mx/MLM-5885235210-departamento-en-venta-en-lomas-del-rio-naucalpan-de-juarez-rah27148ref-_JM,https://http2.mlstatic.com/D_NQ_NP_2X_650376-MLM114204531030_082026-E.webp,Naucalpan,94.0,2.0,3.0,48659.914893617024
"Departamento En Venta En Lomas Del Rio, Naucalpan De Juárez",3067741,MXN,"Naucalpan De Juárez, Lomas Del Río, Naucalpan, Estado De México",63 m² construidos,1 recámara,2 baños,https://departamento.mercadolibre.com.mx/MLM-3241036221-departamento-en-venta-en-lomas-del-rio-naucalpan-de-juarez-_JM,https://http2.mlstatic.com/D_NQ_NP_2X_852727-MLM115540532697_082026-E.webp,Naucalpan,63.0,1.0,2.0,48694.30158730159
"Departamento En Venta, San Lucas Tepetlacalco, Benito Juárez  Mundo E",4580000,MXN,"BENITO JUÁREZ, San Lucas Tepetlacalco, Naucalpan, Estado De México",98 m² construidos,2 recámaras,2 baños,https://departamento.mercadolibre.com.mx/MLM-3215587519-departamento-en-venta-san-lucas-tepetlacalco-benito-juarez-mundo-e-_JM,https://http2.mlstatic.com/D_NQ_NP_2X_778564-MLM113991207560_072026-E.webp,Naucalpan,98.0,2.0,2.0,46734.69387755102
"Departamento En Venta En Naucalpan De Juarez, Lomas Verdes Mt 26-1581.",2684000,MXN,"Lomas Verdes, Naucalpan De Juárez, Lomas Verdes, Naucalpan, Estado De México",73 m² construidos,3 recámaras,1 baño,https://departamento.mercadolibre.com.mx/MLM-5704770654-departamento-en-venta-en-naucalpan-de-juarez-lomas-verdes-mt-26-1581-_JM,https://http2.mlstatic.com/D_NQ_NP_2X_724588-MLM101069650170_122025-E.webp,Naucalpan,73.0,3.0,1.0,36767.12328767123
Espectacular Penthouse  En Venta En Sexta Sección De Lomas Verdes,13450000,MXN,"Lomas Verdes 6a Sección, Naucalpan, Estado De México",367 m² construidos,4 recámaras,5 baños,https://departamento.mercadolibre.com.mx/MLM-2775912327-espectacular-penthouse-en-venta-en-sexta-seccion-de-lomas-verdes-_JM,https://http2.mlstatic.com/D_NQ_NP_2X_763572-MLM98666899224_112025-E.webp,Naucalpan,367.0,4.0,5.0,36648.50136239782
Departamento En Venta En Lomas De Tecamachalco,12000000,MXN,"Av. De Los Bosques 214, Torre B. Lomas De Tecamachalco, Lomas De Tecamachalco, Naucalpan, Estado De México",214 m² construidos,3 recámaras,3 baños,https://departamento.mercadolibre.com.mx/MLM-4761861186-departamento-en-venta-en-lomas-de-tecamachalco-_JM,https://http2.mlstatic.com/D_NQ_NP_2X_607334-MLM106206916134_022026-E.webp,Naucalpan,214.0,3.0,3.0,56074.766355140186
Departamento En Venta En Lomas De Tecamachalco,9500000,MXN,"Amplio Departamento EN Fuente DE Molinos, Lomas DE Tecamachalco  (mv), Lomas De Tecamachalco, Naucalpan, Estado De México",335 m² de terreno,3 recámaras,2 baños,https://departamento.mercadolibre.com.mx/MLM-4761615538-departamento-en-venta-en-lomas-de-tecamachalco-_JM,https://http2.mlstatic.com/D_NQ_NP_2X_914425-MLM106206923732_022026-E.webp,Naucalpan,335.0,3.0,2.0,28358.20895522388
"Departamento En Fuente De Leones, Lomas De Tecamachalco",5200000,MXN,"Departamento En Fuente De Leones, Lomas De Tecamachalco, Lomas De Tecamachalco, Naucalpan, Estado De México",170 m² de terreno,3 recámaras,3 baños,https://departamento.mercadolibre.com.mx/MLM-4761771122-departamento-en-fuente-de-leones-lomas-de-tecamachalco-_JM,https://http2.mlstatic.com/D_NQ_NP_2X_830184-MLM106831829093_022026-E.webp,Naucalpan,170.0,3.0,3.0,30588.235294117647
"Departamento En Venta En Tecamachalco, Zona Boulevar De La Luz Con Pluma Y Seguridad",13599000,MXN,"Departamento En Venta En Tecamachalco, Zona Boulevar De La Luz CON Pluma Y Seguridad, Lomas De Tecamachalco, Naucalpan, Estado De México",252 m² de terreno,,,https://departamento.mercadolibre.com.mx/MLM-4761899036-departamento-en-venta-en-tecamachalco-zona-boulevar-de-la-luz-con-pluma-y-seguridad-_JM,https://http2.mlstatic.com/D_NQ_NP_2X_984751-MLM106831815435_022026-E.webp,Naucalpan,252.0,,,53964.28571428572
Departamento En Venta En Lomas De Tecamachalco,18800000,MXN,"Departamento EN Venta EN Fuente DE LAS Aguilas, Lomas DE Tecamachalco (mv), Lomas De Tecamachalco, Naucalpan, Estado De México",335 m² de terreno,3 recámaras,3 baños,https://departamento.mercadolibre.com.mx/MLM-4761770876-departamento-en-venta-en-lomas-de-tecamachalco-_JM,https://http2.mlstatic.com/D_NQ_NP_2X_803557-MLM106206925896_022026-E.webp,Naucalpan,335.0,3.0,3.0,56119.40298507463
Departamento - Lomas De Tecamachalco,9500000,MXN,"Departamento EN Lomas DE Tecamachalco 0, Lomas De Tecamachalco, Naucalpan, Estado De México",230 m² de terreno,3 recámaras,3 baños,https://departamento.mercadolibre.com.mx/MLM-5564489946-departamento-lomas-de-tecamachalco-_JM,https://http2.mlstatic.com/D_NQ_NP_2X_946505-MLM113690783029_062026-E.webp,Naucalpan,230.0,3.0,3.0,41304.34782608696
"Increíble Departamento En Venta En Residencial Tiara, Lomas De Tecamachalco",10650000,MXN,"Increíble Departamento En Venta En Residencial Tiara, Lomas De Tecamachalco, Lomas De Tecamachalco, Naucalpan, Estado De México",214 m² de terreno,3 recámaras,3 baños,https://departamento.mercadolibre.com.mx/MLM-4761564218-increible-departamento-en-venta-en-residencial-tiara-lomas-de-tecamachalco-_JM,https://http2.mlstatic.com/D_NQ_NP_2X_910407-MLM106831815811_022026-E.webp,Naucalpan,214.0,3.0,3.0,49766.35514018692
Departamento En Venta En Lomas De Tecamachalco Cmb 25 - 2635.,14545001,MXN,"Avenida De Las Fuentes 331, Lomas De Tecamachalco, Naucalpan De Juárez, Naucalpan, Estado De México",310 m² construidos,3 recámaras,3 baños,https://departamento.mercadolibre.com.mx/MLM-5704770252-departamento-en-venta-en-lomas-de-tecamachalco-cmb-25-2635-_JM,https://http2.mlstatic.com/D_NQ_NP_2X_708884-MLM93437499214_092025-E.webp,Naucalpan,310.0,3.0,3.0,46919.35806451613
"Departamento En Venta En Colonia San Mateo Nopala, Naucalpan De Juárez, Estado De México",3700000,MXN,"Av San Mateo 184B, San Mateo Nopala, Naucalpan, Estado De México",153 m² construidos,2 recámaras,2 baños,https://departamento.mercadolibre.com.mx/MLM-4841417280-departamento-en-venta-en-colonia-san-mateo-nopala-naucalpan-de-juarez-estado-de-mexico-_JM,https://http2.mlstatic.com/D_NQ_NP_2X_889167-MLM107744813045_022026-E.webp,Naucalpan,153.0,2.0,2.0,24183.006535947712
Departamento - Lomas De Tecamachalco,8200000,MXN,"Excelente Oportunidad En Lomas De Tecamachalco, Lomas De Tecamachalco, Naucalpan, Estado De México",300 m² de terreno,3 recámaras,3 baños,https://departamento.mercadolibre.com.mx/MLM-4761603116-departamento-lomas-de-tecamachalco-_JM,https://http2.mlstatic.com/D_NQ_NP_2X_840913-MLM106206963154_022026-E.webp,Naucalpan,300.0,3.0,3.0,27333.333333333332
"Departamento En Venta En Naucalpan De Juarez, Lomas De Tecamachalco Cmb 26-2512.",10300000,MXN,"Tecamachalco, State Of Mexico, Naucalpan De Juárez, Lomas De Tecamachalco, Naucalpan, Estado De México",290 m² construidos,3 recámaras,4 baños,https://departamento.mercadolibre.com.mx/MLM-2821762839-departamento-en-venta-en-naucalpan-de-juarez-lomas-de-tecamachalco-cmb-26-2512-_JM,https://http2.mlstatic.com/D_NQ_NP_2X_760532-MLM109567441535_032026-E.webp,Naucalpan,290.0,3.0,4.0,35517.24137931035
"Departamento En Venta, San Lucas Tepetlacalco, Benito Juárez",4580000,MXN,"Benito Juárez, San Lucas Tepetlacalco, Naucalpan, Estado De México",98 m² construidos,2 recámaras,2 baños,https://departamento.mercadolibre.com.mx/MLM-3215599283-departamento-en-venta-san-lucas-tepetlacalco-benito-juarez-_JM,https://http2.mlstatic.com/D_NQ_NP_2X_721720-MLM115306998315_072026-E.webp,Naucalpan,98.0,2.0,2.0,46734.69387755102
Departamento En Venta En Lomas De Tecamachalco Cmb 25 - 3496.,7300000,MXN,"Calle Fuente De La Alegría 165, Lomas De Tecamachalco, Naucalpan De Juárez, Naucalpan, Estado De México",150 m² construidos,2 recámaras,3 baños,https://departamento.mercadolibre.com.mx/MLM-5704770288-departamento-en-venta-en-lomas-de-tecamachalco-cmb-25-3496-_JM,https://http2.mlstatic.com/D_NQ_NP_2X_729155-MLM93856853073_092025-E.webp,Naucalpan,150.0,2.0,3.0,48666.666666666664
"Departamento En Venta En Colonia San Mateo Nopala, Naucalpan De Juárez, Estado De México",3500000,MXN,"Av San Mateo 184, San Mateo Nopala, Naucalpan, Estado De México",94 m² construidos,2 recámaras,2 baños,https://departamento.mercadolibre.com.mx/MLM-4841584366-departamento-en-venta-en-colonia-san-mateo-nopala-naucalpan-de-juarez-estado-de-mexico-_JM,https://http2.mlstatic.com/D_NQ_NP_2X_640611-MLM107744796021_022026-E.webp,Naucalpan,94.0,2.0,2.0,37234.04255319149
Departamento En Venta En Lomas De Tecamachalco,13200000,MXN,"Platerías, Lomas De Tecamachalco, Naucalpan, Estado De México",260 m² de terreno,3 recámaras,3 baños,https://departamento.mercadolibre.com.mx/MLM-4761874136-departamento-en-venta-en-lomas-de-tecamachalco-_JM,https://http2.mlstatic.com/D_NQ_NP_2X_634033-MLM106206932806_022026-E.webp,Naucalpan,260.0,3.0,3.0,50769.230769230766
"Departamento En Venta En Av Bosques, Lomas De Tecamachalco, Naucalpan, Edomex",10750000,MXN,"Departamento En Venta En Av Bosques, Lomas De Tecamachalco, Naucalpan, Edomex, Lomas De Tecamachalco, Naucalpan, Estado De México",214 m² de terreno,3 recámaras,3 baños,https://departamento.mercadolibre.com.mx/MLM-4761628262-departamento-en-venta-en-av-bosques-lomas-de-tecamachalco-naucalpan-edomex-_JM,https://http2.mlstatic.com/D_NQ_NP_2X_744088-MLM106831750785_022026-E.webp,Naucalpan,214.0,3.0,3.0,50233.64485981308
Departamento En Venta En Lomas De Tecamachalco,10750000,MXN,"Fuente De Pirámides (lomas De Tecamachalco), Lomas De Tecamachalco, Naucalpan, Estado De México",330 m² construidos,3 recámaras,3 baños,https://departamento.mercadolibre.com.mx/MLM-4761563998-departamento-en-venta-en-lomas-de-tecamachalco-_JM,https://http2.mlstatic.com/D_NQ_NP_2X_763154-MLM106831756441_022026-E.webp,Naucalpan,330.0,3.0,3.0,32575.757575757576
"Departamento En Venta En Lomas De Tecamachalco, Naucalpan Estado De México",6000000,MXN,"Departamento En Lomas De Tecamachalco, Naucalpan Estado De México, Lomas De Tecamachalco, Naucalpan, Estado De México",143 m² de terreno,1 recámara,2 baños,https://departamento.mercadolibre.com.mx/MLM-4761551326-departamento-en-venta-en-lomas-de-tecamachalco-naucalpan-estado-de-mexico-_JM,https://http2.mlstatic.com/D_NQ_NP_2X_896974-MLM106206946418_022026-E.webp,Naucalpan,143.0,1.0,2.0,41958.041958041955
"Departamento En Venta En Colonia Lomas De Tecamachalco, Naucalpan De Juárez, Estado De México",9900000,MXN,"Fuente De Molinos 33, Lomas De Tecamachalco, Naucalpan, Estado De México",369 m² construidos,3 recámaras,3 baños,https://departamento.mercadolibre.com.mx/MLM-3060961843-departamento-en-venta-en-colonia-lomas-de-tecamachalco-naucalpan-de-juarez-estado-de-mexico-_JM,https://http2.mlstatic.com/D_NQ_NP_2X_845433-MLM113900596951_062026-E.webp,Naucalpan,369.0,3.0,3.0,26829.268292682926
"Departamento En Venta De Tres Recámaras Y Amenidades En Av. México, Naucalpan De Juárez, Cerca Del Parque Las Américas, Edomex #24-2793 Avc",5101030,MXN,"Av. México, Las Americas, Naucalpan De Juárez, Las Américas, Naucalpan, Estado De México",141 m² construidos,3 recámaras,3 baños,https://departamento.mercadolibre.com.mx/MLM-5550073062-departamento-en-venta-de-tres-recamaras-y-amenidades-en-av-mexico-naucalpan-de-juarez-cerca-del-parque-las-americas-edomex-24-2793-avc-_JM,https://http2.mlstatic.com/D_NQ_NP_2X_959773-MLM113599934665_062026-E.webp,Naucalpan,141.0,3.0,3.0,36177.51773049645
"Departamento En Venta En Lomas De Tecamachalco, Naucalpan De Juárez",17326470,MXN,"Tecamachalco, State Of Mexico, Naucalpan De Juárez, Lomas De Tecamachalco, Naucalpan, Estado De México",395 m² construidos,3 recámaras,3 baños,https://departamento.mercadolibre.com.mx/MLM-2929893121-departamento-en-venta-en-lomas-de-tecamachalco-naucalpan-de-juarez-_JM,https://http2.mlstatic.com/D_NQ_NP_2X_925221-MLM111660493455_052026-E.webp,Naucalpan,395.0,3.0,3.0,43864.48101265823
Departamento En Venta En Lomas De Tecamachalco,8300000,MXN,"Venta En Fuente De Las Piramides En Lomas De Tecamachalco A 5 Minutos De Palmas, Lomas De Tecamachalco, Naucalpan, Estado De México",240 m² de terreno,3 recámaras,3 baños,https://departamento.mercadolibre.com.mx/MLM-4761809614-departamento-en-venta-en-lomas-de-tecamachalco-_JM,https://http2.mlstatic.com/D_NQ_NP_2X_954900-MLM106206927416_022026-E.webp,Naucalpan,240.0,3.0,3.0,34583.333333333336
Departamento En Venta En  Las Americas Del Bosque Cmb 24 - 2793.,5101030,MXN,"Avenida Mexico, Las Américas, Naucalpan De Juárez, Naucalpan, Estado De México",144 m² construidos,3 recámaras,3 baños,https://departamento.mercadolibre.com.mx/MLM-5704770256-departamento-en-venta-en-las-americas-del-bosque-cmb-24-2793-_JM,https://http2.mlstatic.com/D_NQ_NP_2X_798822-MLM93856854301_092025-E.webp,Naucalpan,144.0,3.0,3.0,35423.819444444445
"Departamento En Venta En Lomas De Tecamachalco, Naucalpan De Juárez Rah263042ref",6554868,MXN,"Tecamachalco, State Of Mexico, Naucalpan De Juárez, Lomas De Tecamachalco, Naucalpan, Estado De México",150 m² construidos,3 recámaras,3 baños,https://departamento.mercadolibre.com.mx/MLM-5339870630-departamento-en-venta-en-lomas-de-tecamachalco-naucalpan-de-juarez-rah263042ref-_JM,https://http2.mlstatic.com/D_NQ_NP_2X_645309-MLM110708002848_052026-E.webp,Naucalpan,150.0,3.0,3.0,43699.12
Departamento - Lomas De Tecamachalco,7800000,MXN,"Estrena Departamento En Lomas De Tecamachalco, Lomas De Tecamachalco, Naucalpan, Estado De México",193 m² de terreno,3 recámaras,3 baños,https://departamento.mercadolibre.com.mx/MLM-4761628726-departamento-lomas-de-tecamachalco-_JM,https://http2.mlstatic.com/D_NQ_NP_2X_645547-MLM106206968920_022026-E.webp,Naucalpan,193.0,3.0,3.0,40414.50777202073
"Departamento En Venta En Naucalpan De Juarez, Lomas Del Rio Cmb 27-147.",3067741,MXN,"Lomas Del Rio Pte., Buenavista, Naucalpan De Juárez, Lomas Del Río, Naucalpan, Estado De México",63 m² construidos,1 recámara,2 baños,https://departamento.mercadolibre.com.mx/MLM-5782279044-departamento-en-venta-en-naucalpan-de-juarez-lomas-del-rio-cmb-27-147-_JM,https://http2.mlstatic.com/D_NQ_NP_2X_842187-MLM113693963916_072026-E.webp,Naucalpan,63.0,1.0,2.0,48694.30158730159
"Departamento En Venta En Colonia Las Américas, Naucalpan De Juárez, Estado De México",5500000,MXN,"Montreal  2, Las Américas, Naucalpan, Estado De México",100 m² construidos,4 recámaras,3 baños,https://departamento.mercadolibre.com.mx/MLM-4837569480-departamento-en-venta-en-colonia-las-americas-naucalpan-de-juarez-estado-de-mexico-_JM,https://http2.mlstatic.com/D_NQ_NP_2X_703804-MLM107667565359_022026-E.webp,Naucalpan,100.0,4.0,3.0,55000.0
"Departamento En Venta En Lomas De Tecamachalco, Naucalpan De Juárez",12196750,MXN,"Tecamachalco, State Of Mexico, Naucalpan De Juárez, Lomas De Tecamachalco, Naucalpan, Estado De México",272 m² construidos,3 recámaras,3 baños,https://departamento.mercadolibre.com.mx/MLM-2929877601-departamento-en-venta-en-lomas-de-tecamachalco-naucalpan-de-juarez-_JM,https://http2.mlstatic.com/D_NQ_NP_2X_627479-MLM110707606114_052026-E.webp,Naucalpan,272.0,3.0,3.0,44840.992647058825
Vive El Lujo: Departamento De 3 Recámaras Con Amenidades En Alta Vitta,8450000,MXN,"Naucalpan De Juárez, Lomas Verdes, Naucalpan, Estado De México",181 m² construidos,3 recámaras,3 baños,https://departamento.mercadolibre.com.mx/MLM-2811349217-vive-el-lujo-departamento-de-3-recamaras-con-amenidades-en-alta-vitta-_JM,https://http2.mlstatic.com/D_NQ_NP_2X_652749-MLM109288790049_032026-E.webp,Naucalpan,181.0,3.0,3.0,46685.08287292818
"Departamento En Venta Lomas De Anahuac,  Naucalpan De Juárez Rah253127ref",6800000,MXN,"Lomas De Anahuac, Naucalpan, Naucalpan De Juárez, Naucalpan, Estado De México",240 m² construidos,3 recámaras,3 baños,https://departamento.mercadolibre.com.mx/MLM-3129044631-departamento-en-venta-lomas-de-anahuac-naucalpan-de-juarez-rah253127ref-_JM,https://http2.mlstatic.com/D_NQ_NP_2X_899041-MLM93437849054_092025-E.webp,Naucalpan,240.0,3.0,3.0,28333.333333333332
"Departamento En Venta En Lomas De Tecamachalco,  Naucalpan De Juárez Rah252573ref",15950000,MXN,"Lomas De Tecamachalco, Lomas De Tecamachalco, Naucalpan De Juárez, Naucalpan, Estado De México",367 m² construidos,3 recámaras,3 baños,https://departamento.mercadolibre.com.mx/MLM-5704873970-departamento-en-venta-en-lomas-de-tecamachalco-naucalpan-de-juarez-rah252573ref-_JM,https://http2.mlstatic.com/D_NQ_NP_2X_829721-MLM93857266513_092025-E.webp,Naucalpan,367.0,3.0,3.0,43460.49046321526
Vive En Un Amplio Departamento Con Vista Panorámica En La Mejor Zona De Tecamachalco #26-2512,10300000,MXN,"Fuente De Diana, Tecamachalco, Naucalpan De Juárez, Lomas De Tecamachalco, Naucalpan, Estado De México",290 m² construidos,3 recámaras,3 baños,https://departamento.mercadolibre.com.mx/MLM-2821528863-vive-en-un-amplio-departamento-con-vista-panoramica-en-la-mejor-zona-de-tecamachalco-26-2512-_JM,https://http2.mlstatic.com/D_NQ_NP_2X_928546-MLM109558608281_032026-E.webp,Naucalpan,290.0,3.0,3.0,35517.24137931035
Venta Amplio Departamento Con Vista Panorámica En La Mejor Zona De Tecamachalco #26-2514,13600000,MXN,"Fuente De Diana, Tecamachalco, Naucalpan De Juárez, Lomas De Tecamachalco, Naucalpan, Estado De México",290 m² construidos,3 recámaras,3 baños,https://departamento.mercadolibre.com.mx/MLM-2821514961-venta-amplio-departamento-con-vista-panoramica-en-la-mejor-zona-de-tecamachalco-26-2514-_JM,https://http2.mlstatic.com/D_NQ_NP_2X_928546-MLM109558608281_032026-E.webp,Naucalpan,290.0,3.0,3.0,46896.55172413793
"Departamento En Venta En Naucalpan De Juarez,lomas De Tecamachalco Mt 26-2512.",10300000,MXN,"Tecamachalco, State Of Mexico, Naucalpan De Juárez, Lomas De Tecamachalco, Naucalpan, Estado De México",290 m² construidos,3 recámaras,4 baños,https://departamento.mercadolibre.com.mx/MLM-2821868691-departamento-en-venta-en-naucalpan-de-juarezlomas-de-tecamachalco-mt-26-2512-_JM,https://http2.mlstatic.com/D_NQ_NP_2X_760532-MLM109567441535_032026-E.webp,Naucalpan,290.0,3.0,4.0,35517.24137931035
"Departamento En Venta En Naucalpan De Juarez, Lomas De Tecamachalco Edlt 26-2512.",10300000,MXN,"Tecamachalco, State Of Mexico, Naucalpan De Juárez, Lomas De Tecamachalco, Naucalpan, Estado De México",290 m² construidos,3 recámaras,4 baños,https://departamento.mercadolibre.com.mx/MLM-5081315204-departamento-en-venta-en-naucalpan-de-juarez-lomas-de-tecamachalco-edlt-26-2512-_JM,https://http2.mlstatic.com/D_NQ_NP_2X_848665-MLM109567471681_032026-E.webp,Naucalpan,290.0,3.0,4.0,35517.24137931035
"Departamento En Venta En Lomas De Tecamachalco, Rah253496ref",8000000,MXN,"Lomas De Tecamachalco, Lomas De Tecamachalco, Naucalpan De Juárez, Naucalpan, Estado De México",150 m² construidos,2 recámaras,3 baños,https://departamento.mercadolibre.com.mx/MLM-5704873732-departamento-en-venta-en-lomas-de-tecamachalco-rah253496ref-_JM,https://http2.mlstatic.com/D_NQ_NP_2X_957101-MLM93437879666_092025-E.webp,Naucalpan,150.0,2.0,3.0,53333.333333333336
Venta Departamento Ph Nuevo Con Terraza Privada Con 2 Pisos En Lomas De Tecamachalco En Obra Negra Ch #26-2195,8000000,MXN,"Fuente De Las Pirámides 141, MZ 1 - 300, Lomas De Tecamachalco, Naucalpan De Juárez, Lomas De Tecamachalco, Naucalpan, Estado De México",117 m² construidos,3 recámaras,3 baños,https://departamento.mercadolibre.com.mx/MLM-5617944530-venta-departamento-ph-nuevo-con-terraza-privada-con-2-pisos-en-lomas-de-tecamachalco-en-obra-negra-ch-26-2195-_JM,https://http2.mlstatic.com/D_NQ_NP_2X_750694-MLM112823249208_072026-E.webp,Naucalpan,117.0,3.0,3.0,68376.06837606838
Departamento En Venta En Lomas De Tecamachalco Rah251451ref,8425600,MXN,"Lomas De Tecamachalco, Lomas De Tecamachalco, Naucalpan De Juárez, Naucalpan, Estado De México",166 m² construidos,3 recámaras,2 baños,https://departamento.mercadolibre.com.mx/MLM-5704770348-departamento-en-venta-en-lomas-de-tecamachalco-rah251451ref-_JM,https://http2.mlstatic.com/D_NQ_NP_2X_987156-MLM93857186763_092025-E.webp,Naucalpan,166.0,3.0,2.0,50756.6265060241
Departamento En Venta En Lomas De Tecamachalco Rah26274ref,7490000,MXN,"Lomas De Tecamachalco, Lomas De Tecamachalco, Naucalpan De Juárez, Naucalpan, Estado De México",138 m² construidos,3 recámaras,2 baños,https://departamento.mercadolibre.com.mx/MLM-5704770340-departamento-en-venta-en-lomas-de-tecamachalco-rah26274ref-_JM,https://http2.mlstatic.com/D_NQ_NP_2X_907868-MLM93857149249_092025-E.webp,Naucalpan,138.0,3.0,2.0,54275.362318840576
"Departamento En Venta En Naucalpan De Juarez ,lomas Del Rio Cmb 27-149..",6246774,MXN,"Lomas Del Rio Pte., Buenavista, Naucalpan De Juárez, Lomas Del Río, Naucalpan, Estado De México",129 m² construidos,3 recámaras,3 baños,https://departamento.mercadolibre.com.mx/MLM-5802754986-departamento-en-venta-en-naucalpan-de-juarez-lomas-del-rio-cmb-27-149-_JM,https://http2.mlstatic.com/D_NQ_NP_2X_885375-MLM113791898430_072026-E.webp,Naucalpan,129.0,3.0,3.0,48424.604651162794
Departamento En Lomas Verdes | Primer Piso (solo 6 Escalones) | Vigilancia 24/7 | Estacionamiento Propio | Cocina Nueva | 3 Recámaras | 2 Baños | 80 M² | Vista Abierta Al Parque | Listo Para Escritura,2590000,MXN,"P.º De España 15, MZ 022, Lomas Verdes 3ra Secc, Naucalpan De Juárez, Lomas Verdes 3a Secc., Naucalpan, Estado De México",80 m² construidos,3 recámaras,2 baños,https://departamento.mercadolibre.com.mx/MLM-3176961761-departamento-en-lomas-verdes-primer-piso-solo-6-escalones-vigilancia-247-estacionamiento-propio-cocina-nueva-3-recamaras-2-banos-80-m-vista-abierta-al-parque-listo-para-escritura-_JM,https://http2.mlstatic.com/D_NQ_NP_2X_738932-MLM112371259418_062026-E.webp,Naucalpan,80.0,3.0,2.0,32375.0
Departamento En Venta En Lomas Verdes | Bosques De Lomas Verdes | Amenidades Tipo Club Deportivo,7350000,MXN,"Avenida Lomas Verdes 760, Lomas Verdes 1ra Secc, Naucalpan De Juárez, Lomas Verdes, Naucalpan, Estado De México",171 m² construidos,3 recámaras,3 baños,https://departamento.mercadolibre.com.mx/MLM-3183251991-departamento-en-venta-en-lomas-verdes-bosques-de-lomas-verdes-amenidades-tipo-club-deportivo-_JM,https://http2.mlstatic.com/D_NQ_NP_2X_755774-MLM113901588724_072026-E.webp,Naucalpan,171.0,3.0,3.0,42982.45614035088
Gran Oportunidad En Nua Interlomas,6804000,MXN,"Av. Lomas Anáhuac 80, Bosque De Las Palmas, 52786 Naucalpan De Juárez, Méx., Mexico, La Herradura, Naucalpan, Estado De México",81 m² construidos,2 recámaras,2 baños,https://departamento.mercadolibre.com.mx/MLM-3113968581-gran-oportunidad-en-nua-interlomas-_JM,https://http2.mlstatic.com/D_NQ_NP_2X_643433-MLM103877913559_012026-E.webp,Naucalpan,81.0,2.0,2.0,84000.0
Excelente Departamento Cerca Del Hipódromo,5100000,MXN,"Av. Damián Carmona 37, MZ 014, Manuel Avila Camacho, Naucalpan De Juárez, Gral. Manuel Avila Camacho, Naucalpan, Estado De México",114 m² construidos,2 recámaras,2 baños,https://departamento.mercadolibre.com.mx/MLM-3103129381-excelente-departamento-cerca-del-hipodromo-_JM,https://http2.mlstatic.com/D_NQ_NP_2X_875893-MLM101710961541_122025-E.webp,Naucalpan,114.0,2.0,2.0,44736.84210526316
Departamentos Nuevos En Satélite Desde 140.6m2,5750540,MXN,"Av Sta Cruz Del Monte 95, MZ 1 - 300, Santa Cruz Del Monte, Naucalpan De Juárez, Santa Cruz Del Monte, Naucalpan, Estado De México",140 m² construidos,3 recámaras,2 baños,https://departamento.mercadolibre.com.mx/MLM-3207948379-departamentos-nuevos-en-satelite-desde-1406m2-_JM,https://http2.mlstatic.com/D_NQ_NP_2X_675532-MLM115252575041_072026-E.webp,Naucalpan,140.0,3.0,2.0,41075.28571428572
"Departamento En Venta En Vivenza, Piso 4",7200000,MXN,"Lomas Verdes 1 - 300ta Secc., Naucalpan De Juárez, Lomas Verdes 6a Sección, Naucalpan, Estado De México",160 m² construidos,3 recámaras,2 baños,https://departamento.mercadolibre.com.mx/MLM-5767939378-departamento-en-venta-en-vivenza-piso-4-_JM,https://http2.mlstatic.com/D_NQ_NP_2X_673249-MLM113627890834_072026-E.webp,Naucalpan,160.0,3.0,2.0,45000.0
"3 Recámaras. 2 Baños Completos. Sala Y Comedor. Cuarto De Lavado. 3 Cajones De Estacionamiento. 3er Piso (por Escaleras) Y Acceso A La Azotea Para Adaptar Pequeño Roof Mant $1,700 Vigilancia 24/7",4500000,MXN,"Prolongacion Alamos 102, Los Alamos, 53100 - 53400 Naucalpan De Juárez, Méx., Mexico, La Florida Occipaco, Naucalpan, Estado De México",110 m² construidos,3 recámaras,2 baños,https://departamento.mercadolibre.com.mx/MLM-3130279783-3-recamaras-2-banos-completos-sala-y-comedor-cuarto-de-lavado-3-cajones-de-estacionamiento-3er-piso-por-escaleras-y-acceso-a-la-azotea-para-adaptar-pequeno-roof-mant-1700-vigilancia-247-_JM,https://http2.mlstatic.com/D_NQ_NP_2X_830790-MLM114504767773_072026-E.webp,Naucalpan,110.0,3.0,2.0,40909.09090909091
"Departamento Venta En Fuente De Molinos 48, Tecamachalco,rdv685965",7900000,MXN,"Lomas De Tecamachalco, Naucalpan, Estado De México",240 m² construidos,3 recámaras,3 baños,https://departamento.mercadolibre.com.mx/MLM-3255138265-departamento-venta-en-fuente-de-molinos-48-tecamachalcordv685965-_JM,https://http2.mlstatic.com/D_NQ_NP_2X_761231-MLM115679574363_082026-E.webp,Naucalpan,240.0,3.0,3.0,32916.666666666664
Departamento En Venta Tecamachalco,6650000,MXN,"Fuente De Templanza, Lomas De Tecamachalco, Naucalpan, Estado De México",225 m² construidos,2 recámaras,2 baños,https://departamento.mercadolibre.com.mx/MLM-3254815085-departamento-en-venta-tecamachalco-_JM,https://http2.mlstatic.com/D_NQ_NP_2X_857548-MLM115670785731_082026-E.webp,Naucalpan,225.0,2.0,2.0,29555.555555555555
Departamento En Venta En Bosque Real,6100000,MXN,"Av. Del Silencio, Bosque Real, Naucalpan De Juárez, Naucalpan, Estado De México",120 m² construidos,2 recámaras,2 baños,https://departamento.mercadolibre.com.mx/MLM-4766504756-departamento-en-venta-en-bosque-real-_JM,https://http2.mlstatic.com/D_NQ_NP_2X_635405-MLM89006824234_082025-E.webp,Naucalpan,120.0,2.0,2.0,50833.333333333336
Vendo Departamento En Tiara Tecamachalco,10200000,MXN,"Lomas De Tecamachalco, Naucalpan, Estado De México",214 m² construidos,3 recámaras,3 baños,https://departamento.mercadolibre.com.mx/MLM-5259016868-vendo-departamento-en-tiara-tecamachalco-_JM,https://http2.mlstatic.com/D_NQ_NP_2X_915971-MLM111005632011_042026-E.webp,Naucalpan,214.0,3.0,3.0,47663.55140186916
Venta Pre Venta Departamentos San Mateo Naucalpan,4700000,MXN,"Anexo Jardines De San Mateo, Naucalpan, Estado De México",125 m² construidos,3 recámaras,3 baños,https://departamento.mercadolibre.com.mx/MLM-5655973376-venta-pre-venta-departamentos-san-mateo-naucalpan-_JM,https://http2.mlstatic.com/D_NQ_NP_2X_908478-MLM114250552883_072026-E.webp,Naucalpan,125.0,3.0,3.0,37600.0
"Departamento En Venta, Col. Lomas De Tecamachalco Naucalpan",13780000,MXN,"Fuente De Ceres 36, Col. Lomas De Tecamachalco, Lomas De Tecamachalco, Naucalpan, Estado De México",376 m² construidos,3 recámaras,3 baños,https://departamento.mercadolibre.com.mx/MLM-5252370962-departamento-en-venta-col-lomas-de-tecamachalco-naucalpan-_JM,https://http2.mlstatic.com/D_NQ_NP_2X_797759-MLM110042482240_042026-E.webp,Naucalpan,376.0,3.0,3.0,36648.936170212764
"Departamento Muy Bien Ubicado En Fraccionamiento Cerrado Zona Herradura A Un Muy Buen Precio, 3 Rec",5950000,MXN,"Av Lomas Del Rio Ote 82, MZ 1 - 300, Independencia, Naucalpan De Juárez, La Herradura, Naucalpan, Estado De México",165 m² construidos,3 recámaras,2 baños,https://departamento.mercadolibre.com.mx/MLM-5707344960-departamento-muy-bien-ubicado-en-fraccionamiento-cerrado-zona-herradura-a-un-muy-buen-precio-3-rec-_JM,https://http2.mlstatic.com/D_NQ_NP_2X_643574-MLM114506466051_072026-E.webp,Naucalpan,165.0,3.0,2.0,36060.606060606064
"Departamento Amplio Con Gran Potencial De Remodelación. Ubicado En Tecamachalco, Fuente De Molinos, A 10 Minutos Caminando De Paseo De Las Palmas.",8500000,MXN,"Fuente De Molinos 33, MZ 023, Lomas De San Isidro, Naucalpan De Juárez, Lomas De Tecamachalco Secc. Fuentes, Naucalpan, Estado De México",369 m² construidos,3 recámaras,3 baños,https://departamento.mercadolibre.com.mx/MLM-4420218662-departamento-amplio-con-gran-potencial-de-remodelacion-ubicado-en-tecamachalco-fuente-de-molinos-a-10-minutos-caminando-de-paseo-de-las-palmas-_JM,https://http2.mlstatic.com/D_NQ_NP_2X_693971-MLM99507351255_112025-E.webp,Naucalpan,369.0,3.0,3.0,23035.230352303523
"Vive En El Corazon De Ciudad Satelite Y Disfruta De Este Amplio Departamento Ubicado En Circuito Novelistas, Una Calle Tranquila, Arbolada Y Silenciosa",5300000,MXN,"Cto. Novelistas, Cd. Satélite, Naucalpan De Juárez, Ciudad Satélite, Naucalpan, Estado De México",145 m² construidos,3 recámaras,2 baños,https://departamento.mercadolibre.com.mx/MLM-3014939155-vive-en-el-corazon-de-ciudad-satelite-y-disfruta-de-este-amplio-departamento-ubicado-en-circuito-novelistas-una-calle-tranquila-arbolada-y-silenciosa-_JM,https://http2.mlstatic.com/D_NQ_NP_2X_967280-MLM113324307265_062026-E.webp,Naucalpan,145.0,3.0,2.0,36551.724137931036
"Departamento En Venta, Manuel Ávila Camacho Excelente Opción Para Actualizar",5800000,MXN,"Excelente Opción Para Actualizar, Naucalpan, Estado De México",180 m² construidos,3 recámaras,2 baños,https://departamento.mercadolibre.com.mx/MLM-5823262984-departamento-en-venta-manuel-avila-camacho-excelente-opcion-para-actualizar-_JM,https://http2.mlstatic.com/D_NQ_NP_2X_644581-MLM115204837889_072026-E.webp,Naucalpan,180.0,3.0,2.0,32222.222222222223
Departamento En Nueva Herradura,4500000,MXN,"Showroom Ventas, Cam. Arenero 1 - 300, La Nueva Herradura, Naucalpan De Juárez, La Herradura, Naucalpan, Estado De México",76 m² construidos,2 recámaras,2 baños,https://departamento.mercadolibre.com.mx/MLM-3062872011-departamento-en-nueva-herradura-_JM,https://http2.mlstatic.com/D_NQ_NP_2X_937733-MLM113918490953_062026-E.webp,Naucalpan,76.0,2.0,2.0,59210.52631578947
Venta Departamento 3 Ambientes Lomas Verdes (conjunto Lomas Verdes),9250000,MXN,"BOSQUES DE LOMAS VERDES RESIDENCIAL, 125, Lomas Verdes (Conjunto Lomas Verdes), Naucalpan, Estado De México",228 m² construidos,3 recámaras,3 baños,https://departamento.mercadolibre.com.mx/MLM-5893104532-venta-departamento-3-ambientes-lomas-verdes-conjunto-lomas-verdes-_JM,https://http2.mlstatic.com/D_NQ_NP_2X_799844-MLM114254158446_082026-E.webp,Naucalpan,228.0,3.0,3.0,40570.17543859649
Venta Departamento 2 Ambientes Bosque Alto,6800000,MXN,"Praderas De San Mateo 90, 155, Bosque Alto, Naucalpan, Estado De México",160 m² construidos,2 recámaras,3 baños,https://departamento.mercadolibre.com.mx/MLM-3240485067-venta-departamento-2-ambientes-bosque-alto-_JM,https://http2.mlstatic.com/D_NQ_NP_2X_608925-MLM114204193452_082026-E.webp,Naucalpan,160.0,2.0,3.0,42500.0
Venta Departamento 2 Ambientes Praderas De San Mateo,6800000,MXN,"Camino A Praderas De San Mateo, 125, Praderas De San Mateo, Naucalpan, Estado De México",157 m² construidos,2 recámaras,2 baños,https://departamento.mercadolibre.com.mx/MLM-5884686622-venta-departamento-2-ambientes-praderas-de-san-mateo-_JM,https://http2.mlstatic.com/D_NQ_NP_2X_988206-MLM114204102770_082026-E.webp,Naucalpan,157.0,2.0,2.0,43312.10191082802
Departamento En Venta,2850000,MXN,"De Los Purépechas 8, Santa Cruz Acatlan, Naucalpan, Estado De México",70 m² de terreno,3 recámaras,2 baños,https://departamento.mercadolibre.com.mx/MLM-4832136774-departamento-en-venta-_JM,https://http2.mlstatic.com/D_NQ_NP_2X_744564-MLM107582505551_022026-E.webp,Naucalpan,70.0,3.0,2.0,40714.28571428572
"Departamento En Venta En Naucalpan De Juarez, Lomas Verdes Gis 26-2271",2100000,MXN,"Departamento En Venta En Naucalpan De Juarez, Lomas Verdes GIS 26-2271, Naucalpan, Estado De México",78 m² construidos,2 recámaras,1 baño,https://departamento.mercadolibre.com.mx/MLM-5064025458-departamento-en-venta-en-naucalpan-de-juarez-lomas-verdes-gis-26-2271-_JM,https://http2.mlstatic.com/D_NQ_NP_2X_601568-MLM111866238493_052026-E.webp,Naucalpan,78.0,2.0,1.0,26923.076923076922
Departamento En Venta En Lomas Verdes Hermoso,7350000,MXN,"Avenida Lomas Verdes 760, Lomas Verdes 1ra Secc, Naucalpan De Juárez, Lomas Verdes, Naucalpan, Estado De México",171 m² construidos,3 recámaras,3 baños,https://departamento.mercadolibre.com.mx/MLM-5693285968-departamento-en-venta-en-lomas-verdes-hermoso-_JM,https://http2.mlstatic.com/D_NQ_NP_2X_739189-MLM112731971412_062026-E.webp,Naucalpan,171.0,3.0,3.0,42982.45614035088
"Departamento En Venta En La Concordia, Lomas Verdes, Naucalpan",2400000,MXN,"Capuchinas 0, Lomas Verdes 5a Sección (La Concordia), Naucalpan, Estado De México",70 m² construidos,3 recámaras,1 baño,https://departamento.mercadolibre.com.mx/MLM-5390273734-departamento-en-venta-en-la-concordia-lomas-verdes-naucalpan-_JM,https://http2.mlstatic.com/D_NQ_NP_2X_647718-MLM111083219966_052026-E.webp,Naucalpan,70.0,3.0,1.0,34285.71428571428
"Departamento En Venta, Ubicado A 2 Cuadras De Periférico, Muy Buena Oportunidad.",2950000,MXN,"Lazaro Cardenas, Naucalpan De Juárez, Estado De México, Naucalpan",69 m² construidos,2 recámaras,1 baño,https://departamento.mercadolibre.com.mx/MLM-2847966011-departamento-en-venta-ubicado-a-2-cuadras-de-periferico-muy-buena-oportunidad-_JM,https://http2.mlstatic.com/D_NQ_NP_2X_940072-MLM109277689104_042026-E.webp,Naucalpan,69.0,2.0,1.0,42753.6231884058
"Departamento En Venta Cerca Del Periférico En Naucalpan De Juárez, México",2800000,MXN,"Cerrada Del Pirul 0, Jardines De San Mateo, Naucalpan, Estado De México",90 m² construidos,3 recámaras,2 baños,https://departamento.mercadolibre.com.mx/MLM-4690563182-departamento-en-venta-cerca-del-periferico-en-naucalpan-de-juarez-mexico-_JM,https://http2.mlstatic.com/D_NQ_NP_2X_780664-MLM104799998812_012026-E.webp,Naucalpan,90.0,3.0,2.0,31111.11111111111
Departamento En Venta Lomas Del Río,2917780,MXN,"Lomas Del Río, Naucalpan, Estado De México",63 m² construidos,1 recámara,1 baño,https://departamento.mercadolibre.com.mx/MLM-5241314996-departamento-en-venta-lomas-del-rio-_JM,https://http2.mlstatic.com/D_NQ_NP_2X_877217-MLM114613184875_072026-E.webp,Naucalpan,63.0,1.0,1.0,46313.968253968254
"Townhouse Con Doble Altura En Venta En Lomas Del Río, Naucalpan, Edo De Mex",10500000,MXN,"Lomas Del Río, Naucalpan, Estado De México",283 m² construidos,3 recámaras,3 baños,https://departamento.mercadolibre.com.mx/MLM-4809087254-townhouse-con-doble-altura-en-venta-en-lomas-del-rio-naucalpan-edo-de-mex-_JM,https://http2.mlstatic.com/D_NQ_NP_2X_691416-MLM106751531348_022026-E.webp,Naucalpan,283.0,3.0,3.0,37102.473498233216
Departamento Venta Lomas Verdes Residencial Bosques De Lomas Verdes Lindo,7350000,MXN,"Avenida Lomas Verdes 760, Lomas Verdes 1ra Secc, Naucalpan De Juárez, Lomas Verdes 1a Secc., Naucalpan, Estado De México",171 m² construidos,3 recámaras,3 baños,https://departamento.mercadolibre.com.mx/MLM-5693314474-departamento-venta-lomas-verdes-residencial-bosques-de-lomas-verdes-lindo-_JM,https://http2.mlstatic.com/D_NQ_NP_2X_975983-MLM113037092938_072026-E.webp,Naucalpan,171.0,3.0,3.0,42982.45614035088
Departamento En Venta En Lomas Verdes,4990000,MXN,"JOSE MARIA LUIS MORA Lt 7 Mz 2, Lomas Verdes 6a Sección, Naucalpan De Juárez, Naucalpan, Estado De México",100 m² construidos,2 recámaras,2 baños,https://departamento.mercadolibre.com.mx/MLM-4829882332-departamento-en-venta-en-lomas-verdes-_JM,https://http2.mlstatic.com/D_NQ_NP_2X_675029-MLM107523530963_022026-E.webp,Naucalpan,100.0,2.0,2.0,49900.0
Moderno Departamento De 3 Niveles Super Ubicado. Interlomas,5550000,MXN,"Parque De Alcázar, Palo Solo, Naucalpan De Juárez, Estado De México, Naucalpan",200 m² construidos,3 recámaras,3 baños,https://departamento.mercadolibre.com.mx/MLM-2979686571-moderno-departamento-de-3-niveles-super-ubicado-interlomas-_JM,https://http2.mlstatic.com/D_NQ_NP_2X_643208-MLM112712427031_062026-E.webp,Naucalpan,200.0,3.0,3.0,27750.0
"Departamento En Venta En Lomas Verdes, La Concordia",4200000,MXN,"Lomas Verdes 01, Lomas Verdes 5a Sección (La Concordia), Naucalpan, Estado De México",110 m² construidos,2 recámaras,2 baños,https://departamento.mercadolibre.com.mx/MLM-5262365794-departamento-en-venta-en-lomas-verdes-la-concordia-_JM,https://http2.mlstatic.com/D_NQ_NP_2X_749091-MLM110121759642_042026-E.webp,Naucalpan,110.0,2.0,2.0,38181.818181818184
"Departamento En Venta En Lomas Verdes 5a Sección (la Concordia), Naucalpan De Juárez, México",2550000,MXN,"Sabadoñas 0, Lomas Verdes 5a Sección (La Concordia), Naucalpan, Estado De México",65 m² construidos,2 recámaras,1 baño,https://departamento.mercadolibre.com.mx/MLM-3183963561-departamento-en-venta-en-lomas-verdes-5a-seccion-la-concordia-naucalpan-de-juarez-mexico-_JM,https://http2.mlstatic.com/D_NQ_NP_2X_655197-MLM115036541701_072026-E.webp,Naucalpan,65.0,2.0,1.0,39230.769230769234
Ven A Vivir A Bosque Real. Seguridad Y Lujo En Un Solo Lugar! Con 26 Desarrollos Para Elegir.,8140150,MXN,"Bosque Real Country Club, Naucalpan De Juárez, San Mateo Nopala, Naucalpan, Estado De México",115 m² construidos,2 recámaras,2 baños,https://departamento.mercadolibre.com.mx/MLM-5205162164-ven-a-vivir-a-bosque-real-seguridad-y-lujo-en-un-solo-lugar-con-26-desarrollos-para-elegir-_JM,https://http2.mlstatic.com/D_NQ_NP_2X_940766-MLM110569806557_042026-E.webp,Naucalpan,115.0,2.0,2.0,70783.91304347826
Departamento En Venta En Naucalpan En Ciudad De México,3300000,MXN,"Sin Calle, El Mirador, Naucalpan, Estado De México",115 m² construidos,3 recámaras,2 baños,https://departamento.mercadolibre.com.mx/MLM-2661489931-departamento-en-venta-en-naucalpan-en-ciudad-de-mexico-_JM,https://http2.mlstatic.com/D_NQ_NP_2X_647392-MLM104702260993_012026-E.webp,Naucalpan,115.0,3.0,2.0,28695.652173913044
"Residencial Bosques De Lomas Verdes, Lomas Verdes Naucalpan",9300000,MXN,"Avenida Lomas Verdes 780, Lomas Verdes, Naucalpan De Juárez, Lomas Verdes, Naucalpan, Estado De México",220 m² construidos,3 recámaras,4 baños,https://departamento.mercadolibre.com.mx/MLM-5770106408-residencial-bosques-de-lomas-verdes-lomas-verdes-naucalpan-_JM,https://http2.mlstatic.com/D_NQ_NP_2X_722728-MLM114920893497_072026-E.webp,Naucalpan,220.0,3.0,4.0,42272.72727272727
Magnifico Departamento Prolongacion Alamos Tm,4290000,MXN,"Prolongacion Alamos, Santiago Occipaco, Naucalpan De Juárez, Santiago Occipaco, Naucalpan, Estado De México",122 m² construidos,2 recámaras,2 baños,https://departamento.mercadolibre.com.mx/MLM-3202322055-magnifico-departamento-prolongacion-alamos-tm-_JM,https://http2.mlstatic.com/D_NQ_NP_2X_819188-MLM115213929417_072026-E.webp,Naucalpan,122.0,2.0,2.0,35163.934426229505
Departamento A 15 Minutos De Las Torres De Satelite Excelente Precio Con 3 Recamaras Y 2 Estacionamientos,4403000,MXN,"Perif. Blvd. Manuel Ávila Camacho 1903, Cd. Satélite, 53100 Naucalpan De Juárez, Méx., Mexico, Ciudad Satélite, Naucalpan, Estado De México",100 m² construidos,3 recámaras,2 baños,https://departamento.mercadolibre.com.mx/MLM-3136191787-departamento-a-15-minutos-de-las-torres-de-satelite-excelente-precio-con-3-recamaras-y-2-estacionamientos-_JM,https://http2.mlstatic.com/D_NQ_NP_2X_885226-MLM110133315793_042026-E.webp,Naucalpan,100.0,3.0,2.0,44030.0
Departamento Nuevo En Venta Con 3 Recamaras Y 2 Estacionamientos Cerca De Plaza Satelite,4403000,MXN,"Cto. Historiadores 5, Cd. Satélite, 53100 Naucalpan De Juárez, Méx., Mexico, Adolfo López Mateos, Naucalpan, Estado De México",100 m² construidos,3 recámaras,2 baños,https://departamento.mercadolibre.com.mx/MLM-3136191835-departamento-nuevo-en-venta-con-3-recamaras-y-2-estacionamientos-cerca-de-plaza-satelite-_JM,https://http2.mlstatic.com/D_NQ_NP_2X_916625-MLM110591791320_052026-E.webp,Naucalpan,100.0,3.0,2.0,44030.0
Departamento En Venta En Lomas Verdes | Bosques De Lomas Verdes | Amenidades Tipo Club Deportivo,7350000,MXN,"Bosques De Lomas Verdes 125, MZ 001, Lomas Verdes 1ra Secc, Naucalpan De Juárez, Lomas Verdes, Naucalpan, Estado De México",171 m² construidos,3 recámaras,3 baños,https://departamento.mercadolibre.com.mx/MLM-5823403520-departamento-en-venta-en-lomas-verdes-bosques-de-lomas-verdes-amenidades-tipo-club-deportivo-_JM,https://http2.mlstatic.com/D_NQ_NP_2X_785132-MLM115204253429_072026-E.webp,Naucalpan,171.0,3.0,3.0,42982.45614035088
"Departamento Nuevo En Vía Residences, Interlomas  Entrega Inmediata",6800000,MXN,"Blvd. F.M. 13, Colina Del Sur, Naucalpan De Juárez, Cerrada FM13, Naucalpan, Estado De México",84 m² construidos,2 recámaras,2 baños,https://departamento.mercadolibre.com.mx/MLM-5159289082-departamento-nuevo-en-via-residences-interlomas-entrega-inmediata-_JM,https://http2.mlstatic.com/D_NQ_NP_2X_611905-MLM110516193119_042026-E.webp,Naucalpan,84.0,2.0,2.0,80952.38095238095
Departamento Residencial En Tecamachalco,12999000,MXN,"Fuente De La Juventud 23, Lomas De Tecamachalco, Naucalpan, Estado De México",315 m² construidos,3 recámaras,4 baños,https://departamento.mercadolibre.com.mx/MLM-2559458631-departamento-residencial-en-tecamachalco-_JM,https://http2.mlstatic.com/D_NQ_NP_2X_616973-MLM97652960602_112025-E.webp,Naucalpan,315.0,3.0,4.0,41266.666666666664
Departamento En Venta En Lomas De Tecamachalco,16000000,MXN,"Fuente De Las Águilas 0, Lomas De Tecamachalco, Naucalpan, Estado De México",392 m² construidos,3 recámaras,3 baños,https://departamento.mercadolibre.com.mx/MLM-5412815004-departamento-en-venta-en-lomas-de-tecamachalco-_JM,https://http2.mlstatic.com/D_NQ_NP_2X_896538-MLM112334785649_052026-E.webp,Naucalpan,392.0,3.0,3.0,40816.32653061225
Departamento En Venta En Lomas De Tecamachalco,11980000,MXN,"Fuente De Molinos 0, Lomas De Tecamachalco, Naucalpan, Estado De México",370 m² construidos,3 recámaras,3 baños,https://departamento.mercadolibre.com.mx/MLM-5316081606-departamento-en-venta-en-lomas-de-tecamachalco-_JM,https://http2.mlstatic.com/D_NQ_NP_2X_781253-MLM110539219774_052026-E.webp,Naucalpan,370.0,3.0,3.0,32378.37837837838
"Venta De Departamento Penthouse En Lomas Verdes, Bosques De Lomas Verdes",9750000,MXN,"Lomas Verdes 1a Secc., Naucalpan, Estado De México",284 m² construidos,3 recámaras,3 baños,https://departamento.mercadolibre.com.mx/MLM-4830977680-venta-de-departamento-penthouse-en-lomas-verdes-bosques-de-lomas-verdes-_JM,https://http2.mlstatic.com/D_NQ_NP_2X_781139-MLM106853535450_022026-E.webp,Naucalpan,284.0,3.0,3.0,34330.98591549296
"Exclusivo Ph En Lomas Del Río, Naucalpan | 3 Recámaras Con Baño | Balcones",9900000,MXN,"Lomas Del Río, Naucalpan, Naucalpan, Estado De México",260 m² construidos,3 recámaras,3 baños,https://departamento.mercadolibre.com.mx/MLM-2870798535-exclusivo-ph-en-lomas-del-rio-naucalpan-3-recamaras-con-bano-balcones-_JM,https://http2.mlstatic.com/D_NQ_NP_2X_818554-MLM114908823883_072026-E.webp,Naucalpan,260.0,3.0,3.0,38076.92307692308
Departamento En Venta En Cumbres Herradura Colonia Miramar Naucalpan,5900000,MXN,"Cam. Arenero 150, MZ 049, Miramar, Naucalpan De Juárez, Naucalpan, Estado De México",97 m² construidos,3 recámaras,2 baños,https://departamento.mercadolibre.com.mx/MLM-5644605698-departamento-en-venta-en-cumbres-herradura-colonia-miramar-naucalpan-_JM,https://http2.mlstatic.com/D_NQ_NP_2X_814416-MLM114168171007_072026-E.webp,Naucalpan,97.0,3.0,2.0,60824.742268041235
Departamento En Parque Residencial Los Azulejos,3800000,MXN,"San Mateo Nopala, Naucalpan, Estado De México",136 m² construidos,2 recámaras,2 baños,https://departamento.mercadolibre.com.mx/MLM-5743882000-departamento-en-parque-residencial-los-azulejos-_JM,https://http2.mlstatic.com/D_NQ_NP_2X_757452-MLM114761160941_072026-E.webp,Naucalpan,136.0,2.0,2.0,27941.176470588234
Venta P. H. Con Roof Garden Privado 96 M2 + 2 Autos Techados  Vive En San Juan Totoltepec,3700000,MXN,"Cda. Olivo 7, San Juan Totoltepec, Naucalpan De Juárez, San Juan Totoltepec, Naucalpan, Estado De México",96 m² construidos,2 recámaras,2 baños,https://departamento.mercadolibre.com.mx/MLM-2755970955-venta-p-h-con-roof-garden-privado-96-m2-2-autos-techados-vive-en-san-juan-totoltepec-_JM,https://http2.mlstatic.com/D_NQ_NP_2X_615315-MLM107127622460_022026-E.webp,Naucalpan,96.0,2.0,2.0,38541.666666666664
"Departamento En Venta En Colonia El Parque, Naucalpan De Juárez, Cdmx.",2850000,MXN,"El Parque, Naucalpan, Estado De México",62 m² construidos,1 recámara,1 baño,https://departamento.mercadolibre.com.mx/MLM-5281775034-departamento-en-venta-en-colonia-el-parque-naucalpan-de-juarez-cdmx-_JM,https://http2.mlstatic.com/D_NQ_NP_2X_884193-MLM97794970118_112025-E.webp,Naucalpan,62.0,1.0,1.0,45967.74193548387
Departamentos Nuevos En Venta En La Cúspide,6885037,MXN,"Bosque Alto 195, La Cúspide, Naucalpan, Estado De México",205 m² construidos,3 recámaras,3 baños,https://departamento.mercadolibre.com.mx/MLM-5058812886-departamentos-nuevos-en-venta-en-la-cuspide-_JM,https://http2.mlstatic.com/D_NQ_NP_2X_611575-MLM108497477178_032026-E.webp,Naucalpan,205.0,3.0,3.0,33585.546341463414
Departamento En Venta En Nua Interlomas Bosque De Las Palmas,14750000,MXN,"Blvd Interlomas 1, Bosque De Los Remedios, Naucalpan, Estado De México",192 m² construidos,3 recámaras,3 baños,https://departamento.mercadolibre.com.mx/MLM-3006588259-departamento-en-venta-en-nua-interlomas-bosque-de-las-palmas-_JM,https://http2.mlstatic.com/D_NQ_NP_2X_959870-MLM113173808351_062026-E.webp,Naucalpan,192.0,3.0,3.0,76822.91666666667
Departamento En Venta  Herradura,4500000,MXN,"Miramar, Naucalpan, Estado De México",82 m² construidos,3 recámaras,2 baños,https://departamento.mercadolibre.com.mx/MLM-4977930692-departamento-en-venta-herradura-_JM,https://http2.mlstatic.com/D_NQ_NP_2X_798469-MLM108431337609_032026-E.webp,Naucalpan,82.0,3.0,2.0,54878.04878048781
Departamento En Venta Lomas De Tecamachalco,8750000,MXN,"Lomas De Tecamachalco, Naucalpan, Estado De México",286 m² construidos,3 recámaras,3 baños,https://departamento.mercadolibre.com.mx/MLM-2858437723-departamento-en-venta-lomas-de-tecamachalco-_JM,https://http2.mlstatic.com/D_NQ_NP_2X_890368-MLM96318070774_102025-E.webp,Naucalpan,286.0,3.0,3.0,30594.405594405594
"Departamento En Venta En Alta Vitta, Lomas Verdes 6a Sec., Con Excelente Vista",8200000,MXN,"Lomas Verdes 6a Sección, Naucalpan, Estado De México",180 m² construidos,3 recámaras,3 baños,https://departamento.mercadolibre.com.mx/MLM-5347926338-departamento-en-venta-en-alta-vitta-lomas-verdes-6a-sec-con-excelente-vista-_JM,https://http2.mlstatic.com/D_NQ_NP_2X_737280-MLM110757700934_052026-E.webp,Naucalpan,180.0,3.0,3.0,45555.555555555555
"Venta Departamento A Estrenar En Fuente De Las Vestales, Tecamachalco",12900000,MXN,"Lomas De Tecamachalco, Naucalpan, Estado De México",340 m² construidos,3 recámaras,3 baños,https://departamento.mercadolibre.com.mx/MLM-2985345215-venta-departamento-a-estrenar-en-fuente-de-las-vestales-tecamachalco-_JM,https://http2.mlstatic.com/D_NQ_NP_2X_918725-MLM112817688267_062026-E.webp,Naucalpan,340.0,3.0,3.0,37941.17647058824
"Departamento Venta A Estrenar, Fuente De Diana Tecamachalco",13000000,MXN,"Lomas De Tecamachalco, Naucalpan, Estado De México",270 m² construidos,3 recámaras,3 baños,https://departamento.mercadolibre.com.mx/MLM-2985333113-departamento-venta-a-estrenar-fuente-de-diana-tecamachalco-_JM,https://http2.mlstatic.com/D_NQ_NP_2X_604482-MLM113513799954_072026-E.webp,Naucalpan,270.0,3.0,3.0,48148.148148148146
Venta Departamento Torre Manhattan Lomas De Tecamachalco,9800000,MXN,"Av De Las Fuentes, Lomas De Tecamachalco, Naucalpan De Juárez, Lomas De Tecamachalco, Naucalpan, Estado De México",296 m² construidos,3 recámaras,2 baños,https://departamento.mercadolibre.com.mx/MLM-4055942742-venta-departamento-torre-manhattan-lomas-de-tecamachalco-_JM,https://http2.mlstatic.com/D_NQ_NP_2X_890377-MLM82147700854_022025-E.webp,Naucalpan,296.0,3.0,2.0,33108.10810810811
"Departamento Para Remodelar En Venta, Tecamachalco, Primera Seccion",8500000,MXN,"Fuente De Molinos 43, Lomas De Tecamachalco, Naucalpan, Estado De México",337 m² construidos,3 recámaras,3 baños,https://departamento.mercadolibre.com.mx/MLM-3066095599-departamento-para-remodelar-en-venta-tecamachalco-primera-seccion-_JM,https://http2.mlstatic.com/D_NQ_NP_2X_716375-MLM112764051242_062026-E.webp,Naucalpan,337.0,3.0,3.0,25222.55192878338
Departamentos En Venta  Fuente De Molinos,9450000,MXN,"Reforma Social (Lomas De San Isidro), Naucalpan, Estado De México",190 m² construidos,3 recámaras,3 baños,https://departamento.mercadolibre.com.mx/MLM-3009372613-departamentos-en-venta-fuente-de-molinos-_JM,https://http2.mlstatic.com/D_NQ_NP_2X_817034-MLM95540574470_102025-E.webp,Naucalpan,190.0,3.0,3.0,49736.84210526316
"Departamento En Venta En Buenavista, Naucalpan De Juárez, México",6790000,MXN,"Fracc Lomas Del Rio Mirabella III 000, Buenavista, Naucalpan, Estado De México",164 m² construidos,3 recámaras,4 baños,https://departamento.mercadolibre.com.mx/MLM-5051394402-departamento-en-venta-en-buenavista-naucalpan-de-juarez-mexico-_JM,https://http2.mlstatic.com/D_NQ_NP_2X_797505-MLM89242254086_082025-E.webp,Naucalpan,164.0,3.0,4.0,41402.439024390245
Se Vende Departamento En La Enramada,9940000,MXN,"Country Club, Naucalpan, Estado De México",240 m² construidos,3 recámaras,3 baños,https://departamento.mercadolibre.com.mx/MLM-2907643771-se-vende-departamento-en-la-enramada-_JM,https://http2.mlstatic.com/D_NQ_NP_2X_888483-MLM111198832227_052026-E.webp,Naucalpan,240.0,3.0,3.0,41416.666666666664
Departamentos En Preventa En Bosque Real,19920000,MXN,"Bosque Real, Avenida Corporativa, Naucalpan, Estado De México",332 m² construidos,2 recámaras,2 baños,https://departamento.mercadolibre.com.mx/MLM-5578320934-departamentos-en-preventa-en-bosque-real-_JM,https://http2.mlstatic.com/D_NQ_NP_2X_701697-MLM113778613805_062026-E.webp,Naucalpan,332.0,2.0,2.0,60000.0
"Departamento Pent House En Venta Lomas Del Rio, Con Roof Top Privado",8500000,MXN,"Lomas Del Río Poniente 36, Lomas Del Río, Naucalpan, Estado De México",352 m² construidos,2 recámaras,2 baños,https://departamento.mercadolibre.com.mx/MLM-3065984201-departamento-pent-house-en-venta-lomas-del-rio-con-roof-top-privado-_JM,https://http2.mlstatic.com/D_NQ_NP_2X_610309-MLM112764056058_062026-E.webp,Naucalpan,352.0,2.0,2.0,24147.727272727272
Garden One | Preventa En Lomas Del Río.,9811000,MXN,"C. Emilio G. Baz, Independencia, Naucalpan De Juárez, Lomas Del Río, Naucalpan, Estado De México",211 m² construidos,3 recámaras,3 baños,https://departamento.mercadolibre.com.mx/MLM-2776143183-garden-one-preventa-en-lomas-del-rio-_JM,https://http2.mlstatic.com/D_NQ_NP_2X_758154-MLM108438578147_032026-E.webp,Naucalpan,211.0,3.0,3.0,46497.63033175356
Venta Departamentos Tecamachalco Con Terrazas Nuevos (r),14545000,MXN,"Lomas De Tecamachalco, Naucalpan, Estado De México",315 m² construidos,3 recámaras,3 baños,https://departamento.mercadolibre.com.mx/MLM-5747050206-venta-departamentos-tecamachalco-con-terrazas-nuevos-r-_JM,https://http2.mlstatic.com/D_NQ_NP_2X_634231-MLM88307149644_072025-E.webp,Naucalpan,315.0,3.0,3.0,46174.60317460317
"Departamento En Venta En La Nueva Herradura, Naucalpan, Edo. México",5499000,MXN,"La Nueva Herradura, Naucalpan Edo. México, Naucalpan, Estado De México",109 m² construidos,3 recámaras,2 baños,https://departamento.mercadolibre.com.mx/MLM-5706443700-departamento-en-venta-en-la-nueva-herradura-naucalpan-edo-mexico-_JM,https://http2.mlstatic.com/D_NQ_NP_2X_735710-MLM113263185872_072026-E.webp,Naucalpan,109.0,3.0,2.0,50449.54128440367
Departamentos En  Venta  Lomas Verdes 6ta Secc,11150000,MXN,"Lomas Verdes 6a Sección, Naucalpan, Estado De México",285 m² construidos,3 recámaras,2 baños,https://departamento.mercadolibre.com.mx/MLM-4830225208-departamentos-en-venta-lomas-verdes-6ta-secc-_JM,https://http2.mlstatic.com/D_NQ_NP_2X_838308-MLM106850758860_022026-E.webp,Naucalpan,285.0,3.0,2.0,39122.80701754386
Departamentos En Venta En Naucalpan De Juárez,4599000,MXN,"Ricardo Flores Magón, Naucalpan, Estado De México",88 m² construidos,2 recámaras,2 baños,https://departamento.mercadolibre.com.mx/MLM-4965375282-departamentos-en-venta-en-naucalpan-de-juarez-_JM,https://http2.mlstatic.com/D_NQ_NP_2X_657553-MLM114038287106_072026-E.webp,Naucalpan,88.0,2.0,2.0,52261.36363636364
"Apartamentos En Venta En Lomas Del Huizachal, Naucalpan De Juárez Con Altas Prestaciones",5300000,MXN,"Sin Calle, Lomas Del Huizachal, Naucalpan, Estado De México",108 m² construidos,3 recámaras,2 baños,https://departamento.mercadolibre.com.mx/MLM-5106775674-apartamentos-en-venta-en-lomas-del-huizachal-naucalpan-de-juarez-con-altas-prestaciones-_JM,https://http2.mlstatic.com/D_NQ_NP_2X_650625-MLM109881006907_032026-E.webp,Naucalpan,108.0,3.0,2.0,49074.07407407407
¡espectacular Departamento En Venta En Fuente De Pirámides!,4900000,MXN,"Lomas De Tecamachalco, Naucalpan, Estado De México",100 m² construidos,2 recámaras,1 baño,https://departamento.mercadolibre.com.mx/MLM-5029711308-espectacular-departamento-en-venta-en-fuente-de-piramides-_JM,https://http2.mlstatic.com/D_NQ_NP_2X_832140-MLM108958650925_032026-E.webp,Naucalpan,100.0,2.0,1.0,49000.0
Fuente De Pirámides 10 Excelente Departamento A La Venta !,6800000,MXN,"Lomas De Tecamachalco, Naucalpan, Estado De México",160 m² construidos,3 recámaras,2 baños,https://departamento.mercadolibre.com.mx/MLM-5511477380-fuente-de-piramides-10-excelente-departamento-a-la-venta--_JM,https://http2.mlstatic.com/D_NQ_NP_2X_765319-MLM113314625085_062026-E.webp,Naucalpan,160.0,3.0,2.0,42500.0
"Departamento En Venta, Con Mucho Potencial En Tecamachalco",8500000,MXN,"Fuente De Molinos 43, Lomas De Tecamachalco, Naucalpan, Estado De México",337 m² construidos,3 recámaras,3 baños,https://departamento.mercadolibre.com.mx/MLM-3066094247-departamento-en-venta-con-mucho-potencial-en-tecamachalco-_JM,https://http2.mlstatic.com/D_NQ_NP_2X_901141-MLM112763839618_062026-E.webp,Naucalpan,337.0,3.0,3.0,25222.55192878338
"Departamento En Lomas Del Río, Naucalpan De Juárez - Oportunidad De Venta",6000000,MXN,"Av. Bosque De Minas 59, Lomas Del Río, Naucalpan, Estado De México",164 m² construidos,3 recámaras,2 baños,https://departamento.mercadolibre.com.mx/MLM-3034278579-departamento-en-lomas-del-rio-naucalpan-de-juarez-oportunidad-de-venta-_JM,https://http2.mlstatic.com/D_NQ_NP_2X_938783-MLM113568089751_062026-E.webp,Naucalpan,164.0,3.0,2.0,36585.365853658535
"Departamento Tipo Lofts En Venta, Interlomas",3300000,MXN,"Country Club, Naucalpan, Estado De México",47 m² construidos,1 recámara,1 baño,https://departamento.mercadolibre.com.mx/MLM-3087777823-departamento-tipo-lofts-en-venta-interlomas-_JM,https://http2.mlstatic.com/D_NQ_NP_2X_896151-MLM112967376396_072026-E.webp,Naucalpan,47.0,1.0,1.0,70212.76595744681
"Venta  Departamentos  Tecamachalco, Nuevos De De Lujo(r)",13199000,MXN,"Lomas De Tecamachalco, Naucalpan, Estado De México",375 m² construidos,3 recámaras,3 baños,https://departamento.mercadolibre.com.mx/MLM-3153963973-venta-departamentos-tecamachalco-nuevos-de-de-lujor-_JM,https://http2.mlstatic.com/D_NQ_NP_2X_861479-MLM88651785415_072025-E.webp,Naucalpan,375.0,3.0,3.0,35197.333333333336
"Departamento En Venta En La Nueva Herradura, Naucalpan, Edo. México",4899000,MXN,"La Nueva Herradura, Naucalpan Edo. México, Naucalpan, Estado De México",84 m² construidos,2 recámaras,2 baños,https://departamento.mercadolibre.com.mx/MLM-5706452642-departamento-en-venta-en-la-nueva-herradura-naucalpan-edo-mexico-_JM,https://http2.mlstatic.com/D_NQ_NP_2X_903134-MLM114503950943_072026-E.webp,Naucalpan,84.0,2.0,2.0,58321.42857142857
Departamento En Venta En Tecamachalco,15000000,MXN,"Lomas De Tecamachalco, Naucalpan, Estado De México",306 m² construidos,3 recámaras,3 baños,https://departamento.mercadolibre.com.mx/MLM-3113497925-departamento-en-venta-en-tecamachalco-_JM,https://http2.mlstatic.com/D_NQ_NP_2X_642230-MLM113147465318_072026-E.webp,Naucalpan,306.0,3.0,3.0,49019.60784313725
Departamento En Venta En La Concordia | 3 Recámaras + 3 Estacionamientos Tech,4385000,MXN,"Lomas Verdes 5a Sección (La Concordia), Naucalpan, Estado De México",92 m² construidos,3 recámaras,2 baños,https://departamento.mercadolibre.com.mx/MLM-2978503453-departamento-en-venta-en-la-concordia-3-recamaras-3-estacionamientos-tech-_JM,https://http2.mlstatic.com/D_NQ_NP_2X_724727-MLM112686336439_062026-E.webp,Naucalpan,92.0,3.0,2.0,47663.04347826087
Venta De Departamento Nuevo Al Poniente,4499000,MXN,"Jorullo 22a, Ricardo Flores Magon, 53820 Naucalpan De Juárez, Méx., Mexico, La Herradura, Naucalpan, Estado De México",76 m² construidos,2 recámaras,2 baños,https://departamento.mercadolibre.com.mx/MLM-2775982635-venta-de-departamento-nuevo-al-poniente-_JM,https://http2.mlstatic.com/D_NQ_NP_2X_664051-MLM108433828325_032026-E.webp,Naucalpan,76.0,2.0,2.0,59197.36842105263
Oportunidad! Hermoso Departamento En Venta En Residencial Santa Cruz,5515000,MXN,"Cruz De La Florida, Santa Cruz Del Monte, Naucalpan De Juárez, Santa Cruz Del Monte, Naucalpan, Estado De México",111 m² construidos,3 recámaras,2 baños,https://departamento.mercadolibre.com.mx/MLM-5357308864-oportunidad-hermoso-departamento-en-venta-en-residencial-santa-cruz-_JM,https://http2.mlstatic.com/D_NQ_NP_2X_629606-MLM110837935074_052026-E.webp,Naucalpan,111.0,3.0,2.0,49684.68468468468
Departamento En Venta En Bosque De Lomas Verdes,7250000,MXN,"Lomas Verdes, Naucalpan De Juárez, Lomas Verdes, Naucalpan, Estado De México",148 m² construidos,3 recámaras,3 baños,https://departamento.mercadolibre.com.mx/MLM-2635212301-departamento-en-venta-en-bosque-de-lomas-verdes-_JM,https://http2.mlstatic.com/D_NQ_NP_2X_803952-MLM101998896639_122025-E.webp,Naucalpan,148.0,3.0,3.0,48986.48648648649
"Departamentos En Venta En Lomas Del Huizachal, Naucalpan De Juárez",4900000,MXN,"Camino Arenero  1 - 300, Lomas Del Huizachal, Naucalpan, Estado De México",84 m² construidos,2 recámaras,2 baños,https://departamento.mercadolibre.com.mx/MLM-5106886244-departamentos-en-venta-en-lomas-del-huizachal-naucalpan-de-juarez-_JM,https://http2.mlstatic.com/D_NQ_NP_2X_819148-MLM109880981375_032026-E.webp,Naucalpan,84.0,2.0,2.0,58333.333333333336
Venta De Departamentos.  Fuente De La Jubentud 74 Excelente Ubicación,9850000,MXN,"FUENTE DE JUVENTUD 74, Lomas De Tecamachalco, Naucalpan, Estado De México",186 m² construidos,3 recámaras,3 baños,https://departamento.mercadolibre.com.mx/MLM-2993165033-venta-de-departamentos-fuente-de-la-jubentud-74-excelente-ubicacion-_JM,https://http2.mlstatic.com/D_NQ_NP_2X_659148-MLM112949807421_062026-E.webp,Naucalpan,186.0,3.0,3.0,52956.98924731183
Amplio Y Luminoso Departamento En Venta En La 6a Sección De Lomas Verdes,7700000,MXN,"Del Volador  #x, Lomas Verdes 6a Sección, Naucalpan, Estado De México",222 m² construidos,3 recámaras,3 baños,https://departamento.mercadolibre.com.mx/MLM-4961070426-amplio-y-luminoso-departamento-en-venta-en-la-6a-seccion-de-lomas-verdes-_JM,https://http2.mlstatic.com/D_NQ_NP_2X_997010-MLM108264357987_032026-E.webp,Naucalpan,222.0,3.0,3.0,34684.68468468468
Exclusivo Penthouse Con Vista Panorámica En Venta En Lomas Verdes Tercera Sección.,9500000,MXN,"Paseo De Las Americas  25, Naucalpan, Estado De México",218 m² construidos,3 recámaras,3 baños,https://departamento.mercadolibre.com.mx/MLM-2748627439-exclusivo-penthouse-con-vista-panoramica-en-venta-en-lomas-verdes-tercera-seccion-_JM,https://http2.mlstatic.com/D_NQ_NP_2X_844793-MLM107519563197_022026-E.webp,Naucalpan,218.0,3.0,3.0,43577.98165137615
"Bosques Lomas Verdes, Vigilancia 24 Hrs, Amenidades, Bodega , Cerca Pista",6550000,MXN,"Avenida Lomas Verdes 780, Lomas Verdes, Naucalpan De Juárez, Lomas Verdes 1a Secc., Naucalpan, Estado De México",154 m² construidos,3 recámaras,3 baños,https://departamento.mercadolibre.com.mx/MLM-3176298653-bosques-lomas-verdes-vigilancia-24-hrs-amenidades-bodega-cerca-pista-_JM,https://http2.mlstatic.com/D_NQ_NP_2X_961886-MLM114975460115_072026-E.webp,Naucalpan,154.0,3.0,3.0,42532.46753246753
"Lomas Verdes, Residencial Bosques, Departamento 194 Mts, Amenidades, Vigilancia",7000000,MXN,"Avenida Lomas Verdes 760, Lomas Verdes 1ra Secc, Naucalpan De Juárez, Lomas Verdes 1a Secc., Naucalpan, Estado De México",194 m² construidos,3 recámaras,3 baños,https://departamento.mercadolibre.com.mx/MLM-5843637126-lomas-verdes-residencial-bosques-departamento-194-mts-amenidades-vigilancia-_JM,https://http2.mlstatic.com/D_NQ_NP_2X_735197-MLM115298191167_072026-E.webp,Naucalpan,194.0,3.0,3.0,36082.47422680412
Venta De Bonito Departamento En Los Álamos Agp,4290000,MXN,"Los Álamos, Los Alamos, Naucalpan, Estado De México",122 m² construidos,2 recámaras,2 baños,https://departamento.mercadolibre.com.mx/MLM-3202747369-venta-de-bonito-departamento-en-los-alamos-agp-_JM,https://http2.mlstatic.com/D_NQ_NP_2X_735563-MLM115217481091_072026-E.webp,Naucalpan,122.0,2.0,2.0,35163.934426229505
Departamento En Venta En Lomas Del Olivo En Ciudad De México,5000000,MXN,"Sin Calle, El Olivar, Naucalpan, Estado De México",155 m² construidos,3 recámaras,2 baños,https://departamento.mercadolibre.com.mx/MLM-2661925751-departamento-en-venta-en-lomas-del-olivo-en-ciudad-de-mexico-_JM,https://http2.mlstatic.com/D_NQ_NP_2X_951553-MLM111400662211_052026-E.webp,Naucalpan,155.0,3.0,2.0,32258.064516129034
Departamento En Renta Bosque Real,5590000,MXN,"Venta De Departamento En Bosque Real, 52774 Naucalpan De Juárez, Méx., Naucalpan, Estado De México",100 m² construidos,2 recámaras,3 baños,https://departamento.mercadolibre.com.mx/MLM-3222481849-departamento-en-renta-bosque-real-_JM,https://http2.mlstatic.com/D_NQ_NP_2X_796891-MLM114035735614_072026-E.webp,Naucalpan,100.0,2.0,3.0,55900.0
Departamento En Venta - Naucalpan,6850000,MXN,"Naucalpan, Estado De México",213 m² construidos,3 recámaras,3 baños,https://departamento.mercadolibre.com.mx/MLM-2669375511-departamento-en-venta-naucalpan-_JM,https://http2.mlstatic.com/D_NQ_NP_2X_773991-MLM108254384653_032026-E.webp,Naucalpan,213.0,3.0,3.0,32159.62441314554
"Departamento En Venta, Lomas Verdes, 2 Recamaras.",2450000,MXN,"Lomas Verdes 5a Sección (La Concordia), Naucalpan, Estado De México",75 m² construidos,2 recámaras,1 baño,https://departamento.mercadolibre.com.mx/MLM-5893622194-departamento-en-venta-lomas-verdes-2-recamaras-_JM,https://http2.mlstatic.com/D_NQ_NP_2X_811843-MLM114258299928_082026-E.webp,Naucalpan,75.0,2.0,1.0,32666.666666666668
"Departamento En Venta, Mirabella Iii, 3 Recámaras",7000000,MXN,"Lomas Del Río, Naucalpan, Estado De México",164 m² construidos,3 recámaras,3 baños,https://departamento.mercadolibre.com.mx/MLM-5178842128-departamento-en-venta-mirabella-iii-3-recamaras-_JM,https://http2.mlstatic.com/D_NQ_NP_2X_884926-MLM109520505158_042026-E.webp,Naucalpan,164.0,3.0,3.0,42682.92682926829
"Departamento En Venta, Zereniti Residencial, 3 Recamaras",15000000,MXN,"Country Club, Naucalpan, Estado De México",305 m² construidos,3 recámaras,3 baños,https://departamento.mercadolibre.com.mx/MLM-2750059123-departamento-en-venta-zereniti-residencial-3-recamaras-_JM,https://http2.mlstatic.com/D_NQ_NP_2X_958880-MLM107592468203_022026-E.webp,Naucalpan,305.0,3.0,3.0,49180.32786885246
"Venta De Departamento De 4 Recámaras, Con Roof Garden Privado, Cerca De Campo De Golf De Chapultepec, Colonia Country Club, Cerca De La Herradura Y Conscripto, Naucalpan, Cdmx, Mexico",10190505,MXN,"C. Magnolias 44, MZ 018, Heroes De La Revolucion, Naucalpan De Juárez, Héroes De La Revolución, Naucalpan, Estado De México",201 m² construidos,4 recámaras,5 baños,https://departamento.mercadolibre.com.mx/MLM-2831498141-venta-de-departamento-de-4-recamaras-con-roof-garden-privado-cerca-de-campo-de-golf-de-chapultepec-colonia-country-club-cerca-de-la-herradura-y-conscripto-naucalpan-cdmx-mexico-_JM,https://http2.mlstatic.com/D_NQ_NP_2X_927091-MLM89751775809_082025-E.webp,Naucalpan,201.0,4.0,5.0,50699.02985074627
"Departamento En Venta, Lomas Verdes , 3 Recamaras",14400000,MXN,"Lomas Verdes (Conjunto Lomas Verdes), Naucalpan, Estado De México",263 m² construidos,3 recámaras,3 baños,https://departamento.mercadolibre.com.mx/MLM-2865179401-departamento-en-venta-lomas-verdes-3-recamaras-_JM,https://http2.mlstatic.com/D_NQ_NP_2X_611630-MLM109559340440_042026-E.webp,Naucalpan,263.0,3.0,3.0,54752.85171102662
"Naucalpan, Santa Cruz De La Concepción",4500000,MXN,"Santa Cruz Del Monte, Naucalpan, Estado De México",101 m² construidos,2 recámaras,2 baños,https://departamento.mercadolibre.com.mx/MLM-5609271590-naucalpan-santa-cruz-de-la-concepcion-_JM,https://http2.mlstatic.com/D_NQ_NP_2X_886795-MLM112773478788_062026-E.webp,Naucalpan,101.0,2.0,2.0,44554.455445544554
Departamento En Venta Lomas De Tecamachalco,12000000,MXN,"Lomas De Tecamachalco, Naucalpan, Estado De México",300 m² construidos,3 recámaras,3 baños,https://departamento.mercadolibre.com.mx/MLM-5159143108-departamento-en-venta-lomas-de-tecamachalco-_JM,https://http2.mlstatic.com/D_NQ_NP_2X_652229-MLM114980920469_072026-E.webp,Naucalpan,300.0,3.0,3.0,40000.0
Venta Departamento Santa Cruz,5800000,MXN,"Santa Cruz Del Monte, Naucalpan, Estado De México",111 m² construidos,3 recámaras,2 baños,https://departamento.mercadolibre.com.mx/MLM-3066764981-venta-departamento-santa-cruz-_JM,https://http2.mlstatic.com/D_NQ_NP_2X_885472-MLM112773508144_062026-E.webp,Naucalpan,111.0,3.0,2.0,52252.252252252256
Departamento / Venta / Lomas De Tecamachalco / Naucalpan,14800000,MXN,"Lomas De Tecamachalco, Naucalpan, Estado De México",220 m² construidos,3 recámaras,3 baños,https://departamento.mercadolibre.com.mx/MLM-5510749462-departamento-venta-lomas-de-tecamachalco-naucalpan-_JM,https://http2.mlstatic.com/D_NQ_NP_2X_722981-MLM114606251787_072026-E.webp,Naucalpan,220.0,3.0,3.0,67272.72727272728
Departamento En Venta En Tecamachalco,8900000,MXN,"Lomas De Tecamachalco, Naucalpan, Estado De México",242 m² construidos,3 recámaras,3 baños,https://departamento.mercadolibre.com.mx/MLM-5159168728-departamento-en-venta-en-tecamachalco-_JM,https://http2.mlstatic.com/D_NQ_NP_2X_926860-MLM114899549697_072026-E.webp,Naucalpan,242.0,3.0,3.0,36776.85950413223
"Departamento En Venta En Lomas De Tecamachalco,  Naucalpan De Juárez",10300000,MXN,"Tecamachalco, State Of Mexico, Naucalpan De Juárez, Lomas De Tecamachalco, Naucalpan, Estado De México",290 m² construidos,3 recámaras,3 baños,https://departamento.mercadolibre.com.mx/MLM-5263908278-departamento-en-venta-en-lomas-de-tecamachalco-naucalpan-de-juarez-_JM,https://http2.mlstatic.com/D_NQ_NP_2X_762453-MLM111041317683_042026-E.webp,Naucalpan,290.0,3.0,3.0,35517.24137931035
Preventa De Lujosos Departamentos En Lomas Anáhuac,9960000,MXN,"Sin Calle, Lomas De Tecamachalco, Naucalpan, Estado De México",255 m² construidos,3 recámaras,3 baños,https://departamento.mercadolibre.com.mx/MLM-5866583982-preventa-de-lujosos-departamentos-en-lomas-anahuac-_JM,https://http2.mlstatic.com/D_NQ_NP_2X_964344-MLM115402868551_072026-E.webp,Naucalpan,255.0,3.0,3.0,39058.82352941176
Venta Departamento En Bosque De Lomas Verdes,7000000,MXN,"Lomas Verdes 1a Secc., Naucalpan, Estado De México",192 m² construidos,4 recámaras,2 baños,https://departamento.mercadolibre.com.mx/MLM-3242896873-venta-departamento-en-bosque-de-lomas-verdes-_JM,https://http2.mlstatic.com/D_NQ_NP_2X_850438-MLM114226080904_082026-E.webp,Naucalpan,192.0,4.0,2.0,36458.333333333336
Departamento En Torre Manhattan Tecamachalco Venta,10000000,MXN,"Sin Calle, Lomas De Tecamachalco, Naucalpan, Estado De México",285 m² construidos,3 recámaras,2 baños,https://departamento.mercadolibre.com.mx/MLM-5866583984-departamento-en-torre-manhattan-tecamachalco-venta-_JM,https://http2.mlstatic.com/D_NQ_NP_2X_627762-MLM115402894589_072026-E.webp,Naucalpan,285.0,3.0,2.0,35087.71929824561
Departamento De Un Solo Piso Con Opcion De Dividir En Venta En Tecamachalco,12000000,MXN,"Sin Calle, Lomas De Tecamachalco, Naucalpan, Estado De México",290 m² construidos,4 recámaras,4 baños,https://departamento.mercadolibre.com.mx/MLM-5866596310-departamento-de-un-solo-piso-con-opcion-de-dividir-en-venta-en-tecamachalco-_JM,https://http2.mlstatic.com/D_NQ_NP_2X_640223-MLM115402860867_072026-E.webp,Naucalpan,290.0,4.0,4.0,41379.31034482759
Departamento En Venta En Ciudad Satélite,4580000,MXN,"Calle Benito Juárez 93, Ciudad Satélite, Naucalpan, Estado De México",98 m² construidos,2 recámaras,2 baños,https://departamento.mercadolibre.com.mx/MLM-4995459670-departamento-en-venta-en-ciudad-satelite-_JM,https://http2.mlstatic.com/D_NQ_NP_2X_612273-MLM107885246866_032026-E.webp,Naucalpan,98.0,2.0,2.0,46734.69387755102
Departamento En Venta En Ciudad Satélite,5515000,MXN,"Cruz De La Florida, Ciudad Satélite, Naucalpan, Estado De México",111 m² construidos,3 recámaras,2 baños,https://departamento.mercadolibre.com.mx/MLM-5488223958-departamento-en-venta-en-ciudad-satelite-_JM,https://http2.mlstatic.com/D_NQ_NP_2X_724367-MLM113075175363_062026-E.webp,Naucalpan,111.0,3.0,2.0,49684.68468468468
Departamento En Venta En Lomas Verdes 5a Sección,11150000,MXN,"General Miguel Miramon, Lomas Verdes 5a Sección (La Concordia), Naucalpan, Estado De México",285 m² construidos,3 recámaras,3 baños,https://departamento.mercadolibre.com.mx/MLM-4761767720-departamento-en-venta-en-lomas-verdes-5a-seccion-_JM,https://http2.mlstatic.com/D_NQ_NP_2X_689552-MLM106830353331_022026-E.webp,Naucalpan,285.0,3.0,3.0,39122.80701754386
Departamento En Venta En Lomas Verdes,11700000,MXN,"Bosques De Lomas Verdes, Lomas Verdes, Naucalpan, Estado De México",300 m² construidos,3 recámaras,4 baños,https://departamento.mercadolibre.com.mx/MLM-4761819724-departamento-en-venta-en-lomas-verdes-_JM,https://http2.mlstatic.com/D_NQ_NP_2X_840027-MLM108393976011_032026-E.webp,Naucalpan,300.0,3.0,4.0,39000.0
"Departamento En Venta |praderas De San Mateo, Naucalpan, Estado De México",3365000,MXN,"Praderas De San Mateo S/N, Naucalpan, Estado De México",117 m² construidos,2 recámaras,3 baños,https://departamento.mercadolibre.com.mx/MLM-5823879980-departamento-en-venta-praderas-de-san-mateo-naucalpan-estado-de-mexico-_JM,https://http2.mlstatic.com/D_NQ_NP_2X_712636-MLM115395773525_072026-E.webp,Naucalpan,117.0,2.0,3.0,28760.68376068376
Departamento En Venta En Bosque Real,15287800,MXN,"Avenida Vista Real Número 15, Real Del Bosque, Naucalpan, Estado De México",317 m² construidos,3 recámaras,3 baños,https://departamento.mercadolibre.com.mx/MLM-2984750419-departamento-en-venta-en-bosque-real-_JM,https://http2.mlstatic.com/D_NQ_NP_2X_845011-MLM112803813627_062026-E.webp,Naucalpan,317.0,3.0,3.0,48226.49842271293
Departamento En Venta En Bosque Real,10800000,MXN,"Residencial Green 0, Real Del Bosque, Naucalpan, Estado De México",260 m² construidos,3 recámaras,3 baños,https://departamento.mercadolibre.com.mx/MLM-4761808482-departamento-en-venta-en-bosque-real-_JM,https://http2.mlstatic.com/D_NQ_NP_2X_803167-MLM106831512963_022026-E.webp,Naucalpan,260.0,3.0,3.0,41538.46153846154
Departamento En Venta En Bosque Real,13250000,MXN,"Avenida Loma Alta, La Mancha, Naucalpan, Estado De México",315 m² construidos,3 recámaras,3 baños,https://departamento.mercadolibre.com.mx/MLM-4761832514-departamento-en-venta-en-bosque-real-_JM,https://http2.mlstatic.com/D_NQ_NP_2X_994316-MLM106830349939_022026-E.webp,Naucalpan,315.0,3.0,3.0,42063.49206349206
Departamento En Venta En Bosque Real,8490000,MXN,"Avenida Loma Alta, La Mancha, Naucalpan, Estado De México",200 m² construidos,3 recámaras,3 baños,https://departamento.mercadolibre.com.mx/MLM-4995471282-departamento-en-venta-en-bosque-real-_JM,https://http2.mlstatic.com/D_NQ_NP_2X_894514-MLM107885162234_032026-E.webp,Naucalpan,200.0,3.0,3.0,42450.0
Departamento En Venta En Lomas De Tecamachalco,8500000,MXN,"Fuente De La Juventud, Lomas De Tecamachalco, Naucalpan, Estado De México",244 m² construidos,3 recámaras,3 baños,https://departamento.mercadolibre.com.mx/MLM-4761588552-departamento-en-venta-en-lomas-de-tecamachalco-_JM,https://http2.mlstatic.com/D_NQ_NP_2X_845731-MLM106206715434_022026-E.webp,Naucalpan,244.0,3.0,3.0,34836.065573770495
Departamento En Venta En Lomas De Tecamachalco,14545000,MXN,"Av De Las Fuentes Null, Lomas De Tecamachalco, Naucalpan, Estado De México",310 m² construidos,3 recámaras,3 baños,https://departamento.mercadolibre.com.mx/MLM-4761638514-departamento-en-venta-en-lomas-de-tecamachalco-_JM,https://http2.mlstatic.com/D_NQ_NP_2X_800307-MLM106205767152_022026-E.webp,Naucalpan,310.0,3.0,3.0,46919.354838709674
Departamento En Venta En Miramar,8799000,MXN,"Camino Arenero, Naucalpan, Estado De México",217 m² construidos,3 recámaras,2 baños,https://departamento.mercadolibre.com.mx/MLM-5823434240-departamento-en-venta-en-miramar-_JM,https://http2.mlstatic.com/D_NQ_NP_2X_811133-MLM115205354087_072026-E.webp,Naucalpan,217.0,3.0,2.0,40548.3870967742
Se Vende Departamento En Tecamachalco,8500000,MXN,"Fuente De Molinos Sn, Reforma Social (Lomas De San Isidro), Naucalpan, Estado De México",236 m² construidos,3 recámaras,3 baños,https://departamento.mercadolibre.com.mx/MLM-5561005742-se-vende-departamento-en-tecamachalco-_JM,https://http2.mlstatic.com/D_NQ_NP_2X_652058-MLM112502863290_062026-E.webp,Naucalpan,236.0,3.0,3.0,36016.94915254237
Departamento En Venta En Ciudad Satélite,7000000,MXN,"Cto. Circunvalacion Pte., Ciudad Satélite, Naucalpan, Estado De México",123 m² construidos,2 recámaras,2 baños,https://departamento.mercadolibre.com.mx/MLM-4995492752-departamento-en-venta-en-ciudad-satelite-_JM,https://http2.mlstatic.com/D_NQ_NP_2X_788586-MLM108640510097_032026-E.webp,Naucalpan,123.0,2.0,2.0,56910.56910569106
Departamento En Venta En San José Río Hondo (río Hondo),5890000,MXN,"Camino Arenero 150, San José Río Hondo, Naucalpan, Estado De México",160 m² construidos,3 recámaras,2 baños,https://departamento.mercadolibre.com.mx/MLM-4761690244-departamento-en-venta-en-san-jose-rio-hondo-rio-hondo-_JM,https://http2.mlstatic.com/D_NQ_NP_2X_847859-MLM106205802550_022026-E.webp,Naucalpan,160.0,3.0,2.0,36812.5
Departamento En Venta En Green House,15493600,MXN,"Avenida Vista Real 15, Country Club, Naucalpan, Estado De México",312 m² construidos,3 recámaras,3 baños,https://departamento.mercadolibre.com.mx/MLM-2984750421-departamento-en-venta-en-green-house-_JM,https://http2.mlstatic.com/D_NQ_NP_2X_824497-MLM112803813829_062026-E.webp,Naucalpan,312.0,3.0,3.0,49658.97435897436
Departamento En Venta En Bosque Real,8300000,MXN,"BR Five - Torre A, Real Del Bosque, Naucalpan, Estado De México",210 m² construidos,3 recámaras,3 baños,https://departamento.mercadolibre.com.mx/MLM-2984761987-departamento-en-venta-en-bosque-real-_JM,https://http2.mlstatic.com/D_NQ_NP_2X_960839-MLM112803749893_062026-E.webp,Naucalpan,210.0,3.0,3.0,39523.80952380953
Departamento En Venta En Bosque Real,17468472,MXN,"Privada Del Jardin 43, La Mancha II, Naucalpan, Estado De México",311 m² construidos,3 recámaras,3 baños,https://departamento.mercadolibre.com.mx/MLM-2784802015-departamento-en-venta-en-bosque-real-_JM,https://http2.mlstatic.com/D_NQ_NP_2X_937840-MLM107885199806_032026-E.webp,Naucalpan,311.0,3.0,3.0,56168.72025723472
Departamento En Venta En Bosque Real,10390000,MXN,"Privada Del Romance 27-v, Minas Palacio, Naucalpan, Estado De México",177 m² construidos,2 recámaras,2 baños,https://departamento.mercadolibre.com.mx/MLM-2784656383-departamento-en-venta-en-bosque-real-_JM,https://http2.mlstatic.com/D_NQ_NP_2X_750316-MLM107885239840_032026-E.webp,Naucalpan,177.0,2.0,2.0,58700.56497175141
Departamento En Venta En Bosque Real,12800000,MXN,"Privada Del Jardin 43 - 700, La Mancha, Naucalpan, Estado De México",277 m² construidos,3 recámaras,3 baños,https://departamento.mercadolibre.com.mx/MLM-4761550102-departamento-en-venta-en-bosque-real-_JM,https://http2.mlstatic.com/D_NQ_NP_2X_853755-MLM106831485297_022026-E.webp,Naucalpan,277.0,3.0,3.0,46209.38628158845
Departamento En Venta En Santa Cruz Ácatlán,4800000,MXN,"Avenida Lomas Verdes 0, Santa Cruz Acatlan, Naucalpan, Estado De México",68 m² construidos,2 recámaras,2 baños,https://departamento.mercadolibre.com.mx/MLM-4761692112-departamento-en-venta-en-santa-cruz-acatlan-_JM,https://http2.mlstatic.com/D_NQ_NP_2X_876583-MLM106831516571_022026-E.webp,Naucalpan,68.0,2.0,2.0,70588.23529411765
Departamento En Venta En Santa Cruz Ácatlán,6800000,MXN,"Avenida Lomas Verdes 0, Santa Cruz Acatlan, Naucalpan, Estado De México",94 m² construidos,3 recámaras,2 baños,https://departamento.mercadolibre.com.mx/MLM-4761897756-departamento-en-venta-en-santa-cruz-acatlan-_JM,https://http2.mlstatic.com/D_NQ_NP_2X_789205-MLM106831516973_022026-E.webp,Naucalpan,94.0,3.0,2.0,72340.4255319149
Departamento En Venta En Bosque Real,7800000,MXN,"BR Five - Torre A, Real Del Bosque, Naucalpan, Estado De México",202 m² construidos,3 recámaras,3 baños,https://departamento.mercadolibre.com.mx/MLM-3049627717-departamento-en-venta-en-bosque-real-_JM,https://http2.mlstatic.com/D_NQ_NP_2X_751499-MLM112596073860_062026-E.webp,Naucalpan,202.0,3.0,3.0,38613.86138613861
Departamento En Venta En Lomas De Tecamachalco,15730000,MXN,"Fuente De Las Águilas 100, Lomas De Tecamachalco, Naucalpan, Estado De México",332 m² construidos,3 recámaras,3 baños,https://departamento.mercadolibre.com.mx/MLM-5446730026-departamento-en-venta-en-lomas-de-tecamachalco-_JM,https://http2.mlstatic.com/D_NQ_NP_2X_786979-MLM111595298314_062026-E.webp,Naucalpan,332.0,3.0,3.0,47379.51807228916
Departamento En Venta En Bosque Real,9676311,MXN,"Privada Del Romance 27-v, Minas Palacio, Naucalpan, Estado De México",154 m² construidos,2 recámaras,2 baños,https://departamento.mercadolibre.com.mx/MLM-4761780274-departamento-en-venta-en-bosque-real-_JM,https://http2.mlstatic.com/D_NQ_NP_2X_674893-MLM106830350245_022026-E.webp,Naucalpan,154.0,2.0,2.0,62833.18831168831
"Departamento En Venta, Lomas Country Club",15493200,MXN,"Country Club, Naucalpan, Estado De México",275 m² construidos,3 recámaras,3 baños,https://departamento.mercadolibre.com.mx/MLM-5132938466-departamento-en-venta-lomas-country-club-_JM,https://http2.mlstatic.com/D_NQ_NP_2X_831421-MLM95395266098_102025-E.webp,Naucalpan,275.0,3.0,3.0,56338.90909090909
Departamento En Venta En Miramar,5099000,MXN,"Camino Arenero 150-mz 0, Naucalpan, Estado De México",96 m² construidos,3 recámaras,2 baños,https://departamento.mercadolibre.com.mx/MLM-3198238313-departamento-en-venta-en-miramar-_JM,https://http2.mlstatic.com/D_NQ_NP_2X_712217-MLM113875627594_072026-E.webp,Naucalpan,96.0,3.0,2.0,53114.583333333336
"Departamento En Venta, Lomas Country Club",9609100,MXN,"Country Club, Naucalpan, Estado De México",167 m² construidos,2 recámaras,2 baños,https://departamento.mercadolibre.com.mx/MLM-2843525373-departamento-en-venta-lomas-country-club-_JM,https://http2.mlstatic.com/D_NQ_NP_2X_754499-MLM95395294458_102025-E.webp,Naucalpan,167.0,2.0,2.0,57539.520958083835
"Departamento En Venta, Lomas Country Club",13506500,MXN,"Country Club, Naucalpan, Estado De México",167 m² construidos,3 recámaras,3 baños,https://departamento.mercadolibre.com.mx/MLM-5132926912-departamento-en-venta-lomas-country-club-_JM,https://http2.mlstatic.com/D_NQ_NP_2X_857361-MLM95395292872_102025-E.webp,Naucalpan,167.0,3.0,3.0,80877.24550898203
Departamento En Venta En Lomas De Tecamachalco,16485500,MXN,"Fuente De Las Águilas 100, Lomas De Tecamachalco, Naucalpan, Estado De México",321 m² construidos,3 recámaras,3 baños,https://departamento.mercadolibre.com.mx/MLM-5827507636-departamento-en-venta-en-lomas-de-tecamachalco-_JM,https://http2.mlstatic.com/D_NQ_NP_2X_602752-MLM115225743363_072026-E.webp,Naucalpan,321.0,3.0,3.0,51356.69781931464
Departamento En Venta En Santa Cruz Ácatlán,5526000,MXN,"Avenida Lomas Verdes, Las Misiones, Naucalpan, Estado De México",69 m² construidos,2 recámaras,2 baños,https://departamento.mercadolibre.com.mx/MLM-4761575642-departamento-en-venta-en-santa-cruz-acatlan-_JM,https://http2.mlstatic.com/D_NQ_NP_2X_970266-MLM106206678162_022026-E.webp,Naucalpan,69.0,2.0,2.0,80086.95652173914
"Pre Venta Departamento En Santa Cruz Del Monte, Cerca Sátelite",5380000,MXN,"Santa Cruz Del Monte, Naucalpan, Estado De México",110 m² construidos,3 recámaras,2 baños,https://departamento.mercadolibre.com.mx/MLM-5694956746-pre-venta-departamento-en-santa-cruz-del-monte-cerca-satelite-_JM,https://http2.mlstatic.com/D_NQ_NP_2X_707361-MLM82376185555_022025-E.webp,Naucalpan,110.0,3.0,2.0,48909.09090909091
Departamento En Venta En Lomas Hipódromo,5900000,MXN,"16 De Septiembre 38 - B, Lomas Hipódromo, Naucalpan, Estado De México",172 m² construidos,3 recámaras,2 baños,https://departamento.mercadolibre.com.mx/MLM-2902843777-departamento-en-venta-en-lomas-hipodromo-_JM,https://http2.mlstatic.com/D_NQ_NP_2X_901501-MLM110188743770_052026-E.webp,Naucalpan,172.0,3.0,2.0,34302.32558139535
Departamento En Venta En Lomas De Tecamachalco,9000000,MXN,"Lomas De Tecamachalco, Naucalpan, Estado De México",236 m² construidos,3 recámaras,2 baños,https://departamento.mercadolibre.com.mx/MLM-2924534645-departamento-en-venta-en-lomas-de-tecamachalco-_JM,https://http2.mlstatic.com/D_NQ_NP_2X_985140-MLM110623681140_052026-E.webp,Naucalpan,236.0,3.0,2.0,38135.59322033898
Departamento Nuevo En La 6a Seccion De Lomas Verdes Freixido,8650000,MXN,"Lomas Verdes 6a Sección, Naucalpan, Estado De México",267 m² construidos,3 recámaras,2 baños,https://departamento.mercadolibre.com.mx/MLM-4965140350-departamento-nuevo-en-la-6a-seccion-de-lomas-verdes-freixido-_JM,https://http2.mlstatic.com/D_NQ_NP_2X_935069-MLM107577679036_032026-E.webp,Naucalpan,267.0,3.0,2.0,32397.00374531835
Departamento En Venta Avenida Vista Real  Lomas Country Club,15250000,MXN,"Country Club, Naucalpan, Estado De México",248 m² construidos,3 recámaras,4 baños,https://departamento.mercadolibre.com.mx/MLM-2976423127-departamento-en-venta-avenida-vista-real-lomas-country-club-_JM,https://http2.mlstatic.com/D_NQ_NP_2X_604092-MLM114322416254_082026-E.webp,Naucalpan,248.0,3.0,4.0,61491.93548387097
"Departamentos En Venta En Jesús Del Monte, Interlomas, Estado De México",7400000,MXN,"Country Club, Naucalpan, Estado De México",148 m² construidos,3 recámaras,3 baños,https://departamento.mercadolibre.com.mx/MLM-5445165702-departamentos-en-venta-en-jesus-del-monte-interlomas-estado-de-mexico-_JM,https://http2.mlstatic.com/D_NQ_NP_2X_933872-MLM114322485356_082026-E.webp,Naucalpan,148.0,3.0,3.0,50000.0
Departamento En Venta En Lomas De Tecamachalco,15154500,MXN,"Av De Las Fuentes 3333, Lomas De Tecamachalco, Naucalpan, Estado De México",281 m² construidos,3 recámaras,3 baños,https://departamento.mercadolibre.com.mx/MLM-4761741828-departamento-en-venta-en-lomas-de-tecamachalco-_JM,https://http2.mlstatic.com/D_NQ_NP_2X_863697-MLM106205784130_022026-E.webp,Naucalpan,281.0,3.0,3.0,53930.60498220641
Departamento En Venta En Lomas Verdes 6ta Sección,11150000,MXN,"Residencial FREIXIDO, Lomas Verdes 5a Secc., Naucalpan, Estado De México",285 m² construidos,3 recámaras,2 baños,https://departamento.mercadolibre.com.mx/MLM-5488134348-departamento-en-venta-en-lomas-verdes-6ta-seccion-_JM,https://http2.mlstatic.com/D_NQ_NP_2X_771234-MLM113075203471_062026-E.webp,Naucalpan,285.0,3.0,2.0,39122.80701754386
Departamento En Venta En Miramar,4849000,MXN,"Camino Arenero 100, Naucalpan, Estado De México",88 m² construidos,2 recámaras,2 baños,https://departamento.mercadolibre.com.mx/MLM-5316246436-departamento-en-venta-en-miramar-_JM,https://http2.mlstatic.com/D_NQ_NP_2X_696502-MLM110539231450_052026-E.webp,Naucalpan,88.0,2.0,2.0,55102.27272727273
"Departamento Con Terraza En Residencial Tiara, Lomas De Tecamachalco",14000000,MXN,"Lomas De Tecamachalco, Naucalpan, Estado De México",244 m² construidos,3 recámaras,3 baños,https://departamento.mercadolibre.com.mx/MLM-5672724472-departamento-con-terraza-en-residencial-tiara-lomas-de-tecamachalco-_JM,https://http2.mlstatic.com/D_NQ_NP_2X_611206-MLM113103274090_072026-E.webp,Naucalpan,244.0,3.0,3.0,57377.04918032787
"Departamento En Venta, Ahuehuetes Nte, Bosques De Las Lomas",14800000,MXN,"Lomas De Tecamachalco, Naucalpan, Estado De México",225 m² construidos,3 recámaras,3 baños,https://departamento.mercadolibre.com.mx/MLM-3006241839-departamento-en-venta-ahuehuetes-nte-bosques-de-las-lomas-_JM,https://http2.mlstatic.com/D_NQ_NP_2X_742125-MLM112029173328_062026-E.webp,Naucalpan,225.0,3.0,3.0,65777.77777777778
Departamento En Venta En Lomas Verdes 6ta Sección,7500000,MXN,"Francisco Javier Miranda 0, Lomas Verdes 5a Secc., Naucalpan, Estado De México",230 m² construidos,2 recámaras,2 baños,https://departamento.mercadolibre.com.mx/MLM-4761806526-departamento-en-venta-en-lomas-verdes-6ta-seccion-_JM,https://http2.mlstatic.com/D_NQ_NP_2X_634808-MLM106205773880_022026-E.webp,Naucalpan,230.0,2.0,2.0,32608.695652173912
Departamento En Venta En Lomas De Tecamachalco,15950000,MXN,"Avenida De Las Fuentes 300, Lomas De Tecamachalco, Naucalpan, Estado De México",367 m² construidos,3 recámaras,3 baños,https://departamento.mercadolibre.com.mx/MLM-4761640516-departamento-en-venta-en-lomas-de-tecamachalco-_JM,https://http2.mlstatic.com/D_NQ_NP_2X_924332-MLM106206699940_022026-E.webp,Naucalpan,367.0,3.0,3.0,43460.49046321526
"Venta De  Ph Con Roof Garden, Herradura",10500000,MXN,"Naucalpan, Estado De México",390 m² construidos,4 recámaras,4 baños,https://departamento.mercadolibre.com.mx/MLM-5809950238-venta-de-ph-con-roof-garden-herradura-_JM,https://http2.mlstatic.com/D_NQ_NP_2X_809852-MLM113839424868_072026-E.webp,Naucalpan,390.0,4.0,4.0,26923.076923076922
Venta Departamento Lomas Country Interlomas,10600000,MXN,"Country Club, Naucalpan, Estado De México",280 m² construidos,3 recámaras,3 baños,https://departamento.mercadolibre.com.mx/MLM-3136567691-venta-departamento-lomas-country-interlomas-_JM,https://http2.mlstatic.com/D_NQ_NP_2X_765730-MLM114564118097_072026-E.webp,Naucalpan,280.0,3.0,3.0,37857.142857142855
Departamento En Venta En Lomas De Tecamachalco,15500000,MXN,"Avenida Vista Real 0, Lomas De Tecamachalco, Naucalpan, Estado De México",287 m² construidos,3 recámaras,3 baños,https://departamento.mercadolibre.com.mx/MLM-4761703002-departamento-en-venta-en-lomas-de-tecamachalco-_JM,https://http2.mlstatic.com/D_NQ_NP_2X_665284-MLM106205844368_022026-E.webp,Naucalpan,287.0,3.0,3.0,54006.96864111498
"Departamento A La Venta En Bosque Real, Huixquilucan, Edomex",11500000,MXN,"Priv. De La Cumbre 20, MZ 1 - 300, Bosque Real, Naucalpan De Juárez, Bosque Alto, Naucalpan, Estado De México",360 m² construidos,3 recámaras,3 baños,https://departamento.mercadolibre.com.mx/MLM-5030251652-departamento-a-la-venta-en-bosque-real-huixquilucan-edomex-_JM,https://http2.mlstatic.com/D_NQ_NP_2X_733020-MLM108181380920_032026-E.webp,Naucalpan,360.0,3.0,3.0,31944.444444444445
"Departamento En Venta  Bosque Real, Naucalpan De Juarez, Edo De Mexico.",11745000,MXN,"Bosque Alto, Naucalpan, Estado De México",215 m² construidos,3 recámaras,3 baños,https://departamento.mercadolibre.com.mx/MLM-2976422917-departamento-en-venta-bosque-real-naucalpan-de-juarez-edo-de-mexico-_JM,https://http2.mlstatic.com/D_NQ_NP_2X_687693-MLM114322400222_082026-E.webp,Naucalpan,215.0,3.0,3.0,54627.90697674418
Departamento En Venta En Bosque Real En Naucalpan De Juarez En Edo De Mexico,11125000,MXN,"Bosque Alto, Naucalpan, Estado De México",203 m² construidos,3 recámaras,3 baños,https://departamento.mercadolibre.com.mx/MLM-5445165212-departamento-en-venta-en-bosque-real-en-naucalpan-de-juarez-en-edo-de-mexico-_JM,https://http2.mlstatic.com/D_NQ_NP_2X_854712-MLM114322352184_082026-E.webp,Naucalpan,203.0,3.0,3.0,54802.95566502463
Departamento En Venta En Lomas Country Interlomas,18600000,MXN,"Country Club, Naucalpan, Estado De México",355 m² construidos,3 recámaras,3 baños,https://departamento.mercadolibre.com.mx/MLM-5445177192-departamento-en-venta-en-lomas-country-interlomas-_JM,https://http2.mlstatic.com/D_NQ_NP_2X_651104-MLM115663523423_082026-E.webp,Naucalpan,355.0,3.0,3.0,52394.366197183095
"Departamentos En Venta En Camino Arenero, La Herradura Naucalpan",4849000,MXN,"CAMINO ARENERO 150, Naucalpan, Estado De México",88 m² construidos,2 recámaras,2 baños,https://departamento.mercadolibre.com.mx/MLM-3029728073-departamentos-en-venta-en-camino-arenero-la-herradura-naucalpan-_JM,https://http2.mlstatic.com/D_NQ_NP_2X_893696-MLM112322950736_062026-E.webp,Naucalpan,88.0,2.0,2.0,55102.27272727273
Departamento En Venta En Lomas Country Club,12600000,MXN,"Avenida De Las Flores 0, Loma Linda, Naucalpan, Estado De México",277 m² construidos,3 recámaras,3 baños,https://departamento.mercadolibre.com.mx/MLM-5507199714-departamento-en-venta-en-lomas-country-club-_JM,https://http2.mlstatic.com/D_NQ_NP_2X_829830-MLM113271784335_062026-E.webp,Naucalpan,277.0,3.0,3.0,45487.36462093863
Departamento En Venta En Miramar,3649000,MXN,"Camino Arenero 100, Miramar, Naucalpan, Estado De Mexico, Miramar, Naucalpan, Estado De México",61 m² construidos,1 recámara,1 baño,https://departamento.mercadolibre.com.mx/MLM-5523549366-departamento-en-venta-en-miramar-_JM,https://http2.mlstatic.com/D_NQ_NP_2X_925052-MLM113384263421_062026-E.webp,Naucalpan,61.0,1.0,1.0,59819.67213114754
Departae¿mentos En Venta Tecamachalco (fuente Del Pescador 123),9289000,MXN,"Fuente Del Pescador 123, Lomas De Tecamachalco, Naucalpan, Estado De México",205 m² construidos,3 recámaras,3 baños,https://departamento.mercadolibre.com.mx/MLM-3085263139-departaementos-en-venta-tecamachalco-fuente-del-pescador-123-_JM,https://http2.mlstatic.com/D_NQ_NP_2X_889027-MLM112948962582_072026-E.webp,Naucalpan,205.0,3.0,3.0,45312.19512195122
Departamento En Venta En Lomas De Tecamachalco,7900000,MXN,"Fuente De La Alegría, Lomas De Tecamachalco, Naucalpan, Estado De México",180 m² construidos,2 recámaras,3 baños,https://departamento.mercadolibre.com.mx/MLM-5412815228-departamento-en-venta-en-lomas-de-tecamachalco-_JM,https://http2.mlstatic.com/D_NQ_NP_2X_979612-MLM112334849329_052026-E.webp,Naucalpan,180.0,2.0,3.0,43888.88888888889
Venta Departamentos Nuevos. Amenidades De Lujo,8930000,MXN,"Petroquímica Lomas Verdes, Naucalpan, Estado De México",260 m² construidos,3 recámaras,3 baños,https://departamento.mercadolibre.com.mx/MLM-2999820017-venta-departamentos-nuevos-amenidades-de-lujo-_JM,https://http2.mlstatic.com/D_NQ_NP_2X_790723-MLM113059622385_062026-E.webp,Naucalpan,260.0,3.0,3.0,34346.153846153844
Amplio Departamento A La Venta En Lomas De Tecamachalco,7400000,MXN,"Lomas De Tecamachalco, Naucalpan, Estado De México",230 m² construidos,3 recámaras,2 baños,https://departamento.mercadolibre.com.mx/MLM-5504783420-amplio-departamento-a-la-venta-en-lomas-de-tecamachalco-_JM,https://http2.mlstatic.com/D_NQ_NP_2X_665399-MLM114255002934_082026-E.webp,Naucalpan,230.0,3.0,2.0,32173.91304347826
Departamento En Venta En Bosque Real,12500000,MXN,"IVY By Grupo Bosque Real, La Mancha, Naucalpan, Estado De México",277 m² construidos,3 recámaras,3 baños,https://departamento.mercadolibre.com.mx/MLM-2984762171-departamento-en-venta-en-bosque-real-_JM,https://http2.mlstatic.com/D_NQ_NP_2X_899226-MLM112803808395_062026-E.webp,Naucalpan,277.0,3.0,3.0,45126.35379061372
Departamento En Venta En Lomas De Tecamachalco,11500000,MXN,"Fuente De Acueducto 0, Lomas De Tecamachalco, Naucalpan, Estado De México",320 m² construidos,3 recámaras,3 baños,https://departamento.mercadolibre.com.mx/MLM-2924534649-departamento-en-venta-en-lomas-de-tecamachalco-_JM,https://http2.mlstatic.com/D_NQ_NP_2X_934939-MLM111634848922_062026-E.webp,Naucalpan,320.0,3.0,3.0,35937.5
Departamento En Venta En Lomas De Tecamachalco,15950000,MXN,"Av De Las Fuentes Null, Lomas De Tecamachalco, Naucalpan, Estado De México",367 m² construidos,3 recámaras,3 baños,https://departamento.mercadolibre.com.mx/MLM-4761717374-departamento-en-venta-en-lomas-de-tecamachalco-_JM,https://http2.mlstatic.com/D_NQ_NP_2X_647127-MLM106831485543_022026-E.webp,Naucalpan,367.0,3.0,3.0,43460.49046321526
Departamento De Lujo En Venta En Lomas Country Club Estado De México De Lujo,12324000,MXN,"Country Club, Naucalpan, Estado De México",199 m² construidos,3 recámaras,4 baños,https://departamento.mercadolibre.com.mx/MLM-5445128662-departamento-de-lujo-en-venta-en-lomas-country-club-estado-de-mexico-de-lujo-_JM,https://http2.mlstatic.com/D_NQ_NP_2X_638647-MLM114322509028_082026-E.webp,Naucalpan,199.0,3.0,4.0,61929.64824120603
Departamento  Cerca Del Colegio Irlandés,7000000,MXN,"Lomas De Tecamachalco, Naucalpan, Estado De México",180 m² construidos,3 recámaras,3 baños,https://departamento.mercadolibre.com.mx/MLM-5777939346-departamento-cerca-del-colegio-irlandes-_JM,https://http2.mlstatic.com/D_NQ_NP_2X_793729-MLM114963244979_072026-E.webp,Naucalpan,180.0,3.0,3.0,38888.88888888889
Ph De 330m2 Con Roof Garden Privado,10500000,MXN,"Lomas De Tecamachalco, Naucalpan, Estado De México",330 m² construidos,3 recámaras,3 baños,https://departamento.mercadolibre.com.mx/MLM-3025940501-ph-de-330m2-con-roof-garden-privado-_JM,https://http2.mlstatic.com/D_NQ_NP_2X_635255-MLM112265498680_062026-E.webp,Naucalpan,330.0,3.0,3.0,31818.18181818182
Departamento En Venta En Lomas De Tecamachalco,14746000,MXN,"Av De Las Fuentes Null, Lomas De Tecamachalco, Naucalpan, Estado De México",383 m² construidos,3 recámaras,3 baños,https://departamento.mercadolibre.com.mx/MLM-4761819606-departamento-en-venta-en-lomas-de-tecamachalco-_JM,https://http2.mlstatic.com/D_NQ_NP_2X_701467-MLM106205767240_022026-E.webp,Naucalpan,383.0,3.0,3.0,38501.30548302872
"Departamento Gh En Venta, Fuente De Acuario, Tecamachalco",16000000,MXN,"Lomas De Tecamachalco, Naucalpan, Estado De México",367 m² construidos,3 recámaras,3 baños,https://departamento.mercadolibre.com.mx/MLM-5497707384-departamento-gh-en-venta-fuente-de-acuario-tecamachalco-_JM,https://http2.mlstatic.com/D_NQ_NP_2X_820673-MLM113165284209_062026-E.webp,Naucalpan,367.0,3.0,3.0,43596.73024523161
"Departamento En Venta Entrega Inmediata Zereniti, Jesús Del Monte",12675000,MXN,"Country Club, Naucalpan, Estado De México",285 m² construidos,3 recámaras,3 baños,https://departamento.mercadolibre.com.mx/MLM-5617149498-departamento-en-venta-entrega-inmediata-zereniti-jesus-del-monte-_JM,https://http2.mlstatic.com/D_NQ_NP_2X_744448-MLM113534394084_072026-E.webp,Naucalpan,285.0,3.0,3.0,44473.68421052631
Departamento Nuevo Listo Para Personalizar Y Crear El Hogar De Tus Sueños,14000000,MXN,"Lomas De Tecamachalco, Naucalpan, Estado De México",339 m² construidos,3 recámaras,3 baños,https://departamento.mercadolibre.com.mx/MLM-5497707382-departamento-nuevo-listo-para-personalizar-y-crear-el-hogar-de-tus-suenos-_JM,https://http2.mlstatic.com/D_NQ_NP_2X_982273-MLM113165268057_062026-E.webp,Naucalpan,339.0,3.0,3.0,41297.93510324484
Departamento En Venta En Lomas De Tecamachalco,15474000,MXN,"Avenida De Las Fuentes 300, Lomas De Tecamachalco, Naucalpan, Estado De México",313 m² construidos,3 recámaras,3 baños,https://departamento.mercadolibre.com.mx/MLM-4761832702-departamento-en-venta-en-lomas-de-tecamachalco-_JM,https://http2.mlstatic.com/D_NQ_NP_2X_754364-MLM106830482479_022026-E.webp,Naucalpan,313.0,3.0,3.0,49437.699680511185
Departamento En Venta En Lomas De Tecamachalco,11800000,MXN,"Fuente De Diana 0, Lomas De Tecamachalco, Naucalpan, Estado De México",283 m² construidos,3 recámaras,3 baños,https://departamento.mercadolibre.com.mx/MLM-2924605209-departamento-en-venta-en-lomas-de-tecamachalco-_JM,https://http2.mlstatic.com/D_NQ_NP_2X_634665-MLM114506935609_072026-E.webp,Naucalpan,283.0,3.0,3.0,41696.11307420495
Departamento En Venta En Lomas De Tecamachalco,14746000,MXN,"Avenida De Las Fuentes 300, Lomas De Tecamachalco, Naucalpan, Estado De México",305 m² construidos,3 recámaras,3 baños,https://departamento.mercadolibre.com.mx/MLM-4761690310-departamento-en-venta-en-lomas-de-tecamachalco-_JM,https://http2.mlstatic.com/D_NQ_NP_2X_887372-MLM106205865268_022026-E.webp,Naucalpan,305.0,3.0,3.0,48347.54098360656
Departamento Cerca Del Colegio Irlandés,7000000,MXN,"Lomas De Tecamachalco, Naucalpan, Estado De México",180 m² construidos,3 recámaras,3 baños,https://departamento.mercadolibre.com.mx/MLM-3174361143-departamento-cerca-del-colegio-irlandes-_JM,https://http2.mlstatic.com/D_NQ_NP_2X_621192-MLM113677703300_072026-E.webp,Naucalpan,180.0,3.0,3.0,38888.88888888889
Departamento En Venta En Lomas De Tecamachalco,14454000,MXN,"Avenida De Las Fuentes 300, Lomas De Tecamachalco, Naucalpan, Estado De México",310 m² construidos,3 recámaras,3 baños,https://departamento.mercadolibre.com.mx/MLM-2950227511-departamento-en-venta-en-lomas-de-tecamachalco-_JM,https://http2.mlstatic.com/D_NQ_NP_2X_952594-MLM112056828085_052026-E.webp,Naucalpan,310.0,3.0,3.0,46625.8064516129
Departamento En Venta En Bosque Real,10350000,MXN,"Avenida Loma Alta 700, La Mancha, Naucalpan, Estado De México",194 m² construidos,3 recámaras,3 baños,https://departamento.mercadolibre.com.mx/MLM-4761702922-departamento-en-venta-en-bosque-real-_JM,https://http2.mlstatic.com/D_NQ_NP_2X_743356-MLM106830410841_022026-E.webp,Naucalpan,194.0,3.0,3.0,53350.51546391752
"Departamento En Venta En Colonia Escandón I Sección, Naucalpan De Juárez, Estado De México",4800000,MXN,"Camino Arenero 150, Naucalpan, Estado De México",101 m² construidos,3 recámaras,2 baños,https://departamento.mercadolibre.com.mx/MLM-2755666447-departamento-en-venta-en-colonia-escandon-i-seccion-naucalpan-de-juarez-estado-de-mexico-_JM,https://http2.mlstatic.com/D_NQ_NP_2X_722532-MLM107118694356_022026-E.webp,Naucalpan,101.0,3.0,2.0,47524.75247524752
Departamento En Venta En Miramar,4849000,MXN,"Camino Arenero 100, Miramar, Naucalpan, Estado De Mexico, Miramar, Naucalpan, Estado De México",88 m² construidos,2 recámaras,2 baños,https://departamento.mercadolibre.com.mx/MLM-5523524758-departamento-en-venta-en-miramar-_JM,https://http2.mlstatic.com/D_NQ_NP_2X_989403-MLM113384263231_062026-E.webp,Naucalpan,88.0,2.0,2.0,55102.27272727273
Departamento En Venta En Bosques De Las Palmas Naucalpan De Juárez,12925000,MXN,"Otros, Naucalpan, Estado De México",172 m² construidos,3 recámaras,2 baños,https://departamento.mercadolibre.com.mx/MLM-2976422581-departamento-en-venta-en-bosques-de-las-palmas-naucalpan-de-juarez-_JM,https://http2.mlstatic.com/D_NQ_NP_2X_610221-MLM114322301996_082026-E.webp,Naucalpan,172.0,3.0,2.0,75145.3488372093
Departamento En Venta En Bosques De Las Palmas Naucalpan De Juárez,6992000,MXN,"Otros, Naucalpan, Estado De México",66 m² construidos,1 recámara,1 baño,https://departamento.mercadolibre.com.mx/MLM-5445177032-departamento-en-venta-en-bosques-de-las-palmas-naucalpan-de-juarez-_JM,https://http2.mlstatic.com/D_NQ_NP_2X_723699-MLM115663478797_082026-E.webp,Naucalpan,66.0,1.0,1.0,105939.39393939394
Departamento En Venta En Lomas De Tecamachalco,12300000,MXN,"Fuente De Molinos 0, Lomas De Tecamachalco, Naucalpan, Estado De México",320 m² construidos,3 recámaras,3 baños,https://departamento.mercadolibre.com.mx/MLM-2924605217-departamento-en-venta-en-lomas-de-tecamachalco-_JM,https://http2.mlstatic.com/D_NQ_NP_2X_952946-MLM110623657158_052026-E.webp,Naucalpan,320.0,3.0,3.0,38437.5
Departamento En Venta En Bosques De Las Palmas Naucalpan De Juárez,8500000,MXN,"Otros, Naucalpan, Estado De México",121 m² construidos,2 recámaras,2 baños,https://departamento.mercadolibre.com.mx/MLM-2976422575-departamento-en-venta-en-bosques-de-las-palmas-naucalpan-de-juarez-_JM,https://http2.mlstatic.com/D_NQ_NP_2X_842356-MLM115663505261_082026-E.webp,Naucalpan,121.0,2.0,2.0,70247.93388429753
Departamento En Venta En Bosque Real,15600000,MXN,"Av. Loma Alta 700, La Mancha, Naucalpan, Estado De México",315 m² construidos,3 recámaras,3 baños,https://departamento.mercadolibre.com.mx/MLM-4761895798-departamento-en-venta-en-bosque-real-_JM,https://http2.mlstatic.com/D_NQ_NP_2X_642652-MLM106830418275_022026-E.webp,Naucalpan,315.0,3.0,3.0,49523.80952380953
Departamento De Lujo En Tecamachalco,20000000,MXN,"Av. De Los Bosques, Tecamachalco, Naucalpan De Juárez, Lomas De Tecamachalco, Naucalpan, Estado De México",328 m² construidos,2 recámaras,2 baños,https://departamento.mercadolibre.com.mx/MLM-3062503703-departamento-de-lujo-en-tecamachalco-_JM,https://http2.mlstatic.com/D_NQ_NP_2X_655410-MLM113914947571_062026-E.webp,Naucalpan,328.0,2.0,2.0,60975.60975609756
Departamento En Venta En Lomas De Tecamachalco,9599000,MXN,"Fuente De Diana 300, Lomas De Tecamachalco, Naucalpan, Estado De México",230 m² construidos,3 recámaras,3 baños,https://departamento.mercadolibre.com.mx/MLM-5328122992-departamento-en-venta-en-lomas-de-tecamachalco-_JM,https://http2.mlstatic.com/D_NQ_NP_2X_896198-MLM111572457167_052026-E.webp,Naucalpan,230.0,3.0,3.0,41734.782608695656
Hermoso Departamento En Av Club De Golf,9600000,MXN,"Lomas De Tecamachalco, Naucalpan, Estado De México",220 m² construidos,3 recámaras,3 baños,https://departamento.mercadolibre.com.mx/MLM-3149122511-hermoso-departamento-en-av-club-de-golf-_JM,https://http2.mlstatic.com/D_NQ_NP_2X_821456-MLM113476116988_072026-E.webp,Naucalpan,220.0,3.0,3.0,43636.36363636364
Departamento En Venta En Bilú Bosque Real,9901978,MXN,"Adolfo López Mateos, Naucalpan, Estado De México",168 m² construidos,2 recámaras,2 baños,https://departamento.mercadolibre.com.mx/MLM-2843525385-departamento-en-venta-en-bilu-bosque-real-_JM,https://http2.mlstatic.com/D_NQ_NP_2X_645139-MLM95395310260_102025-E.webp,Naucalpan,168.0,2.0,2.0,58940.34523809524
Departamento En Venta En Lomas Verdes 6ta Sección,5250000,MXN,"San José Del Real 0, Lomas Verdes 5a Secc., Naucalpan, Estado De México",135 m² construidos,2 recámaras,2 baños,https://departamento.mercadolibre.com.mx/MLM-4761808550-departamento-en-venta-en-lomas-verdes-6ta-seccion-_JM,https://http2.mlstatic.com/D_NQ_NP_2X_992529-MLM106206704450_022026-E.webp,Naucalpan,135.0,2.0,2.0,38888.88888888889
"Residencial Altavitta, Excelente Desarrollo, Areas Comunes",6800000,MXN,"Lomas Verdes 6a Sección, Naucalpan, Estado De México",140 m² construidos,3 recámaras,2 baños,https://departamento.mercadolibre.com.mx/MLM-3029725175-residencial-altavitta-excelente-desarrollo-areas-comunes-_JM,https://http2.mlstatic.com/D_NQ_NP_2X_992308-MLM112319949986_062026-E.webp,Naucalpan,140.0,3.0,2.0,48571.42857142857
Departamento En Venta En Lomas De Tecamachalco,5780000,MXN,"NUA Interlomas, Lomas De Tecamachalco, Naucalpan, Estado De México",55 m² construidos,1 recámara,1 baño,https://departamento.mercadolibre.com.mx/MLM-4761806616-departamento-en-venta-en-lomas-de-tecamachalco-_JM,https://http2.mlstatic.com/D_NQ_NP_2X_903110-MLM106205839954_022026-E.webp,Naucalpan,55.0,1.0,1.0,105090.90909090909
Departamento En Venta En Lomas De Tecamachalco,13500000,MXN,"Fuente De Diana 0, Lomas De Tecamachalco, Naucalpan, Estado De México",363 m² construidos,3 recámaras,3 baños,https://departamento.mercadolibre.com.mx/MLM-2924605231-departamento-en-venta-en-lomas-de-tecamachalco-_JM,https://http2.mlstatic.com/D_NQ_NP_2X_829181-MLM112711068287_062026-E.webp,Naucalpan,363.0,3.0,3.0,37190.0826446281
"Departamentos Preventa En Tecamachalco, Fuente De Templanza Con Terraza",9600395,MXN,"Lomas De Tecamachalco, Naucalpan, Estado De México",181 m² construidos,3 recámaras,3 baños,https://departamento.mercadolibre.com.mx/MLM-5617149962-departamentos-preventa-en-tecamachalco-fuente-de-templanza-con-terraza-_JM,https://http2.mlstatic.com/D_NQ_NP_2X_826674-MLM114015378619_072026-E.webp,Naucalpan,181.0,3.0,3.0,53040.85635359116
Departamento Nuevo Junto A La Cuspide,9100000,MXN,"Petroquímica Lomas Verdes, Naucalpan, Estado De México",262 m² construidos,3 recámaras,3 baños,https://departamento.mercadolibre.com.mx/MLM-5487306244-departamento-nuevo-junto-a-la-cuspide-_JM,https://http2.mlstatic.com/D_NQ_NP_2X_980950-MLM111940211206_062026-E.webp,Naucalpan,262.0,3.0,3.0,34732.82442748092
"Departamento En Venta En Tecamachalco, Fuente De Pirámides",6500000,MXN,"Lomas De Tecamachalco, Naucalpan, Estado De México",140 m² construidos,3 recámaras,2 baños,https://departamento.mercadolibre.com.mx/MLM-3043018949-departamento-en-venta-en-tecamachalco-fuente-de-piramides-_JM,https://http2.mlstatic.com/D_NQ_NP_2X_993604-MLM113694432629_062026-E.webp,Naucalpan,140.0,3.0,2.0,46428.57142857143
"Departamento Nuevo Venta, Fuente De Acuario",16000000,MXN,"Lomas De Tecamachalco, Naucalpan, Estado De México",367 m² construidos,3 recámaras,3 baños,https://departamento.mercadolibre.com.mx/MLM-5497707388-departamento-nuevo-venta-fuente-de-acuario-_JM,https://http2.mlstatic.com/D_NQ_NP_2X_917739-MLM113165213983_062026-E.webp,Naucalpan,367.0,3.0,3.0,43596.73024523161
Departamento En Venta En Bosque Real,9930000,MXN,"Avenida Loma Alta 700, La Mancha, Naucalpan, Estado De México",194 m² construidos,2 recámaras,2 baños,https://departamento.mercadolibre.com.mx/MLM-4761561156-departamento-en-venta-en-bosque-real-_JM,https://http2.mlstatic.com/D_NQ_NP_2X_933248-MLM106830418055_022026-E.webp,Naucalpan,194.0,2.0,2.0,51185.56701030928
Departamento En Venta En Bosque Real,10000000,MXN,"Privada De Las Plazas 0, Real Del Bosque, Naucalpan, Estado De México",255 m² construidos,3 recámaras,3 baños,https://departamento.mercadolibre.com.mx/MLM-4761638704-departamento-en-venta-en-bosque-real-_JM,https://http2.mlstatic.com/D_NQ_NP_2X_966039-MLM106205877786_022026-E.webp,Naucalpan,255.0,3.0,3.0,39215.686274509804
Departamento En Venta En Miramar,4749000,MXN,"Cumbres Herradura, Naucalpan, Estado De México",88 m² construidos,2 recámaras,2 baños,https://departamento.mercadolibre.com.mx/MLM-4773811152-departamento-en-venta-en-miramar-_JM,https://http2.mlstatic.com/D_NQ_NP_2X_830444-MLM106411634612_022026-E.webp,Naucalpan,88.0,2.0,2.0,53965.90909090909
"Se Venden Departamentos En Preventa En Paseo Interlomas, Greenhouse.",6200000,MXN,"Country Club, Naucalpan, Estado De México",108 m² construidos,2 recámaras,2 baños,https://departamento.mercadolibre.com.mx/MLM-3208433175-se-venden-departamentos-en-preventa-en-paseo-interlomas-greenhouse-_JM,https://http2.mlstatic.com/D_NQ_NP_2X_899596-MLM113947630524_072026-E.webp,Naucalpan,108.0,2.0,2.0,57407.40740740741
Venta Penthouse En Tecamachalco Obra Negra,7800000,MXN,"Lomas De Tecamachalco, Naucalpan, Estado De México",293 m² construidos,3 recámaras,3 baños,https://departamento.mercadolibre.com.mx/MLM-3063189649-venta-penthouse-en-tecamachalco-obra-negra-_JM,https://http2.mlstatic.com/D_NQ_NP_2X_617488-MLM112736513796_062026-E.webp,Naucalpan,293.0,3.0,3.0,26621.160409556313
Departamento En Venta En Naucalpan,4627000,MXN,"Boulevard Toluca 0, San Andrés Atoto, Naucalpan, Estado De México",90 m² construidos,2 recámaras,2 baños,https://departamento.mercadolibre.com.mx/MLM-4761808524-departamento-en-venta-en-naucalpan-_JM,https://http2.mlstatic.com/D_NQ_NP_2X_727899-MLM106206717118_022026-E.webp,Naucalpan,90.0,2.0,2.0,51411.11111111111
Departamento En Venta En Lomas De Tecamachalco,15400000,MXN,"Fuente De Diana 0, Lomas De Tecamachalco, Naucalpan, Estado De México",367 m² construidos,4 recámaras,4 baños,https://departamento.mercadolibre.com.mx/MLM-5827253646-departamento-en-venta-en-lomas-de-tecamachalco-_JM,https://http2.mlstatic.com/D_NQ_NP_2X_748061-MLM115225687749_072026-E.webp,Naucalpan,367.0,4.0,4.0,41961.85286103542
Venta Departamentos Nuevos Lomas Verdes. Amenidades Premium,6800000,MXN,"Petroquímica Lomas Verdes, Naucalpan, Estado De México",205 m² construidos,3 recámaras,3 baños,https://departamento.mercadolibre.com.mx/MLM-2999738691-venta-departamentos-nuevos-lomas-verdes-amenidades-premium-_JM,https://http2.mlstatic.com/D_NQ_NP_2X_648950-MLM111933241618_062026-E.webp,Naucalpan,205.0,3.0,3.0,33170.73170731707
Departamento En Venta En Lomas De Tecamachalco,8350000,MXN,"Fuente Del Pescador 0, Lomas De Tecamachalco, Naucalpan, Estado De México",315 m² construidos,3 recámaras,3 baños,https://departamento.mercadolibre.com.mx/MLM-5446755724-departamento-en-venta-en-lomas-de-tecamachalco-_JM,https://http2.mlstatic.com/D_NQ_NP_2X_683371-MLM111595299012_062026-E.webp,Naucalpan,315.0,3.0,3.0,26507.93650793651
Práctico Departamento En Venta,6900000,MXN,"Héroes De La Revolución, Naucalpan, Estado De México",195 m² construidos,2 recámaras,2 baños,https://departamento.mercadolibre.com.mx/MLM-5625328140-practico-departamento-en-venta-_JM,https://http2.mlstatic.com/D_NQ_NP_2X_696468-MLM112864172870_072026-E.webp,Naucalpan,195.0,2.0,2.0,35384.61538461538
Departamento En Venta En Miramar,8799000,MXN,"Cumbres Herradura, Naucalpan, Estado De México",217 m² construidos,3 recámaras,3 baños,https://departamento.mercadolibre.com.mx/MLM-5823433586-departamento-en-venta-en-miramar-_JM,https://http2.mlstatic.com/D_NQ_NP_2X_819964-MLM113899300180_072026-E.webp,Naucalpan,217.0,3.0,3.0,40548.3870967742
Departamento En Venta En Xocoyahualco,6435868,MXN,"Av. Del Cristo 0, Naucalpan, Estado De México",110 m² construidos,3 recámaras,2 baños,https://departamento.mercadolibre.com.mx/MLM-5133180446-departamento-en-venta-en-xocoyahualco-_JM,https://http2.mlstatic.com/D_NQ_NP_2X_902681-MLM109203352268_042026-E.webp,Naucalpan,110.0,3.0,2.0,58507.89090909091
Departamento En Venta En Lomas De Tecamachalco,8425600,MXN,"Avenida Fuente De Los Leones 0, Lomas De Tecamachalco, Naucalpan, Estado De México",166 m² construidos,3 recámaras,2 baños,https://departamento.mercadolibre.com.mx/MLM-5823397052-departamento-en-venta-en-lomas-de-tecamachalco-_JM,https://http2.mlstatic.com/D_NQ_NP_2X_740142-MLM113899297696_072026-E.webp,Naucalpan,166.0,3.0,2.0,50756.6265060241
"Departamento En Venta En Colonia Lomas De Tecamachalco, Naucalpan De Juárez, Estado De México",14099000,MXN,"Residencial Fuente De Plateria 18, Lomas De Tecamachalco, Naucalpan, Estado De México",255 m² construidos,3 recámaras,3 baños,https://departamento.mercadolibre.com.mx/MLM-4847031398-departamento-en-venta-en-colonia-lomas-de-tecamachalco-naucalpan-de-juarez-estado-de-mexico-_JM,https://http2.mlstatic.com/D_NQ_NP_2X_619839-MLM107119878406_022026-E.webp,Naucalpan,255.0,3.0,3.0,55290.19607843137
Estrena Tu Propio Ph Con Roof Privado En Tecamachalco,12999000,MXN,"Fuente De La Juventud 23, Lomas De Tecamachalco, Naucalpan, Estado De México",315 m² construidos,3 recámaras,3 baños,https://departamento.mercadolibre.com.mx/MLM-2613332845-estrena-tu-propio-ph-con-roof-privado-en-tecamachalco-_JM,https://http2.mlstatic.com/D_NQ_NP_2X_977115-MLM100859177173_122025-E.webp,Naucalpan,315.0,3.0,3.0,41266.666666666664
"Departamento En Venta, En La Nueva Herradura",5099000,MXN,"Camino Arenero, 150, Naucalpan, Estado De México",97 m² construidos,3 recámaras,2 baños,https://departamento.mercadolibre.com.mx/MLM-5822910126-departamento-en-venta-en-la-nueva-herradura-_JM,https://http2.mlstatic.com/D_NQ_NP_2X_663000-MLM115201915489_072026-E.webp,Naucalpan,97.0,3.0,2.0,52567.010309278354
Departamentos En Venta En Tecamachalco Con Terraza Y Roof Top,13699000,MXN,"Fuente De Las Platerías 0, Lomas De Tecamachalco, Naucalpan, Estado De México",255 m² construidos,3 recámaras,3 baños,https://departamento.mercadolibre.com.mx/MLM-5479120540-departamentos-en-venta-en-tecamachalco-con-terraza-y-roof-top-_JM,https://http2.mlstatic.com/D_NQ_NP_2X_840724-MLM111873343194_062026-E.webp,Naucalpan,255.0,3.0,3.0,53721.56862745098
"Tecamachalco, Departamento Garden En Venta",12999000,MXN,"Fuente De La Juventud, Benito Juárez, Naucalpan, Estado De México",294 m² construidos,3 recámaras,3 baños,https://departamento.mercadolibre.com.mx/MLM-4789111558-tecamachalco-departamento-garden-en-venta-_JM,https://http2.mlstatic.com/D_NQ_NP_2X_929490-MLM107349589075_022026-E.webp,Naucalpan,294.0,3.0,3.0,44214.28571428572
"Departamento En Venta En Colonia Lomas De Tecamachalco, Naucalpan De Juárez, Estado De México",9800000,MXN,"Fuente De Acueducto 39, Lomas De Tecamachalco, Naucalpan, Estado De México",187 m² construidos,3 recámaras,3 baños,https://departamento.mercadolibre.com.mx/MLM-4847031276-departamento-en-venta-en-colonia-lomas-de-tecamachalco-naucalpan-de-juarez-estado-de-mexico-_JM,https://http2.mlstatic.com/D_NQ_NP_2X_641756-MLM107814428719_022026-E.webp,Naucalpan,187.0,3.0,3.0,52406.41711229947
Departamento Terminando En Venta En Bosque Real  La Reserva,10350000,MXN,"Bosque Alto, Naucalpan, Estado De México",194 m² construidos,3 recámaras,3 baños,https://departamento.mercadolibre.com.mx/MLM-3227543351-departamento-terminando-en-venta-en-bosque-real-la-reserva-_JM,https://http2.mlstatic.com/D_NQ_NP_2X_898781-MLM115399803383_072026-E.webp,Naucalpan,194.0,3.0,3.0,53350.51546391752
Departamento Obra Blanca En Bosque Real  La Reserva,9930000,MXN,"Bosque Alto, Naucalpan, Estado De México",194 m² construidos,2 recámaras,2 baños,https://departamento.mercadolibre.com.mx/MLM-3227555167-departamento-obra-blanca-en-bosque-real-la-reserva-_JM,https://http2.mlstatic.com/D_NQ_NP_2X_978981-MLM115399797713_072026-E.webp,Naucalpan,194.0,2.0,2.0,51185.56701030928
Departamento Terminado En Bosque Real  La Reserva,9930000,MXN,"Bosque Alto, Naucalpan, Estado De México",194 m² construidos,2 recámaras,2 baños,https://departamento.mercadolibre.com.mx/MLM-3227555205-departamento-terminado-en-bosque-real-la-reserva-_JM,https://http2.mlstatic.com/D_NQ_NP_2X_739898-MLM114076118934_072026-E.webp,Naucalpan,194.0,2.0,2.0,51185.56701030928
Planta Jardín En Bosque Real  La Reserva,15600000,MXN,"Bosque Alto, Naucalpan, Estado De México",315 m² construidos,3 recámaras,3 baños,https://departamento.mercadolibre.com.mx/MLM-3227555145-planta-jardin-en-bosque-real-la-reserva-_JM,https://http2.mlstatic.com/D_NQ_NP_2X_789777-MLM114076118218_072026-E.webp,Naucalpan,315.0,3.0,3.0,49523.80952380953
Departamento En Venta En Bosque Real  La Reserva,15600000,MXN,"Bosque Alto, Naucalpan, Estado De México",315 m² construidos,3 recámaras,3 baños,https://departamento.mercadolibre.com.mx/MLM-3227568157-departamento-en-venta-en-bosque-real-la-reserva-_JM,https://http2.mlstatic.com/D_NQ_NP_2X_601133-MLM114076120176_072026-E.webp,Naucalpan,315.0,3.0,3.0,49523.80952380953
Venta Deptos. En Obra Negra Balcón/terraza Country Club Naucalpan Apa_5330 Cm/yi,15424200,MXN,"Country Club, Naucalpan, Estado De México",305 m² construidos,3 recámaras,3 baños,https://departamento.mercadolibre.com.mx/MLM-5892920728-venta-deptos-en-obra-negra-balconterraza-country-club-naucalpan-apa5330-cmyi-_JM,https://http2.mlstatic.com/D_NQ_NP_2X_732728-MLM115588839477_082026-E.webp,Naucalpan,305.0,3.0,3.0,50571.147540983606
"Departamento En Venta En Colonia Santa Cruz Del Monte, Naucalpan De Juárez, Estado De México",4600000,MXN,"C. Cruz Del Rio 4, Santa Cruz Del Monte, Naucalpan, Estado De México",140 m² construidos,4 recámaras,3 baños,https://departamento.mercadolibre.com.mx/MLM-5869508156-departamento-en-venta-en-colonia-santa-cruz-del-monte-naucalpan-de-juarez-estado-de-mexico-_JM,https://http2.mlstatic.com/D_NQ_NP_2X_990596-MLM115422144655_082026-E.webp,Naucalpan,140.0,4.0,3.0,32857.142857142855
Venta De Departamento En Fuente De Piramides,12000000,MXN,"Lomas De Tecamachalco, Naucalpan, Estado De México",308 m² construidos,3 recámaras,3 baños,https://departamento.mercadolibre.com.mx/MLM-3219423319-venta-de-departamento-en-fuente-de-piramides-_JM,https://http2.mlstatic.com/D_NQ_NP_2X_665798-MLM115337971283_072026-E.webp,Naucalpan,308.0,3.0,3.0,38961.03896103896
Amplio Departamento De 335 M2 Con 3 Recámaras Tecamachalco,9500000,MXN,"Fuente De Molinos, Lomas De Tecamachalco, Naucalpan De Juárez, Lomas De Tecamachalco, Naucalpan, Estado De México",335 m² construidos,3 recámaras,2 baños,https://departamento.mercadolibre.com.mx/MLM-3227110739-amplio-departamento-de-335-m2-con-3-recamaras-tecamachalco-_JM,https://http2.mlstatic.com/D_NQ_NP_2X_720937-MLM114070607996_072026-E.webp,Naucalpan,335.0,3.0,2.0,28358.20895522388
Departamento En Venta En  Tecamachalco 658074,7450000,MXN,"Fuente De Petroleos, San Miguel Tecamachalco, Naucalpan, Estado De México",171 m² construidos,3 recámaras,2 baños,https://departamento.mercadolibre.com.mx/MLM-3222371287-departamento-en-venta-en-tecamachalco-658074-_JM,https://http2.mlstatic.com/D_NQ_NP_2X_939949-MLM115354535383_072026-E.webp,Naucalpan,171.0,3.0,2.0,43567.25146198831
Preventa Lomas Verdes A Una Cuadra De Periférico Agosto 2025,6302524,MXN,"Lomas Verdes (Conjunto Lomas Verdes), Naucalpan, Estado De México",105 m² construidos,3 recámaras,2 baños,https://departamento.mercadolibre.com.mx/MLM-3249819065-preventa-lomas-verdes-a-una-cuadra-de-periferico-agosto-2025-_JM,https://http2.mlstatic.com/D_NQ_NP_2X_698418-MLM115629214185_082026-E.webp,Naucalpan,105.0,3.0,2.0,60024.038095238095
Venta Departamento En Bosque De Lomas Verdes,7000000,MXN,"Lomas Verdes, Naucalpan De Juárez, Lomas Verdes 1a Secc., Naucalpan, Estado De México",192 m² construidos,4 recámaras,2 baños,https://departamento.mercadolibre.com.mx/MLM-3246319295-venta-departamento-en-bosque-de-lomas-verdes-_JM,https://http2.mlstatic.com/D_NQ_NP_2X_806536-MLM114252937708_082026-E.webp,Naucalpan,192.0,4.0,2.0,36458.333333333336
Preventa Lomas Verdes A Una Cuadra De Periférico Agosto 2025,5336452,MXN,"Lomas Verdes (Conjunto Lomas Verdes), Naucalpan, Estado De México",89 m² construidos,2 recámaras,2 baños,https://departamento.mercadolibre.com.mx/MLM-3249793577-preventa-lomas-verdes-a-una-cuadra-de-periferico-agosto-2025-_JM,https://http2.mlstatic.com/D_NQ_NP_2X_902322-MLM115629185673_082026-E.webp,Naucalpan,89.0,2.0,2.0,59960.13483146067
Preventa Lomas Verdes A Una Cuadra De Periférico Agosto 2025,8748465,MXN,"Lomas Verdes (Conjunto Lomas Verdes), Naucalpan, Estado De México",199 m² construidos,3 recámaras,3 baños,https://departamento.mercadolibre.com.mx/MLM-3249819037-preventa-lomas-verdes-a-una-cuadra-de-periferico-agosto-2025-_JM,https://http2.mlstatic.com/D_NQ_NP_2X_604188-MLM115629184805_082026-E.webp,Naucalpan,199.0,3.0,3.0,43962.13567839196
Departamento Venta  Lomas Country Finestre,6840000,MXN,"Country Club, Naucalpan, Estado De México",200 m² construidos,3 recámaras,3 baños,https://departamento.mercadolibre.com.mx/MLM-3246610405-departamento-venta-lomas-country-finestre-_JM,https://http2.mlstatic.com/D_NQ_NP_2X_677686-MLM115597940489_082026-E.webp,Naucalpan,200.0,3.0,3.0,34200.0
Departamento En Venta En Vista Real San Miguel Tecamachalco 665565,5450000,MXN,"Huitlapexco Conjunto Habitaciónal Vista Real, San Miguel Tecamachalco, Naucalpan, Estado De México",133 m² construidos,2 recámaras,2 baños,https://departamento.mercadolibre.com.mx/MLM-3222371489-departamento-en-venta-en-vista-real-san-miguel-tecamachalco-665565-_JM,https://http2.mlstatic.com/D_NQ_NP_2X_935120-MLM114034443042_072026-E.webp,Naucalpan,133.0,2.0,2.0,40977.44360902256
"Venta De Departamentos En Juana De Arco, Lomas De Tecamachalco",6200000,MXN,"Lomas De Tecamachalco, Naucalpan, Estado De México",170 m² construidos,3 recámaras,4 baños,https://departamento.mercadolibre.com.mx/MLM-3254376393-venta-de-departamentos-en-juana-de-arco-lomas-de-tecamachalco-_JM,https://http2.mlstatic.com/D_NQ_NP_2X_950001-MLM115666229685_082026-E.webp,Naucalpan,170.0,3.0,4.0,36470.58823529412
"Casita Pequeña En Calle Cerrada, Santa Cruz Del Monte, Naucalpan, Terreno = 102 M2, 2 Autos, $3,400,000.-",3400000,MXN,"Cjon. Del Atardecer 10, MZ 019, Santa Cruz Del Monte, Naucalpan De Juárez, Santa Cruz Del Monte, Naucalpan, Estado De México",96 m² construidos,2 recámaras,1 baño,https://departamento.mercadolibre.com.mx/MLM-2830998589-casita-pequena-en-calle-cerrada-santa-cruz-del-monte-naucalpan-terreno-102-m2-2-autos-3400000--_JM,https://http2.mlstatic.com/D_NQ_NP_2X_709682-MLM109795025133_032026-E.webp,Naucalpan,96.0,2.0,1.0,35416.666666666664
Departamento En Venta En Calacoaya,2600000,MXN,"Residencial Santa Cruz, Naucalpan, Estado De México",89 m² construidos,3 recámaras,2 baños,https://departamento.mercadolibre.com.mx/MLM-2924969023-departamento-en-venta-en-calacoaya-_JM,https://http2.mlstatic.com/D_NQ_NP_2X_805309-MLM110630683948_052026-E.webp,Naucalpan,89.0,3.0,2.0,29213.483146067414
Departamento En Venta En Satelite (m2d3079),4500000,MXN,"Santa Cruz Del Monte, Naucalpan, Estado De México",100 m² construidos,3 recámaras,2 baños,https://departamento.mercadolibre.com.mx/MLM-2904775861-departamento-en-venta-en-satelite-m2d3079-_JM,https://http2.mlstatic.com/D_NQ_NP_2X_691866-MLM98502518375_112025-E.webp,Naucalpan,100.0,3.0,2.0,45000.0
Departamento En Venta Lomas Verdes Sexta Seccion (m2d3644),5300000,MXN,"Lomas Verdes 6a Sección, Naucalpan, Estado De México",133 m² construidos,2 recámaras,2 baños,https://departamento.mercadolibre.com.mx/MLM-5357407238-departamento-en-venta-lomas-verdes-sexta-seccion-m2d3644-_JM,https://http2.mlstatic.com/D_NQ_NP_2X_874633-MLM100199868517_122025-E.webp,Naucalpan,133.0,2.0,2.0,39849.624060150374
"Departamentos Nuevos En Venta San Lucas Tepetlacalco (satélite) $4´300,000",4300000,MXN,"BEnito Juarez, San Lucas Tepetlacalco, Naucalpan, Estado De México",98 m² construidos,2 recámaras,2 baños,https://departamento.mercadolibre.com.mx/MLM-5716029060-departamentos-nuevos-en-venta-san-lucas-tepetlacalco-satelite-4300000-_JM,https://http2.mlstatic.com/D_NQ_NP_2X_621191-MLM113307900726_072026-E.webp,Naucalpan,98.0,2.0,2.0,43877.551020408166
"Departamento En Venta En Fuente De La Juventud, Lomas De Tecamachalco",12647000,MXN,"Lomas De Tecamachalco, Naucalpan, Estado De México",328 m² construidos,3 recámaras,3 baños,https://departamento.mercadolibre.com.mx/MLM-2904711915-departamento-en-venta-en-fuente-de-la-juventud-lomas-de-tecamachalco-_JM,https://http2.mlstatic.com/D_NQ_NP_2X_822527-MLM98261406319_112025-E.webp,Naucalpan,328.0,3.0,3.0,38557.92682926829
Departamento En Venta En Naucalpan Residencial Altezza Central Gh (m2d2348),4600000,MXN,"San Francisco Cuautlalpan, Naucalpan, Estado De México",77 m² construidos,2 recámaras,2 baños,https://departamento.mercadolibre.com.mx/MLM-2904775825-departamento-en-venta-en-naucalpan-residencial-altezza-central-gh-m2d2348-_JM,https://http2.mlstatic.com/D_NQ_NP_2X_774406-MLM114614636109_072026-E.webp,Naucalpan,77.0,2.0,2.0,59740.25974025974
Departamento En Venta En Tecamachalco (m2d3367),7300000,MXN,"Lomas De Tecamachalco, Naucalpan, Estado De México",230 m² construidos,3 recámaras,2 baños,https://departamento.mercadolibre.com.mx/MLM-5281621594-departamento-en-venta-en-tecamachalco-m2d3367-_JM,https://http2.mlstatic.com/D_NQ_NP_2X_696545-MLM98502565573_112025-E.webp,Naucalpan,230.0,3.0,2.0,31739.130434782608
Departamento En Venta En Naucalpan Residencial Altezza Central (m2d2359),4900000,MXN,"San Francisco Cuautlalpan, Naucalpan, Estado De México",90 m² construidos,2 recámaras,2 baños,https://departamento.mercadolibre.com.mx/MLM-5281775658-departamento-en-venta-en-naucalpan-residencial-altezza-central-m2d2359-_JM,https://http2.mlstatic.com/D_NQ_NP_2X_619384-MLM114614639521_072026-E.webp,Naucalpan,90.0,2.0,2.0,54444.444444444445
Departamento En Venta En Naucalpan Residencial Altezza Central (m2d2360),7000000,MXN,"San Francisco Cuautlalpan, Naucalpan, Estado De México",130 m² construidos,2 recámaras,2 baños,https://departamento.mercadolibre.com.mx/MLM-5281647380-departamento-en-venta-en-naucalpan-residencial-altezza-central-m2d2360-_JM,https://http2.mlstatic.com/D_NQ_NP_2X_800002-MLM113363077012_072026-E.webp,Naucalpan,130.0,2.0,2.0,53846.153846153844
Departamento En Venta Para Inversionista En Lomas De Tecamachalco.,9400000,MXN,"Lomas De Tecamachalco, Naucalpan, Estado De México",250 m² construidos,3 recámaras,3 baños,https://departamento.mercadolibre.com.mx/MLM-5281775036-departamento-en-venta-para-inversionista-en-lomas-de-tecamachalco-_JM,https://http2.mlstatic.com/D_NQ_NP_2X_788794-MLM98261446861_112025-E.webp,Naucalpan,250.0,3.0,3.0,37600.0
Departamento En Venta En Lomas De Tecamachalco (m2d3321),9999000,MXN,"Lomas De Tecamachalco, Naucalpan, Estado De México",335 m² construidos,3 recámaras,2 baños,https://departamento.mercadolibre.com.mx/MLM-2904775957-departamento-en-venta-en-lomas-de-tecamachalco-m2d3321-_JM,https://http2.mlstatic.com/D_NQ_NP_2X_843661-MLM98032062018_112025-E.webp,Naucalpan,335.0,3.0,2.0,29847.761194029852
Departamento En Pre-venta En Proyecto Residencial Dentro De Bosque Real. Edomex,9748000,MXN,"Loma De Canteras (Lomas De Cantera), Naucalpan, Estado De México",150 m² construidos,2 recámaras,2 baños,https://departamento.mercadolibre.com.mx/MLM-5186838140-departamento-en-pre-venta-en-proyecto-residencial-dentro-de-bosque-real-edomex-_JM,https://http2.mlstatic.com/D_NQ_NP_2X_793357-MLM107603408157_022026-E.webp,Naucalpan,150.0,2.0,2.0,64986.666666666664
"Departamento En Venta, Central Park Bosque Real",8600000,MXN,"Country Club, Naucalpan, Estado De México",190 m² construidos,3 recámaras,3 baños,https://departamento.mercadolibre.com.mx/MLM-5480195496-departamento-en-venta-central-park-bosque-real-_JM,https://http2.mlstatic.com/D_NQ_NP_2X_618988-MLM112996570983_062026-E.webp,Naucalpan,190.0,3.0,3.0,45263.15789473684
Departamento En Venta Para Inversionista En Lomas De Tecamachalco.,9400000,MXN,"Lomas De Tecamachalco, Naucalpan, Estado De México",250 m² construidos,3 recámaras,3 baños,https://departamento.mercadolibre.com.mx/MLM-5758911730-departamento-en-venta-para-inversionista-en-lomas-de-tecamachalco-_JM,https://http2.mlstatic.com/D_NQ_NP_2X_851018-MLM113585345094_072026-E.webp,Naucalpan,250.0,3.0,3.0,37600.0
Departamento En Venta En Tecamachalco Loft Uno Seis (m2d3276),10500000,MXN,"Lomas De Tecamachalco, Naucalpan, Estado De México",237 m² construidos,3 recámaras,3 baños,https://departamento.mercadolibre.com.mx/MLM-5281775616-departamento-en-venta-en-tecamachalco-loft-uno-seis-m2d3276-_JM,https://http2.mlstatic.com/D_NQ_NP_2X_891118-MLM98502546101_112025-E.webp,Naucalpan,237.0,3.0,3.0,44303.79746835443
Departamento En Venta En Lomas De Tecamachalco (m2d3753),11980000,MXN,"Lomas De Tecamachalco, Naucalpan, Estado De México",320 m² construidos,3 recámaras,3 baños,https://departamento.mercadolibre.com.mx/MLM-5385252454-departamento-en-venta-en-lomas-de-tecamachalco-m2d3753-_JM,https://http2.mlstatic.com/D_NQ_NP_2X_853997-MLM112014188247_052026-E.webp,Naucalpan,320.0,3.0,3.0,37437.5
Departamentos En Venta Tecamachalco,14746000,MXN,"Lomas De Tecamachalco, Naucalpan, Estado De México",305 m² construidos,3 recámaras,3 baños,https://departamento.mercadolibre.com.mx/MLM-2904775851-departamentos-en-venta-tecamachalco-_JM,https://http2.mlstatic.com/D_NQ_NP_2X_840690-MLM98032153686_112025-E.webp,Naucalpan,305.0,3.0,3.0,48347.54098360656
Departamento En Venta En Lomas De Tecamachalco (m2d2987),14545000,MXN,"Lomas De Tecamachalco, Naucalpan, Estado De México",310 m² construidos,3 recámaras,3 baños,https://departamento.mercadolibre.com.mx/MLM-5281775742-departamento-en-venta-en-lomas-de-tecamachalco-m2d2987-_JM,https://http2.mlstatic.com/D_NQ_NP_2X_939412-MLM98031880274_112025-E.webp,Naucalpan,310.0,3.0,3.0,46919.354838709674
Departamento En Venta En Lomas De Tecamachalco  (m2d2988),14746000,MXN,"Lomas De Tecamachalco, Naucalpan, Estado De México",305 m² construidos,3 recámaras,3 baños,https://departamento.mercadolibre.com.mx/MLM-5281775672-departamento-en-venta-en-lomas-de-tecamachalco-m2d2988-_JM,https://http2.mlstatic.com/D_NQ_NP_2X_895734-MLM98031880154_112025-E.webp,Naucalpan,305.0,3.0,3.0,48347.54098360656
Departamento En Venta En Tecamachalco Con Roof Garden (m2d3339),14099000,MXN,"Lomas De Tecamachalco, Naucalpan, Estado De México",383 m² construidos,3 recámaras,3 baños,https://departamento.mercadolibre.com.mx/MLM-2904775701-departamento-en-venta-en-tecamachalco-con-roof-garden-m2d3339-_JM,https://http2.mlstatic.com/D_NQ_NP_2X_728084-MLM98031880018_112025-E.webp,Naucalpan,383.0,3.0,3.0,36812.01044386423
"Departamento En Venta En Fuente De La Juventud, Lomas De Tecamachalco",12647000,MXN,"Lomas De Tecamachalco, Naucalpan, Estado De México",328 m² construidos,3 recámaras,3 baños,https://departamento.mercadolibre.com.mx/MLM-5759034592-departamento-en-venta-en-fuente-de-la-juventud-lomas-de-tecamachalco-_JM,https://http2.mlstatic.com/D_NQ_NP_2X_667672-MLM113585352484_072026-E.webp,Naucalpan,328.0,3.0,3.0,38557.92682926829
Departamento En Venta En Tecamachalco 3r/3.5b/2e - Balcón - Amenidades - 300m2,12900000,MXN,"Lomas De Tecamachalco, Naucalpan, Estado De México",300 m² construidos,3 recámaras,3 baños,https://departamento.mercadolibre.com.mx/MLM-2996646753-departamento-en-venta-en-tecamachalco-3r35b2e-balcon-amenidades-300m2-_JM,https://http2.mlstatic.com/D_NQ_NP_2X_996054-MLM111883951010_062026-E.webp,Naucalpan,300.0,3.0,3.0,43000.0
Departamento En Venta En Lomas De Tecamachalco  (m2d3560),15374000,MXN,"Lomas De Tecamachalco, Naucalpan, Estado De México",313 m² construidos,3 recámaras,3 baños,https://departamento.mercadolibre.com.mx/MLM-5281647386-departamento-en-venta-en-lomas-de-tecamachalco-m2d3560-_JM,https://http2.mlstatic.com/D_NQ_NP_2X_673494-MLM98031880096_112025-E.webp,Naucalpan,313.0,3.0,3.0,49118.21086261981
"Departamento En Venta En Lomas Del Río, Naucalpan",7250000,MXN,"Lomas Del Río, Naucalpan, Estado De México",170 m² construidos,3 recámaras,2 baños,https://departamento.mercadolibre.com.mx/MLM-2984775395-departamento-en-venta-en-lomas-del-rio-naucalpan-_JM,https://http2.mlstatic.com/D_NQ_NP_2X_714415-MLM114021956570_072026-E.webp,Naucalpan,170.0,3.0,2.0,42647.05882352941
Lomas Verdes. Departamento En Venta,6799000,MXN,"Lomas Verdes. Departamento En Venta, Naucalpan, Estado De México",160 m² de terreno,3 recámaras,2 baños,https://departamento.mercadolibre.com.mx/MLM-2973762235-lomas-verdes-departamento-en-venta-_JM,https://http2.mlstatic.com/D_NQ_NP_2X_937655-MLM112593348177_062026-E.webp,Naucalpan,160.0,3.0,2.0,42493.75
Departamento En Venta En Tecamachalco (m2d3593),8500000,MXN,"Lomas De Tecamachalco, Naucalpan, Estado De México",189 m² construidos,3 recámaras,2 baños,https://departamento.mercadolibre.com.mx/MLM-5281775600-departamento-en-venta-en-tecamachalco-m2d3593-_JM,https://http2.mlstatic.com/D_NQ_NP_2X_805851-MLM98502456951_112025-E.webp,Naucalpan,189.0,3.0,2.0,44973.54497354497
Departamento En Venta En Lomas De Tecamachalco Con Terraza (m2d2854),8320000,MXN,"Lomas De Tecamachalco, Naucalpan, Estado De México",237 m² construidos,3 recámaras,3 baños,https://departamento.mercadolibre.com.mx/MLM-2904776075-departamento-en-venta-en-lomas-de-tecamachalco-con-terraza-m2d2854-_JM,https://http2.mlstatic.com/D_NQ_NP_2X_779468-MLM98502524305_112025-E.webp,Naucalpan,237.0,3.0,3.0,35105.48523206751
Departamento En Venta En Lomas De Tecamachalco Con Terraza (m2d2853),7800000,MXN,"Lomas De Tecamachalco, Naucalpan, Estado De México",237 m² construidos,3 recámaras,3 baños,https://departamento.mercadolibre.com.mx/MLM-5281647494-departamento-en-venta-en-lomas-de-tecamachalco-con-terraza-m2d2853-_JM,https://http2.mlstatic.com/D_NQ_NP_2X_975078-MLM98031945946_112025-E.webp,Naucalpan,237.0,3.0,3.0,32911.39240506329
Departamento En Venta En Tecamachalco (m2d3488),7125000,MXN,"Lomas De Tecamachalco, Naucalpan, Estado De México",226 m² construidos,3 recámaras,2 baños,https://departamento.mercadolibre.com.mx/MLM-2904775989-departamento-en-venta-en-tecamachalco-m2d3488-_JM,https://http2.mlstatic.com/D_NQ_NP_2X_916619-MLM98031988048_112025-E.webp,Naucalpan,226.0,3.0,2.0,31526.548672566372
Departamento En  Venta En Lomas De Tecamachalco Gh (m2d3796),9800000,MXN,"Lomas De Tecamachalco, Naucalpan, Estado De México",240 m² construidos,3 recámaras,3 baños,https://departamento.mercadolibre.com.mx/MLM-3201923201-departamento-en-venta-en-lomas-de-tecamachalco-gh-m2d3796-_JM,https://http2.mlstatic.com/D_NQ_NP_2X_691798-MLM115208949355_072026-E.webp,Naucalpan,240.0,3.0,3.0,40833.333333333336
Altezza Central,4100000,MXN,"Industrial Alce Blanco, Naucalpan, Estado De México",77 m² construidos,2 recámaras,2 baños,https://departamento.mercadolibre.com.mx/MLM-5480661220-altezza-central-_JM,https://http2.mlstatic.com/D_NQ_NP_2X_781370-MLM111886168356_062026-E.webp,Naucalpan,77.0,2.0,2.0,53246.753246753244
Departamento En Venta En Bosques De La Herradura (m2d2743),9700000,MXN,"Independencia, Naucalpan, Estado De México",200 m² construidos,3 recámaras,3 baños,https://departamento.mercadolibre.com.mx/MLM-5281621586-departamento-en-venta-en-bosques-de-la-herradura-m2d2743-_JM,https://http2.mlstatic.com/D_NQ_NP_2X_797537-MLM98502733413_112025-E.webp,Naucalpan,200.0,3.0,3.0,48500.0
Departamento En  Venta En Lomas De Tecamachalco Ph (m2d3692),10300000,MXN,"Lomas De Tecamachalco, Naucalpan, Estado De México",302 m² construidos,3 recámaras,3 baños,https://departamento.mercadolibre.com.mx/MLM-3201923283-departamento-en-venta-en-lomas-de-tecamachalco-ph-m2d3692-_JM,https://http2.mlstatic.com/D_NQ_NP_2X_875123-MLM115208951561_072026-E.webp,Naucalpan,302.0,3.0,3.0,34105.96026490066
Departamento En  Venta En Lomas De Tecamachalco Gh (m2d3691),9900000,MXN,"Lomas De Tecamachalco, Naucalpan, Estado De México",273 m² construidos,3 recámaras,3 baños,https://departamento.mercadolibre.com.mx/MLM-5823725370-departamento-en-venta-en-lomas-de-tecamachalco-gh-m2d3691-_JM,https://http2.mlstatic.com/D_NQ_NP_2X_686621-MLM115208895825_072026-E.webp,Naucalpan,273.0,3.0,3.0,36263.73626373626
Departamento En Pre-venta En Proyecto Residencial Dentro De Bosque Real. Edomex.,9700000,MXN,"Country Club, Naucalpan, Estado De México",150 m² construidos,2 recámaras,2 baños,https://departamento.mercadolibre.com.mx/MLM-5186837014-departamento-en-pre-venta-en-proyecto-residencial-dentro-de-bosque-real-edomex-_JM,https://http2.mlstatic.com/D_NQ_NP_2X_612999-MLM106921927182_022026-E.webp,Naucalpan,150.0,2.0,2.0,64666.666666666664
Departamento En Venta En Bosques De La Herradura (m2d3060),9200000,MXN,"Independencia, Naucalpan, Estado De México",200 m² construidos,3 recámaras,3 baños,https://departamento.mercadolibre.com.mx/MLM-5281621528-departamento-en-venta-en-bosques-de-la-herradura-m2d3060-_JM,https://http2.mlstatic.com/D_NQ_NP_2X_796329-MLM98032177066_112025-E.webp,Naucalpan,200.0,3.0,3.0,46000.0
Departamento En Venta En Lomas De Tecamachalco  (m2d3799),12000000,MXN,"Lomas De Tecamachalco, Naucalpan, Estado De México",311 m² construidos,3 recámaras,3 baños,https://departamento.mercadolibre.com.mx/MLM-3201927167-departamento-en-venta-en-lomas-de-tecamachalco-m2d3799-_JM,https://http2.mlstatic.com/D_NQ_NP_2X_639945-MLM113903093702_072026-E.webp,Naucalpan,311.0,3.0,3.0,38585.20900321544
"Venta De Departamento, Residencial Fuente De Platerias, Lomas De Tecamachalco.",14099000,MXN,"Lomas De Tecamachalco, Naucalpan, Estado De México",383 m² construidos,3 recámaras,3 baños,https://departamento.mercadolibre.com.mx/MLM-2919719571-venta-de-departamento-residencial-fuente-de-platerias-lomas-de-tecamachalco-_JM,https://http2.mlstatic.com/D_NQ_NP_2X_663664-MLM85879759317_062025-E.webp,Naucalpan,383.0,3.0,3.0,36812.01044386423
Increíble Penthouse De 2 Niveles En Alta Vitta Lomas Verdes,14400000,MXN,"Alta Vitta, Lomas Verdes, Naucalpan, Estado De México",264 m² construidos,3 recámaras,4 baños,https://departamento.mercadolibre.com.mx/MLM-5456351870-increible-penthouse-de-2-niveles-en-alta-vitta-lomas-verdes-_JM,https://http2.mlstatic.com/D_NQ_NP_2X_882239-MLM111689049234_062026-E.webp,Naucalpan,264.0,3.0,4.0,54545.454545454544
Departamento En Venta En Tecamachalco Ph Con Terraza (m2d3793),10700000,MXN,"Lomas De Tecamachalco, Naucalpan, Estado De México",262 m² construidos,3 recámaras,3 baños,https://departamento.mercadolibre.com.mx/MLM-5823724970-departamento-en-venta-en-tecamachalco-ph-con-terraza-m2d3793-_JM,https://http2.mlstatic.com/D_NQ_NP_2X_613159-MLM115208876901_072026-E.webp,Naucalpan,262.0,3.0,3.0,40839.69465648855
"Venta De Ph Con Roof Garden, Herradura, Naucalpan De Juarez, Estado De México.",11490000,MXN,"Naucalpan, Estado De México",356 m² construidos,4 recámaras,4 baños,https://departamento.mercadolibre.com.mx/MLM-5594244434-venta-de-ph-con-roof-garden-herradura-naucalpan-de-juarez-estado-de-mexico-_JM,https://http2.mlstatic.com/D_NQ_NP_2X_983605-MLM115299752433_072026-E.webp,Naucalpan,356.0,4.0,4.0,32275.280898876405
Exclusivos Departamentos En Preventa En Lomas Del Rio,9056800,MXN,"Lomas Del Río, Naucalpan, Estado De México",210 m² construidos,3 recámaras,3 baños,https://departamento.mercadolibre.com.mx/MLM-4955937100-exclusivos-departamentos-en-preventa-en-lomas-del-rio-_JM,https://http2.mlstatic.com/D_NQ_NP_2X_983965-MLM108197682779_032026-E.webp,Naucalpan,210.0,3.0,3.0,43127.619047619046
Departamento En Venta En Lomas De Sotelo 2 Recámaras,3141500,MXN,"Lomas De Sotelo, Naucalpan, Estado De México",63 m² construidos,2 recámaras,2 baños,https://departamento.mercadolibre.com.mx/MLM-3102182749-departamento-en-venta-en-lomas-de-sotelo-2-recamaras-_JM,https://http2.mlstatic.com/D_NQ_NP_2X_908910-MLM113580315258_072026-E.webp,Naucalpan,63.0,2.0,2.0,49865.079365079364
Departamento En Venta En Tecamachalco Con Terraza (m2d3795),9900000,MXN,"Lomas De Tecamachalco, Naucalpan, Estado De México",252 m² construidos,3 recámaras,3 baños,https://departamento.mercadolibre.com.mx/MLM-5823724944-departamento-en-venta-en-tecamachalco-con-terraza-m2d3795-_JM,https://http2.mlstatic.com/D_NQ_NP_2X_900422-MLM113902501162_072026-E.webp,Naucalpan,252.0,3.0,3.0,39285.71428571428
Departamento En Venta En Tecamachalco Garden (m2d3794),10800000,MXN,"Lomas De Tecamachalco, Naucalpan, Estado De México",317 m² construidos,3 recámaras,3 baños,https://departamento.mercadolibre.com.mx/MLM-5823724960-departamento-en-venta-en-tecamachalco-garden-m2d3794-_JM,https://http2.mlstatic.com/D_NQ_NP_2X_924949-MLM113902502076_072026-E.webp,Naucalpan,317.0,3.0,3.0,34069.400630914824
Exclusivos Departamentos En Preventa En Lomas Del Rio,9811250,MXN,"Lomas Del Río, Naucalpan, Estado De México",313 m² construidos,3 recámaras,3 baños,https://departamento.mercadolibre.com.mx/MLM-2765569671-exclusivos-departamentos-en-preventa-en-lomas-del-rio-_JM,https://http2.mlstatic.com/D_NQ_NP_2X_769356-MLM108197582839_032026-E.webp,Naucalpan,313.0,3.0,3.0,31345.846645367412
Departamento  En Venta En Lomas De Tecamachalco (m2d2528),10222200,MXN,"Lomas De Tecamachalco, Naucalpan, Estado De México",227 m² construidos,3 recámaras,3 baños,https://departamento.mercadolibre.com.mx/MLM-5281621632-departamento-en-venta-en-lomas-de-tecamachalco-m2d2528-_JM,https://http2.mlstatic.com/D_NQ_NP_2X_617173-MLM98502729153_112025-E.webp,Naucalpan,227.0,3.0,3.0,45031.71806167401
Departamento  En Venta En Lomas De Tecamachalco (m2d2529),12091000,MXN,"Lomas De Tecamachalco, Naucalpan, Estado De México",268 m² construidos,3 recámaras,3 baños,https://departamento.mercadolibre.com.mx/MLM-5281647396-departamento-en-venta-en-lomas-de-tecamachalco-m2d2529-_JM,https://http2.mlstatic.com/D_NQ_NP_2X_752003-MLM98502729131_112025-E.webp,Naucalpan,268.0,3.0,3.0,45115.67164179104
Departamento En Venta,2050000,MXN,"Lomas Verdes, Lomas Verdes (Conjunto Lomas Verdes), Naucalpan, Estado De México",60 m² construidos,2 recámaras,1 baño,https://departamento.mercadolibre.com.mx/MLM-5485737358-departamento-en-venta-_JM,https://http2.mlstatic.com/D_NQ_NP_2X_966978-MLM111925773412_062026-E.webp,Naucalpan,60.0,2.0,1.0,34166.666666666664
Departamento En Venta Lomas De  Tecamachalco,10000000,MXN,"Lomas De Tecamachalco, Naucalpan, Estado De México",310 m² construidos,3 recámaras,3 baños,https://departamento.mercadolibre.com.mx/MLM-2904775685-departamento-en-venta-lomas-de-tecamachalco-_JM,https://http2.mlstatic.com/D_NQ_NP_2X_622387-MLM98502698577_112025-E.webp,Naucalpan,310.0,3.0,3.0,32258.064516129034
Departamento  En Venta En Lomas De Tecamachalco (m2d2530),14731000,MXN,"Lomas De Tecamachalco, Naucalpan, Estado De México",327 m² construidos,3 recámaras,3 baños,https://departamento.mercadolibre.com.mx/MLM-5281775556-departamento-en-venta-en-lomas-de-tecamachalco-m2d2530-_JM,https://http2.mlstatic.com/D_NQ_NP_2X_847482-MLM98502738347_112025-E.webp,Naucalpan,327.0,3.0,3.0,45048.929663608564
"Vendo Departamento Exterior En Colonia El Parque, Naucalpan De Juárez, Cdmx.",3150000,MXN,"El Parque, Naucalpan, Estado De México",63 m² construidos,2 recámaras,2 baños,https://departamento.mercadolibre.com.mx/MLM-2904775239-vendo-departamento-exterior-en-colonia-el-parque-naucalpan-de-juarez-cdmx-_JM,https://http2.mlstatic.com/D_NQ_NP_2X_721316-MLM106846213988_022026-E.webp,Naucalpan,63.0,2.0,2.0,50000.0
Venta De Departamento,3500000,MXN,"La Cuspide, La Cúspide, Naucalpan, Estado De México",120 m² construidos,2 recámaras,3 baños,https://departamento.mercadolibre.com.mx/MLM-2878040249-venta-de-departamento-_JM,https://http2.mlstatic.com/D_NQ_NP_2X_712184-MLM109778237826_042026-E.webp,Naucalpan,120.0,2.0,3.0,29166.666666666668
Departamento En Venta En Lomas De Tecamachalco Con Terraza (m2d2663),17000000,MXN,"Lomas De Tecamachalco, Naucalpan, Estado De México",310 m² construidos,3 recámaras,3 baños,https://departamento.mercadolibre.com.mx/MLM-2904775679-departamento-en-venta-en-lomas-de-tecamachalco-con-terraza-m2d2663-_JM,https://http2.mlstatic.com/D_NQ_NP_2X_912531-MLM98502731821_112025-E.webp,Naucalpan,310.0,3.0,3.0,54838.709677419356
Nuevo Satélite Preventa Departamento,4960000,MXN,"Ciudad Satélite, Naucalpan, Estado De México",85 m² construidos,3 recámaras,2 baños,https://departamento.mercadolibre.com.mx/MLM-5113841212-nuevo-satelite-preventa-departamento-_JM,https://http2.mlstatic.com/D_NQ_NP_2X_883521-MLM109099577124_042026-E.webp,Naucalpan,85.0,3.0,2.0,58352.94117647059
Departamento En Venta,2250000,MXN,"Capuchinas, Lomas Verdes 5a Sección (La Concordia), Naucalpan, Estado De México",65 m² construidos,2 recámaras,1 baño,https://departamento.mercadolibre.com.mx/MLM-5215981680-departamento-en-venta-_JM,https://http2.mlstatic.com/D_NQ_NP_2X_694436-MLM109771603828_042026-E.webp,Naucalpan,65.0,2.0,1.0,34615.38461538462
"Departamento Altezza Muy Cerca Polanco Amenidades Acepto Creditos, Torre Nueva",3990000,MXN,"Blvd. Toluca 30, San Francisco Cuautlalpan, 53370 Naucalpan De Juárez, Méx., Mexico, San Francisco Cuautlalpan, Naucalpan, Estado De México",92 m² construidos,2 recámaras,2 baños,https://departamento.mercadolibre.com.mx/MLM-2869642829-departamento-altezza-muy-cerca-polanco-amenidades-acepto-creditos-torre-nueva-_JM,https://http2.mlstatic.com/D_NQ_NP_2X_611143-MLM90865028837_082025-E.webp,Naucalpan,92.0,2.0,2.0,43369.565217391304
Departamento En Venta Ciudad Satelite,5300000,MXN,"Circuito Novelistas, Ciudad Satélite, Naucalpan, Estado De México",145 m² construidos,3 recámaras,2 baños,https://departamento.mercadolibre.com.mx/MLM-2855875279-departamento-en-venta-ciudad-satelite-_JM,https://http2.mlstatic.com/D_NQ_NP_2X_978552-MLM109420430234_042026-E.webp,Naucalpan,145.0,3.0,2.0,36551.724137931036
Departamento Nuevo En Venta En Satélite,5750000,MXN,"Arquitectos 12, Ciudad Satélite, Naucalpan, Estado De México",87 m² construidos,2 recámaras,2 baños,https://departamento.mercadolibre.com.mx/MLM-2624658051-departamento-nuevo-en-venta-en-satelite-_JM,https://http2.mlstatic.com/D_NQ_NP_2X_653978-MLM101468612297_122025-E.webp,Naucalpan,87.0,2.0,2.0,66091.9540229885
Venta Departamento En San Mateo Nopala A 3 Minutos De Lomas Verdes,3900000,MXN,"Santiago Occipaco, Naucalpan, Estado De México",143 m² construidos,3 recámaras,2 baños,https://departamento.mercadolibre.com.mx/MLM-2903129223-venta-departamento-en-san-mateo-nopala-a-3-minutos-de-lomas-verdes-_JM,https://http2.mlstatic.com/D_NQ_NP_2X_994293-MLM110193451206_052026-E.webp,Naucalpan,143.0,3.0,2.0,27272.727272727272
Green Vista En Fuentes De Satelite,5750540,MXN,"Santa Cruz Del Monte, Naucalpan, Estado De México",140 m² construidos,3 recámaras,2 baños,https://departamento.mercadolibre.com.mx/MLM-5402149572-green-vista-en-fuentes-de-satelite-_JM,https://http2.mlstatic.com/D_NQ_NP_2X_963550-MLM113895733696_072026-E.webp,Naucalpan,140.0,3.0,2.0,41075.28571428572
Los Azulejos En San Mateo Nopala,3550000,MXN,"San Mateo Nopala, Naucalpan, Estado De México",96 m² construidos,2 recámaras,2 baños,https://departamento.mercadolibre.com.mx/MLM-2970348605-los-azulejos-en-san-mateo-nopala-_JM,https://http2.mlstatic.com/D_NQ_NP_2X_670891-MLM104560595606_012026-E.webp,Naucalpan,96.0,2.0,2.0,36979.166666666664
Hermoso Departamento En 6a Lomas Verdes,7500000,MXN,"Francisco Javier Miranda 7, Ciudad De México, Lomas Verdes 6a Sección, Naucalpan, Estado De México",228 m² construidos,3 recámaras,3 baños,https://departamento.mercadolibre.com.mx/MLM-2983401121-hermoso-departamento-en-6a-lomas-verdes-_JM,https://http2.mlstatic.com/D_NQ_NP_2X_630662-MLM91747148664_092025-E.webp,Naucalpan,228.0,3.0,3.0,32894.73684210526
"Departamento En Venta, En Lomas Del Río, Naucalpan De Juárez, Edo. De México",6200000,MXN,"Fraccionamiento Lomas Del Río, Lomas Del Río, Naucalpan, Estado De México",167 m² construidos,3 recámaras,3 baños,https://departamento.mercadolibre.com.mx/MLM-2776227317-departamento-en-venta-en-lomas-del-rio-naucalpan-de-juarez-edo-de-mexico-_JM,https://http2.mlstatic.com/D_NQ_NP_2X_977603-MLM80557947977_112024-E.webp,Naucalpan,167.0,3.0,3.0,37125.748502994014
Departamento En Venta,2200000,MXN,"Lomas Verdes, Lomas Verdes (Conjunto Lomas Verdes), Naucalpan, Estado De México",60 m² construidos,2 recámaras,1 baño,https://departamento.mercadolibre.com.mx/MLM-5485981196-departamento-en-venta-_JM,https://http2.mlstatic.com/D_NQ_NP_2X_789856-MLM111927171258_062026-E.webp,Naucalpan,60.0,2.0,1.0,36666.666666666664
Exclusivos Ph De Lujo En Venta Zona Poniente Cdmx,4449000,MXN,"Ricardo Flores Magón, Naucalpan, Estado De México",150 m² construidos,3 recámaras,2 baños,https://departamento.mercadolibre.com.mx/MLM-5178982190-exclusivos-ph-de-lujo-en-venta-zona-poniente-cdmx-_JM,https://http2.mlstatic.com/D_NQ_NP_2X_612699-MLM107753336179_022026-E.webp,Naucalpan,150.0,3.0,2.0,29660.0
"Venta Departamento En, Alce Blanco, Toreo, Periferico Norte",4514000,MXN,"Industrial Alce Blanco, Naucalpan, Estado De México",90 m² construidos,2 recámaras,2 baños,https://departamento.mercadolibre.com.mx/MLM-3058402035-venta-departamento-en-alce-blanco-toreo-periferico-norte-_JM,https://http2.mlstatic.com/D_NQ_NP_2X_741969-MLM114660188135_072026-E.webp,Naucalpan,90.0,2.0,2.0,50155.555555555555
Departamento En Venta Con Terraza En Santa Cruz Del Monte,5300000,MXN,"Santa Cruz Del Monte, Naucalpan, Estado De México",175 m² construidos,3 recámaras,2 baños,https://departamento.mercadolibre.com.mx/MLM-5037371630-departamento-en-venta-con-terraza-en-santa-cruz-del-monte-_JM,https://http2.mlstatic.com/D_NQ_NP_2X_834035-MLM108265923422_032026-E.webp,Naucalpan,175.0,3.0,2.0,30285.714285714286
Loma Cuspide Alto Residencial,6892341,MXN,"Petroquímica Lomas Verdes, Naucalpan, Estado De México",205 m² construidos,3 recámaras,3 baños,https://departamento.mercadolibre.com.mx/MLM-5568583432-loma-cuspide-alto-residencial-_JM,https://http2.mlstatic.com/D_NQ_NP_2X_804817-MLM114068870614_072026-E.webp,Naucalpan,205.0,3.0,3.0,33621.1756097561
Desarrollo Sta Cruz Residencial,5515000,MXN,"Santa Cruz Del Monte, Naucalpan, Estado De México",110 m² construidos,3 recámaras,2 baños,https://departamento.mercadolibre.com.mx/MLM-5147801634-desarrollo-sta-cruz-residencial-_JM,https://http2.mlstatic.com/D_NQ_NP_2X_964767-MLM114864381485_072026-E.webp,Naucalpan,110.0,3.0,2.0,50136.36363636364
"Departamento Moderno Con Terraza Y Roof Privado En Fuentes De Pisa, Tecamachalco",14890000,MXN,"Lomas De Tecamachalco, Naucalpan, Estado De México",265 m² construidos,3 recámaras,3 baños,https://departamento.mercadolibre.com.mx/MLM-5147729528-departamento-moderno-con-terraza-y-roof-privado-en-fuentes-de-pisa-tecamachalco-_JM,https://http2.mlstatic.com/D_NQ_NP_2X_813094-MLM110688147270_052026-E.webp,Naucalpan,265.0,3.0,3.0,56188.67924528302
"Venta Departamento A Estrenar Fuente De Diana, Tecamachalco",7500000,MXN,"Lomas De Tecamachalco, Naucalpan, Estado De México",230 m² construidos,3 recámaras,3 baños,https://departamento.mercadolibre.com.mx/MLM-2985332971-venta-departamento-a-estrenar-fuente-de-diana-tecamachalco-_JM,https://http2.mlstatic.com/D_NQ_NP_2X_891827-MLM115299840673_072026-E.webp,Naucalpan,230.0,3.0,3.0,32608.695652173912
Exclusivos Departamentos De Lujo En Venta Zona Poniente Cdmx,4649000,MXN,"Ricardo Flores Magón, Naucalpan, Estado De México",98 m² construidos,3 recámaras,2 baños,https://departamento.mercadolibre.com.mx/MLM-2862514779-exclusivos-departamentos-de-lujo-en-venta-zona-poniente-cdmx-_JM,https://http2.mlstatic.com/D_NQ_NP_2X_895554-MLM107753336967_022026-E.webp,Naucalpan,98.0,3.0,2.0,47438.77551020408
Venta Departamento Nuevo 3er Piso En Santa Cruz Del Monte,6000000,MXN,"Santa Cruz Del Monte, Naucalpan, Estado De México",110 m² construidos,3 recámaras,2 baños,https://departamento.mercadolibre.com.mx/MLM-5147801638-venta-departamento-nuevo-3er-piso-en-santa-cruz-del-monte-_JM,https://http2.mlstatic.com/D_NQ_NP_2X_688312-MLM114864381563_072026-E.webp,Naucalpan,110.0,3.0,2.0,54545.454545454544
"Venta Departamento, Puerta Grande, La Herradura, Naucalpan, Estado De México",3519479,MXN,"Lomas Del Río, Naucalpan, Estado De México",63 m² construidos,1 recámara,1 baño,https://departamento.mercadolibre.com.mx/MLM-3096932737-venta-departamento-puerta-grande-la-herradura-naucalpan-estado-de-mexico-_JM,https://http2.mlstatic.com/D_NQ_NP_2X_925652-MLM113037338364_072026-E.webp,Naucalpan,63.0,1.0,1.0,55864.74603174603
Se Vende Hermoso Departamento En Fuente De Molinos (v),9000000,MXN,"Lomas De Tecamachalco, Naucalpan, Estado De México",242 m² construidos,3 recámaras,2 baños,https://departamento.mercadolibre.com.mx/MLM-5811405622-se-vende-hermoso-departamento-en-fuente-de-molinos-v-_JM,https://http2.mlstatic.com/D_NQ_NP_2X_673091-MLM96666062730_112025-E.webp,Naucalpan,242.0,3.0,2.0,37190.0826446281
Departamento En Venta En La Herradura,9000000,MXN,"Héroes De La Revolución, Naucalpan, Estado De México",187 m² construidos,3 recámaras,2 baños,https://departamento.mercadolibre.com.mx/MLM-3075620423-departamento-en-venta-en-la-herradura-_JM,https://http2.mlstatic.com/D_NQ_NP_2X_876679-MLM112853601706_072026-E.webp,Naucalpan,187.0,3.0,2.0,48128.342245989305
Departamento Con Terraza En Venta En Lomas Verdes 6a Seccion,8800000,MXN,"Lomas Verdes 6a Sección, Naucalpan, Estado De México",267 m² construidos,3 recámaras,2 baños,https://departamento.mercadolibre.com.mx/MLM-2992812349-departamento-con-terraza-en-venta-en-lomas-verdes-6a-seccion-_JM,https://http2.mlstatic.com/D_NQ_NP_2X_819585-MLM112939872955_062026-E.webp,Naucalpan,267.0,3.0,2.0,32958.80149812734
Venta Departamento Nuevo En Santa Cruz Del Monte,5515000,MXN,"Santa Cruz Del Monte, Naucalpan, Estado De México",110 m² construidos,3 recámaras,2 baños,https://departamento.mercadolibre.com.mx/MLM-2848186015-venta-departamento-nuevo-en-santa-cruz-del-monte-_JM,https://http2.mlstatic.com/D_NQ_NP_2X_638078-MLM113589318790_072026-E.webp,Naucalpan,110.0,3.0,2.0,50136.36363636364
Exclusivos Departamentos De Lujo En Venta Zona Poniente Cdmx,4799000,MXN,"Ricardo Flores Magón, Naucalpan, Estado De México",109 m² construidos,3 recámaras,2 baños,https://departamento.mercadolibre.com.mx/MLM-5178847298-exclusivos-departamentos-de-lujo-en-venta-zona-poniente-cdmx-_JM,https://http2.mlstatic.com/D_NQ_NP_2X_837764-MLM105974276776_022026-E.webp,Naucalpan,109.0,3.0,2.0,44027.522935779816
"Vendo Departamento En Lomas Country Club, Naucalpan De Juárez",7500000,MXN,"Country Club, Naucalpan, Estado De México",280 m² construidos,3 recámaras,3 baños,https://departamento.mercadolibre.com.mx/MLM-5413289232-vendo-departamento-en-lomas-country-club-naucalpan-de-juarez-_JM,https://http2.mlstatic.com/D_NQ_NP_2X_636210-MLM111307632600_052026-E.webp,Naucalpan,280.0,3.0,3.0,26785.714285714286
Departamento En Venta,9500000,MXN,"Lomas De Tecamachalco, Naucalpan, Estado De México",230 m² construidos,3 recámaras,2 baños,https://departamento.mercadolibre.com.mx/MLM-2911211623-departamento-en-venta-_JM,https://http2.mlstatic.com/D_NQ_NP_2X_646118-MLM114058454177_072026-E.webp,Naucalpan,230.0,3.0,2.0,41304.34782608696
"Departamento En Venta, Real 8, 3 Recamaras",4500000,MXN,"Viveros De La Loma, Tlalnepantla De Baz, Estado De México",112 m² construidos,3 recámaras,2 baños,https://departamento.mercadolibre.com.mx/MLM-4794825820-departamento-en-venta-real-8-3-recamaras-_JM,https://http2.mlstatic.com/D_NQ_NP_2X_824677-MLM106732247552_022026-E.webp,Tlalnepantla,112.0,3.0,2.0,40178.57142857143
Departamento Tlalnepantla Río Lerma,2350000,MXN,"Tlalnepantla  Centro, Tlalnepantla De Baz, Estado De México",100 m² construidos,3 recámaras,2 baños,https://departamento.mercadolibre.com.mx/MLM-3136078159-departamento-tlalnepantla-rio-lerma-_JM,https://http2.mlstatic.com/D_NQ_NP_2X_638070-MLM113306293142_072026-E.webp,Tlalnepantla,100.0,3.0,2.0,23500.0
Departamento En Venta San Lucas Tepetlacalco Tlalnepantla De Baz Estado De Mexic,4300000,MXN,"San Lucas Tepetlacalco, Tlalnepantla De Baz, Estado De México",98 m² construidos,2 recámaras,2 baños,https://departamento.mercadolibre.com.mx/MLM-5036869870-departamento-en-venta-san-lucas-tepetlacalco-tlalnepantla-de-baz-estado-de-mexic-_JM,https://http2.mlstatic.com/D_NQ_NP_2X_695005-MLM108260011580_032026-E.webp,Tlalnepantla,98.0,2.0,2.0,43877.551020408166
"Departamento En Venta En Residencial Id Vertical, Satélite Con Terrazas",7171409,MXN,"San Lucas Tepetlacalco, Tlalnepantla De Baz, Estado De México",222 m² construidos,3 recámaras,2 baños,https://departamento.mercadolibre.com.mx/MLM-5616858742-departamento-en-venta-en-residencial-id-vertical-satelite-con-terrazas-_JM,https://http2.mlstatic.com/D_NQ_NP_2X_774070-MLM112816807730_072026-E.webp,Tlalnepantla,222.0,3.0,2.0,32303.644144144146
"Departamento En Venta En Satélite, Residencial Id Vertical Terraza/balcón",5200000,MXN,"San Lucas Tepetlacalco, Tlalnepantla De Baz, Estado De México",100 m² construidos,2 recámaras,2 baños,https://departamento.mercadolibre.com.mx/MLM-5616983074-departamento-en-venta-en-satelite-residencial-id-vertical-terrazabalcon-_JM,https://http2.mlstatic.com/D_NQ_NP_2X_675415-MLM112816806592_072026-E.webp,Tlalnepantla,100.0,2.0,2.0,52000.0
Departamento En Venta Residencial Carso Tlalnepantla De Baz Edomex,3450000,MXN,"San Lorenzo, Tlalnepantla De Baz, Estado De México",64 m² construidos,1 recámara,1 baño,https://departamento.mercadolibre.com.mx/MLM-5747281140-departamento-en-venta-residencial-carso-tlalnepantla-de-baz-edomex-_JM,https://http2.mlstatic.com/D_NQ_NP_2X_841520-MLM106431625783_022026-E.webp,Tlalnepantla,64.0,1.0,1.0,53906.25
Venta / Renta Departamento Residencial Carso Tlalnepantla,3600000,MXN,"San Lorenzo, Tlalnepantla De Baz, Estado De México",64 m² construidos,1 recámara,1 baño,https://departamento.mercadolibre.com.mx/MLM-3151580941-venta-renta-departamento-residencial-carso-tlalnepantla-_JM,https://http2.mlstatic.com/D_NQ_NP_2X_622710-MLM113495284756_072026-E.webp,Tlalnepantla,64.0,1.0,1.0,56250.0
Venta Departamento En Plaza Carso Tlalntepantla,5500000,MXN,"San Lorenzo, Tlalnepantla De Baz, Estado De México",107 m² construidos,3 recámaras,2 baños,https://departamento.mercadolibre.com.mx/MLM-5744009400-venta-departamento-en-plaza-carso-tlalntepantla-_JM,https://http2.mlstatic.com/D_NQ_NP_2X_855113-MLM114761135163_072026-E.webp,Tlalnepantla,107.0,3.0,2.0,51401.86915887851
Vendo Depto. Parque Satelite,4590000,MXN,"Xocoyahualco, Tlalnepantla De Baz, Estado De México",97 m² construidos,2 recámaras,2 baños,https://departamento.mercadolibre.com.mx/MLM-5891826530-vendo-depto-parque-satelite-_JM,https://http2.mlstatic.com/D_NQ_NP_2X_759427-MLM114243704838_082026-E.webp,Tlalnepantla,97.0,2.0,2.0,47319.58762886598
Departamento En Venta,3547500,MXN,"Calle Acambay 98, La Romana, Tlalnepantla De Baz, Estado De México",73 m² construidos,2 recámaras,2 baños,https://departamento.mercadolibre.com.mx/MLM-5883365822-departamento-en-venta-_JM,https://http2.mlstatic.com/D_NQ_NP_2X_928554-MLM115527398347_082026-E.webp,Tlalnepantla,73.0,2.0,2.0,48595.890410958906
Departamento En Venta,2935000,MXN,"Avenida Colinas De San José, Colinas De San Jose, Tlalnepantla De Baz, Estado De México",79 m² construidos,3 recámaras,2 baños,https://departamento.mercadolibre.com.mx/MLM-3221227617-departamento-en-venta-_JM,https://http2.mlstatic.com/D_NQ_NP_2X_945660-MLM114028571996_072026-E.webp,Tlalnepantla,79.0,3.0,2.0,37151.898734177215
Departamentos Nuevos En Tlalnemex  Oportunidad Única A Un Excelente Precio,2950000,MXN,"Calle Aculco, Tlalnemex, Tlalnepantla De Baz, Estado De México",80 m² construidos,2 recámaras,2 baños,https://departamento.mercadolibre.com.mx/MLM-2773469533-departamentos-nuevos-en-tlalnemex-oportunidad-unica-a-un-excelente-precio-_JM,https://http2.mlstatic.com/D_NQ_NP_2X_651102-MLM108375634945_032026-E.webp,Tlalnepantla,80.0,2.0,2.0,36875.0
Departamentos Nuevos En Tlalnemex  Oportunidad Única A Un Excelente Precio,2850000,MXN,"Calle Aculco, Tlalnemex, Tlalnepantla De Baz, Estado De México",80 m² construidos,2 recámaras,2 baños,https://departamento.mercadolibre.com.mx/MLM-4971789534-departamentos-nuevos-en-tlalnemex-oportunidad-unica-a-un-excelente-precio-_JM,https://http2.mlstatic.com/D_NQ_NP_2X_627127-MLM108375614031_032026-E.webp,Tlalnepantla,80.0,2.0,2.0,35625.0
"Espectacular Preventa En Uno De Los Mejores Desarrollos En La Mejor Zona De Tlanepantla Desde $2,542,000",2542000,MXN,"Perif. Blvd. Manuel Ávila Camacho 3002, MZ 1 - 300, Valle Dorado, Tlalnepantla, Valle Dorado, Tlalnepantla De Baz, Estado De México",43 m² construidos,2 recámaras,1 baño,https://departamento.mercadolibre.com.mx/MLM-5232939766-espectacular-preventa-en-uno-de-los-mejores-desarrollos-en-la-mejor-zona-de-tlanepantla-desde-2542000-_JM,https://http2.mlstatic.com/D_NQ_NP_2X_638703-MLM109897310172_042026-E.webp,Tlalnepantla,43.0,2.0,1.0,59116.27906976744
"Departamento En Venta O Renta En Plaza Tlane Fashion Mall, Carso Tlalnepantla",3600000,MXN,"Av Sor Juana Inés De La Cruz 280, San Lorenzo, Tlalnepantla De Baz, Estado De México",64 m² construidos,1 recámara,1 baño,https://departamento.mercadolibre.com.mx/MLM-3014192691-departamento-en-venta-o-renta-en-plaza-tlane-fashion-mall-carso-tlalnepantla-_JM,https://http2.mlstatic.com/D_NQ_NP_2X_743107-MLM113315435913_062026-E.webp,Tlalnepantla,64.0,1.0,1.0,56250.0
Venta Departamento En Satélite,5460271,MXN,"San Lucas Tepetlacalco, Tlalnepantla De Baz, Estado De México",116 m² construidos,2 recámaras,2 baños,https://departamento.mercadolibre.com.mx/MLM-4757105680-venta-departamento-en-satelite-_JM,https://http2.mlstatic.com/D_NQ_NP_2X_936965-MLM88112290203_072025-E.webp,Tlalnepantla,116.0,2.0,2.0,47071.30172413793
Increíble Oportudidad De Comprar Uno De Los 28 Ultimos Departamento Del Mejor Desarrollo Del Norte De La Cdmx Puerta Tlalnepantla!!,4152173,MXN,"Av Sor Juana Inés De La Cruz, Centro Industrial Tlalnepantla, Tlalnepantla, Centro Industrial Tlalnepantla, Tlalnepantla De Baz, Estado De México",68 m² construidos,2 recámaras,2 baños,https://departamento.mercadolibre.com.mx/MLM-5232959838-increible-oportudidad-de-comprar-uno-de-los-28-ultimos-departamento-del-mejor-desarrollo-del-norte-de-la-cdmx-puerta-tlalnepantla-_JM,https://http2.mlstatic.com/D_NQ_NP_2X_708930-MLM110798101093_042026-E.webp,Tlalnepantla,68.0,2.0,2.0,61061.367647058825
"Departamento En Venta En Plaza Tlane Fashion Mall, Carso Tlalnepantla",4250000,MXN,"Av Sor Juana Inés De La Cruz 280, San Lorenzo, Tlalnepantla De Baz, Estado De México",84 m² construidos,2 recámaras,2 baños,https://departamento.mercadolibre.com.mx/MLM-3006587429-departamento-en-venta-en-plaza-tlane-fashion-mall-carso-tlalnepantla-_JM,https://http2.mlstatic.com/D_NQ_NP_2X_893252-MLM113173566753_062026-E.webp,Tlalnepantla,84.0,2.0,2.0,50595.23809523809
"Precioso Departamento Venta Zona Esmeralda: Sky View, 92m2, 3 Rec, Alberca",4110000,MXN,"Sky View Esmeralda, C. Lago Ercina MZ 1 - 300, Bosque Esmeralda, Cdad. López Mateos, Adolfo López Mateos, Tlalnepantla De Baz, Estado De México",92 m² construidos,3 recámaras,2 baños,https://departamento.mercadolibre.com.mx/MLM-2932299409-precioso-departamento-venta-zona-esmeralda-sky-view-92m2-3-rec-alberca-_JM,https://http2.mlstatic.com/D_NQ_NP_2X_704550-MLM110746310730_052026-E.webp,Tlalnepantla,92.0,3.0,2.0,44673.913043478264
"Departamento En Venta, Palmerales De San Rafael, Tlalnepantla, Estado De México.",2000000,MXN,"Cuautemoc, Tlayapa, Tlalnepantla De Baz, Estado De México",63 m² construidos,2 recámaras,2 baños,https://departamento.mercadolibre.com.mx/MLM-5831314466-departamento-en-venta-palmerales-de-san-rafael-tlalnepantla-estado-de-mexico-_JM,https://http2.mlstatic.com/D_NQ_NP_2X_832750-MLM115243605983_072026-E.webp,Tlalnepantla,63.0,2.0,2.0,31746.031746031746
Venta Departamento En San José Puente De Vigas (tlanepantla De Baz),3750000,MXN,"Fortino Rocha, San José Puente De Vigas, Tlalnepantla De Baz, Estado De México",107 m² construidos,2 recámaras,2 baños,https://departamento.mercadolibre.com.mx/MLM-3049330425-venta-departamento-en-san-jose-puente-de-vigas-tlanepantla-de-baz-_JM,https://http2.mlstatic.com/D_NQ_NP_2X_732378-MLM113773474525_062026-E.webp,Tlalnepantla,107.0,2.0,2.0,35046.72897196261
Penthouse En Venta En San Lucas,4700000,MXN,"San Lucas Tepetlacalco, Tlalnepantla De Baz, Estado De México",167 m² construidos,3 recámaras,3 baños,https://departamento.mercadolibre.com.mx/MLM-3058052549-penthouse-en-venta-en-san-lucas-_JM,https://http2.mlstatic.com/D_NQ_NP_2X_707038-MLM113865007355_062026-E.webp,Tlalnepantla,167.0,3.0,3.0,28143.7125748503
Fa Depto Nuevo San Lucas Tepetlacalco,4300000,MXN,"San Lucas Tepetlacalco, Tlalnepantla De Baz, Estado De México",98 m² construidos,2 recámaras,2 baños,https://departamento.mercadolibre.com.mx/MLM-3065349965-fa-depto-nuevo-san-lucas-tepetlacalco-_JM,https://http2.mlstatic.com/D_NQ_NP_2X_864953-MLM112761694728_062026-E.webp,Tlalnepantla,98.0,2.0,2.0,43877.551020408166
"Departamento En Pre-venta Sobre Periférico Norte,  Puerta Norte, Valle Dorado",2517260,MXN,"Valle Dorado, Tlalnepantla De Baz, Estado De México",50 m² construidos,2 recámaras,2 baños,https://departamento.mercadolibre.com.mx/MLM-5553859606-departamento-en-pre-venta-sobre-periferico-norte-puerta-norte-valle-dorado-_JM,https://http2.mlstatic.com/D_NQ_NP_2X_602334-MLM113625583509_062026-E.webp,Tlalnepantla,50.0,2.0,2.0,50345.2
Departamento Nuevo En San Lucas,4580000,MXN,"San Lucas Tepetlacalco, Tlalnepantla De Baz, San Lucas Tepetlacalco, Tlalnepantla De Baz, Estado De México",97 m² construidos,2 recámaras,2 baños,https://departamento.mercadolibre.com.mx/MLM-2778711535-departamento-nuevo-en-san-lucas-_JM,https://http2.mlstatic.com/D_NQ_NP_2X_844261-MLM107751763520_032026-E.webp,Tlalnepantla,97.0,2.0,2.0,47216.49484536082
"Departamento En Venta, Puente De Vigas En Tlalnepantla",3990000,MXN,"San José Puente De Vigas, Tlalnepantla De Baz, Estado De México",66 m² construidos,1 recámara,1 baño,https://departamento.mercadolibre.com.mx/MLM-2979246641-departamento-en-venta-puente-de-vigas-en-tlalnepantla-_JM,https://http2.mlstatic.com/D_NQ_NP_2X_611655-MLM111625477866_062026-E.webp,Tlalnepantla,66.0,1.0,1.0,60454.545454545456
Departamentos Y Pent House En Lomas Boulevares Tlalnepantla,3800000,MXN,"Hab Lomas Boulevares, Tlalnepantla De Baz, Lomas Boulevares, Tlalnepantla De Baz, Estado De México",87 m² construidos,2 recámaras,2 baños,https://departamento.mercadolibre.com.mx/MLM-5108562226-departamentos-y-pent-house-en-lomas-boulevares-tlalnepantla-_JM,https://http2.mlstatic.com/D_NQ_NP_2X_627262-MLM82956178997_032025-E.webp,Tlalnepantla,87.0,2.0,2.0,43678.16091954023
Departamento En Preventa Puerta Norte Arboledas,2517000,MXN,"Perif. Blvd. Manuel Ávila Camacho 3204, Valle Dorado, 54020 Tlalnepantla, Méx., Mexico, Las Arboledas, Tlalnepantla De Baz, Estado De México",41 m² construidos,2 recámaras,1 baño,https://departamento.mercadolibre.com.mx/MLM-3160588561-departamento-en-preventa-puerta-norte-arboledas-_JM,https://http2.mlstatic.com/D_NQ_NP_2X_640415-MLM113576280558_072026-E.webp,Tlalnepantla,41.0,2.0,1.0,61390.243902439026
Departamentos En Venta Arboledas | Periferico Norte,3351000,MXN,"Perif. Blvd. Manuel Ávila Camacho 3204, Valle Dorado, 54020 Tlalnepantla, Méx., Mexico, Las Arboledas, Tlalnepantla De Baz, Estado De México",55 m² construidos,2 recámaras,2 baños,https://departamento.mercadolibre.com.mx/MLM-3160734047-departamentos-en-venta-arboledas-periferico-norte-_JM,https://http2.mlstatic.com/D_NQ_NP_2X_776641-MLM114850300483_072026-E.webp,Tlalnepantla,55.0,2.0,2.0,60927.27272727273
Venta Departamento 2 Ambientes San José Puente De Vigas,4403000,MXN,"Av. De Las Armas Nte., 80, San José Puente De Vigas, Tlalnepantla De Baz, Estado De México",92 m² construidos,2 recámaras,2 baños,https://departamento.mercadolibre.com.mx/MLM-3228716997-venta-departamento-2-ambientes-san-jose-puente-de-vigas-_JM,https://http2.mlstatic.com/D_NQ_NP_2X_758214-MLM115478097945_082026-E.webp,Tlalnepantla,92.0,2.0,2.0,47858.69565217391
"Departamento En Venta Colinas De San José, Cerca De Ipn",2300000,MXN,"Colinas De San Jose, Tlalnepantla De Baz, Estado De México",83 m² construidos,3 recámaras,2 baños,https://departamento.mercadolibre.com.mx/MLM-5178216006-departamento-en-venta-colinas-de-san-jose-cerca-de-ipn-_JM,https://http2.mlstatic.com/D_NQ_NP_2X_828002-MLM110386367031_042026-E.webp,Tlalnepantla,83.0,3.0,2.0,27710.843373493975
Departamento En Venta Colinas De San José,2300000,MXN,"Privada Luisa 603, Colinas De San Jose, Tlalnepantla De Baz, Estado De México",80 m² construidos,2 recámaras,2 baños,https://departamento.mercadolibre.com.mx/MLM-3098301953-departamento-en-venta-colinas-de-san-jose-_JM,https://http2.mlstatic.com/D_NQ_NP_2X_859029-MLM113048545426_072026-E.webp,Tlalnepantla,80.0,2.0,2.0,28750.0
Departamento Preventa Nuevo Satélite,4400000,MXN,"Xocoyahualco, Tlalnepantla De Baz, Estado De México",72 m² construidos,2 recámaras,2 baños,https://departamento.mercadolibre.com.mx/MLM-5241288946-departamento-preventa-nuevo-satelite-_JM,https://http2.mlstatic.com/D_NQ_NP_2X_864896-MLM114613180459_072026-E.webp,Tlalnepantla,72.0,2.0,2.0,61111.11111111111
Departamento En Venta San Lucas Tepetlacalco,4300000,MXN,"C. Benito Juárez, San Lucas Tepetlacalco, Tlalnepantla, San Lucas Tepetlacalco, Tlalnepantla De Baz, Estado De México",98 m² construidos,2 recámaras,2 baños,https://departamento.mercadolibre.com.mx/MLM-2760873155-departamento-en-venta-san-lucas-tepetlacalco-_JM,https://http2.mlstatic.com/D_NQ_NP_2X_639879-MLM107329575944_032026-E.webp,Tlalnepantla,98.0,2.0,2.0,43877.551020408166
"Venta Departamento, Garden House, Muy Bien Ubicado, Valle Dorado, Tlalnepantla. Estado De México. Hain",4749900,MXN,"P.º De Las Aves 471, MZ 013, Valle Dorado, Tlalnepantla, Valle Dorado, Tlalnepantla De Baz, Estado De México",135 m² construidos,2 recámaras,2 baños,https://departamento.mercadolibre.com.mx/MLM-3136311327-venta-departamento-garden-house-muy-bien-ubicado-valle-dorado-tlalnepantla-estado-de-mexico-hain-_JM,https://http2.mlstatic.com/D_NQ_NP_2X_621539-MLM114555162419_072026-E.webp,Tlalnepantla,135.0,2.0,2.0,35184.444444444445
Venta Departamento Carso Nuevo,4240000,MXN,"San Lorenzo, Tlalnepantla De Baz, Estado De México",83 m² construidos,2 recámaras,2 baños,https://departamento.mercadolibre.com.mx/MLM-2608380347-venta-departamento-carso-nuevo-_JM,https://http2.mlstatic.com/D_NQ_NP_2X_628309-MLM81837835729_012025-E.webp,Tlalnepantla,83.0,2.0,2.0,51084.33734939759
Venta Departamento Carso Tlalnepantla,4240000,MXN,"San Lorenzo, Tlalnepantla De Baz, Estado De México",84 m² construidos,2 recámaras,2 baños,https://departamento.mercadolibre.com.mx/MLM-5246237118-venta-departamento-carso-tlalnepantla-_JM,https://http2.mlstatic.com/D_NQ_NP_2X_814919-MLM81567274860_012025-E.webp,Tlalnepantla,84.0,2.0,2.0,50476.19047619047
Venta Departamentos En San Lucas Tepetlacalco Tlalnepantla,4300000,MXN,"San Lucas Tepetlacalco, Tlalnepantla De Baz, Estado De México",98 m² construidos,2 recámaras,2 baños,https://departamento.mercadolibre.com.mx/MLM-2881201925-venta-departamentos-en-san-lucas-tepetlacalco-tlalnepantla-_JM,https://http2.mlstatic.com/D_NQ_NP_2X_980572-MLM110723632297_042026-E.webp,Tlalnepantla,98.0,2.0,2.0,43877.551020408166
Departamento En Venta En Reserva El Roble,4190000,MXN,"Lomas De San Andrés Atenco, Tlalnepantla De Baz, Estado De México",115 m² construidos,2 recámaras,2 baños,https://departamento.mercadolibre.com.mx/MLM-3137157535-departamento-en-venta-en-reserva-el-roble-_JM,https://http2.mlstatic.com/D_NQ_NP_2X_654221-MLM114571682485_072026-E.webp,Tlalnepantla,115.0,2.0,2.0,36434.782608695656
"Venta Bonito, Muy Iluminado Y Cómodo Departamento",3600000,MXN,"C. Anaya Solórzano, Hab Magisterial Vista Bella, Tlalnepantla, Magisterial Vistabella, Tlalnepantla De Baz, Estado De México",125 m² construidos,3 recámaras,3 baños,https://departamento.mercadolibre.com.mx/MLM-5883263310-venta-bonito-muy-iluminado-y-comodo-departamento-_JM,https://http2.mlstatic.com/D_NQ_NP_2X_797371-MLM114192889906_082026-E.webp,Tlalnepantla,125.0,3.0,3.0,28800.0
"Se Vende Departamento  En La Unidad El Tenayo, En 4to. Piso, Cerca De Avenidas Principales, A 15 Min. Del Metro Bus Tenayuca,  A 5 Minutos De Centro Comerciales.",1600000,MXN,"U.H. El Tenayo, Tlalnepantla De Baz, El Tenayo Centro, Tlalnepantla De Baz, Estado De México",68 m² construidos,2 recámaras,1 baño,https://departamento.mercadolibre.com.mx/MLM-4410096662-se-vende-departamento-en-la-unidad-el-tenayo-en-4to-piso-cerca-de-avenidas-principales-a-15-min-del-metro-bus-tenayuca-a-5-minutos-de-centro-comerciales-_JM,https://http2.mlstatic.com/D_NQ_NP_2X_999801-MLM99302743961_112025-E.webp,Tlalnepantla,68.0,2.0,1.0,23529.41176470588
"Departamento En Venta Residencial El Dorado, Tlalnepantla De Baz, México",5200000,MXN,"El Dorado, Tlalnepantla De Baz, Estado De México",201 m² construidos,3 recámaras,3 baños,https://departamento.mercadolibre.com.mx/MLM-3025643897-departamento-en-venta-residencial-el-dorado-tlalnepantla-de-baz-mexico-_JM,https://http2.mlstatic.com/D_NQ_NP_2X_756355-MLM113684339378_072026-E.webp,Tlalnepantla,201.0,3.0,3.0,25870.646766169153
Departamento En Venta En Azcapotzalco,4403000,MXN,"San José Puente De Vigas, Tlalnepantla De Baz, Estado De México",100 m² construidos,2 recámaras,2 baños,https://departamento.mercadolibre.com.mx/MLM-2976890073-departamento-en-venta-en-azcapotzalco-_JM,https://http2.mlstatic.com/D_NQ_NP_2X_984107-MLM112659888165_062026-E.webp,Tlalnepantla,100.0,2.0,2.0,44030.0
"Departamento En Venta, Terrace, Tlalnepantla",3200000,MXN,"Barrientos Gustavo Baz, Tlalnepantla De Baz, Estado De México",70 m² construidos,3 recámaras,2 baños,https://departamento.mercadolibre.com.mx/MLM-2775895989-departamento-en-venta-terrace-tlalnepantla-_JM,https://http2.mlstatic.com/D_NQ_NP_2X_962777-MLM107693264378_032026-E.webp,Tlalnepantla,70.0,3.0,2.0,45714.28571428572
"Departamento Nuevo  La Romana, Tlalnepantla",3150000,MXN,"La Romana, Tlalnepantla De Baz, Estado De México",80 m² construidos,2 recámaras,2 baños,https://departamento.mercadolibre.com.mx/MLM-3130090969-departamento-nuevo-la-romana-tlalnepantla-_JM,https://http2.mlstatic.com/D_NQ_NP_2X_736048-MLM114657157663_072026-E.webp,Tlalnepantla,80.0,2.0,2.0,39375.0
Preventa Puerta Norte (valle Dorado Periferico),2687260,MXN,"Valle Dorado, Tlalnepantla De Baz, Estado De México",42 m² construidos,2 recámaras,1 baño,https://departamento.mercadolibre.com.mx/MLM-3193846965-preventa-puerta-norte-valle-dorado-periferico-_JM,https://http2.mlstatic.com/D_NQ_NP_2X_866384-MLM106916443098_022026-E.webp,Tlalnepantla,42.0,2.0,1.0,63982.380952380954
Estrena Bonito Departamento A Unos Metros De Periferico Tlalnepantla,3350000,MXN,"Av. Del Trabajo, San Andrés Atenco Ampliacion, Tlalnepantla, San Andrés Atenco, Tlalnepantla De Baz, Estado De México",79 m² construidos,2 recámaras,1 baño,https://departamento.mercadolibre.com.mx/MLM-2962031961-estrena-bonito-departamento-a-unos-metros-de-periferico-tlalnepantla-_JM,https://http2.mlstatic.com/D_NQ_NP_2X_998709-MLM111297196984_052026-E.webp,Tlalnepantla,79.0,2.0,1.0,42405.06329113924
"Venta De Departamento De 2 Recamaras En Residencial Puerta Tlalnepantla, Estad De Mexico.",3900000,MXN,"Av Sor Juana Inés De La Cruz, San Lorenzo, Tlalnepantla, Centro Industrial Tlalnepantla, Tlalnepantla De Baz, Estado De México",64 m² construidos,2 recámaras,2 baños,https://departamento.mercadolibre.com.mx/MLM-5217304838-venta-de-departamento-de-2-recamaras-en-residencial-puerta-tlalnepantla-estad-de-mexico-_JM,https://http2.mlstatic.com/D_NQ_NP_2X_814784-MLM109776735336_042026-E.webp,Tlalnepantla,64.0,2.0,2.0,60937.5
Departamento En Venta En Mundo E,5593575,MXN,"San Lucas Tepetlacalco, Tlalnepantla De Baz, Estado De México",116 m² construidos,2 recámaras,2 baños,https://departamento.mercadolibre.com.mx/MLM-3081313777-departamento-en-venta-en-mundo-e-_JM,https://http2.mlstatic.com/D_NQ_NP_2X_943048-MLM114129899529_072026-E.webp,Tlalnepantla,116.0,2.0,2.0,48220.474137931036
Oportunidad Hermoso Departamento En Venta En San Lucas Tepetlacalco,4580000,MXN,"C. Hidalgo 48, San Lucas Tepetlacalco, 54055 Tlalnepantla, Méx., Mexico, San Lucas Tepetlacalco, Tlalnepantla De Baz, Estado De México",98 m² construidos,2 recámaras,2 baños,https://departamento.mercadolibre.com.mx/MLM-3101939083-oportunidad-hermoso-departamento-en-venta-en-san-lucas-tepetlacalco-_JM,https://http2.mlstatic.com/D_NQ_NP_2X_657185-MLM103491267790_012026-E.webp,Tlalnepantla,98.0,2.0,2.0,46734.69387755102
Departamento En Tlalnepantla De Baz · 3 Recámaras,2888500,MXN,"Av. Colinas De San José Manzana, Colinas De San Jose, Tlalnepantla De Baz, Estado De México",79 m² construidos,3 recámaras,2 baños,https://departamento.mercadolibre.com.mx/MLM-5642170938-departamento-en-tlalnepantla-de-baz-3-recamaras-_JM,https://http2.mlstatic.com/D_NQ_NP_2X_697005-MLM112961933998_072026-E.webp,Tlalnepantla,79.0,3.0,2.0,36563.29113924051
"Venta Departamento Con Terraza A Solo 5 Min De Plaza Satélite, Estado De México",4300000,MXN,"San Lucas Tepetlacalco, Tlalnepantla De Baz, Estado De México",98 m² construidos,2 recámaras,2 baños,https://departamento.mercadolibre.com.mx/MLM-2678859033-venta-departamento-con-terraza-a-solo-5-min-de-plaza-satelite-estado-de-mexico-_JM,https://http2.mlstatic.com/D_NQ_NP_2X_834424-MLM81921904288_012025-E.webp,Tlalnepantla,98.0,2.0,2.0,43877.551020408166
"Departamentos Inteligentes De 3r, 2 Baños Cerca De Azcapotzalco, Cdmx..",4044439,MXN,"San José Puente De Vigas, Tlalnepantla De Baz, Estado De México",99 m² construidos,3 recámaras,2 baños,https://departamento.mercadolibre.com.mx/MLM-3045666019-departamentos-inteligentes-de-3r-2-banos-cerca-de-azcapotzalco-cdmx-_JM,https://http2.mlstatic.com/D_NQ_NP_2X_661751-MLM113725791801_062026-E.webp,Tlalnepantla,99.0,3.0,2.0,40852.919191919194
Departamento En Venta En  Tlalnepantla,2279000,MXN,"Adolfo López Mateos, Tlalnepantla De Baz, Estado De México",70 m² construidos,3 recámaras,1 baño,https://departamento.mercadolibre.com.mx/MLM-2996533277-departamento-en-venta-en-tlalnepantla-_JM,https://http2.mlstatic.com/D_NQ_NP_2X_924556-MLM111880772110_062026-E.webp,Tlalnepantla,70.0,3.0,1.0,32557.14285714286
Pre-venta Departamento Miranza,2900000,MXN,"Colinas De San Jose, Tlalnepantla De Baz, Estado De México",79 m² construidos,3 recámaras,2 baños,https://departamento.mercadolibre.com.mx/MLM-4588881698-pre-venta-departamento-miranza-_JM,https://http2.mlstatic.com/D_NQ_NP_2X_758087-MLM102531237494_122025-E.webp,Tlalnepantla,79.0,3.0,2.0,36708.86075949367
Tlalnepantla Departamento Ph,5000000,MXN,"San Lucas Tepetlacalco, Tlalnepantla De Baz, Estado De México",146 m² construidos,3 recámaras,2 baños,https://departamento.mercadolibre.com.mx/MLM-3245947263-tlalnepantla-departamento-ph-_JM,https://http2.mlstatic.com/D_NQ_NP_2X_951733-MLM115586493491_082026-E.webp,Tlalnepantla,146.0,3.0,2.0,34246.57534246575
"Departamento En Venta, Fraccionamiento Real 8, 2 Recamaras",3850000,MXN,"Viveros De La Loma, Tlalnepantla De Baz, Estado De México",68 m² construidos,2 recámaras,2 baños,https://departamento.mercadolibre.com.mx/MLM-5153318654-departamento-en-venta-fraccionamiento-real-8-2-recamaras-_JM,https://http2.mlstatic.com/D_NQ_NP_2X_951449-MLM109319291358_042026-E.webp,Tlalnepantla,68.0,2.0,2.0,56617.64705882353
"Departamento En Venta, Viveros De La Loma, 2 Recamaras",4100000,MXN,"Viveros De La Loma, Tlalnepantla De Baz, Estado De México",90 m² construidos,2 recámaras,2 baños,https://departamento.mercadolibre.com.mx/MLM-2880762069-departamento-en-venta-viveros-de-la-loma-2-recamaras-_JM,https://http2.mlstatic.com/D_NQ_NP_2X_622937-MLM110713939755_042026-E.webp,Tlalnepantla,90.0,2.0,2.0,45555.555555555555
"Departamento En Venta, San Lucas Tepetlacalco, 2 Recámaras",4580000,MXN,"San Lucas Tepetlacalco, Tlalnepantla De Baz, Estado De México",100 m² construidos,2 recámaras,2 baños,https://departamento.mercadolibre.com.mx/MLM-5030326166-departamento-en-venta-san-lucas-tepetlacalco-2-recamaras-_JM,https://http2.mlstatic.com/D_NQ_NP_2X_733565-MLM114922991029_072026-E.webp,Tlalnepantla,100.0,2.0,2.0,45800.0
"Departamento En Venta, Terraze, 2 Recámaras",3400000,MXN,"Industrial Tlanepantla, Tlalnepantla De Baz, Estado De México",69 m² construidos,2 recámaras,2 baños,https://departamento.mercadolibre.com.mx/MLM-2759097313-departamento-en-venta-terraze-2-recamaras-_JM,https://http2.mlstatic.com/D_NQ_NP_2X_685170-MLM107959080251_032026-E.webp,Tlalnepantla,69.0,2.0,2.0,49275.362318840576
Venta / Departamento / Punta Norte Arboledas,2517260,MXN,"Valle Dorado, Tlalnepantla De Baz, Estado De México",41 m² construidos,2 recámaras,1 baño,https://departamento.mercadolibre.com.mx/MLM-5540025354-venta-departamento-punta-norte-arboledas-_JM,https://http2.mlstatic.com/D_NQ_NP_2X_702692-MLM114602195119_072026-E.webp,Tlalnepantla,41.0,2.0,1.0,61396.58536585366
Loma De Valle Dorado,4800000,MXN,"Valle Dorado, Tlalnepantla De Baz, Estado De México",115 m² construidos,2 recámaras,2 baños,https://departamento.mercadolibre.com.mx/MLM-3062890443-loma-de-valle-dorado-_JM,https://http2.mlstatic.com/D_NQ_NP_2X_750530-MLM112730626234_062026-E.webp,Tlalnepantla,115.0,2.0,2.0,41739.13043478261
Loma De Valle Dorado,4900000,MXN,"Valle Dorado, Tlalnepantla De Baz, Estado De México",115 m² construidos,2 recámaras,2 baños,https://departamento.mercadolibre.com.mx/MLM-5602856242-loma-de-valle-dorado-_JM,https://http2.mlstatic.com/D_NQ_NP_2X_976504-MLM112731799438_062026-E.webp,Tlalnepantla,115.0,2.0,2.0,42608.69565217391
Departamentos Nuevos / Valle Dorado / Tlalnepantla,4495000,MXN,"Valle Dorado, Tlalnepantla De Baz, Estado De México",134 m² construidos,3 recámaras,2 baños,https://departamento.mercadolibre.com.mx/MLM-5533158032-departamentos-nuevos-valle-dorado-tlalnepantla-_JM,https://http2.mlstatic.com/D_NQ_NP_2X_992450-MLM114606540105_072026-E.webp,Tlalnepantla,134.0,3.0,2.0,33544.77611940299
Preventa / Departamento / Punta Norte Arboledas,5307935,MXN,"Valle Dorado, Tlalnepantla De Baz, Estado De México",96 m² construidos,3 recámaras,2 baños,https://departamento.mercadolibre.com.mx/MLM-5539993610-preventa-departamento-punta-norte-arboledas-_JM,https://http2.mlstatic.com/D_NQ_NP_2X_937350-MLM113315865594_072026-E.webp,Tlalnepantla,96.0,3.0,2.0,55290.989583333336
Preventa / Departamento / Punta Norte Arboledas,3361140,MXN,"Valle Dorado, Tlalnepantla De Baz, Estado De México",55 m² construidos,2 recámaras,2 baños,https://departamento.mercadolibre.com.mx/MLM-5539940902-preventa-departamento-punta-norte-arboledas-_JM,https://http2.mlstatic.com/D_NQ_NP_2X_872955-MLM114607537905_072026-E.webp,Tlalnepantla,55.0,2.0,2.0,61111.63636363636
Preventa / Departamento / Punta Norte Arboledas,4203247,MXN,"Valle Dorado, Tlalnepantla De Baz, Estado De México",73 m² construidos,2 recámaras,2 baños,https://departamento.mercadolibre.com.mx/MLM-5539992366-preventa-departamento-punta-norte-arboledas-_JM,https://http2.mlstatic.com/D_NQ_NP_2X_942837-MLM114607509049_072026-E.webp,Tlalnepantla,73.0,2.0,2.0,57578.72602739726
"Departamentos En Venta Cerca De Plaza Satélite, Col. Vistahermosa",4000000,MXN,"Vista Hermosa, Tlalnepantla De Baz, Estado De México",84 m² construidos,3 recámaras,2 baños,https://departamento.mercadolibre.com.mx/MLM-5894800528-departamentos-en-venta-cerca-de-plaza-satelite-col-vistahermosa-_JM,https://http2.mlstatic.com/D_NQ_NP_2X_775729-MLM114272485760_082026-E.webp,Tlalnepantla,84.0,3.0,2.0,47619.04761904762
Venta Departamentos En San Lucas Tepetlacalco Tlalnepantla,4300000,MXN,"San Lucas Tepetlacalco, Tlalnepantla De Baz, Estado De México",98 m² construidos,2 recámaras,2 baños,https://departamento.mercadolibre.com.mx/MLM-5896462610-venta-departamentos-en-san-lucas-tepetlacalco-tlalnepantla-_JM,https://http2.mlstatic.com/D_NQ_NP_2X_780669-MLM114281447764_082026-E.webp,Tlalnepantla,98.0,2.0,2.0,43877.551020408166
Departamento En Venta En Valle Del Tenayo,1300000,MXN,"Unidad Habitacional El Tenayo, El Tenayo Centro, Tlalnepantla De Baz, Estado De México",64 m² construidos,2 recámaras,1 baño,https://departamento.mercadolibre.com.mx/MLM-4761730610-departamento-en-venta-en-valle-del-tenayo-_JM,https://http2.mlstatic.com/D_NQ_NP_2X_899823-MLM106206721820_022026-E.webp,Tlalnepantla,64.0,2.0,1.0,20312.5
Departamento En Venta En San José Puente De Vigas,3953000,MXN,"Avenida De Las Armas Norte 80, San José Puente De Vigas, Tlalnepantla De Baz, Estado De México",100 m² construidos,3 recámaras,2 baños,https://departamento.mercadolibre.com.mx/MLM-5476210724-departamento-en-venta-en-san-jose-puente-de-vigas-_JM,https://http2.mlstatic.com/D_NQ_NP_2X_635644-MLM112966453861_062026-E.webp,Tlalnepantla,100.0,3.0,2.0,39530.0
"Departamentos En Preventa  Xocoyahualco, Tlalnepantla",4433919,MXN,"Av Morelos S/N, Xocoyahualco, Tlalnepantla De Baz, Estado De México",77 m² construidos,2 recámaras,2 baños,https://departamento.mercadolibre.com.mx/MLM-3041717525-departamentos-en-preventa-xocoyahualco-tlalnepantla-_JM,https://http2.mlstatic.com/D_NQ_NP_2X_847397-MLM112501999288_062026-E.webp,Tlalnepantla,77.0,2.0,2.0,57583.36363636364
Departamento Venta Torres Bulevares Tlalnepantla Industrial Barrientos,2550000,MXN,"Barrientos Gustavo Baz, Tlalnepantla De Baz, Estado De México",79 m² construidos,2 recámaras,2 baños,https://departamento.mercadolibre.com.mx/MLM-5722825448-departamento-venta-torres-bulevares-tlalnepantla-industrial-barrientos-_JM,https://http2.mlstatic.com/D_NQ_NP_2X_720393-MLM113353361358_072026-E.webp,Tlalnepantla,79.0,2.0,2.0,32278.481012658227
"Departamento En Preventa  Xocoyahualco, Tlalnepantla",6788900,MXN,"Av Cristo S/N, Xocoyahualco, Tlalnepantla De Baz, Estado De México",119 m² construidos,3 recámaras,2 baños,https://departamento.mercadolibre.com.mx/MLM-5560902422-departamento-en-preventa-xocoyahualco-tlalnepantla-_JM,https://http2.mlstatic.com/D_NQ_NP_2X_801096-MLM113670252733_062026-E.webp,Tlalnepantla,119.0,3.0,2.0,57049.57983193277
Departamento En Venta En San José Puente De Vigas,3940000,MXN,"Av. De Las Armas Nte. 80, San José Puente De Vigas, Tlalnepantla De Baz, Estado De México",98 m² construidos,3 recámaras,2 baños,https://departamento.mercadolibre.com.mx/MLM-4761664344-departamento-en-venta-en-san-jose-puente-de-vigas-_JM,https://http2.mlstatic.com/D_NQ_NP_2X_892449-MLM106830402515_022026-E.webp,Tlalnepantla,98.0,3.0,2.0,40204.08163265306
Departamento En Venta En San José Puente De Vigas,3953000,MXN,"Avenida De Las Armas Norte 80, San José Puente De Vigas, Tlalnepantla De Baz, Estado De México",99 m² construidos,3 recámaras,2 baños,https://departamento.mercadolibre.com.mx/MLM-2988373889-departamento-en-venta-en-san-jose-puente-de-vigas-_JM,https://http2.mlstatic.com/D_NQ_NP_2X_785551-MLM112872508289_062026-E.webp,Tlalnepantla,99.0,3.0,2.0,39929.292929292926
Departamento En Venta En San Lucas Tepetlacalco,5600000,MXN,"Francisco I. Madero 0, Tlalnepantla De Baz, Estado De México",116 m² construidos,2 recámaras,2 baños,https://departamento.mercadolibre.com.mx/MLM-2743684375-departamento-en-venta-en-san-lucas-tepetlacalco-_JM,https://http2.mlstatic.com/D_NQ_NP_2X_724839-MLM106653833114_022026-E.webp,Tlalnepantla,116.0,2.0,2.0,48275.862068965514
Departamento En Venta En San Lucas Tepetlacalco,5519796,MXN,"Francisco I. Madero 0, Tlalnepantla De Baz, Estado De México",115 m² construidos,2 recámaras,2 baños,https://departamento.mercadolibre.com.mx/MLM-2743878635-departamento-en-venta-en-san-lucas-tepetlacalco-_JM,https://http2.mlstatic.com/D_NQ_NP_2X_819711-MLM106653833066_022026-E.webp,Tlalnepantla,115.0,2.0,2.0,47998.22608695652
Departamento En Venta En San Lucas Tepetlacalco,4994906,MXN,"Francisco I. Madero 0, Tlalnepantla De Baz, Estado De México",106 m² construidos,2 recámaras,2 baños,https://departamento.mercadolibre.com.mx/MLM-2743917297-departamento-en-venta-en-san-lucas-tepetlacalco-_JM,https://http2.mlstatic.com/D_NQ_NP_2X_766761-MLM106653836626_022026-E.webp,Tlalnepantla,106.0,2.0,2.0,47121.75471698113
"Se Vende Departamento, Pent House En Tlalnepantla, San Lucas Tepetlacalco",6500000,MXN,"San Lucas Tepetlacalco, Tlalnepantla De Baz, Estado De México",235 m² construidos,5 recámaras,4 baños,https://departamento.mercadolibre.com.mx/MLM-2806884383-se-vende-departamento-pent-house-en-tlalnepantla-san-lucas-tepetlacalco-_JM,https://http2.mlstatic.com/D_NQ_NP_2X_889481-MLM93996461251_102025-E.webp,Tlalnepantla,235.0,5.0,4.0,27659.574468085106
Venta Departamento San Lucas Tepetlacalco Tlalnepantla De Baz Estado De Mexico,5600000,MXN,"San Lucas Tepetlacalco, Tlalnepantla De Baz, Estado De México",140 m² construidos,3 recámaras,3 baños,https://departamento.mercadolibre.com.mx/MLM-5430017206-venta-departamento-san-lucas-tepetlacalco-tlalnepantla-de-baz-estado-de-mexico-_JM,https://http2.mlstatic.com/D_NQ_NP_2X_718198-MLM111462327028_052026-E.webp,Tlalnepantla,140.0,3.0,3.0,40000.0
"Departamento En Venta En Valle Dorado, Tlalnepantla",4495000,MXN,"Valle Dorado, Tlalnepantla De Baz, Estado De México",146 m² construidos,3 recámaras,2 baños,https://departamento.mercadolibre.com.mx/MLM-4830899660-departamento-en-venta-en-valle-dorado-tlalnepantla-_JM,https://http2.mlstatic.com/D_NQ_NP_2X_610136-MLM106853510980_022026-E.webp,Tlalnepantla,146.0,3.0,2.0,30787.671232876713
"Departamento En Valle Dorado, Tlalnepantla.",4495000,MXN,"Valle Dorado, Tlalnepantla De Baz, Estado De México",125 m² construidos,3 recámaras,2 baños,https://departamento.mercadolibre.com.mx/MLM-5338575956-departamento-en-valle-dorado-tlalnepantla-_JM,https://http2.mlstatic.com/D_NQ_NP_2X_941667-MLM111651994085_052026-E.webp,Tlalnepantla,125.0,3.0,2.0,35960.0
Departamento Venta Torres Bulevares Norte Tlalnepantla,3560000,MXN,"Barrientos Gustavo Baz, Tlalnepantla De Baz, Estado De México",109 m² construidos,3 recámaras,2 baños,https://departamento.mercadolibre.com.mx/MLM-3139570589-departamento-venta-torres-bulevares-norte-tlalnepantla-_JM,https://http2.mlstatic.com/D_NQ_NP_2X_737682-MLM113353362404_072026-E.webp,Tlalnepantla,109.0,3.0,2.0,32660.550458715596
Venta De Departamento De 86 M² Con 2 Recámaras En Venta En Vista Hermosa,3189000,MXN,"Vista Hermosa, Tlalnepantla De Baz, Estado De México",86 m² construidos,2 recámaras,2 baños,https://departamento.mercadolibre.com.mx/MLM-5650200054-venta-de-departamento-de-86-m-con-2-recamaras-en-venta-en-vista-hermosa-_JM,https://http2.mlstatic.com/D_NQ_NP_2X_966577-MLM114218685025_072026-E.webp,Tlalnepantla,86.0,2.0,2.0,37081.395348837206
Departamento En Venta En Lomas De Valle Dorado,4800000,MXN,"Lomas De Valle Dorado, Lomas Valle Dorado, Tlalnepantla De Baz, Estado De México",115 m² construidos,2 recámaras,2 baños,https://departamento.mercadolibre.com.mx/MLM-4761819770-departamento-en-venta-en-lomas-de-valle-dorado-_JM,https://http2.mlstatic.com/D_NQ_NP_2X_812994-MLM106249200190_022026-E.webp,Tlalnepantla,115.0,2.0,2.0,41739.13043478261
"Departamento En Venta En Colonia San Lucas Tepetlacalco, Tlalnepantla De Baz, Estado De México",2980000,MXN,"Blvd. Manuel Avila Camacho  2247, San Lucas Tepetlacalco, Tlalnepantla De Baz, Estado De México",70 m² construidos,2 recámaras,2 baños,https://departamento.mercadolibre.com.mx/MLM-5436165080-departamento-en-venta-en-colonia-san-lucas-tepetlacalco-tlalnepantla-de-baz-estado-de-mexico-_JM,https://http2.mlstatic.com/D_NQ_NP_2X_827265-MLM112556568619_062026-E.webp,Tlalnepantla,70.0,2.0,2.0,42571.42857142857
"Departamento En Venta En Colonia Ex-hacienda De Santa Mónica, Tlalnepantla De Baz, Estado De México",6567223,MXN,"Cerrito 16 De Septiembre S/N, Ex-Hacienda De Santa Mónica, Tlalnepantla De Baz, Estado De México",139 m² construidos,2 recámaras,2 baños,https://departamento.mercadolibre.com.mx/MLM-2755665731-departamento-en-venta-en-colonia-ex-hacienda-de-santa-monica-tlalnepantla-de-baz-estado-de-mexico-_JM,https://http2.mlstatic.com/D_NQ_NP_2X_626058-MLM107118478842_022026-E.webp,Tlalnepantla,139.0,2.0,2.0,47246.20863309353
Departamento En Venta En La Col. San Lorenzo En Tlalnepantla En  Edo.de México,6300000,MXN,"San Lorenzo, Tlalnepantla De Baz, Estado De México",107 m² construidos,2 recámaras,2 baños,https://departamento.mercadolibre.com.mx/MLM-5445127982-departamento-en-venta-en-la-col-san-lorenzo-en-tlalnepantla-en-edode-mexico-_JM,https://http2.mlstatic.com/D_NQ_NP_2X_691197-MLM114322412888_082026-E.webp,Tlalnepantla,107.0,2.0,2.0,58878.504672897194
"Departamento En Venta En Colonia Ex-hacienda De Santa Mónica, Tlalnepantla De Baz, Estado De México",5964391,MXN,"Cerrito 16 De Septiembre S/N, Ex-Hacienda De Santa Mónica, Tlalnepantla De Baz, Estado De México",118 m² construidos,2 recámaras,2 baños,https://departamento.mercadolibre.com.mx/MLM-2755674871-departamento-en-venta-en-colonia-ex-hacienda-de-santa-monica-tlalnepantla-de-baz-estado-de-mexico-_JM,https://http2.mlstatic.com/D_NQ_NP_2X_956759-MLM107813266489_022026-E.webp,Tlalnepantla,118.0,2.0,2.0,50545.686440677964
"Departamento En Venta En Colonia San Lucas Tepetlacalco, Tlalnepantla De Baz, Estado De México",4580000,MXN,"Benito Juarez 93, San Lucas Tepetlacalco, Tlalnepantla De Baz, Estado De México",98 m² construidos,2 recámaras,2 baños,https://departamento.mercadolibre.com.mx/MLM-5760568550-departamento-en-venta-en-colonia-san-lucas-tepetlacalco-tlalnepantla-de-baz-estado-de-mexico-_JM,https://http2.mlstatic.com/D_NQ_NP_2X_659487-MLM114874870529_072026-E.webp,Tlalnepantla,98.0,2.0,2.0,46734.69387755102
"Departamento En Venta En Colonia San Lucas Tepetlacalco, Tlalnepantla De Baz, Estado De México",5363841,MXN,"FRANCISCO I MADERO 7, San Lucas Tepetlacalco, Tlalnepantla De Baz, Estado De México",116 m² construidos,2 recámaras,2 baños,https://departamento.mercadolibre.com.mx/MLM-5341473796-departamento-en-venta-en-colonia-san-lucas-tepetlacalco-tlalnepantla-de-baz-estado-de-mexico-_JM,https://http2.mlstatic.com/D_NQ_NP_2X_652681-MLM110722874960_052026-E.webp,Tlalnepantla,116.0,2.0,2.0,46240.00862068965
"Departamento En Venta, A Dos Minutos De Ciudad Satélite, Unas Cuadras Del Perifé",4300000,MXN,"San Lucas Tepetlacalco, Tlalnepantla De Baz, Estado De México",98 m² construidos,2 recámaras,2 baños,https://departamento.mercadolibre.com.mx/MLM-3113940011-departamento-en-venta-a-dos-minutos-de-ciudad-satelite-unas-cuadras-del-perife-_JM,https://http2.mlstatic.com/D_NQ_NP_2X_654032-MLM113151069978_072026-E.webp,Tlalnepantla,98.0,2.0,2.0,43877.551020408166
"Departamento En Venta En Colonia San Lucas Tepetlacalco, Tlalnepantla De Baz, Estado De México",5623963,MXN,"FRANCISCO I MADERO 7, San Lucas Tepetlacalco, Tlalnepantla De Baz, Estado De México",123 m² construidos,2 recámaras,2 baños,https://departamento.mercadolibre.com.mx/MLM-5341486740-departamento-en-venta-en-colonia-san-lucas-tepetlacalco-tlalnepantla-de-baz-estado-de-mexico-_JM,https://http2.mlstatic.com/D_NQ_NP_2X_656734-MLM110722780604_052026-E.webp,Tlalnepantla,123.0,2.0,2.0,45723.276422764226
"Departamento En Venta En Colonia San Lucas Tepetlacalco, Tlalnepantla De Baz, Estado De México",4887421,MXN,"FRANCISCO I MADERO 7, San Lucas Tepetlacalco, Tlalnepantla De Baz, Estado De México",106 m² construidos,2 recámaras,2 baños,https://departamento.mercadolibre.com.mx/MLM-5341486820-departamento-en-venta-en-colonia-san-lucas-tepetlacalco-tlalnepantla-de-baz-estado-de-mexico-_JM,https://http2.mlstatic.com/D_NQ_NP_2X_965762-MLM111679137887_052026-E.webp,Tlalnepantla,106.0,2.0,2.0,46107.74528301887
"Departamento En Venta En Colonia San Lucas Tepetlacalco, Tlalnepantla De Baz, Estado De México",3840714,MXN,"FRANCISCO I MADERO 7, San Lucas Tepetlacalco, Tlalnepantla De Baz, Estado De México",83 m² construidos,2 recámaras,2 baños,https://departamento.mercadolibre.com.mx/MLM-5341486858-departamento-en-venta-en-colonia-san-lucas-tepetlacalco-tlalnepantla-de-baz-estado-de-mexico-_JM,https://http2.mlstatic.com/D_NQ_NP_2X_892990-MLM111679141305_052026-E.webp,Tlalnepantla,83.0,2.0,2.0,46273.66265060241
"Departamento En Venta Uh Tlalcalli, Tlalnepantla De Baz, México",1800000,MXN,"Tlalcalli, Tlalnepantla De Baz, Estado De México",65 m² construidos,2 recámaras,1 baño,https://departamento.mercadolibre.com.mx/MLM-3248100377-departamento-en-venta-uh-tlalcalli-tlalnepantla-de-baz-mexico-_JM,https://http2.mlstatic.com/D_NQ_NP_2X_634275-MLM115615443527_082026-E.webp,Tlalnepantla,65.0,2.0,1.0,27692.30769230769
Departamento En Venta En Tlalnemex,1890000,MXN,"Avenida Atlacomulco 14B, Tlalnemex, Tlalnepantla De Baz, Estado De México",85 m² construidos,3 recámaras,2 baños,https://departamento.mercadolibre.com.mx/MLM-3045643859-departamento-en-venta-en-tlalnemex-_JM,https://http2.mlstatic.com/D_NQ_NP_2X_934703-MLM113725946053_062026-E.webp,Tlalnepantla,85.0,3.0,2.0,22235.29411764706
Departamento En Venta En Buenaventura,1250000,MXN,"San Buenaventura, Tlalnepantla De Baz, Estado De México",71 m² construidos,3 recámaras,1 baño,https://departamento.mercadolibre.com.mx/MLM-2940272387-departamento-en-venta-en-buenaventura-_JM,https://http2.mlstatic.com/D_NQ_NP_2X_930039-MLM113802912626_072026-E.webp,Tlalnepantla,71.0,3.0,1.0,17605.6338028169
"Departamento Venta San Rafael, Tlalnepantla De Baz, Edo De México",1300000,MXN,"San Rafael, San Rafael, Tlalnepantla De Baz, Estado De México",55 m² construidos,2 recámaras,1 baño,https://departamento.mercadolibre.com.mx/MLM-5576695802-departamento-venta-san-rafael-tlalnepantla-de-baz-edo-de-mexico-_JM,https://http2.mlstatic.com/D_NQ_NP_2X_768173-MLM112594602022_062026-E.webp,Tlalnepantla,55.0,2.0,1.0,23636.363636363636
Departamento En Venta,2250000,MXN,"Viveros Del Valle, Viveros Del Valle, Tlalnepantla De Baz, Estado De México",55 m² construidos,2 recámaras,1 baño,https://departamento.mercadolibre.com.mx/MLM-5412798208-departamento-en-venta-_JM,https://http2.mlstatic.com/D_NQ_NP_2X_742327-MLM113729825120_072026-E.webp,Tlalnepantla,55.0,2.0,1.0,40909.09090909091
Departamento En Venta,1800000,MXN,"Los Tejavanes, Tejavanes, Tlalnepantla De Baz, Estado De México",66 m² construidos,3 recámaras,1 baño,https://departamento.mercadolibre.com.mx/MLM-2967809769-departamento-en-venta-_JM,https://http2.mlstatic.com/D_NQ_NP_2X_737229-MLM111410358050_052026-E.webp,Tlalnepantla,66.0,3.0,1.0,27272.727272727272
"Departamentos En Venta En San Lucas Tepetlacalco, Tlalnepantla",4694285,MXN,"San Lucas Tepetlacalco, Tlalnepantla De Baz, Estado De México",120 m² construidos,2 recámaras,2 baños,https://departamento.mercadolibre.com.mx/MLM-3754542266-departamentos-en-venta-en-san-lucas-tepetlacalco-tlalnepantla-_JM,https://http2.mlstatic.com/D_NQ_NP_2X_959778-MLM81432128010_122024-E.webp,Tlalnepantla,120.0,2.0,2.0,39119.041666666664
Gran Departamento Con Esplendida Terraza En Residencial Tlalnepantla,6500000,MXN,"Av Sor Juana Inés De La Cruz 280, MZ 020, San Lorenzo, Tlalnepantla, San Lorenzo, Tlalnepantla De Baz, Estado De México",178 m² construidos,3 recámaras,2 baños,https://departamento.mercadolibre.com.mx/MLM-2914265313-gran-departamento-con-esplendida-terraza-en-residencial-tlalnepantla-_JM,https://http2.mlstatic.com/D_NQ_NP_2X_864337-MLM111353567853_052026-E.webp,Tlalnepantla,178.0,3.0,2.0,36516.85393258427
Hermoso Penthouse Entre Plaza Satélite Y Mundo E,12500000,MXN,"San Lucas Tepetlacalco, Tlalnepantla De Baz, San Lucas Tepetlacalco, Tlalnepantla De Baz, Estado De México",350 m² construidos,4 recámaras,4 baños,https://departamento.mercadolibre.com.mx/MLM-2771379233-hermoso-penthouse-entre-plaza-satelite-y-mundo-e-_JM,https://http2.mlstatic.com/D_NQ_NP_2X_999954-MLM108329725427_032026-E.webp,Tlalnepantla,350.0,4.0,4.0,35714.28571428572
Departamento En Venta En Tlalnepantla Centro,3725000,MXN,"Cerrada Vasconcelos, Tlalnepantla  Centro, Tlalnepantla De Baz, Estado De México",122 m² construidos,3 recámaras,2 baños,https://departamento.mercadolibre.com.mx/MLM-2778931039-departamento-en-venta-en-tlalnepantla-centro-_JM,https://http2.mlstatic.com/D_NQ_NP_2X_758206-MLM107759218536_032026-E.webp,Tlalnepantla,122.0,3.0,2.0,30532.786885245903
Departamento En Venta En Tlalnepantla,3925000,MXN,"Cerrada Vasconcelos, Tlalnepantla  Centro, Tlalnepantla De Baz, Estado De México",122 m² construidos,3 recámaras,2 baños,https://departamento.mercadolibre.com.mx/MLM-2778919923-departamento-en-venta-en-tlalnepantla-_JM,https://http2.mlstatic.com/D_NQ_NP_2X_898912-MLM107759219032_032026-E.webp,Tlalnepantla,122.0,3.0,2.0,32172.131147540982
Venta De Departamento,3299000,MXN,"Avenida México 15, Cumbres Del Valle, Tlalnepantla De Baz, Estado De México",110 m² construidos,3 recámaras,2 baños,https://departamento.mercadolibre.com.mx/MLM-5153543842-venta-de-departamento-_JM,https://http2.mlstatic.com/D_NQ_NP_2X_969826-MLM109321674894_042026-E.webp,Tlalnepantla,110.0,3.0,2.0,29990.909090909092
"Departamento Garden House En Venta, Natura",6900000,MXN,"Vista Hermosa Amp, Tlalnepantla De Baz, Estado De México",97 m² construidos,2 recámaras,2 baños,https://departamento.mercadolibre.com.mx/MLM-5527424646-departamento-garden-house-en-venta-natura-_JM,https://http2.mlstatic.com/D_NQ_NP_2X_615149-MLM112260859572_062026-E.webp,Tlalnepantla,97.0,2.0,2.0,71134.02061855671
"Penthouse En Venta En Residencial Natura, Vista Hermosa",12900000,MXN,"Vista Hermosa Amp, Tlalnepantla De Baz, Estado De México",145 m² construidos,3 recámaras,3 baños,https://departamento.mercadolibre.com.mx/MLM-5479429434-penthouse-en-venta-en-residencial-natura-vista-hermosa-_JM,https://http2.mlstatic.com/D_NQ_NP_2X_998075-MLM111875286810_062026-E.webp,Tlalnepantla,145.0,3.0,3.0,88965.5172413793
Departamento En Venta En El Mirador,3600000,MXN,"C. Del Deporte, El Mirador, Tlalnepantla De Baz, Estado De México",72 m² construidos,2 recámaras,2 baños,https://departamento.mercadolibre.com.mx/MLM-2872485265-departamento-en-venta-en-el-mirador-_JM,https://http2.mlstatic.com/D_NQ_NP_2X_849415-MLM110563888567_042026-E.webp,Tlalnepantla,72.0,2.0,2.0,50000.0
Departamento En Venta,4900000,MXN,"La Loma, Parque Industrial La Loma, Tlalnepantla De Baz, Estado De México",227 m² construidos,3 recámaras,3 baños,https://departamento.mercadolibre.com.mx/MLM-2923130829-departamento-en-venta-_JM,https://http2.mlstatic.com/D_NQ_NP_2X_724865-MLM111541147061_052026-E.webp,Tlalnepantla,227.0,3.0,3.0,21585.90308370044
"Departamento En Venta, Fioré Tlalnepantla",3940000,MXN,"Centro Industrial Tlalnepantla, Tlalnepantla De Baz, Estado De México",98 m² construidos,3 recámaras,2 baños,https://departamento.mercadolibre.com.mx/MLM-2814539055-departamento-en-venta-fiore-tlalnepantla-_JM,https://http2.mlstatic.com/D_NQ_NP_2X_897847-MLM108573497462_032026-E.webp,Tlalnepantla,98.0,3.0,2.0,40204.08163265306
Departamento En Venta En Mundo E,5519796,MXN,"San Lucas Tepetlacalco, Tlalnepantla De Baz, Estado De México",115 m² construidos,2 recámaras,2 baños,https://departamento.mercadolibre.com.mx/MLM-3081300807-departamento-en-venta-en-mundo-e-_JM,https://http2.mlstatic.com/D_NQ_NP_2X_685428-MLM114129899719_072026-E.webp,Tlalnepantla,115.0,2.0,2.0,47998.22608695652
Hermoso Departamento Con Roof Garden Y Estacionamiento Unico,2900000,MXN,"C. Emiliano Zapata 212, MZ 014, San Jerónimo Tepetlacalco, Tlalnepantla, Bellavista Puente De Vigas, Tlalnepantla De Baz, Estado De México",60 m² construidos,2 recámaras,2 baños,https://departamento.mercadolibre.com.mx/MLM-3002504735-hermoso-departamento-con-roof-garden-y-estacionamiento-unico-_JM,https://http2.mlstatic.com/D_NQ_NP_2X_616515-MLM111965770174_062026-E.webp,Tlalnepantla,60.0,2.0,2.0,48333.333333333336
"Preventa De Departamentos En Puerta Norte, Tlalnepantla De Baz",2550000,MXN,"Las Arboledas, Tlalnepantla De Baz, Estado De México",41 m² construidos,2 recámaras,2 baños,https://departamento.mercadolibre.com.mx/MLM-3045833057-preventa-de-departamentos-en-puerta-norte-tlalnepantla-de-baz-_JM,https://http2.mlstatic.com/D_NQ_NP_2X_909986-MLM113730001607_062026-E.webp,Tlalnepantla,41.0,2.0,2.0,62195.12195121951
Venta Departamento Con Terraza Nuevo En Xocoyahualco,12150000,MXN,"Xocoyahualco, Tlalnepantla De Baz, Estado De México",182 m² construidos,3 recámaras,2 baños,https://departamento.mercadolibre.com.mx/MLM-5147729992-venta-departamento-con-terraza-nuevo-en-xocoyahualco-_JM,https://http2.mlstatic.com/D_NQ_NP_2X_909711-MLM113589317576_072026-E.webp,Tlalnepantla,182.0,3.0,2.0,66758.24175824175
Venta Departamentos  A 5 Min De Mundo E,4580000,MXN,"San Lucas Tepetlacalco, Tlalnepantla De Baz, Estado De México",98 m² construidos,2 recámaras,2 baños,https://departamento.mercadolibre.com.mx/MLM-2848197973-venta-departamentos-a-5-min-de-mundo-e-_JM,https://http2.mlstatic.com/D_NQ_NP_2X_869233-MLM114864384689_072026-E.webp,Tlalnepantla,98.0,2.0,2.0,46734.69387755102
Venta Departamento Con Terraza 56.60 Mts Nuevo En Xocoyahualco,9900000,MXN,"Xocoyahualco, Tlalnepantla De Baz, Estado De México",164 m² construidos,3 recámaras,2 baños,https://departamento.mercadolibre.com.mx/MLM-2848197849-venta-departamento-con-terraza-5660-mts-nuevo-en-xocoyahualco-_JM,https://http2.mlstatic.com/D_NQ_NP_2X_804218-MLM114864380209_072026-E.webp,Tlalnepantla,164.0,3.0,2.0,60365.85365853659
Departamento En Venta En Mundo E,4994906,MXN,"San Lucas Tepetlacalco, Tlalnepantla De Baz, Estado De México",106 m² construidos,2 recámaras,2 baños,https://departamento.mercadolibre.com.mx/MLM-3081313779-departamento-en-venta-en-mundo-e-_JM,https://http2.mlstatic.com/D_NQ_NP_2X_895586-MLM114129899559_072026-E.webp,Tlalnepantla,106.0,2.0,2.0,47121.75471698113
Venta Departamento 3 Recamaras Nuevo En Xocoyahualco,6600000,MXN,"Xocoyahualco, Tlalnepantla De Baz, Estado De México",100 m² construidos,3 recámaras,2 baños,https://departamento.mercadolibre.com.mx/MLM-5147729994-venta-departamento-3-recamaras-nuevo-en-xocoyahualco-_JM,https://http2.mlstatic.com/D_NQ_NP_2X_837593-MLM113589317714_072026-E.webp,Tlalnepantla,100.0,3.0,2.0,66000.0
"Departamento En Venta En San Lucas Tepetlacalco $4,580,000.00",4580000,MXN,"San Lucas Tepetlacalco, Tlalnepantla De Baz, Estado De México",98 m² construidos,2 recámaras,2 baños,https://departamento.mercadolibre.com.mx/MLM-5770444376-departamento-en-venta-en-san-lucas-tepetlacalco-458000000-_JM,https://http2.mlstatic.com/D_NQ_NP_2X_718802-MLM113645467020_072026-E.webp,Tlalnepantla,98.0,2.0,2.0,46734.69387755102
Venta Departamento 2 Recamaras  Nuevo En Xocoyahualco,4700000,MXN,"Xocoyahualco, Tlalnepantla De Baz, Estado De México",72 m² construidos,2 recámaras,2 baños,https://departamento.mercadolibre.com.mx/MLM-5147813160-venta-departamento-2-recamaras-nuevo-en-xocoyahualco-_JM,https://http2.mlstatic.com/D_NQ_NP_2X_783686-MLM113589317748_072026-E.webp,Tlalnepantla,72.0,2.0,2.0,65277.77777777778
"Departamento En Venta En Tlanepantla De Baz En $2,800,000.00",2800000,MXN,"Tlalnepantla  Centro, Tlalnepantla De Baz, Estado De México",63 m² construidos,2 recámaras,2 baños,https://departamento.mercadolibre.com.mx/MLM-5715357124-departamento-en-venta-en-tlanepantla-de-baz-en-280000000-_JM,https://http2.mlstatic.com/D_NQ_NP_2X_670643-MLM114548223829_072026-E.webp,Tlalnepantla,63.0,2.0,2.0,44444.444444444445
Excelente Departamento En Venta En  Fashion Mall Carso,6800000,MXN,"Av Sor Juana Inés De La Cruz, San Lorenzo, Tlalnepantla, San Lorenzo, Tlalnepantla De Baz, Estado De México",177 m² construidos,3 recámaras,2 baños,https://departamento.mercadolibre.com.mx/MLM-5332629786-excelente-departamento-en-venta-en-fashion-mall-carso-_JM,https://http2.mlstatic.com/D_NQ_NP_2X_716956-MLM111609955489_052026-E.webp,Tlalnepantla,177.0,3.0,2.0,38418.0790960452
Departamento De Lujo En Tlalnepantla Centro,3300000,MXN,"Base De Tlalnepantla Av. Presidente Benito Juárez, Tlalnepantla Centro, 54000 Tlalnepantla, Méx., Mexico, Tlalnepantla  Centro, Tlalnepantla De Baz, Estado De México",88 m² construidos,2 recámaras,2 baños,https://departamento.mercadolibre.com.mx/MLM-2899399315-departamento-de-lujo-en-tlalnepantla-centro-_JM,https://http2.mlstatic.com/D_NQ_NP_2X_678812-MLM111047219619_042026-E.webp,Tlalnepantla,88.0,2.0,2.0,37500.0
Departamento En Preventa Arboledas | Periferico Norte,5347000,MXN,"Perif. Blvd. Manuel Ávila Camacho 3204, Valle Dorado, 54020 Tlalnepantla, Méx., Mexico, Las Arboledas, Tlalnepantla De Baz, Estado De México",96 m² construidos,2 recámaras,2 baños,https://departamento.mercadolibre.com.mx/MLM-5758056414-departamento-en-preventa-arboledas-periferico-norte-_JM,https://http2.mlstatic.com/D_NQ_NP_2X_751025-MLM114850594959_072026-E.webp,Tlalnepantla,96.0,2.0,2.0,55697.916666666664
Departamento En Venta Arboledas,4235000,MXN,"Perif. Blvd. Manuel Ávila Camacho 3204, Valle Dorado, 54020 Tlalnepantla, Méx., Mexico, Las Arboledas, Tlalnepantla De Baz, Estado De México",70 m² construidos,2 recámaras,2 baños,https://departamento.mercadolibre.com.mx/MLM-3160669845-departamento-en-venta-arboledas-_JM,https://http2.mlstatic.com/D_NQ_NP_2X_640415-MLM113576280558_072026-E.webp,Tlalnepantla,70.0,2.0,2.0,60500.0
Departamento En Venta En Tlalnepantla Centro 26-1965.,4547769,MXN,"Tlalnepantla De Baz, Tlalnepantla Centro, Tlalnepantla  Centro, Tlalnepantla De Baz, Estado De México",101 m² construidos,2 recámaras,2 baños,https://departamento.mercadolibre.com.mx/MLM-5896448682-departamento-en-venta-en-tlalnepantla-centro-26-1965-_JM,https://http2.mlstatic.com/D_NQ_NP_2X_627313-MLM114281347596_082026-E.webp,Tlalnepantla,101.0,2.0,2.0,45027.41584158416
"Departamento En Venta En Colinas De San Jose, Tlalnepantla De Baz Jl 26-2076.",2382165,MXN,"Tlalnepantla De Baz , Colinas De San Jose, Colinas De San Jose, Tlalnepantla De Baz, Estado De México",82 m² construidos,2 recámaras,2 baños,https://departamento.mercadolibre.com.mx/MLM-5863528418-departamento-en-venta-en-colinas-de-san-jose-tlalnepantla-de-baz-jl-26-2076-_JM,https://http2.mlstatic.com/D_NQ_NP_2X_609109-MLM115383163579_072026-E.webp,Tlalnepantla,82.0,2.0,2.0,29050.79268292683
"Departamento En  Venta Xocoyahualco, Tlalnepantla De Baz ¡game Room!",9099170,MXN,"Av. Del Cristo Al 100, Xocoyahualco, Tlalnepantla De Baz, Estado De México",131 m² de terreno,3 recámaras,1 baño,https://departamento.mercadolibre.com.mx/MLM-5892924916-departamento-en-venta-xocoyahualco-tlalnepantla-de-baz-game-room-_JM,https://http2.mlstatic.com/D_NQ_NP_2X_896042-MLM115589144423_082026-E.webp,Tlalnepantla,131.0,3.0,1.0,69459.31297709924
"Departamento En  Venta Xocoyahualco, Tlalnepantla De Baz ¡game Room!",9364401,MXN,"Av. Del Cristo Al 100, Xocoyahualco, Tlalnepantla De Baz, Estado De México",138 m² de terreno,3 recámaras,1 baño,https://departamento.mercadolibre.com.mx/MLM-3240760863-departamento-en-venta-xocoyahualco-tlalnepantla-de-baz-game-room-_JM,https://http2.mlstatic.com/D_NQ_NP_2X_859386-MLM115538246361_082026-E.webp,Tlalnepantla,138.0,3.0,1.0,67857.97826086957
"Departamento En  Venta Xocoyahualco, Tlalnepantla De Baz ¡game Room!",7231863,MXN,"Av. Del Cristo Al 100, Xocoyahualco, Tlalnepantla De Baz, Estado De México",104 m² de terreno,2 recámaras,1 baño,https://departamento.mercadolibre.com.mx/MLM-5893104544-departamento-en-venta-xocoyahualco-tlalnepantla-de-baz-game-room-_JM,https://http2.mlstatic.com/D_NQ_NP_2X_756469-MLM114254295562_082026-E.webp,Tlalnepantla,104.0,2.0,1.0,69537.14423076923
"Departamento En  Venta Xocoyahualco, Tlalnepantla De Baz ¡game Room!",10092025,MXN,"Av. Del Cristo Al 100, Xocoyahualco, Tlalnepantla De Baz, Estado De México",147 m² de terreno,3 recámaras,1 baño,https://departamento.mercadolibre.com.mx/MLM-3246193073-departamento-en-venta-xocoyahualco-tlalnepantla-de-baz-game-room-_JM,https://http2.mlstatic.com/D_NQ_NP_2X_761350-MLM115588864219_082026-E.webp,Tlalnepantla,147.0,3.0,1.0,68653.23129251701
"Departamento En  Venta Xocoyahualco, Tlalnepantla De Baz ¡game Room!",7051229,MXN,"Av. Del Cristo Al 100, Xocoyahualco, Tlalnepantla De Baz, Estado De México",103 m² de terreno,2 recámaras,1 baño,https://departamento.mercadolibre.com.mx/MLM-5885199338-departamento-en-venta-xocoyahualco-tlalnepantla-de-baz-game-room-_JM,https://http2.mlstatic.com/D_NQ_NP_2X_863753-MLM114205123188_082026-E.webp,Tlalnepantla,103.0,2.0,1.0,68458.53398058252
"Departamento En  Venta Xocoyahualco, Tlalnepantla De Baz ¡game Room!",9946738,MXN,"Av. Del Cristo Al 100, Xocoyahualco, Tlalnepantla De Baz, Estado De México",147 m² de terreno,3 recámaras,1 baño,https://departamento.mercadolibre.com.mx/MLM-3240757129-departamento-en-venta-xocoyahualco-tlalnepantla-de-baz-game-room-_JM,https://http2.mlstatic.com/D_NQ_NP_2X_765211-MLM115538023031_082026-E.webp,Tlalnepantla,147.0,3.0,1.0,67664.8843537415
"Departamento En  Venta Xocoyahualco, Tlalnepantla De Baz ¡game Room!",7084727,MXN,"Av. Del Cristo Al 100, Xocoyahualco, Tlalnepantla De Baz, Estado De México",105 m² de terreno,2 recámaras,1 baño,https://departamento.mercadolibre.com.mx/MLM-3240733469-departamento-en-venta-xocoyahualco-tlalnepantla-de-baz-game-room-_JM,https://http2.mlstatic.com/D_NQ_NP_2X_927419-MLM114204452768_082026-E.webp,Tlalnepantla,105.0,2.0,1.0,67473.59047619048
"Penthouse En Venta En Natura, Ampliación Vista Hermosa, Tlalnepantla De Baz",12000000,MXN,"Vista Hermosa Amp, Tlalnepantla De Baz, Estado De México",274 m² construidos,3 recámaras,3 baños,https://departamento.mercadolibre.com.mx/MLM-5885798204-penthouse-en-venta-en-natura-ampliacion-vista-hermosa-tlalnepantla-de-baz-_JM,https://http2.mlstatic.com/D_NQ_NP_2X_697834-MLM115542572347_082026-E.webp,Tlalnepantla,274.0,3.0,3.0,43795.620437956204
Venta Departamento 3 Ambientes Xocoyahualco,5750000,MXN,"Av. Del Cristo, 127, Xocoyahualco, Tlalnepantla De Baz, Estado De México",133 m² construidos,3 recámaras,2 baños,https://departamento.mercadolibre.com.mx/MLM-5884688884-venta-departamento-3-ambientes-xocoyahualco-_JM,https://http2.mlstatic.com/D_NQ_NP_2X_906852-MLM115537407733_082026-E.webp,Tlalnepantla,133.0,3.0,2.0,43233.082706766916
"Departamento En  Venta, San Lucas Tepetlacalco",4580000,MXN,"Calle S/N, San Lucas Tepetlacalco, Tlalnepantla De Baz, Estado De México",98 m² construidos,2 recámaras,2 baños,https://departamento.mercadolibre.com.mx/MLM-3240050675-departamento-en-venta-san-lucas-tepetlacalco-_JM,https://http2.mlstatic.com/D_NQ_NP_2X_699279-MLM115529839479_082026-E.webp,Tlalnepantla,98.0,2.0,2.0,46734.69387755102
"Departamento En Tlalnepantla De Baz, Edo De Mexico",1500000,MXN,"Valle Del Tenayo, Tlalnepantla De Baz, Estado De México",56 m² construidos,2 recámaras,1 baño,https://departamento.mercadolibre.com.mx/MLM-2748626053-departamento-en-tlalnepantla-de-baz-edo-de-mexico-_JM,https://http2.mlstatic.com/D_NQ_NP_2X_866411-MLM106843119340_022026-E.webp,Tlalnepantla,56.0,2.0,1.0,26785.714285714286
"Departamento En Venta, Tlalnepantla",2250000,MXN,"Viveros Del Valle, Tlalnepantla De Baz, Estado De México",65 m² construidos,2 recámaras,1 baño,https://departamento.mercadolibre.com.mx/MLM-5186940108-departamento-en-venta-tlalnepantla-_JM,https://http2.mlstatic.com/D_NQ_NP_2X_826763-MLM110435832589_042026-E.webp,Tlalnepantla,65.0,2.0,1.0,34615.38461538462
"Departamento En Venta En Tlalnepantla De Baz, Tlalnepantla Centro Rt 26-1965.",3876000,MXN,"Tlalnepantla De Baz ,tlalnepantla Centro, Tlalnepantla  Centro, Tlalnepantla De Baz, Estado De México",101 m² construidos,2 recámaras,2 baños,https://departamento.mercadolibre.com.mx/MLM-5807940782-departamento-en-venta-en-tlalnepantla-de-baz-tlalnepantla-centro-rt-26-1965-_JM,https://http2.mlstatic.com/D_NQ_NP_2X_658682-MLM115130411501_072026-E.webp,Tlalnepantla,101.0,2.0,2.0,38376.237623762376
"Departamento En Venta En Tlalnepantla De Baz, Colinas De San Jose Rt 26-2076.",2382165,MXN,"Tlalnepantla De Baz ,colinas De San Jose, Colinas De San Jose, Tlalnepantla De Baz, Estado De México",82 m² construidos,2 recámaras,2 baños,https://departamento.mercadolibre.com.mx/MLM-3191776205-departamento-en-venta-en-tlalnepantla-de-baz-colinas-de-san-jose-rt-26-2076-_JM,https://http2.mlstatic.com/D_NQ_NP_2X_944588-MLM115130353153_072026-E.webp,Tlalnepantla,82.0,2.0,2.0,29050.79268292683
"Departamento En Venta En Tlalnepantla Centro, Tlalnepantla De Baz 26-1965 Jas",3876000,MXN,"Departamento En Venta En Tlalnepantla Centro, Tlalnepantla De Baz 26-1965 MM, Tlalnepantla  Centro, Tlalnepantla De Baz, Estado De México",101 m² construidos,2 recámaras,2 baños,https://departamento.mercadolibre.com.mx/MLM-5475264202-departamento-en-venta-en-tlalnepantla-centro-tlalnepantla-de-baz-26-1965-jas-_JM,https://http2.mlstatic.com/D_NQ_NP_2X_697250-MLM112957843979_062026-E.webp,Tlalnepantla,101.0,2.0,2.0,38376.237623762376
Departamento En  Venta Satelite ¡vida Y Emocion!,4055399,MXN,"Av. Del Cristo Al 100, Xocoyahualco, Tlalnepantla De Baz, Estado De México",61 m² de terreno,1 recámara,2 baños,https://departamento.mercadolibre.com.mx/MLM-3215991499-departamento-en-venta-satelite-vida-y-emocion-_JM,https://http2.mlstatic.com/D_NQ_NP_2X_814313-MLM115311341783_072026-E.webp,Tlalnepantla,61.0,1.0,2.0,66481.95081967213
Departamento En  Venta Satelite ¡vida Y Emocion!,10230761,MXN,"Av. Del Cristo Al 100, Xocoyahualco, Tlalnepantla De Baz, Estado De México",156 m² de terreno,3 recámaras,2 baños,https://departamento.mercadolibre.com.mx/MLM-3193414799-departamento-en-venta-satelite-vida-y-emocion-_JM,https://http2.mlstatic.com/D_NQ_NP_2X_888245-MLM113843115558_072026-E.webp,Tlalnepantla,156.0,3.0,2.0,65581.80128205128
"Departamento En Venta En Lomas Boulevares, Tlalnepantla, Edo. Méx",3300000,MXN,"Av. Gran Plaza, Lomas Boulevares, Tlalnepantla De Baz, Estado De México",152 m² construidos,2 recámaras,1 baño,https://departamento.mercadolibre.com.mx/MLM-5394482998-departamento-en-venta-en-lomas-boulevares-tlalnepantla-edo-mex-_JM,https://http2.mlstatic.com/D_NQ_NP_2X_815798-MLM111400865156_052026-E.webp,Tlalnepantla,152.0,2.0,1.0,21710.526315789473
"Departamento En Venta Xocoyahualco, Tlalnepantla De Baz  ¡perfectamente Conectado!",4017828,MXN,"Av. Del Cristo Al 100, Xocoyahualco, Tlalnepantla De Baz, Estado De México",61 m² de terreno,1 recámara,2 baños,https://departamento.mercadolibre.com.mx/MLM-5810632294-departamento-en-venta-xocoyahualco-tlalnepantla-de-baz-perfectamente-conectado-_JM,https://http2.mlstatic.com/D_NQ_NP_2X_836182-MLM115143265973_072026-E.webp,Tlalnepantla,61.0,1.0,2.0,65866.03278688525
"Departamento En  Venta Xocoyahualco, Tlalnepantla De Baz ¡game Room!",8114065,MXN,"Av. Del Cristo Al 100, Xocoyahualco, Tlalnepantla De Baz, Estado De México",121 m² de terreno,2 recámaras,1 baño,https://departamento.mercadolibre.com.mx/MLM-5845640342-departamento-en-venta-xocoyahualco-tlalnepantla-de-baz-game-room-_JM,https://http2.mlstatic.com/D_NQ_NP_2X_660788-MLM113995890718_072026-E.webp,Tlalnepantla,121.0,2.0,1.0,67058.38842975207
"Departamento En  Venta Xocoyahualco, Tlalnepantla De Baz  ¡ventilación Natural!",9600670,MXN,"Av. Del Cristo Al 100, Xocoyahualco, Tlalnepantla De Baz, Estado De México",147 m² de terreno,3 recámaras,1 baño,https://departamento.mercadolibre.com.mx/MLM-3193415279-departamento-en-venta-xocoyahualco-tlalnepantla-de-baz-ventilacion-natural-_JM,https://http2.mlstatic.com/D_NQ_NP_2X_964275-MLM113843105676_072026-E.webp,Tlalnepantla,147.0,3.0,1.0,65310.680272108846
"Departamento En  Venta Xocoyahualco, Tlalnepantla De Baz ¡game Room!",9035128,MXN,"Av. Del Cristo Al 100, Xocoyahualco, Tlalnepantla De Baz, Estado De México",138 m² de terreno,3 recámaras,1 baño,https://departamento.mercadolibre.com.mx/MLM-5810631928-departamento-en-venta-xocoyahualco-tlalnepantla-de-baz-game-room-_JM,https://http2.mlstatic.com/D_NQ_NP_2X_717584-MLM113843073268_072026-E.webp,Tlalnepantla,138.0,3.0,1.0,65471.942028985504
"Departamento En Venta En Vista Hermosa, Tlalnepntla De Baz",3800000,MXN,"Vista Hermosa Amp, Tlalnepantla De Baz, Estado De México",70 m² construidos,2 recámaras,2 baños,https://departamento.mercadolibre.com.mx/MLM-5594244134-departamento-en-venta-en-vista-hermosa-tlalnepntla-de-baz-_JM,https://http2.mlstatic.com/D_NQ_NP_2X_982628-MLM114604950327_072026-E.webp,Tlalnepantla,70.0,2.0,2.0,54285.71428571428
Departamento En  Venta Satelite ¡innovacion Y Excelencia!,9346676,MXN,"Av. Del Cristo Al 100, Xocoyahualco, Tlalnepantla De Baz, Estado De México",144 m² de terreno,3 recámaras,1 baño,https://departamento.mercadolibre.com.mx/MLM-3193415215-departamento-en-venta-satelite-innovacion-y-excelencia-_JM,https://http2.mlstatic.com/D_NQ_NP_2X_815757-MLM113843103678_072026-E.webp,Tlalnepantla,144.0,3.0,1.0,64907.47222222222
Departamento En  Venta Satelite ¡innovacion Y Excelencia!,8009600,MXN,"Av. Del Cristo Al 100, Xocoyahualco, Tlalnepantla De Baz, Estado De México",121 m² de terreno,2 recámaras,1 baño,https://departamento.mercadolibre.com.mx/MLM-3215989623-departamento-en-venta-satelite-innovacion-y-excelencia-_JM,https://http2.mlstatic.com/D_NQ_NP_2X_985718-MLM113995216874_072026-E.webp,Tlalnepantla,121.0,2.0,1.0,66195.04132231405
"Departamento En Excelente Estado, Vigilancia.",2050000,MXN,"San Andrés Atenco, Tlalnepantla De Baz, Estado De México",70 m² construidos,2 recámaras,1 baño,https://departamento.mercadolibre.com.mx/MLM-2929364487-departamento-en-excelente-estado-vigilancia-_JM,https://http2.mlstatic.com/D_NQ_NP_2X_761633-MLM110695742740_052026-E.webp,Tlalnepantla,70.0,2.0,1.0,29285.714285714286
Departamento Nuevo 2 Recámaras,3195000,MXN,"San Andrés Atenco, Tlalnepantla De Baz, Estado De México",77 m² construidos,2 recámaras,2 baños,https://departamento.mercadolibre.com.mx/MLM-2706746361-departamento-nuevo-2-recamaras-_JM,https://http2.mlstatic.com/D_NQ_NP_2X_630911-MLM105635207411_012026-E.webp,Tlalnepantla,77.0,2.0,2.0,41493.506493506495
"Departamento En Venta Valle De Ceylan, Tlalnepantla De Baz",2990000,MXN,"Ampliación Valle Ceylán, Tlalnepantla De Baz, Estado De México",84 m² construidos,2 recámaras,2 baños,https://departamento.mercadolibre.com.mx/MLM-2886461567-departamento-en-venta-valle-de-ceylan-tlalnepantla-de-baz-_JM,https://http2.mlstatic.com/D_NQ_NP_2X_688912-MLM110810620673_042026-E.webp,Tlalnepantla,84.0,2.0,2.0,35595.23809523809
"Departamento De 2 Niveles En Venta, Id Vertical Satelite, Tlalnepantla",5150000,MXN,"San Lucas Tepetlacalco, Tlalnepantla De Baz, Estado De México",124 m² construidos,2 recámaras,2 baños,https://departamento.mercadolibre.com.mx/MLM-5058125914-departamento-de-2-niveles-en-venta-id-vertical-satelite-tlalnepantla-_JM,https://http2.mlstatic.com/D_NQ_NP_2X_847926-MLM110334183839_042026-E.webp,Tlalnepantla,124.0,2.0,2.0,41532.25806451613
"Departamento En Venta Con Seguridad En Tlalnepantla Centro, Tlalnepantla De Baz",3980000,MXN,"Tlalnepantla  Centro, Tlalnepantla De Baz, Estado De México",102 m² construidos,2 recámaras,2 baños,https://departamento.mercadolibre.com.mx/MLM-3058227195-departamento-en-venta-con-seguridad-en-tlalnepantla-centro-tlalnepantla-de-baz-_JM,https://http2.mlstatic.com/D_NQ_NP_2X_891334-MLM114605035761_072026-E.webp,Tlalnepantla,102.0,2.0,2.0,39019.60784313725
Departamento En Venta En Viveros Del Valle Tlalnepantla,2250000,MXN,"Viveros Del Valle, Tlalnepantla De Baz, Estado De México",65 m² construidos,2 recámaras,1 baño,https://departamento.mercadolibre.com.mx/MLM-5237723698-departamento-en-venta-en-viveros-del-valle-tlalnepantla-_JM,https://http2.mlstatic.com/D_NQ_NP_2X_795145-MLM110825915479_042026-E.webp,Tlalnepantla,65.0,2.0,1.0,34615.38461538462
"Departamento En Venta En Cumbres Del Valle, Tlalnepantla, Mex.",2985000,MXN,"Av. México 34, Viv. 1, Cumbres Del Valle, Tlalnepantla De Baz, Estado De México",114 m² construidos,3 recámaras,2 baños,https://departamento.mercadolibre.com.mx/MLM-2798125783-departamento-en-venta-en-cumbres-del-valle-tlalnepantla-mex-_JM,https://http2.mlstatic.com/D_NQ_NP_2X_907845-MLM108186271806_032026-E.webp,Tlalnepantla,114.0,3.0,2.0,26184.21052631579
"Departamento En Venta Con Seguridad En San Lucas Tepetlacalco, Tlalnepantla",9220000,MXN,"San Lucas Tepetlacalco, Tlalnepantla De Baz, Estado De México",165 m² construidos,3 recámaras,2 baños,https://departamento.mercadolibre.com.mx/MLM-3058414681-departamento-en-venta-con-seguridad-en-san-lucas-tepetlacalco-tlalnepantla-_JM,https://http2.mlstatic.com/D_NQ_NP_2X_677161-MLM114605034803_072026-E.webp,Tlalnepantla,165.0,3.0,2.0,55878.78787878788
"Departamentos Semi Nuevos En Venta, Tlalnepantla Centro, Vigilancia.",3599000,MXN,"Tlalnepantla  Centro, Tlalnepantla De Baz, Estado De México",110 m² construidos,2 recámaras,2 baños,https://departamento.mercadolibre.com.mx/MLM-2988176381-departamentos-semi-nuevos-en-venta-tlalnepantla-centro-vigilancia-_JM,https://http2.mlstatic.com/D_NQ_NP_2X_610101-MLM86850009127_062025-E.webp,Tlalnepantla,110.0,2.0,2.0,32718.18181818182
Pent-house Nuevo En Venta Con Seguridad En Tlalnepantla,4990000,MXN,"Tlalnepantla  Centro, Tlalnepantla De Baz, Estado De México",140 m² construidos,2 recámaras,2 baños,https://departamento.mercadolibre.com.mx/MLM-3058414703-pent-house-nuevo-en-venta-con-seguridad-en-tlalnepantla-_JM,https://http2.mlstatic.com/D_NQ_NP_2X_983507-MLM114604984079_072026-E.webp,Tlalnepantla,140.0,2.0,2.0,35642.857142857145
Departamento Colinas De San Jose,2598725,MXN,"Colinas De San Jose, Tlalnepantla De Baz, Estado De México",82 m² construidos,2 recámaras,2 baños,https://departamento.mercadolibre.com.mx/MLM-5641644962-departamento-colinas-de-san-jose-_JM,https://http2.mlstatic.com/D_NQ_NP_2X_705341-MLM104794774443_012026-E.webp,Tlalnepantla,82.0,2.0,2.0,31691.768292682926
"Departamento Con Terraza En Residencial Carso, Tlalnepantla .",6500000,MXN,"San Lorenzo, Tlalnepantla De Baz, Estado De México",112 m² construidos,3 recámaras,2 baños,https://departamento.mercadolibre.com.mx/MLM-5450298620-departamento-con-terraza-en-residencial-carso-tlalnepantla--_JM,https://http2.mlstatic.com/D_NQ_NP_2X_654472-MLM111623863876_062026-E.webp,Tlalnepantla,112.0,3.0,2.0,58035.71428571428
"Departamento En Venta Con Seguridad En San Lucas Tepetlacalco, Tlalnepantla",9475000,MXN,"San Lucas Tepetlacalco, Tlalnepantla De Baz, Estado De México",166 m² construidos,3 recámaras,2 baños,https://departamento.mercadolibre.com.mx/MLM-3058414743-departamento-en-venta-con-seguridad-en-san-lucas-tepetlacalco-tlalnepantla-_JM,https://http2.mlstatic.com/D_NQ_NP_2X_773201-MLM113356274704_072026-E.webp,Tlalnepantla,166.0,3.0,2.0,57078.31325301205
"Departamento De 2 Niveles En Venta, Id Vertical Satelite, Tlalnepantla",5150000,MXN,"San Lucas Tepetlacalco, Tlalnepantla De Baz, Estado De México",124 m² construidos,2 recámaras,2 baños,https://departamento.mercadolibre.com.mx/MLM-3208249959-departamento-de-2-niveles-en-venta-id-vertical-satelite-tlalnepantla-_JM,https://http2.mlstatic.com/D_NQ_NP_2X_975998-MLM113945456542_072026-E.webp,Tlalnepantla,124.0,2.0,2.0,41532.25806451613
"Departamento De 106 M² | 3 Recámaras, 2 Estacionamientos, Elevador, Tlalnepantla",3580000,MXN,"Chalco 8, Tlalnemex, Tlalnepantla De Baz, Estado De México",106 m² construidos,3 recámaras,1 baño,https://departamento.mercadolibre.com.mx/MLM-5745997416-departamento-de-106-m-3-recamaras-2-estacionamientos-elevador-tlalnepantla-_JM,https://http2.mlstatic.com/D_NQ_NP_2X_646587-MLM114774219689_072026-E.webp,Tlalnepantla,106.0,3.0,1.0,33773.58490566038
"Penthouse En Venta En Reserva Del Roble, San Andrés Atenco, Tlalnepantla, Mex.",8300000,MXN,"Cumbres De Acultzingo 194, Torre Encina, P.H. A-1301, San Andrés Atenco, Tlalnepantla De Baz, Estado De México",240 m² construidos,3 recámaras,4 baños,https://departamento.mercadolibre.com.mx/MLM-3207288975-penthouse-en-venta-en-reserva-del-roble-san-andres-atenco-tlalnepantla-mex-_JM,https://http2.mlstatic.com/D_NQ_NP_2X_883185-MLM115248470999_072026-E.webp,Tlalnepantla,240.0,3.0,4.0,34583.333333333336
"Departamento En Venta Con Seguridad En San Lucas Tepetlacalco, Tlalnepantla",9594000,MXN,"San Lucas Tepetlacalco, Tlalnepantla De Baz, Estado De México",165 m² construidos,3 recámaras,2 baños,https://departamento.mercadolibre.com.mx/MLM-5723253158-departamento-en-venta-con-seguridad-en-san-lucas-tepetlacalco-tlalnepantla-_JM,https://http2.mlstatic.com/D_NQ_NP_2X_729893-MLM113356414574_072026-E.webp,Tlalnepantla,165.0,3.0,2.0,58145.454545454544
Departamento Nuevo 3 Recámaras,3890000,MXN,"San Andrés Atenco, Tlalnepantla De Baz, Estado De México",93 m² construidos,3 recámaras,2 baños,https://departamento.mercadolibre.com.mx/MLM-2698924787-departamento-nuevo-3-recamaras-_JM,https://http2.mlstatic.com/D_NQ_NP_2X_922922-MLM104735421892_012026-E.webp,Tlalnepantla,93.0,3.0,2.0,41827.95698924731
Departamento En Venta En San José Puente De Vigas,4100000,MXN,"DEPARTAMENTO EN VENTA COLONIA SAN JOSÉ PUENTE DE VIGAS EDOMEX S/N, San José Puente De Vigas, Tlalnepantla De Baz, Estado De México",110 m² construidos,2 recámaras,2 baños,https://departamento.mercadolibre.com.mx/MLM-2745045327-departamento-en-venta-en-san-jose-puente-de-vigas-_JM,https://http2.mlstatic.com/D_NQ_NP_2X_848756-MLM107375597619_022026-E.webp,Tlalnepantla,110.0,2.0,2.0,37272.72727272727
Venta Departamento San Lucas Tepetlacalco Tlanepantla De Baz,9476000,MXN,"San Lucas Tepetlacalco, Tlalnepantla De Baz, Estado De México",216 m² construidos,3 recámaras,2 baños,https://departamento.mercadolibre.com.mx/MLM-4873957706-venta-departamento-san-lucas-tepetlacalco-tlanepantla-de-baz-_JM,https://http2.mlstatic.com/D_NQ_NP_2X_798285-MLM92510502625_092025-E.webp,Tlalnepantla,216.0,3.0,2.0,43870.37037037037
Departamento En Pre Venta  Cerca De Satélite,6800000,MXN,"Av Del Cristo, Xocoyahualco, Tlalnepantla De Baz, Estado De México",119 m² construidos,3 recámaras,2 baños,https://departamento.mercadolibre.com.mx/MLM-3215289295-departamento-en-pre-venta-cerca-de-satelite-_JM,https://http2.mlstatic.com/D_NQ_NP_2X_924990-MLM113988028556_072026-E.webp,Tlalnepantla,119.0,3.0,2.0,57142.857142857145
Nuevos Departamentos En Venta En Tlalnepantla,4300000,MXN,"Calle Benito Juárez, San Lucas Tepetlacalco Amp, Tlalnepantla De Baz, Estado De México",98 m² construidos,2 recámaras,1 baño,https://departamento.mercadolibre.com.mx/MLM-5187283670-nuevos-departamentos-en-venta-en-tlalnepantla-_JM,https://http2.mlstatic.com/D_NQ_NP_2X_877515-MLM114011312629_072026-E.webp,Tlalnepantla,98.0,2.0,1.0,43877.551020408166
"Departamento En Venta En Xocoyahualco, Tlalnepantla De Baz Cr 27-173.",5000000,MXN,"Tlalnepantla De Baz ,xocoyahualco, Xocoyahualco, Tlalnepantla De Baz, Estado De México",74 m² construidos,2 recámaras,2 baños,https://departamento.mercadolibre.com.mx/MLM-3200904901-departamento-en-venta-en-xocoyahualco-tlalnepantla-de-baz-cr-27-173-_JM,https://http2.mlstatic.com/D_NQ_NP_2X_648549-MLM113892350880_072026-E.webp,Tlalnepantla,74.0,2.0,2.0,67567.56756756757
Venta Departamento San Lucas Tepetlacalco Tlanepantla,6200000,MXN,"San Lucas Tepetlacalco, Tlalnepantla De Baz, Estado De México",127 m² construidos,2 recámaras,2 baños,https://departamento.mercadolibre.com.mx/MLM-4874061188-venta-departamento-san-lucas-tepetlacalco-tlanepantla-_JM,https://http2.mlstatic.com/D_NQ_NP_2X_619995-MLM92105208884_092025-E.webp,Tlalnepantla,127.0,2.0,2.0,48818.89763779528
Venta Departamentos Valle Dorado T-df0161-0162,3200000,MXN,"TEMAMATLA, Valle Dorado, Tlalnepantla De Baz, Estado De México",105 m² construidos,3 recámaras,2 baños,https://departamento.mercadolibre.com.mx/MLM-2968046061-venta-departamentos-valle-dorado-t-df0161-0162-_JM,https://http2.mlstatic.com/D_NQ_NP_2X_715123-MLM112464490375_052026-E.webp,Tlalnepantla,105.0,3.0,2.0,30476.190476190477
"Departamento En Venta Residencial Natura, Ampliación Vista Hermosa Tlalnepantla",7000000,MXN,"Vista Hermosa Amp, Tlalnepantla De Baz, Estado De México",175 m² construidos,2 recámaras,2 baños,https://departamento.mercadolibre.com.mx/MLM-3183260173-departamento-en-venta-residencial-natura-ampliacion-vista-hermosa-tlalnepantla-_JM,https://http2.mlstatic.com/D_NQ_NP_2X_712677-MLM115029283215_072026-E.webp,Tlalnepantla,175.0,2.0,2.0,40000.0
Departamento En Venta San Lucas Tepetlacalco Ao439,6200000,MXN,"San Lucas Tepetlacalco, Tlalnepantla De Baz, Estado De México",122 m² construidos,2 recámaras,2 baños,https://departamento.mercadolibre.com.mx/MLM-2932127497-departamento-en-venta-san-lucas-tepetlacalco-ao439-_JM,https://http2.mlstatic.com/D_NQ_NP_2X_697923-MLM110745172972_052026-E.webp,Tlalnepantla,122.0,2.0,2.0,50819.67213114754
"Departamento En Venta Barrientos Gustavo Baz, Tlalnepantla De Baz",3200000,MXN,"Barrientos Gustavo Baz, Tlalnepantla De Baz, Estado De México",70 m² construidos,3 recámaras,2 baños,https://departamento.mercadolibre.com.mx/MLM-3193798139-departamento-en-venta-barrientos-gustavo-baz-tlalnepantla-de-baz-_JM,https://http2.mlstatic.com/D_NQ_NP_2X_681613-MLM106512662277_022026-E.webp,Tlalnepantla,70.0,3.0,2.0,45714.28571428572
"Departamento En Venta Con Seguridad En San Lucas Tepetlacalco, Tlalnepantla",9205000,MXN,"San Lucas Tepetlacalco, Tlalnepantla De Baz, Estado De México",166 m² construidos,3 recámaras,2 baños,https://departamento.mercadolibre.com.mx/MLM-3058414661-departamento-en-venta-con-seguridad-en-san-lucas-tepetlacalco-tlalnepantla-_JM,https://http2.mlstatic.com/D_NQ_NP_2X_949916-MLM114605034869_072026-E.webp,Tlalnepantla,166.0,3.0,2.0,55451.80722891566
"Departamento En San Andres Atenco, Tlalnepantla De Baz",4000000,MXN,"San Andrés Atenco, Tlalnepantla De Baz, Estado De México",125 m² construidos,2 recámaras,2 baños,https://departamento.mercadolibre.com.mx/MLM-5454949642-departamento-en-san-andres-atenco-tlalnepantla-de-baz-_JM,https://http2.mlstatic.com/D_NQ_NP_2X_884880-MLM113356266814_072026-E.webp,Tlalnepantla,125.0,2.0,2.0,32000.0
"Departamento En Venta En Colonia San Lucas Tepetlacalco, Tlalnepantla De Baz, Estado De México",4300000,MXN,"San Lucas S/n, San Lucas Tepetlacalco, Tlalnepantla De Baz, Estado De México",98 m² construidos,2 recámaras,2 baños,https://departamento.mercadolibre.com.mx/MLM-3202089055-departamento-en-venta-en-colonia-san-lucas-tepetlacalco-tlalnepantla-de-baz-estado-de-mexico-_JM,https://http2.mlstatic.com/D_NQ_NP_2X_617771-MLM115210543037_072026-E.webp,Tlalnepantla,98.0,2.0,2.0,43877.551020408166
"Departamento En Venta En San Lucas Tepetlacalco, Tlalnepantla De Baz",4500000,MXN,"San Lucas Tepetlacalco, Tlalnepantla De Baz, Estado De México",98 m² construidos,2 recámaras,2 baños,https://departamento.mercadolibre.com.mx/MLM-5717678010-departamento-en-venta-en-san-lucas-tepetlacalco-tlalnepantla-de-baz-_JM,https://http2.mlstatic.com/D_NQ_NP_2X_837602-MLM113320754992_072026-E.webp,Tlalnepantla,98.0,2.0,2.0,45918.36734693877
"Departamento En Venta En Colonia Tlalnepantla  Centro, Tlalnepantla De Baz, Estado De México",2898172,MXN,"Sor Juana Inés De La Cruz S/n, Tlalnepantla  Centro, Tlalnepantla De Baz, Estado De México",42 m² construidos,1 recámara,1 baño,https://departamento.mercadolibre.com.mx/MLM-3202088047-departamento-en-venta-en-colonia-tlalnepantla-centro-tlalnepantla-de-baz-estado-de-mexico-_JM,https://http2.mlstatic.com/D_NQ_NP_2X_703045-MLM113904343662_072026-E.webp,Tlalnepantla,42.0,1.0,1.0,69004.09523809524
"Departamento En Venta Con Seguridad En San Lucas Tepetlacalco, Tlalnepantla",9565000,MXN,"San Lucas Tepetlacalco, Tlalnepantla De Baz, Estado De México",161 m² construidos,3 recámaras,2 baños,https://departamento.mercadolibre.com.mx/MLM-5594244136-departamento-en-venta-con-seguridad-en-san-lucas-tepetlacalco-tlalnepantla-_JM,https://http2.mlstatic.com/D_NQ_NP_2X_708806-MLM113356274650_072026-E.webp,Tlalnepantla,161.0,3.0,2.0,59409.93788819876
"Departamento En Venta Con Seguridad En San Lucas Tepetlacalco, Tlalnepantla",7574000,MXN,"San Lucas Tepetlacalco, Tlalnepantla De Baz, Estado De México",138 m² construidos,2 recámaras,2 baños,https://departamento.mercadolibre.com.mx/MLM-3058227173-departamento-en-venta-con-seguridad-en-san-lucas-tepetlacalco-tlalnepantla-_JM,https://http2.mlstatic.com/D_NQ_NP_2X_637600-MLM114604955529_072026-E.webp,Tlalnepantla,138.0,2.0,2.0,54884.057971014496
"Departamento En Venta Con Seguridad En San Lucas Tepetlacalco, Tlalnepantla",7014000,MXN,"San Lucas Tepetlacalco, Tlalnepantla De Baz, Estado De México",138 m² construidos,2 recámaras,2 baños,https://departamento.mercadolibre.com.mx/MLM-3058401605-departamento-en-venta-con-seguridad-en-san-lucas-tepetlacalco-tlalnepantla-_JM,https://http2.mlstatic.com/D_NQ_NP_2X_937550-MLM114604983139_072026-E.webp,Tlalnepantla,138.0,2.0,2.0,50826.086956521736
"Departamento En Venta Con Seguridad En San Lucas Tepetlacalco, Tlalnepantla",8248000,MXN,"San Lucas Tepetlacalco, Tlalnepantla De Baz, Estado De México",105 m² construidos,2 recámaras,2 baños,https://departamento.mercadolibre.com.mx/MLM-3058227147-departamento-en-venta-con-seguridad-en-san-lucas-tepetlacalco-tlalnepantla-_JM,https://http2.mlstatic.com/D_NQ_NP_2X_659874-MLM114604955395_072026-E.webp,Tlalnepantla,105.0,2.0,2.0,78552.38095238095
"Dhv Penthouse En Venta En San Lucas Tepetlacalco, Tlalnepantla",5200000,MXN,"San Lucas Tepetlacalco, Tlalnepantla De Baz, Estado De México",176 m² construidos,3 recámaras,3 baños,https://departamento.mercadolibre.com.mx/MLM-3167039179-dhv-penthouse-en-venta-en-san-lucas-tepetlacalco-tlalnepantla-_JM,https://http2.mlstatic.com/D_NQ_NP_2X_757623-MLM113630437922_072026-E.webp,Tlalnepantla,176.0,3.0,3.0,29545.454545454544
"Departamento En Venta Con Seguridad En San Lucas Tepetlacalco, Tlalnepantla",8443000,MXN,"San Lucas Tepetlacalco, Tlalnepantla De Baz, Estado De México",139 m² construidos,2 recámaras,2 baños,https://departamento.mercadolibre.com.mx/MLM-3058227161-departamento-en-venta-con-seguridad-en-san-lucas-tepetlacalco-tlalnepantla-_JM,https://http2.mlstatic.com/D_NQ_NP_2X_832547-MLM114604955589_072026-E.webp,Tlalnepantla,139.0,2.0,2.0,60741.0071942446
"Departamento En Venta Con Seguridad En San Lucas Tepetlacalco, Tlalnepantla",8858000,MXN,"San Lucas Tepetlacalco, Tlalnepantla De Baz, Estado De México",172 m² construidos,3 recámaras,2 baños,https://departamento.mercadolibre.com.mx/MLM-3058414687-departamento-en-venta-con-seguridad-en-san-lucas-tepetlacalco-tlalnepantla-_JM,https://http2.mlstatic.com/D_NQ_NP_2X_889960-MLM114604983183_072026-E.webp,Tlalnepantla,172.0,3.0,2.0,51500.0
Departamento En Venta En San José Puente De Vigas,4200000,MXN,"Av De Las Armas Nte, San José Puente De Vigas, Tlalnepantla De Baz, Estado De México",98 m² construidos,3 recámaras,2 baños,https://departamento.mercadolibre.com.mx/MLM-3215262359-departamento-en-venta-en-san-jose-puente-de-vigas-_JM,https://http2.mlstatic.com/D_NQ_NP_2X_898955-MLM113987591936_072026-E.webp,Tlalnepantla,98.0,3.0,2.0,42857.142857142855
"Departamento En Venta Con Seguridad En San Lucas Tepetlacalco, Tlalnepantla",9044000,MXN,"San Lucas Tepetlacalco, Tlalnepantla De Baz, Estado De México",172 m² construidos,3 recámaras,2 baños,https://departamento.mercadolibre.com.mx/MLM-3058414673-departamento-en-venta-con-seguridad-en-san-lucas-tepetlacalco-tlalnepantla-_JM,https://http2.mlstatic.com/D_NQ_NP_2X_641707-MLM114604983079_072026-E.webp,Tlalnepantla,172.0,3.0,2.0,52581.395348837206
"Departamento En Venta Con Seguridad En San Lucas Tepetlacalco, Tlalnepantla",7240000,MXN,"San Lucas Tepetlacalco, Tlalnepantla De Baz, Estado De México",118 m² construidos,2 recámaras,2 baños,https://departamento.mercadolibre.com.mx/MLM-3058227095-departamento-en-venta-con-seguridad-en-san-lucas-tepetlacalco-tlalnepantla-_JM,https://http2.mlstatic.com/D_NQ_NP_2X_771524-MLM114605035229_072026-E.webp,Tlalnepantla,118.0,2.0,2.0,61355.93220338983
Bcl Departamento En Venta Cumbres Del Valle Tlalnepantla De Baz,3190000,MXN,"Cumbres Del Valle, Tlalnepantla De Baz, Estado De México",83 m² construidos,3 recámaras,2 baños,https://departamento.mercadolibre.com.mx/MLM-3167019575-bcl-departamento-en-venta-cumbres-del-valle-tlalnepantla-de-baz-_JM,https://http2.mlstatic.com/D_NQ_NP_2X_635724-MLM114909763265_072026-E.webp,Tlalnepantla,83.0,3.0,2.0,38433.73493975904
Departamentos En Venta Tlanepantla,5500000,MXN,"16 De Septiembre S/N, San Lucas Tepetlacalco, Tlalnepantla De Baz, Estado De México",102 m² construidos,3 recámaras,2 baños,https://departamento.mercadolibre.com.mx/MLM-5780323852-departamentos-en-venta-tlanepantla-_JM,https://http2.mlstatic.com/D_NQ_NP_2X_933807-MLM113686902252_072026-E.webp,Tlalnepantla,102.0,3.0,2.0,53921.56862745098
"Departamento En Venta En Colonia San Lucas Tepetlacalco, Tlalnepantla De Baz, Estado De México",3840714,MXN,"Francisco I Madero S/n, San Lucas Tepetlacalco, Tlalnepantla De Baz, Estado De México",82 m² construidos,2 recámaras,2 baños,https://departamento.mercadolibre.com.mx/MLM-2937323713-departamento-en-venta-en-colonia-san-lucas-tepetlacalco-tlalnepantla-de-baz-estado-de-mexico-_JM,https://http2.mlstatic.com/D_NQ_NP_2X_710139-MLM111810548237_052026-E.webp,Tlalnepantla,82.0,2.0,2.0,46837.9756097561
Venta De Departamento San Lucas,4500000,MXN,"San Lucas Tepetlacalco, Tlalnepantla De Baz, Estado De México",98 m² construidos,2 recámaras,2 baños,https://departamento.mercadolibre.com.mx/MLM-2845716523-venta-de-departamento-san-lucas-_JM,https://http2.mlstatic.com/D_NQ_NP_2X_841216-MLM110083902021_042026-E.webp,Tlalnepantla,98.0,2.0,2.0,45918.36734693877
Venta Departamento Las Armas En Tlanepantla De Baz Ao509,3990000,MXN,"Las Armas, Tlalnepantla De Baz, Estado De México",99 m² construidos,2 recámaras,1 baño,https://departamento.mercadolibre.com.mx/MLM-4948211828-venta-departamento-las-armas-en-tlanepantla-de-baz-ao509-_JM,https://http2.mlstatic.com/D_NQ_NP_2X_976399-MLM113742667122_072026-E.webp,Tlalnepantla,99.0,2.0,1.0,40303.030303030304
"Departamento En Venta En Colonia Natura, Tlalnepantla De Baz, Estado De México",4900000,MXN,"Niebla S/n, Tlalnepantla De Baz, Estado De México",105 m² construidos,2 recámaras,2 baños,https://departamento.mercadolibre.com.mx/MLM-5824018452-departamento-en-venta-en-colonia-natura-tlalnepantla-de-baz-estado-de-mexico-_JM,https://http2.mlstatic.com/D_NQ_NP_2X_982777-MLM115210537841_072026-E.webp,Tlalnepantla,105.0,2.0,2.0,46666.666666666664
"Departamento En Venta En San Lucas Tepetlacalco, Tlalnepantla De Baz",4580000,MXN,"San Lucas Tepetlacalco, Tlalnepantla De Baz, Estado De México",98 m² construidos,2 recámaras,2 baños,https://departamento.mercadolibre.com.mx/MLM-5731727940-departamento-en-venta-en-san-lucas-tepetlacalco-tlalnepantla-de-baz-_JM,https://http2.mlstatic.com/D_NQ_NP_2X_657689-MLM114669899363_072026-E.webp,Tlalnepantla,98.0,2.0,2.0,46734.69387755102
Venta Departamentos Jardines De Santa Monica T-df0186-0118,2250000,MXN,"CONV. DE LA MERCED, Jardines De Santa Mónica, Tlalnepantla De Baz, Estado De México",65 m² construidos,2 recámaras,1 baño,https://departamento.mercadolibre.com.mx/MLM-3076683419-venta-departamentos-jardines-de-santa-monica-t-df0186-0118-_JM,https://http2.mlstatic.com/D_NQ_NP_2X_792563-MLM114073458535_072026-E.webp,Tlalnepantla,65.0,2.0,1.0,34615.38461538462
"Departamento En Venta En Tlalnepantla De Baz, Xocoyahualco  Gis . 25-1482",6742080,MXN,"Tlalnepantla De Baz, Xocoyahualco, Estado De México",117 m² construidos,3 recámaras,2 baños,https://departamento.mercadolibre.com.mx/MLM-3160155231-departamento-en-venta-en-tlalnepantla-de-baz-xocoyahualco-gis-25-1482-_JM,https://http2.mlstatic.com/D_NQ_NP_2X_954149-MLM114846680819_072026-E.webp,Tlalnepantla,117.0,3.0,2.0,57624.61538461538
"Departamento En Venta En Xocoyahualco, Tlalnepantla De Baz 25-1482 Mm",6742080,MXN,"Departamento En Venta En Xocoyahualco, Tlalnepantla De Baz 25-1482 MM, Xocoyahualco, Tlalnepantla De Baz, Estado De México",117 m² construidos,3 recámaras,2 baños,https://departamento.mercadolibre.com.mx/MLM-5475225480-departamento-en-venta-en-xocoyahualco-tlalnepantla-de-baz-25-1482-mm-_JM,https://http2.mlstatic.com/D_NQ_NP_2X_672153-MLM112957857923_062026-E.webp,Tlalnepantla,117.0,3.0,2.0,57624.61538461538
"Departamento En Venta Con Seguridad En San Lucas Tepetlacalco, Tlalnepantla",4300000,MXN,"San Lucas Tepetlacalco, Tlalnepantla De Baz, Estado De México",98 m² construidos,2 recámaras,2 baños,https://departamento.mercadolibre.com.mx/MLM-3058414635-departamento-en-venta-con-seguridad-en-san-lucas-tepetlacalco-tlalnepantla-_JM,https://http2.mlstatic.com/D_NQ_NP_2X_982401-MLM114604980571_072026-E.webp,Tlalnepantla,98.0,2.0,2.0,43877.551020408166
Venta Departamentos Bellavista Satelite T-df0017-0265,4100000,MXN,"CIRCUITO MUSEOS DEL SUR, Bellavista Satélite, Tlalnepantla De Baz, Estado De México",142 m² construidos,3 recámaras,3 baños,https://departamento.mercadolibre.com.mx/MLM-3192708533-venta-departamentos-bellavista-satelite-t-df0017-0265-_JM,https://http2.mlstatic.com/D_NQ_NP_2X_920480-MLM115135435675_072026-E.webp,Tlalnepantla,142.0,3.0,3.0,28873.23943661972
"Departamento En Venta En Colonia San José Puente De Vigas, Tlalnepantla De Baz, Estado De México",4190414,MXN,"Av. De Las Armas S/n, San José Puente De Vigas, Tlalnepantla De Baz, Estado De México",98 m² construidos,3 recámaras,2 baños,https://departamento.mercadolibre.com.mx/MLM-3094180279-departamento-en-venta-en-colonia-san-jose-puente-de-vigas-tlalnepantla-de-baz-estado-de-mexico-_JM,https://http2.mlstatic.com/D_NQ_NP_2X_848434-MLM114235657583_072026-E.webp,Tlalnepantla,98.0,3.0,2.0,42759.32653061225
"Departamento En Pre Venta Con Seguridad En San Lucas Tepetlacalco, Tlalnepantla",4580000,MXN,"San Lucas Tepetlacalco, Tlalnepantla De Baz, Estado De México",98 m² construidos,2 recámaras,2 baños,https://departamento.mercadolibre.com.mx/MLM-3058401595-departamento-en-pre-venta-con-seguridad-en-san-lucas-tepetlacalco-tlalnepantla-_JM,https://http2.mlstatic.com/D_NQ_NP_2X_812286-MLM113356270028_072026-E.webp,Tlalnepantla,98.0,2.0,2.0,46734.69387755102
"Departamento Para Estrenar En San Lucas Tepetlacalco,  Tlanepantla De Baz",7500000,MXN,"San Lucas Tepetlacalco, Tlalnepantla De Baz, Estado De México",340 m² construidos,3 recámaras,3 baños,https://departamento.mercadolibre.com.mx/MLM-5723215248-departamento-para-estrenar-en-san-lucas-tepetlacalco-tlanepantla-de-baz-_JM,https://http2.mlstatic.com/D_NQ_NP_2X_890231-MLM113356416262_072026-E.webp,Tlalnepantla,340.0,3.0,3.0,22058.823529411766
"Departamento En Venta En San Lucas Tepetlacalco, Tlalnepantla De Baz",4100000,MXN,"San Lucas Tepetlacalco, Tlalnepantla De Baz, Estado De México",135 m² construidos,3 recámaras,2 baños,https://departamento.mercadolibre.com.mx/MLM-5666979326-departamento-en-venta-en-san-lucas-tepetlacalco-tlalnepantla-de-baz-_JM,https://http2.mlstatic.com/D_NQ_NP_2X_630790-MLM114328441822_082026-E.webp,Tlalnepantla,135.0,3.0,2.0,30370.37037037037
Departamento En Viveros Del Valle Tlalnepantla,2300000,MXN,"C. Viveros De La Hacienda 33, MZ 019, Habit.viveros Del Valle, Hab Viveros Del Valle, Tlalnepantla, Viveros Del Valle, Tlalnepantla De Baz, Estado De México",65 m² construidos,2 recámaras,1 baño,https://departamento.mercadolibre.com.mx/MLM-2887436189-departamento-en-viveros-del-valle-tlalnepantla-_JM,https://http2.mlstatic.com/D_NQ_NP_2X_630955-MLM110824273851_042026-E.webp,Tlalnepantla,65.0,2.0,1.0,35384.61538461538
"Departamento En Pre-venta En San Lucas Tepetlacalco, Tlalnepantla De Baz",4500000,MXN,"San Lucas Tepetlacalco, Tlalnepantla De Baz, Estado De México",80 m² construidos,2 recámaras,2 baños,https://departamento.mercadolibre.com.mx/MLM-2750170613-departamento-en-pre-venta-en-san-lucas-tepetlacalco-tlalnepantla-de-baz-_JM,https://http2.mlstatic.com/D_NQ_NP_2X_810957-MLM113356267858_072026-E.webp,Tlalnepantla,80.0,2.0,2.0,56250.0
"Departamento En Pre-venta En San Lucas Tepetlacalco, Tlalnepantla De Baz",4800000,MXN,"San Lucas Tepetlacalco, Tlalnepantla De Baz, Estado De México",80 m² construidos,2 recámaras,2 baños,https://departamento.mercadolibre.com.mx/MLM-2750041365-departamento-en-pre-venta-en-san-lucas-tepetlacalco-tlalnepantla-de-baz-_JM,https://http2.mlstatic.com/D_NQ_NP_2X_898818-MLM114604947861_072026-E.webp,Tlalnepantla,80.0,2.0,2.0,60000.0
Departamentos Nuevos En San Lucas Tepetlacalco,4300000,MXN,"San Lucas Tepetlacalco, Tlalnepantla De Baz, Estado De México",98 m² construidos,2 recámaras,2 baños,https://departamento.mercadolibre.com.mx/MLM-5048204746-departamentos-nuevos-en-san-lucas-tepetlacalco-_JM,https://http2.mlstatic.com/D_NQ_NP_2X_835947-MLM93564012646_102025-E.webp,Tlalnepantla,98.0,2.0,2.0,43877.551020408166
"Departamento En Venta, Col. El Rosario, Tlalnepantla De Baz,",1430000,MXN,"Manuel Gamio, Tlalnepantla De Baz, Estado De México",63 m² construidos,2 recámaras,1 baño,https://departamento.mercadolibre.com.mx/MLM-5450664312-departamento-en-venta-col-el-rosario-tlalnepantla-de-baz-_JM,https://http2.mlstatic.com/D_NQ_NP_2X_925557-MLM111629379596_062026-E.webp,Tlalnepantla,63.0,2.0,1.0,22698.4126984127
Venta De Departamento En El Tenayo Tlalnepantla De Baz,1300000,MXN,"El Tenayo, Tlalnepantla De Baz, Estado De México",64 m² construidos,2 recámaras,1 baño,https://departamento.mercadolibre.com.mx/MLM-5369652268-venta-de-departamento-en-el-tenayo-tlalnepantla-de-baz-_JM,https://http2.mlstatic.com/D_NQ_NP_2X_669793-MLM110940632384_052026-E.webp,Tlalnepantla,64.0,2.0,1.0,20312.5
"Torres Bulevares, Tlalnepantla, Estado De México, C.p. 54015",4095000,MXN,"Av Lago De Guadalupe, Barrientos Gustavo Baz, Tlalnepantla De Baz, Estado De México",110 m² construidos,2 recámaras,2 baños,https://departamento.mercadolibre.com.mx/MLM-5833441720-torres-bulevares-tlalnepantla-estado-de-mexico-cp-54015-_JM,https://http2.mlstatic.com/D_NQ_NP_2X_952574-MLM115257884381_072026-E.webp,Tlalnepantla,110.0,2.0,2.0,37227.27272727273
"Departamento En Pre-venta, Nuevo Ubicado En San Lucas Tepetlacalco Cod. Dv1173",5006673,MXN,"San Lucas Tepetlacalco, Tlalnepantla De Baz, Estado De México",106 m² construidos,2 recámaras,2 baños,https://departamento.mercadolibre.com.mx/MLM-5262386412-departamento-en-pre-venta-nuevo-ubicado-en-san-lucas-tepetlacalco-cod-dv1173-_JM,https://http2.mlstatic.com/D_NQ_NP_2X_794101-MLM111038602833_042026-E.webp,Tlalnepantla,106.0,2.0,2.0,47232.764150943396
"Departamento En Pre-venta, Nuevo Ubicado En San Lucas Tepetlacalco Cod. Dv1166",5363814,MXN,"San Lucas Tepetlacalco, Tlalnepantla De Baz, Estado De México",116 m² construidos,2 recámaras,2 baños,https://departamento.mercadolibre.com.mx/MLM-5262373668-departamento-en-pre-venta-nuevo-ubicado-en-san-lucas-tepetlacalco-cod-dv1166-_JM,https://http2.mlstatic.com/D_NQ_NP_2X_660761-MLM111038602861_042026-E.webp,Tlalnepantla,116.0,2.0,2.0,46239.775862068964
Venta De Departamento Nuevo En Mario Colín Tlalnepantla De Baz,2846800,MXN,"Tlalnepantla  Centro, Tlalnepantla De Baz, Estado De México",78 m² construidos,2 recámaras,2 baños,https://departamento.mercadolibre.com.mx/MLM-2988237203-venta-de-departamento-nuevo-en-mario-colin-tlalnepantla-de-baz-_JM,https://http2.mlstatic.com/D_NQ_NP_2X_701781-MLM101477243787_122025-E.webp,Tlalnepantla,78.0,2.0,2.0,36497.4358974359
Venta De Departamento Nuevo En Mario Colín Tlalnepantla De Baz,2978050,MXN,"Tlalnepantla  Centro, Tlalnepantla De Baz, Estado De México",78 m² construidos,2 recámaras,2 baños,https://departamento.mercadolibre.com.mx/MLM-2988200711-venta-de-departamento-nuevo-en-mario-colin-tlalnepantla-de-baz-_JM,https://http2.mlstatic.com/D_NQ_NP_2X_792503-MLM101477243491_122025-E.webp,Tlalnepantla,78.0,2.0,2.0,38180.1282051282
Venta De Departamento Nuevo En Mario Colín Tlalnepantla De Baz,4663300,MXN,"Tlalnepantla  Centro, Tlalnepantla De Baz, Estado De México",113 m² construidos,2 recámaras,2 baños,https://departamento.mercadolibre.com.mx/MLM-2988200811-venta-de-departamento-nuevo-en-mario-colin-tlalnepantla-de-baz-_JM,https://http2.mlstatic.com/D_NQ_NP_2X_666539-MLM101477243221_122025-E.webp,Tlalnepantla,113.0,2.0,2.0,41268.14159292035
"Departamento Venta,  Xocoyahualco  Cod. Dv1153",5500000,MXN,"Xocoyahualco, Tlalnepantla De Baz, Estado De México",128 m² construidos,3 recámaras,2 baños,https://departamento.mercadolibre.com.mx/MLM-5262373942-departamento-venta-xocoyahualco-cod-dv1153-_JM,https://http2.mlstatic.com/D_NQ_NP_2X_632800-MLM110120700612_042026-E.webp,Tlalnepantla,128.0,3.0,2.0,42968.75
Venta De Departamento Nuevo En Mario Colín Tlalnepantla De Baz,3097750,MXN,"Tlalnepantla  Centro, Tlalnepantla De Baz, Estado De México",82 m² construidos,2 recámaras,2 baños,https://departamento.mercadolibre.com.mx/MLM-2988200805-venta-de-departamento-nuevo-en-mario-colin-tlalnepantla-de-baz-_JM,https://http2.mlstatic.com/D_NQ_NP_2X_912593-MLM101477243997_122025-E.webp,Tlalnepantla,82.0,2.0,2.0,37777.439024390245
Venta De Departamento Nuevo En Mario Colín Tlalnepantla De Baz,2972800,MXN,"Tlalnepantla  Centro, Tlalnepantla De Baz, Estado De México",78 m² construidos,2 recámaras,2 baños,https://departamento.mercadolibre.com.mx/MLM-2988237175-venta-de-departamento-nuevo-en-mario-colin-tlalnepantla-de-baz-_JM,https://http2.mlstatic.com/D_NQ_NP_2X_791866-MLM100979294544_122025-E.webp,Tlalnepantla,78.0,2.0,2.0,38112.820512820515
"Departamento En Venta En Colonia Lomas Boulevares, Tlalnepantla De Baz, Estado De México",4290000,MXN,"Partenón  1, Lomas Boulevares, Tlalnepantla De Baz, Estado De México",124 m² construidos,2 recámaras,2 baños,https://departamento.mercadolibre.com.mx/MLM-3132415217-departamento-en-venta-en-colonia-lomas-boulevares-tlalnepantla-de-baz-estado-de-mexico-_JM,https://http2.mlstatic.com/D_NQ_NP_2X_677017-MLM113276941078_072026-E.webp,Tlalnepantla,124.0,2.0,2.0,34596.77419354839
"Departamento En Venta En San Lucas Tepetlacalco, Tlalnepantla De Baz, México",4300000,MXN,"San Lucas Tepetlacalco Sn, San Lucas Tepetlacalco, Tlalnepantla De Baz, Estado De México",99 m² construidos,2 recámaras,2 baños,https://departamento.mercadolibre.com.mx/MLM-4977813026-departamento-en-venta-en-san-lucas-tepetlacalco-tlalnepantla-de-baz-mexico-_JM,https://http2.mlstatic.com/D_NQ_NP_2X_834364-MLM107692316228_032026-E.webp,Tlalnepantla,99.0,2.0,2.0,43434.343434343435
Venta De Departamento Nuevo En Mario Colín Tlalnepantla De Baz,2979100,MXN,"Tlalnepantla  Centro, Tlalnepantla De Baz, Estado De México",80 m² construidos,2 recámaras,2 baños,https://departamento.mercadolibre.com.mx/MLM-2988166463-venta-de-departamento-nuevo-en-mario-colin-tlalnepantla-de-baz-_JM,https://http2.mlstatic.com/D_NQ_NP_2X_601547-MLM100979302512_122025-E.webp,Tlalnepantla,80.0,2.0,2.0,37238.75
Venta Departamento En San José Puente De Vigas (tlanepantla,3750000,MXN,"Fortino Rocha 7, Tlalnepantla De Baz, Estado De México",107 m² construidos,,2 baños,https://departamento.mercadolibre.com.mx/MLM-5236333342-venta-departamento-en-san-jose-puente-de-vigas-tlanepantla-_JM,https://http2.mlstatic.com/D_NQ_NP_2X_873115-MLM109914756968_042026-E.webp,Tlalnepantla,107.0,,2.0,35046.72897196261
Venta De Departamento Nuevo En Mario Colín Tlalnepantla De Baz,4141450,MXN,"Tlalnepantla  Centro, Tlalnepantla De Baz, Estado De México",113 m² construidos,2 recámaras,2 baños,https://departamento.mercadolibre.com.mx/MLM-2988178051-venta-de-departamento-nuevo-en-mario-colin-tlalnepantla-de-baz-_JM,https://http2.mlstatic.com/D_NQ_NP_2X_638471-MLM100979301654_122025-E.webp,Tlalnepantla,113.0,2.0,2.0,36650.0
"Departamento De 152 M² En Lomas De Boulevares, Tlalnepantla",3300000,MXN,"Av De La Gran Pl 24, Lomas Boulevares, Tlalnepantla De Baz, Estado De México",152 m² construidos,2 recámaras,2 baños,https://departamento.mercadolibre.com.mx/MLM-3002746229-departamento-de-152-m-en-lomas-de-boulevares-tlalnepantla-_JM,https://http2.mlstatic.com/D_NQ_NP_2X_931552-MLM113101458485_062026-E.webp,Tlalnepantla,152.0,2.0,2.0,21710.526315789473
Ph En Venta En Sátelite,8100000,MXN,"Calle Niebla Ampliación Vista Hermosa, Vista Hermosa, Tlalnepantla De Baz, Estado De México",123 m² construidos,2 recámaras,2 baños,https://departamento.mercadolibre.com.mx/MLM-5833453642-ph-en-venta-en-satelite-_JM,https://http2.mlstatic.com/D_NQ_NP_2X_942112-MLM115257847539_072026-E.webp,Tlalnepantla,123.0,2.0,2.0,65853.65853658537
"Departamento En Venta En Colonia San Lucas Tepetlacalco, Tlalnepantla De Baz, Estado De México",4300000,MXN,"Benito Juárez S/N, San Lucas Tepetlacalco, Tlalnepantla De Baz, Estado De México",98 m² construidos,2 recámaras,2 baños,https://departamento.mercadolibre.com.mx/MLM-3126763601-departamento-en-venta-en-colonia-san-lucas-tepetlacalco-tlalnepantla-de-baz-estado-de-mexico-_JM,https://http2.mlstatic.com/D_NQ_NP_2X_675891-MLM113240556080_072026-E.webp,Tlalnepantla,98.0,2.0,2.0,43877.551020408166
Departamento En Venta En Unidad Habitacional Maravillas,1890000,MXN,"Poniente 152, Tlalnepantla De Baz, Estado De México",77 m² construidos,3 recámaras,1 baño,https://departamento.mercadolibre.com.mx/MLM-5833535994-departamento-en-venta-en-unidad-habitacional-maravillas-_JM,https://http2.mlstatic.com/D_NQ_NP_2X_949096-MLM115257833435_072026-E.webp,Tlalnepantla,77.0,3.0,1.0,24545.454545454544
"Departamento En Venta En Colonia Lomas Boulevares, Tlalnepantla De Baz, Estado De México",3800000,MXN,"Partenon 1, Lomas Boulevares, Tlalnepantla De Baz, Estado De México",100 m² construidos,2 recámaras,2 baños,https://departamento.mercadolibre.com.mx/MLM-5479867230-departamento-en-venta-en-colonia-lomas-boulevares-tlalnepantla-de-baz-estado-de-mexico-_JM,https://http2.mlstatic.com/D_NQ_NP_2X_862525-MLM111878708938_062026-E.webp,Tlalnepantla,100.0,2.0,2.0,38000.0
Departamento En Venta En Gustavo Baz Col.san Pedro Barrient,3500000,MXN,"San Pedro Barrientos, Tlalnepantla De Baz, Estado De México",80 m² construidos,1 recámara,2 baños,https://departamento.mercadolibre.com.mx/MLM-5370666348-departamento-en-venta-en-gustavo-baz-colsan-pedro-barrient-_JM,https://http2.mlstatic.com/D_NQ_NP_2X_624601-MLM110951361914_052026-E.webp,Tlalnepantla,80.0,1.0,2.0,43750.0
Venta Departamentos Cantera De Berriozabal Tlalnepantla,3649000,MXN,"Centro Industrial Tlalnepantla, Tlalnepantla De Baz, Estado De México",100 m² construidos,2 recámaras,2 baños,https://departamento.mercadolibre.com.mx/MLM-2881227929-venta-departamentos-cantera-de-berriozabal-tlalnepantla-_JM,https://http2.mlstatic.com/D_NQ_NP_2X_951327-MLM109828766942_042026-E.webp,Tlalnepantla,100.0,2.0,2.0,36490.0
Departamento En Venta Tlayapa,2250000,MXN,"Tlayapa, Tlalnepantla De Baz, Estado De México",63 m² construidos,2 recámaras,2 baños,https://departamento.mercadolibre.com.mx/MLM-2814519429-departamento-en-venta-tlayapa-_JM,https://http2.mlstatic.com/D_NQ_NP_2X_700604-MLM109378472339_032026-E.webp,Tlalnepantla,63.0,2.0,2.0,35714.28571428572
Departamento En Venta En Residencial El Dorado,3650000,MXN,"Residencial El Dorado, Tlalnepantla De Baz, Residencial El Dorado, Tlalnepantla De Baz, Estado De México",93 m² construidos,2 recámaras,2 baños,https://departamento.mercadolibre.com.mx/MLM-5091131924-departamento-en-venta-en-residencial-el-dorado-_JM,https://http2.mlstatic.com/D_NQ_NP_2X_988309-MLM108871974286_032026-E.webp,Tlalnepantla,93.0,2.0,2.0,39247.31182795699
"Departamento En Venta En Colonia San Lucas Tepetlacalco, Tlalnepantla De Baz, Estado De México",4450000,MXN,"Calzada Madín 61, San Lucas Tepetlacalco, Tlalnepantla De Baz, Estado De México",124 m² construidos,3 recámaras,2 baños,https://departamento.mercadolibre.com.mx/MLM-5869512448-departamento-en-venta-en-colonia-san-lucas-tepetlacalco-tlalnepantla-de-baz-estado-de-mexico-_JM,https://http2.mlstatic.com/D_NQ_NP_2X_712391-MLM114096643700_082026-E.webp,Tlalnepantla,124.0,3.0,2.0,35887.096774193546
Departamento En Venta En Avenida De Las Armas Norte En Colonia San José Puente De Vigas Tlanepantla,4403000,MXN,"Avenida De Las Armas Norte, San José Puente De Vigas, Tlalnepantla De Baz, Estado De México",95 m² construidos,3 recámaras,2 baños,https://departamento.mercadolibre.com.mx/MLM-3215587567-departamento-en-venta-en-avenida-de-las-armas-norte-en-colonia-san-jose-puente-de-vigas-tlanepantla-_JM,https://http2.mlstatic.com/D_NQ_NP_2X_799390-MLM113991157720_072026-E.webp,Tlalnepantla,95.0,3.0,2.0,46347.36842105263
Departamento En Venta En Avenida De Las Armas Norte En Colonia San José Puente De Vigas Tlanepantla,4403000,MXN,"Avenida De Las Armas Norte, San José Puente De Vigas, Tlalnepantla De Baz, Estado De México",98 m² construidos,3 recámaras,2 baños,https://departamento.mercadolibre.com.mx/MLM-3215600459-departamento-en-venta-en-avenida-de-las-armas-norte-en-colonia-san-jose-puente-de-vigas-tlanepantla-_JM,https://http2.mlstatic.com/D_NQ_NP_2X_618758-MLM113991208852_072026-E.webp,Tlalnepantla,98.0,3.0,2.0,44928.57142857143
Departamento En Venta En Avenida De Las Armas Norte En Colonia San José Puente De Vigas Tlanepantla,4403000,MXN,"Avenida De Las Armas Norte, San José Puente De Vigas, Tlalnepantla De Baz, Estado De México",99 m² construidos,3 recámaras,2 baños,https://departamento.mercadolibre.com.mx/MLM-3215600475-departamento-en-venta-en-avenida-de-las-armas-norte-en-colonia-san-jose-puente-de-vigas-tlanepantla-_JM,https://http2.mlstatic.com/D_NQ_NP_2X_955757-MLM113991209262_072026-E.webp,Tlalnepantla,99.0,3.0,2.0,44474.74747474748
Departamento En Venta En Avenida De Las Armas Norte En Colonia San José Puente De Vigas Tlanepantla,4403000,MXN,"Avenida De Las Armas Norte, San José Puente De Vigas, Tlalnepantla De Baz, Estado De México",99 m² construidos,3 recámaras,2 baños,https://departamento.mercadolibre.com.mx/MLM-3215587593-departamento-en-venta-en-avenida-de-las-armas-norte-en-colonia-san-jose-puente-de-vigas-tlanepantla-_JM,https://http2.mlstatic.com/D_NQ_NP_2X_798924-MLM113991209138_072026-E.webp,Tlalnepantla,99.0,3.0,2.0,44474.74747474748
Departamento En Venta En Avenida De Las Armas Norte En Colonia San José Puente De Vigas Tlanepantla,4403000,MXN,"Avenida De Las Armas Norte, San José Puente De Vigas, Tlalnepantla De Baz, Estado De México",100 m² construidos,3 recámaras,2 baños,https://departamento.mercadolibre.com.mx/MLM-3215600465-departamento-en-venta-en-avenida-de-las-armas-norte-en-colonia-san-jose-puente-de-vigas-tlanepantla-_JM,https://http2.mlstatic.com/D_NQ_NP_2X_860943-MLM113991158010_072026-E.webp,Tlalnepantla,100.0,3.0,2.0,44030.0
"Departamento En Venta En Colonia Valle Dorado, Tlalnepantla De Baz, Estado De México",2300000,MXN,"Periferico 3130, Valle Dorado, Tlalnepantla De Baz, Estado De México",50 m² construidos,2 recámaras,1 baño,https://departamento.mercadolibre.com.mx/MLM-4837349170-departamento-en-venta-en-colonia-valle-dorado-tlalnepantla-de-baz-estado-de-mexico-_JM,https://http2.mlstatic.com/D_NQ_NP_2X_760524-MLM107667571787_022026-E.webp,Tlalnepantla,50.0,2.0,1.0,46000.0
"Departamento En Venta En Tlalnepantla De Baz ,tlalnepantla Centro Mt 26-1965.",4547769,MXN,"Tlalnepantla Centro, Tlalnepantla De Baz, Tlalnepantla  Centro, Tlalnepantla De Baz, Estado De México",101 m² construidos,2 recámaras,2 baños,https://departamento.mercadolibre.com.mx/MLM-4766814094-departamento-en-venta-en-tlalnepantla-de-baz-tlalnepantla-centro-mt-26-1965-_JM,https://http2.mlstatic.com/D_NQ_NP_2X_976374-MLM106308152594_022026-E.webp,Tlalnepantla,101.0,2.0,2.0,45027.41584158416
"Departamento En Venta En San Lucas  Tepetlacalco, Tlalnepantla",4300000,MXN,"San Lucas Tepetlacalco, Tlalnepantla De Baz, San Lucas Tepetlacalco, Tlalnepantla De Baz, Estado De México",98 m² construidos,2 recámaras,2 baños,https://departamento.mercadolibre.com.mx/MLM-5339276880-departamento-en-venta-en-san-lucas-tepetlacalco-tlalnepantla-_JM,https://http2.mlstatic.com/D_NQ_NP_2X_958323-MLM110704891430_052026-E.webp,Tlalnepantla,98.0,2.0,2.0,43877.551020408166
"Departamento En Venta En Tlalnepantla, San Lucas Tepetlacalco Cmb 26-3025.",4580000,MXN,"San Lucas Tepetlacalco Ampliación, Tlalnepantla De Baz, San Lucas Tepetlacalco, Tlalnepantla De Baz, Estado De México",98 m² construidos,2 recámaras,2 baños,https://departamento.mercadolibre.com.mx/MLM-3176837173-departamento-en-venta-en-tlalnepantla-san-lucas-tepetlacalco-cmb-26-3025-_JM,https://http2.mlstatic.com/D_NQ_NP_2X_806761-MLM113695877688_072026-E.webp,Tlalnepantla,98.0,2.0,2.0,46734.69387755102
Desarrollo En Venta,5000000,MXN,"Tlalnepantla De Baz, Tequexquinahuac Parte Alta, Estado De México",80 m² construidos,3 recámaras,2 baños,https://departamento.mercadolibre.com.mx/MLM-4997336290-desarrollo-en-venta-_JM,https://http2.mlstatic.com/D_NQ_NP_2X_870828-MLM108659647807_032026-E.webp,Tlalnepantla,80.0,3.0,2.0,62500.0
"Departamento En Venta En San Lucas Tepetlacalco, Tlalnepantla",6200000,MXN,"San Lucas Tepetlacalco, Tlalnepantla De Baz, San Lucas Tepetlacalco, Tlalnepantla De Baz, Estado De México",135 m² construidos,2 recámaras,2 baños,https://departamento.mercadolibre.com.mx/MLM-2948188443-departamento-en-venta-en-san-lucas-tepetlacalco-tlalnepantla-_JM,https://http2.mlstatic.com/D_NQ_NP_2X_646393-MLM112013323341_052026-E.webp,Tlalnepantla,135.0,2.0,2.0,45925.92592592593
Excelente Departamento En Venta  ¡tu Nuevo Hogar Te Espera En Cd. Satélite! Vive Con Estilo Y Comodidad En Este Hermoso Departamento Ubicado En Una De Las Zonas Más Céntricas De Ciudad Satélite. Ide,2150000,MXN,"Cto Museos Pte 27, MZ 001, Hab Bellavista Satelite, Tlalnepantla, Bellavista Satélite, Tlalnepantla De Baz, Estado De México",52 m² construidos,2 recámaras,1 baño,https://departamento.mercadolibre.com.mx/MLM-5833449990-excelente-departamento-en-venta-tu-nuevo-hogar-te-espera-en-cd-satelite-vive-con-estilo-y-comodidad-en-este-hermoso-departamento-ubicado-en-una-de-las-zonas-mas-centricas-de-ciudad-satelite-ide-_JM,https://http2.mlstatic.com/D_NQ_NP_2X_776684-MLM113945605872_072026-E.webp,Tlalnepantla,52.0,2.0,1.0,41346.153846153844
"Bonito Departamento Con 3 Recámaras, Roof Garden Y 2 Estacionamientos.",5600000,MXN,"Real 8, Calle Viveros De La Colina 8, MZ 1 - 300, Hab Viveros De La Loma, Tlalnepantla, Viveros De La Loma, Tlalnepantla De Baz, Estado De México",135 m² construidos,3 recámaras,2 baños,https://departamento.mercadolibre.com.mx/MLM-3115158353-bonito-departamento-con-3-recamaras-roof-garden-y-2-estacionamientos-_JM,https://http2.mlstatic.com/D_NQ_NP_2X_653106-MLM114392172427_072026-E.webp,Tlalnepantla,135.0,3.0,2.0,41481.48148148148
Departamentos De 2 Y 3 Recámaras. En Tlalnepantla Entrega Inmediata O En Preventa.,2690000,MXN,"Cementos Carretera Lago De Guadalupe, MZ 001, Industrial Barrientos, Tlalnepantla, Barrientos Gustavo Baz, Tlalnepantla De Baz, Estado De México",79 m² construidos,2 recámaras,2 baños,https://departamento.mercadolibre.com.mx/MLM-3136263495-departamentos-de-2-y-3-recamaras-en-tlalnepantla-entrega-inmediata-o-en-preventa-_JM,https://http2.mlstatic.com/D_NQ_NP_2X_605991-MLM113309730434_072026-E.webp,Tlalnepantla,79.0,2.0,2.0,34050.63291139241
Departamento A La Venta En Fracc Privado Colinas De San Jose Tlalnepantla,2349000,MXN,"Colinas De San Jose, Tlalnepantla De Baz, Colinas De San Jose, Tlalnepantla De Baz, Estado De México",83 m² construidos,2 recámaras,2 baños,https://departamento.mercadolibre.com.mx/MLM-3255105965-departamento-a-la-venta-en-fracc-privado-colinas-de-san-jose-tlalnepantla-_JM,https://http2.mlstatic.com/D_NQ_NP_2X_960051-MLM114334481582_082026-E.webp,Tlalnepantla,83.0,2.0,2.0,28301.204819277107
"Vendo Dpto.,  Colinas De San Jose, Tlalnepantla De Baz Edo. Mex., 82 M2., 3 Rec., 2 Baños, Estac.",2804000,MXN,"AV. ACUEDUCTO  MZ9 LT7, Colinas De San Jose, Tlalnepantla De Baz, Estado De México",82 m² construidos,3 recámaras,2 baños,https://departamento.mercadolibre.com.mx/MLM-5658501172-vendo-dpto-colinas-de-san-jose-tlalnepantla-de-baz-edo-mex-82-m2-3-rec-2-banos-estac-_JM,https://http2.mlstatic.com/D_NQ_NP_2X_776874-MLM113042757330_072026-E.webp,Tlalnepantla,82.0,3.0,2.0,34195.12195121951
Lgh Departamento En Venta En San Buenaventura Tlalnepantla,1790000,MXN,"San Buenaventura, Tlalnepantla De Baz, Estado De México",82 m² construidos,3 recámaras,1 baño,https://departamento.mercadolibre.com.mx/MLM-5904527278-lgh-departamento-en-venta-en-san-buenaventura-tlalnepantla-_JM,https://http2.mlstatic.com/D_NQ_NP_2X_851227-MLM115681970065_082026-E.webp,Tlalnepantla,82.0,3.0,1.0,21829.268292682926
