titulo,precio,moneda,ubicacion,superficie,recamaras,banos,link,imagen,municipio
"Departamento En Venta, Real 8, 3 Recamaras",4500000,MXN,"Viveros De La Loma, Tlalnepantla De Baz, Estado De México",112 m² construidos,3 recámaras,2 baños,https://departamento.mercadolibre.com.mx/MLM-4794825820-departamento-en-venta-real-8-3-recamaras-_JM,https://http2.mlstatic.com/D_NQ_NP_2X_824677-MLM106732247552_022026-E.webp,TLALNEPANTLA
Departamento Tlalnepantla Río Lerma,2350000,MXN,"Tlalnepantla  Centro, Tlalnepantla De Baz, Estado De México",100 m² construidos,3 recámaras,2 baños,https://departamento.mercadolibre.com.mx/MLM-3136078159-departamento-tlalnepantla-rio-lerma-_JM,https://http2.mlstatic.com/D_NQ_NP_2X_638070-MLM113306293142_072026-E.webp,TLALNEPANTLA
Departamento En Venta San Lucas Tepetlacalco Tlalnepantla De Baz Estado De Mexic,4300000,MXN,"San Lucas Tepetlacalco, Tlalnepantla De Baz, Estado De México",98 m² construidos,2 recámaras,2 baños,https://departamento.mercadolibre.com.mx/MLM-5036869870-departamento-en-venta-san-lucas-tepetlacalco-tlalnepantla-de-baz-estado-de-mexic-_JM,https://http2.mlstatic.com/D_NQ_NP_2X_695005-MLM108260011580_032026-E.webp,TLALNEPANTLA
"Departamento En Venta En Residencial Id Vertical, Satélite Con Terrazas",7171409,MXN,"San Lucas Tepetlacalco, Tlalnepantla De Baz, Estado De México",222 m² construidos,3 recámaras,2 baños,https://departamento.mercadolibre.com.mx/MLM-5616858742-departamento-en-venta-en-residencial-id-vertical-satelite-con-terrazas-_JM,https://http2.mlstatic.com/D_NQ_NP_2X_774070-MLM112816807730_072026-E.webp,TLALNEPANTLA
"Departamento En Venta En Satélite, Residencial Id Vertical Terraza/balcón",5200000,MXN,"San Lucas Tepetlacalco, Tlalnepantla De Baz, Estado De México",100 m² construidos,2 recámaras,2 baños,https://departamento.mercadolibre.com.mx/MLM-5616983074-departamento-en-venta-en-satelite-residencial-id-vertical-terrazabalcon-_JM,https://http2.mlstatic.com/D_NQ_NP_2X_675415-MLM112816806592_072026-E.webp,TLALNEPANTLA
Departamento En Venta Residencial Carso Tlalnepantla De Baz Edomex,3450000,MXN,"San Lorenzo, Tlalnepantla De Baz, Estado De México",64 m² construidos,1 recámara,1 baño,https://departamento.mercadolibre.com.mx/MLM-5747281140-departamento-en-venta-residencial-carso-tlalnepantla-de-baz-edomex-_JM,https://http2.mlstatic.com/D_NQ_NP_2X_841520-MLM106431625783_022026-E.webp,TLALNEPANTLA
Venta / Renta Departamento Residencial Carso Tlalnepantla,3600000,MXN,"San Lorenzo, Tlalnepantla De Baz, Estado De México",64 m² construidos,1 recámara,1 baño,https://departamento.mercadolibre.com.mx/MLM-3151580941-venta-renta-departamento-residencial-carso-tlalnepantla-_JM,https://http2.mlstatic.com/D_NQ_NP_2X_622710-MLM113495284756_072026-E.webp,TLALNEPANTLA
Venta Departamento En Plaza Carso Tlalntepantla,5500000,MXN,"San Lorenzo, Tlalnepantla De Baz, Estado De México",107 m² construidos,3 recámaras,2 baños,https://departamento.mercadolibre.com.mx/MLM-5744009400-venta-departamento-en-plaza-carso-tlalntepantla-_JM,https://http2.mlstatic.com/D_NQ_NP_2X_855113-MLM114761135163_072026-E.webp,TLALNEPANTLA
Vendo Depto. Parque Satelite,4590000,MXN,"Xocoyahualco, Tlalnepantla De Baz, Estado De México",97 m² construidos,2 recámaras,2 baños,https://departamento.mercadolibre.com.mx/MLM-5891826530-vendo-depto-parque-satelite-_JM,https://http2.mlstatic.com/D_NQ_NP_2X_759427-MLM114243704838_082026-E.webp,TLALNEPANTLA
Departamento En Venta,3547500,MXN,"Calle Acambay 98, La Romana, Tlalnepantla De Baz, Estado De México",73 m² construidos,2 recámaras,2 baños,https://departamento.mercadolibre.com.mx/MLM-5883365822-departamento-en-venta-_JM,https://http2.mlstatic.com/D_NQ_NP_2X_928554-MLM115527398347_082026-E.webp,TLALNEPANTLA
Departamento En Venta,2935000,MXN,"Avenida Colinas De San José, Colinas De San Jose, Tlalnepantla De Baz, Estado De México",79 m² construidos,3 recámaras,2 baños,https://departamento.mercadolibre.com.mx/MLM-3221227617-departamento-en-venta-_JM,https://http2.mlstatic.com/D_NQ_NP_2X_945660-MLM114028571996_072026-E.webp,TLALNEPANTLA
Departamentos Nuevos En Tlalnemex  Oportunidad Única A Un Excelente Precio,2950000,MXN,"Calle Aculco, Tlalnemex, Tlalnepantla De Baz, Estado De México",80 m² construidos,2 recámaras,2 baños,https://departamento.mercadolibre.com.mx/MLM-2773469533-departamentos-nuevos-en-tlalnemex-oportunidad-unica-a-un-excelente-precio-_JM,https://http2.mlstatic.com/D_NQ_NP_2X_651102-MLM108375634945_032026-E.webp,TLALNEPANTLA
Departamentos Nuevos En Tlalnemex  Oportunidad Única A Un Excelente Precio,2850000,MXN,"Calle Aculco, Tlalnemex, Tlalnepantla De Baz, Estado De México",80 m² construidos,2 recámaras,2 baños,https://departamento.mercadolibre.com.mx/MLM-4971789534-departamentos-nuevos-en-tlalnemex-oportunidad-unica-a-un-excelente-precio-_JM,https://http2.mlstatic.com/D_NQ_NP_2X_627127-MLM108375614031_032026-E.webp,TLALNEPANTLA
"Espectacular Preventa En Uno De Los Mejores Desarrollos En La Mejor Zona De Tlanepantla Desde $2,542,000",2542000,MXN,"Perif. Blvd. Manuel Ávila Camacho 3002, MZ 1 - 300, Valle Dorado, Tlalnepantla, Valle Dorado, Tlalnepantla De Baz, Estado De México",43 m² construidos,2 recámaras,1 baño,https://departamento.mercadolibre.com.mx/MLM-5232939766-espectacular-preventa-en-uno-de-los-mejores-desarrollos-en-la-mejor-zona-de-tlanepantla-desde-2542000-_JM,https://http2.mlstatic.com/D_NQ_NP_2X_638703-MLM109897310172_042026-E.webp,TLALNEPANTLA
"Departamento En Venta O Renta En Plaza Tlane Fashion Mall, Carso Tlalnepantla",3600000,MXN,"Av Sor Juana Inés De La Cruz 280, San Lorenzo, Tlalnepantla De Baz, Estado De México",64 m² construidos,1 recámara,1 baño,https://departamento.mercadolibre.com.mx/MLM-3014192691-departamento-en-venta-o-renta-en-plaza-tlane-fashion-mall-carso-tlalnepantla-_JM,https://http2.mlstatic.com/D_NQ_NP_2X_743107-MLM113315435913_062026-E.webp,TLALNEPANTLA
Venta Departamento En Satélite,5460271,MXN,"San Lucas Tepetlacalco, Tlalnepantla De Baz, Estado De México",116 m² construidos,2 recámaras,2 baños,https://departamento.mercadolibre.com.mx/MLM-4757105680-venta-departamento-en-satelite-_JM,https://http2.mlstatic.com/D_NQ_NP_2X_936965-MLM88112290203_072025-E.webp,TLALNEPANTLA
Increíble Oportudidad De Comprar Uno De Los 28 Ultimos Departamento Del Mejor Desarrollo Del Norte De La Cdmx Puerta Tlalnepantla!!,4152173,MXN,"Av Sor Juana Inés De La Cruz, Centro Industrial Tlalnepantla, Tlalnepantla, Centro Industrial Tlalnepantla, Tlalnepantla De Baz, Estado De México",68 m² construidos,2 recámaras,2 baños,https://departamento.mercadolibre.com.mx/MLM-5232959838-increible-oportudidad-de-comprar-uno-de-los-28-ultimos-departamento-del-mejor-desarrollo-del-norte-de-la-cdmx-puerta-tlalnepantla-_JM,https://http2.mlstatic.com/D_NQ_NP_2X_708930-MLM110798101093_042026-E.webp,TLALNEPANTLA
"Departamento En Venta En Plaza Tlane Fashion Mall, Carso Tlalnepantla",4250000,MXN,"Av Sor Juana Inés De La Cruz 280, San Lorenzo, Tlalnepantla De Baz, Estado De México",84 m² construidos,2 recámaras,2 baños,https://departamento.mercadolibre.com.mx/MLM-3006587429-departamento-en-venta-en-plaza-tlane-fashion-mall-carso-tlalnepantla-_JM,https://http2.mlstatic.com/D_NQ_NP_2X_893252-MLM113173566753_062026-E.webp,TLALNEPANTLA
"Precioso Departamento Venta Zona Esmeralda: Sky View, 92m2, 3 Rec, Alberca",4110000,MXN,"Sky View Esmeralda, C. Lago Ercina MZ 1 - 300, Bosque Esmeralda, Cdad. López Mateos, Adolfo López Mateos, Tlalnepantla De Baz, Estado De México",92 m² construidos,3 recámaras,2 baños,https://departamento.mercadolibre.com.mx/MLM-2932299409-precioso-departamento-venta-zona-esmeralda-sky-view-92m2-3-rec-alberca-_JM,https://http2.mlstatic.com/D_NQ_NP_2X_704550-MLM110746310730_052026-E.webp,TLALNEPANTLA
"Departamento En Venta, Palmerales De San Rafael, Tlalnepantla, Estado De México.",2000000,MXN,"Cuautemoc, Tlayapa, Tlalnepantla De Baz, Estado De México",63 m² construidos,2 recámaras,2 baños,https://departamento.mercadolibre.com.mx/MLM-5831314466-departamento-en-venta-palmerales-de-san-rafael-tlalnepantla-estado-de-mexico-_JM,https://http2.mlstatic.com/D_NQ_NP_2X_832750-MLM115243605983_072026-E.webp,TLALNEPANTLA
Venta Departamento En San José Puente De Vigas (tlanepantla De Baz),3750000,MXN,"Fortino Rocha, San José Puente De Vigas, Tlalnepantla De Baz, Estado De México",107 m² construidos,2 recámaras,2 baños,https://departamento.mercadolibre.com.mx/MLM-3049330425-venta-departamento-en-san-jose-puente-de-vigas-tlanepantla-de-baz-_JM,https://http2.mlstatic.com/D_NQ_NP_2X_732378-MLM113773474525_062026-E.webp,TLALNEPANTLA
Penthouse En Venta En San Lucas,4700000,MXN,"San Lucas Tepetlacalco, Tlalnepantla De Baz, Estado De México",167 m² construidos,3 recámaras,3 baños,https://departamento.mercadolibre.com.mx/MLM-3058052549-penthouse-en-venta-en-san-lucas-_JM,https://http2.mlstatic.com/D_NQ_NP_2X_707038-MLM113865007355_062026-E.webp,TLALNEPANTLA
Fa Depto Nuevo San Lucas Tepetlacalco,4300000,MXN,"San Lucas Tepetlacalco, Tlalnepantla De Baz, Estado De México",98 m² construidos,2 recámaras,2 baños,https://departamento.mercadolibre.com.mx/MLM-3065349965-fa-depto-nuevo-san-lucas-tepetlacalco-_JM,https://http2.mlstatic.com/D_NQ_NP_2X_864953-MLM112761694728_062026-E.webp,TLALNEPANTLA
"Departamento En Pre-venta Sobre Periférico Norte,  Puerta Norte, Valle Dorado",2517260,MXN,"Valle Dorado, Tlalnepantla De Baz, Estado De México",50 m² construidos,2 recámaras,2 baños,https://departamento.mercadolibre.com.mx/MLM-5553859606-departamento-en-pre-venta-sobre-periferico-norte-puerta-norte-valle-dorado-_JM,https://http2.mlstatic.com/D_NQ_NP_2X_602334-MLM113625583509_062026-E.webp,TLALNEPANTLA
Departamento Nuevo En San Lucas,4580000,MXN,"San Lucas Tepetlacalco, Tlalnepantla De Baz, San Lucas Tepetlacalco, Tlalnepantla De Baz, Estado De México",97 m² construidos,2 recámaras,2 baños,https://departamento.mercadolibre.com.mx/MLM-2778711535-departamento-nuevo-en-san-lucas-_JM,https://http2.mlstatic.com/D_NQ_NP_2X_844261-MLM107751763520_032026-E.webp,TLALNEPANTLA
"Departamento En Venta, Puente De Vigas En Tlalnepantla",3990000,MXN,"San José Puente De Vigas, Tlalnepantla De Baz, Estado De México",66 m² construidos,1 recámara,1 baño,https://departamento.mercadolibre.com.mx/MLM-2979246641-departamento-en-venta-puente-de-vigas-en-tlalnepantla-_JM,https://http2.mlstatic.com/D_NQ_NP_2X_611655-MLM111625477866_062026-E.webp,TLALNEPANTLA
Departamentos Y Pent House En Lomas Boulevares Tlalnepantla,3800000,MXN,"Hab Lomas Boulevares, Tlalnepantla De Baz, Lomas Boulevares, Tlalnepantla De Baz, Estado De México",87 m² construidos,2 recámaras,2 baños,https://departamento.mercadolibre.com.mx/MLM-5108562226-departamentos-y-pent-house-en-lomas-boulevares-tlalnepantla-_JM,https://http2.mlstatic.com/D_NQ_NP_2X_627262-MLM82956178997_032025-E.webp,TLALNEPANTLA
Departamento En Preventa Puerta Norte Arboledas,2517000,MXN,"Perif. Blvd. Manuel Ávila Camacho 3204, Valle Dorado, 54020 Tlalnepantla, Méx., Mexico, Las Arboledas, Tlalnepantla De Baz, Estado De México",41 m² construidos,2 recámaras,1 baño,https://departamento.mercadolibre.com.mx/MLM-3160588561-departamento-en-preventa-puerta-norte-arboledas-_JM,https://http2.mlstatic.com/D_NQ_NP_2X_640415-MLM113576280558_072026-E.webp,TLALNEPANTLA
Departamentos En Venta Arboledas | Periferico Norte,3351000,MXN,"Perif. Blvd. Manuel Ávila Camacho 3204, Valle Dorado, 54020 Tlalnepantla, Méx., Mexico, Las Arboledas, Tlalnepantla De Baz, Estado De México",55 m² construidos,2 recámaras,2 baños,https://departamento.mercadolibre.com.mx/MLM-3160734047-departamentos-en-venta-arboledas-periferico-norte-_JM,https://http2.mlstatic.com/D_NQ_NP_2X_776641-MLM114850300483_072026-E.webp,TLALNEPANTLA
Venta Departamento 2 Ambientes San José Puente De Vigas,4403000,MXN,"Av. De Las Armas Nte., 80, San José Puente De Vigas, Tlalnepantla De Baz, Estado De México",92 m² construidos,2 recámaras,2 baños,https://departamento.mercadolibre.com.mx/MLM-3228716997-venta-departamento-2-ambientes-san-jose-puente-de-vigas-_JM,https://http2.mlstatic.com/D_NQ_NP_2X_758214-MLM115478097945_082026-E.webp,TLALNEPANTLA
"Departamento En Venta Colinas De San José, Cerca De Ipn",2300000,MXN,"Colinas De San Jose, Tlalnepantla De Baz, Estado De México",83 m² construidos,3 recámaras,2 baños,https://departamento.mercadolibre.com.mx/MLM-5178216006-departamento-en-venta-colinas-de-san-jose-cerca-de-ipn-_JM,https://http2.mlstatic.com/D_NQ_NP_2X_828002-MLM110386367031_042026-E.webp,TLALNEPANTLA
Departamento En Venta Colinas De San José,2300000,MXN,"Privada Luisa 603, Colinas De San Jose, Tlalnepantla De Baz, Estado De México",80 m² construidos,2 recámaras,2 baños,https://departamento.mercadolibre.com.mx/MLM-3098301953-departamento-en-venta-colinas-de-san-jose-_JM,https://http2.mlstatic.com/D_NQ_NP_2X_859029-MLM113048545426_072026-E.webp,TLALNEPANTLA
Departamento Preventa Nuevo Satélite,4400000,MXN,"Xocoyahualco, Tlalnepantla De Baz, Estado De México",72 m² construidos,2 recámaras,2 baños,https://departamento.mercadolibre.com.mx/MLM-5241288946-departamento-preventa-nuevo-satelite-_JM,https://http2.mlstatic.com/D_NQ_NP_2X_864896-MLM114613180459_072026-E.webp,TLALNEPANTLA
Departamento En Venta San Lucas Tepetlacalco,4300000,MXN,"C. Benito Juárez, San Lucas Tepetlacalco, Tlalnepantla, San Lucas Tepetlacalco, Tlalnepantla De Baz, Estado De México",98 m² construidos,2 recámaras,2 baños,https://departamento.mercadolibre.com.mx/MLM-2760873155-departamento-en-venta-san-lucas-tepetlacalco-_JM,https://http2.mlstatic.com/D_NQ_NP_2X_639879-MLM107329575944_032026-E.webp,TLALNEPANTLA
"Venta Departamento, Garden House, Muy Bien Ubicado, Valle Dorado, Tlalnepantla. Estado De México. Hain",4749900,MXN,"P.º De Las Aves 471, MZ 013, Valle Dorado, Tlalnepantla, Valle Dorado, Tlalnepantla De Baz, Estado De México",135 m² construidos,2 recámaras,2 baños,https://departamento.mercadolibre.com.mx/MLM-3136311327-venta-departamento-garden-house-muy-bien-ubicado-valle-dorado-tlalnepantla-estado-de-mexico-hain-_JM,https://http2.mlstatic.com/D_NQ_NP_2X_621539-MLM114555162419_072026-E.webp,TLALNEPANTLA
Venta Departamento Carso Nuevo,4240000,MXN,"San Lorenzo, Tlalnepantla De Baz, Estado De México",83 m² construidos,2 recámaras,2 baños,https://departamento.mercadolibre.com.mx/MLM-2608380347-venta-departamento-carso-nuevo-_JM,https://http2.mlstatic.com/D_NQ_NP_2X_628309-MLM81837835729_012025-E.webp,TLALNEPANTLA
Venta Departamento Carso Tlalnepantla,4240000,MXN,"San Lorenzo, Tlalnepantla De Baz, Estado De México",84 m² construidos,2 recámaras,2 baños,https://departamento.mercadolibre.com.mx/MLM-5246237118-venta-departamento-carso-tlalnepantla-_JM,https://http2.mlstatic.com/D_NQ_NP_2X_814919-MLM81567274860_012025-E.webp,TLALNEPANTLA
Venta Departamentos En San Lucas Tepetlacalco Tlalnepantla,4300000,MXN,"San Lucas Tepetlacalco, Tlalnepantla De Baz, Estado De México",98 m² construidos,2 recámaras,2 baños,https://departamento.mercadolibre.com.mx/MLM-2881201925-venta-departamentos-en-san-lucas-tepetlacalco-tlalnepantla-_JM,https://http2.mlstatic.com/D_NQ_NP_2X_980572-MLM110723632297_042026-E.webp,TLALNEPANTLA
Departamento En Venta En Reserva El Roble,4190000,MXN,"Lomas De San Andrés Atenco, Tlalnepantla De Baz, Estado De México",115 m² construidos,2 recámaras,2 baños,https://departamento.mercadolibre.com.mx/MLM-3137157535-departamento-en-venta-en-reserva-el-roble-_JM,https://http2.mlstatic.com/D_NQ_NP_2X_654221-MLM114571682485_072026-E.webp,TLALNEPANTLA
"Venta Bonito, Muy Iluminado Y Cómodo Departamento",3600000,MXN,"C. Anaya Solórzano, Hab Magisterial Vista Bella, Tlalnepantla, Magisterial Vistabella, Tlalnepantla De Baz, Estado De México",125 m² construidos,3 recámaras,3 baños,https://departamento.mercadolibre.com.mx/MLM-5883263310-venta-bonito-muy-iluminado-y-comodo-departamento-_JM,https://http2.mlstatic.com/D_NQ_NP_2X_797371-MLM114192889906_082026-E.webp,TLALNEPANTLA
"Se Vende Departamento  En La Unidad El Tenayo, En 4to. Piso, Cerca De Avenidas Principales, A 15 Min. Del Metro Bus Tenayuca,  A 5 Minutos De Centro Comerciales.",1600000,MXN,"U.H. El Tenayo, Tlalnepantla De Baz, El Tenayo Centro, Tlalnepantla De Baz, Estado De México",68 m² construidos,2 recámaras,1 baño,https://departamento.mercadolibre.com.mx/MLM-4410096662-se-vende-departamento-en-la-unidad-el-tenayo-en-4to-piso-cerca-de-avenidas-principales-a-15-min-del-metro-bus-tenayuca-a-5-minutos-de-centro-comerciales-_JM,https://http2.mlstatic.com/D_NQ_NP_2X_999801-MLM99302743961_112025-E.webp,TLALNEPANTLA
"Departamento En Venta Residencial El Dorado, Tlalnepantla De Baz, México",5200000,MXN,"El Dorado, Tlalnepantla De Baz, Estado De México",201 m² construidos,3 recámaras,3 baños,https://departamento.mercadolibre.com.mx/MLM-3025643897-departamento-en-venta-residencial-el-dorado-tlalnepantla-de-baz-mexico-_JM,https://http2.mlstatic.com/D_NQ_NP_2X_756355-MLM113684339378_072026-E.webp,TLALNEPANTLA
Departamento En Venta En Azcapotzalco,4403000,MXN,"San José Puente De Vigas, Tlalnepantla De Baz, Estado De México",100 m² construidos,2 recámaras,2 baños,https://departamento.mercadolibre.com.mx/MLM-2976890073-departamento-en-venta-en-azcapotzalco-_JM,https://http2.mlstatic.com/D_NQ_NP_2X_984107-MLM112659888165_062026-E.webp,TLALNEPANTLA
"Departamento En Venta, Terrace, Tlalnepantla",3200000,MXN,"Barrientos Gustavo Baz, Tlalnepantla De Baz, Estado De México",70 m² construidos,3 recámaras,2 baños,https://departamento.mercadolibre.com.mx/MLM-2775895989-departamento-en-venta-terrace-tlalnepantla-_JM,https://http2.mlstatic.com/D_NQ_NP_2X_962777-MLM107693264378_032026-E.webp,TLALNEPANTLA
"Departamento Nuevo  La Romana, Tlalnepantla",3150000,MXN,"La Romana, Tlalnepantla De Baz, Estado De México",80 m² construidos,2 recámaras,2 baños,https://departamento.mercadolibre.com.mx/MLM-3130090969-departamento-nuevo-la-romana-tlalnepantla-_JM,https://http2.mlstatic.com/D_NQ_NP_2X_736048-MLM114657157663_072026-E.webp,TLALNEPANTLA
Preventa Puerta Norte (valle Dorado Periferico),2687260,MXN,"Valle Dorado, Tlalnepantla De Baz, Estado De México",42 m² construidos,2 recámaras,1 baño,https://departamento.mercadolibre.com.mx/MLM-3193846965-preventa-puerta-norte-valle-dorado-periferico-_JM,https://http2.mlstatic.com/D_NQ_NP_2X_866384-MLM106916443098_022026-E.webp,TLALNEPANTLA
Estrena Bonito Departamento A Unos Metros De Periferico Tlalnepantla,3350000,MXN,"Av. Del Trabajo, San Andrés Atenco Ampliacion, Tlalnepantla, San Andrés Atenco, Tlalnepantla De Baz, Estado De México",79 m² construidos,2 recámaras,1 baño,https://departamento.mercadolibre.com.mx/MLM-2962031961-estrena-bonito-departamento-a-unos-metros-de-periferico-tlalnepantla-_JM,https://http2.mlstatic.com/D_NQ_NP_2X_998709-MLM111297196984_052026-E.webp,TLALNEPANTLA
"Venta De Departamento De 2 Recamaras En Residencial Puerta Tlalnepantla, Estad De Mexico.",3900000,MXN,"Av Sor Juana Inés De La Cruz, San Lorenzo, Tlalnepantla, Centro Industrial Tlalnepantla, Tlalnepantla De Baz, Estado De México",64 m² construidos,2 recámaras,2 baños,https://departamento.mercadolibre.com.mx/MLM-5217304838-venta-de-departamento-de-2-recamaras-en-residencial-puerta-tlalnepantla-estad-de-mexico-_JM,https://http2.mlstatic.com/D_NQ_NP_2X_814784-MLM109776735336_042026-E.webp,TLALNEPANTLA
Departamento En Venta En Mundo E,5593575,MXN,"San Lucas Tepetlacalco, Tlalnepantla De Baz, Estado De México",116 m² construidos,2 recámaras,2 baños,https://departamento.mercadolibre.com.mx/MLM-3081313777-departamento-en-venta-en-mundo-e-_JM,https://http2.mlstatic.com/D_NQ_NP_2X_943048-MLM114129899529_072026-E.webp,TLALNEPANTLA
Oportunidad Hermoso Departamento En Venta En San Lucas Tepetlacalco,4580000,MXN,"C. Hidalgo 48, San Lucas Tepetlacalco, 54055 Tlalnepantla, Méx., Mexico, San Lucas Tepetlacalco, Tlalnepantla De Baz, Estado De México",98 m² construidos,2 recámaras,2 baños,https://departamento.mercadolibre.com.mx/MLM-3101939083-oportunidad-hermoso-departamento-en-venta-en-san-lucas-tepetlacalco-_JM,https://http2.mlstatic.com/D_NQ_NP_2X_657185-MLM103491267790_012026-E.webp,TLALNEPANTLA
Departamento En Tlalnepantla De Baz · 3 Recámaras,2888500,MXN,"Av. Colinas De San José Manzana, Colinas De San Jose, Tlalnepantla De Baz, Estado De México",79 m² construidos,3 recámaras,2 baños,https://departamento.mercadolibre.com.mx/MLM-5642170938-departamento-en-tlalnepantla-de-baz-3-recamaras-_JM,https://http2.mlstatic.com/D_NQ_NP_2X_697005-MLM112961933998_072026-E.webp,TLALNEPANTLA
"Departamento Muy Cercano A La Cdmx, Planta Baja Ideal Para Remodelar",1190000,MXN,"Av. Alfredo Del Mazo B3, El Tenayo, Tlalnepantla De Baz, Estado De México",54 m² construidos,2 recámaras,1 baño,https://departamento.mercadolibre.com.mx/MLM-2993015281-departamento-muy-cercano-a-la-cdmx-planta-baja-ideal-para-remodelar-_JM,https://http2.mlstatic.com/D_NQ_NP_2X_636351-MLM111835266180_062026-E.webp,TLALNEPANTLA
"Venta Departamento Con Terraza A Solo 5 Min De Plaza Satélite, Estado De México",4300000,MXN,"San Lucas Tepetlacalco, Tlalnepantla De Baz, Estado De México",98 m² construidos,2 recámaras,2 baños,https://departamento.mercadolibre.com.mx/MLM-2678859033-venta-departamento-con-terraza-a-solo-5-min-de-plaza-satelite-estado-de-mexico-_JM,https://http2.mlstatic.com/D_NQ_NP_2X_834424-MLM81921904288_012025-E.webp,TLALNEPANTLA
"Departamentos Inteligentes De 3r, 2 Baños Cerca De Azcapotzalco, Cdmx..",4044439,MXN,"San José Puente De Vigas, Tlalnepantla De Baz, Estado De México",99 m² construidos,3 recámaras,2 baños,https://departamento.mercadolibre.com.mx/MLM-3045666019-departamentos-inteligentes-de-3r-2-banos-cerca-de-azcapotzalco-cdmx-_JM,https://http2.mlstatic.com/D_NQ_NP_2X_661751-MLM113725791801_062026-E.webp,TLALNEPANTLA
Departamento En Venta En  Tlalnepantla,2279000,MXN,"Adolfo López Mateos, Tlalnepantla De Baz, Estado De México",70 m² construidos,3 recámaras,1 baño,https://departamento.mercadolibre.com.mx/MLM-2996533277-departamento-en-venta-en-tlalnepantla-_JM,https://http2.mlstatic.com/D_NQ_NP_2X_924556-MLM111880772110_062026-E.webp,TLALNEPANTLA
Pre-venta Departamento Miranza,2900000,MXN,"Colinas De San Jose, Tlalnepantla De Baz, Estado De México",79 m² construidos,3 recámaras,2 baños,https://departamento.mercadolibre.com.mx/MLM-4588881698-pre-venta-departamento-miranza-_JM,https://http2.mlstatic.com/D_NQ_NP_2X_758087-MLM102531237494_122025-E.webp,TLALNEPANTLA
Tlalnepantla Departamento Ph,5000000,MXN,"San Lucas Tepetlacalco, Tlalnepantla De Baz, Estado De México",146 m² construidos,3 recámaras,2 baños,https://departamento.mercadolibre.com.mx/MLM-3245947263-tlalnepantla-departamento-ph-_JM,https://http2.mlstatic.com/D_NQ_NP_2X_951733-MLM115586493491_082026-E.webp,TLALNEPANTLA
"Departamento En Venta, Fraccionamiento Real 8, 2 Recamaras",3850000,MXN,"Viveros De La Loma, Tlalnepantla De Baz, Estado De México",68 m² construidos,2 recámaras,2 baños,https://departamento.mercadolibre.com.mx/MLM-5153318654-departamento-en-venta-fraccionamiento-real-8-2-recamaras-_JM,https://http2.mlstatic.com/D_NQ_NP_2X_951449-MLM109319291358_042026-E.webp,TLALNEPANTLA
"Departamento En Venta, Viveros De La Loma, 2 Recamaras",4100000,MXN,"Viveros De La Loma, Tlalnepantla De Baz, Estado De México",90 m² construidos,2 recámaras,2 baños,https://departamento.mercadolibre.com.mx/MLM-2880762069-departamento-en-venta-viveros-de-la-loma-2-recamaras-_JM,https://http2.mlstatic.com/D_NQ_NP_2X_622937-MLM110713939755_042026-E.webp,TLALNEPANTLA
"Departamento En Venta, San Lucas Tepetlacalco, 2 Recámaras",4580000,MXN,"San Lucas Tepetlacalco, Tlalnepantla De Baz, Estado De México",100 m² construidos,2 recámaras,2 baños,https://departamento.mercadolibre.com.mx/MLM-5030326166-departamento-en-venta-san-lucas-tepetlacalco-2-recamaras-_JM,https://http2.mlstatic.com/D_NQ_NP_2X_733565-MLM114922991029_072026-E.webp,TLALNEPANTLA
"Departamento En Venta, Terraze, 2 Recámaras",3400000,MXN,"Industrial Tlanepantla, Tlalnepantla De Baz, Estado De México",69 m² construidos,2 recámaras,2 baños,https://departamento.mercadolibre.com.mx/MLM-2759097313-departamento-en-venta-terraze-2-recamaras-_JM,https://http2.mlstatic.com/D_NQ_NP_2X_685170-MLM107959080251_032026-E.webp,TLALNEPANTLA
Venta / Departamento / Punta Norte Arboledas,2517260,MXN,"Valle Dorado, Tlalnepantla De Baz, Estado De México",41 m² construidos,2 recámaras,1 baño,https://departamento.mercadolibre.com.mx/MLM-5540025354-venta-departamento-punta-norte-arboledas-_JM,https://http2.mlstatic.com/D_NQ_NP_2X_702692-MLM114602195119_072026-E.webp,TLALNEPANTLA
Loma De Valle Dorado,4800000,MXN,"Valle Dorado, Tlalnepantla De Baz, Estado De México",115 m² construidos,2 recámaras,2 baños,https://departamento.mercadolibre.com.mx/MLM-3062890443-loma-de-valle-dorado-_JM,https://http2.mlstatic.com/D_NQ_NP_2X_750530-MLM112730626234_062026-E.webp,TLALNEPANTLA
Loma De Valle Dorado,4900000,MXN,"Valle Dorado, Tlalnepantla De Baz, Estado De México",115 m² construidos,2 recámaras,2 baños,https://departamento.mercadolibre.com.mx/MLM-5602856242-loma-de-valle-dorado-_JM,https://http2.mlstatic.com/D_NQ_NP_2X_976504-MLM112731799438_062026-E.webp,TLALNEPANTLA
Departamentos Nuevos / Valle Dorado / Tlalnepantla,4495000,MXN,"Valle Dorado, Tlalnepantla De Baz, Estado De México",134 m² construidos,3 recámaras,2 baños,https://departamento.mercadolibre.com.mx/MLM-5533158032-departamentos-nuevos-valle-dorado-tlalnepantla-_JM,https://http2.mlstatic.com/D_NQ_NP_2X_992450-MLM114606540105_072026-E.webp,TLALNEPANTLA
Preventa / Departamento / Punta Norte Arboledas,5307935,MXN,"Valle Dorado, Tlalnepantla De Baz, Estado De México",96 m² construidos,3 recámaras,2 baños,https://departamento.mercadolibre.com.mx/MLM-5539993610-preventa-departamento-punta-norte-arboledas-_JM,https://http2.mlstatic.com/D_NQ_NP_2X_937350-MLM113315865594_072026-E.webp,TLALNEPANTLA
Preventa / Departamento / Punta Norte Arboledas,3361140,MXN,"Valle Dorado, Tlalnepantla De Baz, Estado De México",55 m² construidos,2 recámaras,2 baños,https://departamento.mercadolibre.com.mx/MLM-5539940902-preventa-departamento-punta-norte-arboledas-_JM,https://http2.mlstatic.com/D_NQ_NP_2X_872955-MLM114607537905_072026-E.webp,TLALNEPANTLA
Preventa / Departamento / Punta Norte Arboledas,4203247,MXN,"Valle Dorado, Tlalnepantla De Baz, Estado De México",73 m² construidos,2 recámaras,2 baños,https://departamento.mercadolibre.com.mx/MLM-5539992366-preventa-departamento-punta-norte-arboledas-_JM,https://http2.mlstatic.com/D_NQ_NP_2X_942837-MLM114607509049_072026-E.webp,TLALNEPANTLA
"Departamentos En Venta Cerca De Plaza Satélite, Col. Vistahermosa",4000000,MXN,"Vista Hermosa, Tlalnepantla De Baz, Estado De México",84 m² construidos,3 recámaras,2 baños,https://departamento.mercadolibre.com.mx/MLM-5894800528-departamentos-en-venta-cerca-de-plaza-satelite-col-vistahermosa-_JM,https://http2.mlstatic.com/D_NQ_NP_2X_775729-MLM114272485760_082026-E.webp,TLALNEPANTLA
Venta Departamentos En San Lucas Tepetlacalco Tlalnepantla,4300000,MXN,"San Lucas Tepetlacalco, Tlalnepantla De Baz, Estado De México",98 m² construidos,2 recámaras,2 baños,https://departamento.mercadolibre.com.mx/MLM-5896462610-venta-departamentos-en-san-lucas-tepetlacalco-tlalnepantla-_JM,https://http2.mlstatic.com/D_NQ_NP_2X_780669-MLM114281447764_082026-E.webp,TLALNEPANTLA
Departamento En Venta En Valle Del Tenayo,1300000,MXN,"Unidad Habitacional El Tenayo, El Tenayo Centro, Tlalnepantla De Baz, Estado De México",64 m² construidos,2 recámaras,1 baño,https://departamento.mercadolibre.com.mx/MLM-4761730610-departamento-en-venta-en-valle-del-tenayo-_JM,https://http2.mlstatic.com/D_NQ_NP_2X_899823-MLM106206721820_022026-E.webp,TLALNEPANTLA
Departamento En Venta En San José Puente De Vigas,3953000,MXN,"Avenida De Las Armas Norte 80, San José Puente De Vigas, Tlalnepantla De Baz, Estado De México",100 m² construidos,3 recámaras,2 baños,https://departamento.mercadolibre.com.mx/MLM-5476210724-departamento-en-venta-en-san-jose-puente-de-vigas-_JM,https://http2.mlstatic.com/D_NQ_NP_2X_635644-MLM112966453861_062026-E.webp,TLALNEPANTLA
"Departamentos En Preventa  Xocoyahualco, Tlalnepantla",4433919,MXN,"Av Morelos S/N, Xocoyahualco, Tlalnepantla De Baz, Estado De México",77 m² construidos,2 recámaras,2 baños,https://departamento.mercadolibre.com.mx/MLM-3041717525-departamentos-en-preventa-xocoyahualco-tlalnepantla-_JM,https://http2.mlstatic.com/D_NQ_NP_2X_847397-MLM112501999288_062026-E.webp,TLALNEPANTLA
Departamento Venta Torres Bulevares Tlalnepantla Industrial Barrientos,2550000,MXN,"Barrientos Gustavo Baz, Tlalnepantla De Baz, Estado De México",79 m² construidos,2 recámaras,2 baños,https://departamento.mercadolibre.com.mx/MLM-5722825448-departamento-venta-torres-bulevares-tlalnepantla-industrial-barrientos-_JM,https://http2.mlstatic.com/D_NQ_NP_2X_720393-MLM113353361358_072026-E.webp,TLALNEPANTLA
"Departamento En Preventa  Xocoyahualco, Tlalnepantla",6788900,MXN,"Av Cristo S/N, Xocoyahualco, Tlalnepantla De Baz, Estado De México",119 m² construidos,3 recámaras,2 baños,https://departamento.mercadolibre.com.mx/MLM-5560902422-departamento-en-preventa-xocoyahualco-tlalnepantla-_JM,https://http2.mlstatic.com/D_NQ_NP_2X_801096-MLM113670252733_062026-E.webp,TLALNEPANTLA
Departamento En Venta En San José Puente De Vigas,3940000,MXN,"Av. De Las Armas Nte. 80, San José Puente De Vigas, Tlalnepantla De Baz, Estado De México",98 m² construidos,3 recámaras,2 baños,https://departamento.mercadolibre.com.mx/MLM-4761664344-departamento-en-venta-en-san-jose-puente-de-vigas-_JM,https://http2.mlstatic.com/D_NQ_NP_2X_892449-MLM106830402515_022026-E.webp,TLALNEPANTLA
Departamento En Venta En San José Puente De Vigas,3953000,MXN,"Avenida De Las Armas Norte 80, San José Puente De Vigas, Tlalnepantla De Baz, Estado De México",99 m² construidos,3 recámaras,2 baños,https://departamento.mercadolibre.com.mx/MLM-2988373889-departamento-en-venta-en-san-jose-puente-de-vigas-_JM,https://http2.mlstatic.com/D_NQ_NP_2X_785551-MLM112872508289_062026-E.webp,TLALNEPANTLA
Departamento En Venta En San Lucas Tepetlacalco,5600000,MXN,"Francisco I. Madero 0, Tlalnepantla De Baz, Estado De México",116 m² construidos,2 recámaras,2 baños,https://departamento.mercadolibre.com.mx/MLM-2743684375-departamento-en-venta-en-san-lucas-tepetlacalco-_JM,https://http2.mlstatic.com/D_NQ_NP_2X_724839-MLM106653833114_022026-E.webp,TLALNEPANTLA
Departamento En Venta En San Lucas Tepetlacalco,5519796,MXN,"Francisco I. Madero 0, Tlalnepantla De Baz, Estado De México",115 m² construidos,2 recámaras,2 baños,https://departamento.mercadolibre.com.mx/MLM-2743878635-departamento-en-venta-en-san-lucas-tepetlacalco-_JM,https://http2.mlstatic.com/D_NQ_NP_2X_819711-MLM106653833066_022026-E.webp,TLALNEPANTLA
Departamento En Venta En San Lucas Tepetlacalco,4994906,MXN,"Francisco I. Madero 0, Tlalnepantla De Baz, Estado De México",106 m² construidos,2 recámaras,2 baños,https://departamento.mercadolibre.com.mx/MLM-2743917297-departamento-en-venta-en-san-lucas-tepetlacalco-_JM,https://http2.mlstatic.com/D_NQ_NP_2X_766761-MLM106653836626_022026-E.webp,TLALNEPANTLA
"Se Vende Departamento, Pent House En Tlalnepantla, San Lucas Tepetlacalco",6500000,MXN,"San Lucas Tepetlacalco, Tlalnepantla De Baz, Estado De México",235 m² construidos,5 recámaras,4 baños,https://departamento.mercadolibre.com.mx/MLM-2806884383-se-vende-departamento-pent-house-en-tlalnepantla-san-lucas-tepetlacalco-_JM,https://http2.mlstatic.com/D_NQ_NP_2X_889481-MLM93996461251_102025-E.webp,TLALNEPANTLA
Venta Departamento San Lucas Tepetlacalco Tlalnepantla De Baz Estado De Mexico,5600000,MXN,"San Lucas Tepetlacalco, Tlalnepantla De Baz, Estado De México",140 m² construidos,3 recámaras,3 baños,https://departamento.mercadolibre.com.mx/MLM-5430017206-venta-departamento-san-lucas-tepetlacalco-tlalnepantla-de-baz-estado-de-mexico-_JM,https://http2.mlstatic.com/D_NQ_NP_2X_718198-MLM111462327028_052026-E.webp,TLALNEPANTLA
"Departamento En Venta En Valle Dorado, Tlalnepantla",4495000,MXN,"Valle Dorado, Tlalnepantla De Baz, Estado De México",146 m² construidos,3 recámaras,2 baños,https://departamento.mercadolibre.com.mx/MLM-4830899660-departamento-en-venta-en-valle-dorado-tlalnepantla-_JM,https://http2.mlstatic.com/D_NQ_NP_2X_610136-MLM106853510980_022026-E.webp,TLALNEPANTLA
"Departamento En Valle Dorado, Tlalnepantla.",4495000,MXN,"Valle Dorado, Tlalnepantla De Baz, Estado De México",125 m² construidos,3 recámaras,2 baños,https://departamento.mercadolibre.com.mx/MLM-5338575956-departamento-en-valle-dorado-tlalnepantla-_JM,https://http2.mlstatic.com/D_NQ_NP_2X_941667-MLM111651994085_052026-E.webp,TLALNEPANTLA
Departamento Venta Torres Bulevares Norte Tlalnepantla,3560000,MXN,"Barrientos Gustavo Baz, Tlalnepantla De Baz, Estado De México",109 m² construidos,3 recámaras,2 baños,https://departamento.mercadolibre.com.mx/MLM-3139570589-departamento-venta-torres-bulevares-norte-tlalnepantla-_JM,https://http2.mlstatic.com/D_NQ_NP_2X_737682-MLM113353362404_072026-E.webp,TLALNEPANTLA
Venta De Departamento De 86 M² Con 2 Recámaras En Venta En Vista Hermosa,3189000,MXN,"Vista Hermosa, Tlalnepantla De Baz, Estado De México",86 m² construidos,2 recámaras,2 baños,https://departamento.mercadolibre.com.mx/MLM-5650200054-venta-de-departamento-de-86-m-con-2-recamaras-en-venta-en-vista-hermosa-_JM,https://http2.mlstatic.com/D_NQ_NP_2X_966577-MLM114218685025_072026-E.webp,TLALNEPANTLA
Departamento En Venta En Lomas De Valle Dorado,4800000,MXN,"Lomas De Valle Dorado, Lomas Valle Dorado, Tlalnepantla De Baz, Estado De México",115 m² construidos,2 recámaras,2 baños,https://departamento.mercadolibre.com.mx/MLM-4761819770-departamento-en-venta-en-lomas-de-valle-dorado-_JM,https://http2.mlstatic.com/D_NQ_NP_2X_812994-MLM106249200190_022026-E.webp,TLALNEPANTLA
"Departamento En Venta En Colonia San Lucas Tepetlacalco, Tlalnepantla De Baz, Estado De México",2980000,MXN,"Blvd. Manuel Avila Camacho  2247, San Lucas Tepetlacalco, Tlalnepantla De Baz, Estado De México",70 m² construidos,2 recámaras,2 baños,https://departamento.mercadolibre.com.mx/MLM-5436165080-departamento-en-venta-en-colonia-san-lucas-tepetlacalco-tlalnepantla-de-baz-estado-de-mexico-_JM,https://http2.mlstatic.com/D_NQ_NP_2X_827265-MLM112556568619_062026-E.webp,TLALNEPANTLA
"Departamento En Venta En Colonia Ex-hacienda De Santa Mónica, Tlalnepantla De Baz, Estado De México",6567223,MXN,"Cerrito 16 De Septiembre S/N, Ex-Hacienda De Santa Mónica, Tlalnepantla De Baz, Estado De México",139 m² construidos,2 recámaras,2 baños,https://departamento.mercadolibre.com.mx/MLM-2755665731-departamento-en-venta-en-colonia-ex-hacienda-de-santa-monica-tlalnepantla-de-baz-estado-de-mexico-_JM,https://http2.mlstatic.com/D_NQ_NP_2X_626058-MLM107118478842_022026-E.webp,TLALNEPANTLA
Departamento En Venta En La Col. San Lorenzo En Tlalnepantla En  Edo.de México,6300000,MXN,"San Lorenzo, Tlalnepantla De Baz, Estado De México",107 m² construidos,2 recámaras,2 baños,https://departamento.mercadolibre.com.mx/MLM-5445127982-departamento-en-venta-en-la-col-san-lorenzo-en-tlalnepantla-en-edode-mexico-_JM,https://http2.mlstatic.com/D_NQ_NP_2X_691197-MLM114322412888_082026-E.webp,TLALNEPANTLA
"Departamento En Venta En Colonia Ex-hacienda De Santa Mónica, Tlalnepantla De Baz, Estado De México",5964391,MXN,"Cerrito 16 De Septiembre S/N, Ex-Hacienda De Santa Mónica, Tlalnepantla De Baz, Estado De México",118 m² construidos,2 recámaras,2 baños,https://departamento.mercadolibre.com.mx/MLM-2755674871-departamento-en-venta-en-colonia-ex-hacienda-de-santa-monica-tlalnepantla-de-baz-estado-de-mexico-_JM,https://http2.mlstatic.com/D_NQ_NP_2X_956759-MLM107813266489_022026-E.webp,TLALNEPANTLA
"Departamento En Venta En Colonia San Lucas Tepetlacalco, Tlalnepantla De Baz, Estado De México",4580000,MXN,"Benito Juarez 93, San Lucas Tepetlacalco, Tlalnepantla De Baz, Estado De México",98 m² construidos,2 recámaras,2 baños,https://departamento.mercadolibre.com.mx/MLM-5760568550-departamento-en-venta-en-colonia-san-lucas-tepetlacalco-tlalnepantla-de-baz-estado-de-mexico-_JM,https://http2.mlstatic.com/D_NQ_NP_2X_659487-MLM114874870529_072026-E.webp,TLALNEPANTLA
"Departamento En Venta En Colonia San Lucas Tepetlacalco, Tlalnepantla De Baz, Estado De México",5363841,MXN,"FRANCISCO I MADERO 7, San Lucas Tepetlacalco, Tlalnepantla De Baz, Estado De México",116 m² construidos,2 recámaras,2 baños,https://departamento.mercadolibre.com.mx/MLM-5341473796-departamento-en-venta-en-colonia-san-lucas-tepetlacalco-tlalnepantla-de-baz-estado-de-mexico-_JM,https://http2.mlstatic.com/D_NQ_NP_2X_652681-MLM110722874960_052026-E.webp,TLALNEPANTLA
"Departamento En Venta, A Dos Minutos De Ciudad Satélite, Unas Cuadras Del Perifé",4300000,MXN,"San Lucas Tepetlacalco, Tlalnepantla De Baz, Estado De México",98 m² construidos,2 recámaras,2 baños,https://departamento.mercadolibre.com.mx/MLM-3113940011-departamento-en-venta-a-dos-minutos-de-ciudad-satelite-unas-cuadras-del-perife-_JM,https://http2.mlstatic.com/D_NQ_NP_2X_654032-MLM113151069978_072026-E.webp,TLALNEPANTLA
"Departamento En Venta En Colonia San Lucas Tepetlacalco, Tlalnepantla De Baz, Estado De México",5623963,MXN,"FRANCISCO I MADERO 7, San Lucas Tepetlacalco, Tlalnepantla De Baz, Estado De México",123 m² construidos,2 recámaras,2 baños,https://departamento.mercadolibre.com.mx/MLM-5341486740-departamento-en-venta-en-colonia-san-lucas-tepetlacalco-tlalnepantla-de-baz-estado-de-mexico-_JM,https://http2.mlstatic.com/D_NQ_NP_2X_656734-MLM110722780604_052026-E.webp,TLALNEPANTLA
"Departamento En Venta En Colonia San Lucas Tepetlacalco, Tlalnepantla De Baz, Estado De México",4887421,MXN,"FRANCISCO I MADERO 7, San Lucas Tepetlacalco, Tlalnepantla De Baz, Estado De México",106 m² construidos,2 recámaras,2 baños,https://departamento.mercadolibre.com.mx/MLM-5341486820-departamento-en-venta-en-colonia-san-lucas-tepetlacalco-tlalnepantla-de-baz-estado-de-mexico-_JM,https://http2.mlstatic.com/D_NQ_NP_2X_965762-MLM111679137887_052026-E.webp,TLALNEPANTLA
"Departamento En Venta En Colonia San Lucas Tepetlacalco, Tlalnepantla De Baz, Estado De México",3840714,MXN,"FRANCISCO I MADERO 7, San Lucas Tepetlacalco, Tlalnepantla De Baz, Estado De México",83 m² construidos,2 recámaras,2 baños,https://departamento.mercadolibre.com.mx/MLM-5341486858-departamento-en-venta-en-colonia-san-lucas-tepetlacalco-tlalnepantla-de-baz-estado-de-mexico-_JM,https://http2.mlstatic.com/D_NQ_NP_2X_892990-MLM111679141305_052026-E.webp,TLALNEPANTLA
"Departamento En Venta Uh Tlalcalli, Tlalnepantla De Baz, México",1800000,MXN,"Tlalcalli, Tlalnepantla De Baz, Estado De México",65 m² construidos,2 recámaras,1 baño,https://departamento.mercadolibre.com.mx/MLM-3248100377-departamento-en-venta-uh-tlalcalli-tlalnepantla-de-baz-mexico-_JM,https://http2.mlstatic.com/D_NQ_NP_2X_634275-MLM115615443527_082026-E.webp,TLALNEPANTLA
Departamento En Venta En Tlalnemex,1890000,MXN,"Avenida Atlacomulco 14B, Tlalnemex, Tlalnepantla De Baz, Estado De México",85 m² construidos,3 recámaras,2 baños,https://departamento.mercadolibre.com.mx/MLM-3045643859-departamento-en-venta-en-tlalnemex-_JM,https://http2.mlstatic.com/D_NQ_NP_2X_934703-MLM113725946053_062026-E.webp,TLALNEPANTLA
Departamento En Venta En Buenaventura,1250000,MXN,"San Buenaventura, Tlalnepantla De Baz, Estado De México",71 m² construidos,3 recámaras,1 baño,https://departamento.mercadolibre.com.mx/MLM-2940272387-departamento-en-venta-en-buenaventura-_JM,https://http2.mlstatic.com/D_NQ_NP_2X_930039-MLM113802912626_072026-E.webp,TLALNEPANTLA
"Departamento Venta San Rafael, Tlalnepantla De Baz, Edo De México",1300000,MXN,"San Rafael, San Rafael, Tlalnepantla De Baz, Estado De México",55 m² construidos,2 recámaras,1 baño,https://departamento.mercadolibre.com.mx/MLM-5576695802-departamento-venta-san-rafael-tlalnepantla-de-baz-edo-de-mexico-_JM,https://http2.mlstatic.com/D_NQ_NP_2X_768173-MLM112594602022_062026-E.webp,TLALNEPANTLA
Departamento En Venta,2250000,MXN,"Viveros Del Valle, Viveros Del Valle, Tlalnepantla De Baz, Estado De México",55 m² construidos,2 recámaras,1 baño,https://departamento.mercadolibre.com.mx/MLM-5412798208-departamento-en-venta-_JM,https://http2.mlstatic.com/D_NQ_NP_2X_742327-MLM113729825120_072026-E.webp,TLALNEPANTLA
Departamento En Venta,1800000,MXN,"Los Tejavanes, Tejavanes, Tlalnepantla De Baz, Estado De México",66 m² construidos,3 recámaras,1 baño,https://departamento.mercadolibre.com.mx/MLM-2967809769-departamento-en-venta-_JM,https://http2.mlstatic.com/D_NQ_NP_2X_737229-MLM111410358050_052026-E.webp,TLALNEPANTLA
"Departamentos En Venta En San Lucas Tepetlacalco, Tlalnepantla",4694285,MXN,"San Lucas Tepetlacalco, Tlalnepantla De Baz, Estado De México",120 m² construidos,2 recámaras,2 baños,https://departamento.mercadolibre.com.mx/MLM-3754542266-departamentos-en-venta-en-san-lucas-tepetlacalco-tlalnepantla-_JM,https://http2.mlstatic.com/D_NQ_NP_2X_959778-MLM81432128010_122024-E.webp,TLALNEPANTLA
Gran Departamento Con Esplendida Terraza En Residencial Tlalnepantla,6500000,MXN,"Av Sor Juana Inés De La Cruz 280, MZ 020, San Lorenzo, Tlalnepantla, San Lorenzo, Tlalnepantla De Baz, Estado De México",178 m² construidos,3 recámaras,2 baños,https://departamento.mercadolibre.com.mx/MLM-2914265313-gran-departamento-con-esplendida-terraza-en-residencial-tlalnepantla-_JM,https://http2.mlstatic.com/D_NQ_NP_2X_864337-MLM111353567853_052026-E.webp,TLALNEPANTLA
Hermoso Penthouse Entre Plaza Satélite Y Mundo E,12500000,MXN,"San Lucas Tepetlacalco, Tlalnepantla De Baz, San Lucas Tepetlacalco, Tlalnepantla De Baz, Estado De México",350 m² construidos,4 recámaras,4 baños,https://departamento.mercadolibre.com.mx/MLM-2771379233-hermoso-penthouse-entre-plaza-satelite-y-mundo-e-_JM,https://http2.mlstatic.com/D_NQ_NP_2X_999954-MLM108329725427_032026-E.webp,TLALNEPANTLA
Departamento En Venta En Tlalnepantla Centro,3725000,MXN,"Cerrada Vasconcelos, Tlalnepantla  Centro, Tlalnepantla De Baz, Estado De México",122 m² construidos,3 recámaras,2 baños,https://departamento.mercadolibre.com.mx/MLM-2778931039-departamento-en-venta-en-tlalnepantla-centro-_JM,https://http2.mlstatic.com/D_NQ_NP_2X_758206-MLM107759218536_032026-E.webp,TLALNEPANTLA
Departamento En Venta En Tlalnepantla,3925000,MXN,"Cerrada Vasconcelos, Tlalnepantla  Centro, Tlalnepantla De Baz, Estado De México",122 m² construidos,3 recámaras,2 baños,https://departamento.mercadolibre.com.mx/MLM-2778919923-departamento-en-venta-en-tlalnepantla-_JM,https://http2.mlstatic.com/D_NQ_NP_2X_898912-MLM107759219032_032026-E.webp,TLALNEPANTLA
Venta De Departamento,3299000,MXN,"Avenida México 15, Cumbres Del Valle, Tlalnepantla De Baz, Estado De México",110 m² construidos,3 recámaras,2 baños,https://departamento.mercadolibre.com.mx/MLM-5153543842-venta-de-departamento-_JM,https://http2.mlstatic.com/D_NQ_NP_2X_969826-MLM109321674894_042026-E.webp,TLALNEPANTLA
"Departamento Garden House En Venta, Natura",6900000,MXN,"Vista Hermosa Amp, Tlalnepantla De Baz, Estado De México",97 m² construidos,2 recámaras,2 baños,https://departamento.mercadolibre.com.mx/MLM-5527424646-departamento-garden-house-en-venta-natura-_JM,https://http2.mlstatic.com/D_NQ_NP_2X_615149-MLM112260859572_062026-E.webp,TLALNEPANTLA
"Penthouse En Venta En Residencial Natura, Vista Hermosa",12900000,MXN,"Vista Hermosa Amp, Tlalnepantla De Baz, Estado De México",145 m² construidos,3 recámaras,3 baños,https://departamento.mercadolibre.com.mx/MLM-5479429434-penthouse-en-venta-en-residencial-natura-vista-hermosa-_JM,https://http2.mlstatic.com/D_NQ_NP_2X_998075-MLM111875286810_062026-E.webp,TLALNEPANTLA
Departamento En Venta En El Mirador,3600000,MXN,"C. Del Deporte, El Mirador, Tlalnepantla De Baz, Estado De México",72 m² construidos,2 recámaras,2 baños,https://departamento.mercadolibre.com.mx/MLM-2872485265-departamento-en-venta-en-el-mirador-_JM,https://http2.mlstatic.com/D_NQ_NP_2X_849415-MLM110563888567_042026-E.webp,TLALNEPANTLA
Departamento En Venta,4900000,MXN,"La Loma, Parque Industrial La Loma, Tlalnepantla De Baz, Estado De México",227 m² construidos,3 recámaras,3 baños,https://departamento.mercadolibre.com.mx/MLM-2923130829-departamento-en-venta-_JM,https://http2.mlstatic.com/D_NQ_NP_2X_724865-MLM111541147061_052026-E.webp,TLALNEPANTLA
"Departamento En Venta, Fioré Tlalnepantla",3940000,MXN,"Centro Industrial Tlalnepantla, Tlalnepantla De Baz, Estado De México",98 m² construidos,3 recámaras,2 baños,https://departamento.mercadolibre.com.mx/MLM-2814539055-departamento-en-venta-fiore-tlalnepantla-_JM,https://http2.mlstatic.com/D_NQ_NP_2X_897847-MLM108573497462_032026-E.webp,TLALNEPANTLA
Departamento En Venta En Mundo E,5519796,MXN,"San Lucas Tepetlacalco, Tlalnepantla De Baz, Estado De México",115 m² construidos,2 recámaras,2 baños,https://departamento.mercadolibre.com.mx/MLM-3081300807-departamento-en-venta-en-mundo-e-_JM,https://http2.mlstatic.com/D_NQ_NP_2X_685428-MLM114129899719_072026-E.webp,TLALNEPANTLA
Hermoso Departamento Con Roof Garden Y Estacionamiento Unico,2900000,MXN,"C. Emiliano Zapata 212, MZ 014, San Jerónimo Tepetlacalco, Tlalnepantla, Bellavista Puente De Vigas, Tlalnepantla De Baz, Estado De México",60 m² construidos,2 recámaras,2 baños,https://departamento.mercadolibre.com.mx/MLM-3002504735-hermoso-departamento-con-roof-garden-y-estacionamiento-unico-_JM,https://http2.mlstatic.com/D_NQ_NP_2X_616515-MLM111965770174_062026-E.webp,TLALNEPANTLA
"Preventa De Departamentos En Puerta Norte, Tlalnepantla De Baz",2550000,MXN,"Las Arboledas, Tlalnepantla De Baz, Estado De México",41 m² construidos,2 recámaras,2 baños,https://departamento.mercadolibre.com.mx/MLM-3045833057-preventa-de-departamentos-en-puerta-norte-tlalnepantla-de-baz-_JM,https://http2.mlstatic.com/D_NQ_NP_2X_909986-MLM113730001607_062026-E.webp,TLALNEPANTLA
Venta Departamento Con Terraza Nuevo En Xocoyahualco,12150000,MXN,"Xocoyahualco, Tlalnepantla De Baz, Estado De México",182 m² construidos,3 recámaras,2 baños,https://departamento.mercadolibre.com.mx/MLM-5147729992-venta-departamento-con-terraza-nuevo-en-xocoyahualco-_JM,https://http2.mlstatic.com/D_NQ_NP_2X_909711-MLM113589317576_072026-E.webp,TLALNEPANTLA
Venta Departamentos  A 5 Min De Mundo E,4580000,MXN,"San Lucas Tepetlacalco, Tlalnepantla De Baz, Estado De México",98 m² construidos,2 recámaras,2 baños,https://departamento.mercadolibre.com.mx/MLM-2848197973-venta-departamentos-a-5-min-de-mundo-e-_JM,https://http2.mlstatic.com/D_NQ_NP_2X_869233-MLM114864384689_072026-E.webp,TLALNEPANTLA
Venta Departamento Con Terraza 56.60 Mts Nuevo En Xocoyahualco,9900000,MXN,"Xocoyahualco, Tlalnepantla De Baz, Estado De México",164 m² construidos,3 recámaras,2 baños,https://departamento.mercadolibre.com.mx/MLM-2848197849-venta-departamento-con-terraza-5660-mts-nuevo-en-xocoyahualco-_JM,https://http2.mlstatic.com/D_NQ_NP_2X_804218-MLM114864380209_072026-E.webp,TLALNEPANTLA
Departamento En Venta En Mundo E,4994906,MXN,"San Lucas Tepetlacalco, Tlalnepantla De Baz, Estado De México",106 m² construidos,2 recámaras,2 baños,https://departamento.mercadolibre.com.mx/MLM-3081313779-departamento-en-venta-en-mundo-e-_JM,https://http2.mlstatic.com/D_NQ_NP_2X_895586-MLM114129899559_072026-E.webp,TLALNEPANTLA
Venta Departamento 3 Recamaras Nuevo En Xocoyahualco,6600000,MXN,"Xocoyahualco, Tlalnepantla De Baz, Estado De México",100 m² construidos,3 recámaras,2 baños,https://departamento.mercadolibre.com.mx/MLM-5147729994-venta-departamento-3-recamaras-nuevo-en-xocoyahualco-_JM,https://http2.mlstatic.com/D_NQ_NP_2X_837593-MLM113589317714_072026-E.webp,TLALNEPANTLA
"Departamento En Venta En San Lucas Tepetlacalco $4,580,000.00",4580000,MXN,"San Lucas Tepetlacalco, Tlalnepantla De Baz, Estado De México",98 m² construidos,2 recámaras,2 baños,https://departamento.mercadolibre.com.mx/MLM-5770444376-departamento-en-venta-en-san-lucas-tepetlacalco-458000000-_JM,https://http2.mlstatic.com/D_NQ_NP_2X_718802-MLM113645467020_072026-E.webp,TLALNEPANTLA
Venta Departamento 2 Recamaras  Nuevo En Xocoyahualco,4700000,MXN,"Xocoyahualco, Tlalnepantla De Baz, Estado De México",72 m² construidos,2 recámaras,2 baños,https://departamento.mercadolibre.com.mx/MLM-5147813160-venta-departamento-2-recamaras-nuevo-en-xocoyahualco-_JM,https://http2.mlstatic.com/D_NQ_NP_2X_783686-MLM113589317748_072026-E.webp,TLALNEPANTLA
"Departamento En Venta En Tlanepantla De Baz En $2,800,000.00",2800000,MXN,"Tlalnepantla  Centro, Tlalnepantla De Baz, Estado De México",63 m² construidos,2 recámaras,2 baños,https://departamento.mercadolibre.com.mx/MLM-5715357124-departamento-en-venta-en-tlanepantla-de-baz-en-280000000-_JM,https://http2.mlstatic.com/D_NQ_NP_2X_670643-MLM114548223829_072026-E.webp,TLALNEPANTLA
Excelente Departamento En Venta En  Fashion Mall Carso,6800000,MXN,"Av Sor Juana Inés De La Cruz, San Lorenzo, Tlalnepantla, San Lorenzo, Tlalnepantla De Baz, Estado De México",177 m² construidos,3 recámaras,2 baños,https://departamento.mercadolibre.com.mx/MLM-5332629786-excelente-departamento-en-venta-en-fashion-mall-carso-_JM,https://http2.mlstatic.com/D_NQ_NP_2X_716956-MLM111609955489_052026-E.webp,TLALNEPANTLA
Departamento De Lujo En Tlalnepantla Centro,3300000,MXN,"Base De Tlalnepantla Av. Presidente Benito Juárez, Tlalnepantla Centro, 54000 Tlalnepantla, Méx., Mexico, Tlalnepantla  Centro, Tlalnepantla De Baz, Estado De México",88 m² construidos,2 recámaras,2 baños,https://departamento.mercadolibre.com.mx/MLM-2899399315-departamento-de-lujo-en-tlalnepantla-centro-_JM,https://http2.mlstatic.com/D_NQ_NP_2X_678812-MLM111047219619_042026-E.webp,TLALNEPANTLA
Departamento En Preventa Arboledas | Periferico Norte,5347000,MXN,"Perif. Blvd. Manuel Ávila Camacho 3204, Valle Dorado, 54020 Tlalnepantla, Méx., Mexico, Las Arboledas, Tlalnepantla De Baz, Estado De México",96 m² construidos,2 recámaras,2 baños,https://departamento.mercadolibre.com.mx/MLM-5758056414-departamento-en-preventa-arboledas-periferico-norte-_JM,https://http2.mlstatic.com/D_NQ_NP_2X_751025-MLM114850594959_072026-E.webp,TLALNEPANTLA
Departamento En Venta Arboledas,4235000,MXN,"Perif. Blvd. Manuel Ávila Camacho 3204, Valle Dorado, 54020 Tlalnepantla, Méx., Mexico, Las Arboledas, Tlalnepantla De Baz, Estado De México",70 m² construidos,2 recámaras,2 baños,https://departamento.mercadolibre.com.mx/MLM-3160669845-departamento-en-venta-arboledas-_JM,https://http2.mlstatic.com/D_NQ_NP_2X_640415-MLM113576280558_072026-E.webp,TLALNEPANTLA
Departamento En Venta En Tlalnepantla Centro 26-1965.,4547769,MXN,"Tlalnepantla De Baz, Tlalnepantla Centro, Tlalnepantla  Centro, Tlalnepantla De Baz, Estado De México",101 m² construidos,2 recámaras,2 baños,https://departamento.mercadolibre.com.mx/MLM-5896448682-departamento-en-venta-en-tlalnepantla-centro-26-1965-_JM,https://http2.mlstatic.com/D_NQ_NP_2X_627313-MLM114281347596_082026-E.webp,TLALNEPANTLA
"Departamento En Venta En Colinas De San Jose, Tlalnepantla De Baz Jl 26-2076.",2382165,MXN,"Tlalnepantla De Baz , Colinas De San Jose, Colinas De San Jose, Tlalnepantla De Baz, Estado De México",82 m² construidos,2 recámaras,2 baños,https://departamento.mercadolibre.com.mx/MLM-5863528418-departamento-en-venta-en-colinas-de-san-jose-tlalnepantla-de-baz-jl-26-2076-_JM,https://http2.mlstatic.com/D_NQ_NP_2X_609109-MLM115383163579_072026-E.webp,TLALNEPANTLA
"Departamento En  Venta Xocoyahualco, Tlalnepantla De Baz ¡game Room!",9099170,MXN,"Av. Del Cristo Al 100, Xocoyahualco, Tlalnepantla De Baz, Estado De México",131 m² de terreno,3 recámaras,1 baño,https://departamento.mercadolibre.com.mx/MLM-5892924916-departamento-en-venta-xocoyahualco-tlalnepantla-de-baz-game-room-_JM,https://http2.mlstatic.com/D_NQ_NP_2X_896042-MLM115589144423_082026-E.webp,TLALNEPANTLA
"Departamento En  Venta Xocoyahualco, Tlalnepantla De Baz ¡game Room!",9364401,MXN,"Av. Del Cristo Al 100, Xocoyahualco, Tlalnepantla De Baz, Estado De México",138 m² de terreno,3 recámaras,1 baño,https://departamento.mercadolibre.com.mx/MLM-3240760863-departamento-en-venta-xocoyahualco-tlalnepantla-de-baz-game-room-_JM,https://http2.mlstatic.com/D_NQ_NP_2X_859386-MLM115538246361_082026-E.webp,TLALNEPANTLA
"Departamento En  Venta Xocoyahualco, Tlalnepantla De Baz ¡game Room!",7231863,MXN,"Av. Del Cristo Al 100, Xocoyahualco, Tlalnepantla De Baz, Estado De México",104 m² de terreno,2 recámaras,1 baño,https://departamento.mercadolibre.com.mx/MLM-5893104544-departamento-en-venta-xocoyahualco-tlalnepantla-de-baz-game-room-_JM,https://http2.mlstatic.com/D_NQ_NP_2X_756469-MLM114254295562_082026-E.webp,TLALNEPANTLA
"Departamento En  Venta Xocoyahualco, Tlalnepantla De Baz ¡game Room!",10092025,MXN,"Av. Del Cristo Al 100, Xocoyahualco, Tlalnepantla De Baz, Estado De México",147 m² de terreno,3 recámaras,1 baño,https://departamento.mercadolibre.com.mx/MLM-3246193073-departamento-en-venta-xocoyahualco-tlalnepantla-de-baz-game-room-_JM,https://http2.mlstatic.com/D_NQ_NP_2X_761350-MLM115588864219_082026-E.webp,TLALNEPANTLA
"Departamento En  Venta Xocoyahualco, Tlalnepantla De Baz ¡game Room!",7051229,MXN,"Av. Del Cristo Al 100, Xocoyahualco, Tlalnepantla De Baz, Estado De México",103 m² de terreno,2 recámaras,1 baño,https://departamento.mercadolibre.com.mx/MLM-5885199338-departamento-en-venta-xocoyahualco-tlalnepantla-de-baz-game-room-_JM,https://http2.mlstatic.com/D_NQ_NP_2X_863753-MLM114205123188_082026-E.webp,TLALNEPANTLA
"Departamento En  Venta Xocoyahualco, Tlalnepantla De Baz ¡game Room!",9946738,MXN,"Av. Del Cristo Al 100, Xocoyahualco, Tlalnepantla De Baz, Estado De México",147 m² de terreno,3 recámaras,1 baño,https://departamento.mercadolibre.com.mx/MLM-3240757129-departamento-en-venta-xocoyahualco-tlalnepantla-de-baz-game-room-_JM,https://http2.mlstatic.com/D_NQ_NP_2X_765211-MLM115538023031_082026-E.webp,TLALNEPANTLA
"Departamento En  Venta Xocoyahualco, Tlalnepantla De Baz ¡game Room!",7084727,MXN,"Av. Del Cristo Al 100, Xocoyahualco, Tlalnepantla De Baz, Estado De México",105 m² de terreno,2 recámaras,1 baño,https://departamento.mercadolibre.com.mx/MLM-3240733469-departamento-en-venta-xocoyahualco-tlalnepantla-de-baz-game-room-_JM,https://http2.mlstatic.com/D_NQ_NP_2X_927419-MLM114204452768_082026-E.webp,TLALNEPANTLA
"Penthouse En Venta En Natura, Ampliación Vista Hermosa, Tlalnepantla De Baz",12000000,MXN,"Vista Hermosa Amp, Tlalnepantla De Baz, Estado De México",274 m² construidos,3 recámaras,3 baños,https://departamento.mercadolibre.com.mx/MLM-5885798204-penthouse-en-venta-en-natura-ampliacion-vista-hermosa-tlalnepantla-de-baz-_JM,https://http2.mlstatic.com/D_NQ_NP_2X_697834-MLM115542572347_082026-E.webp,TLALNEPANTLA
Venta Departamento 3 Ambientes Xocoyahualco,5750000,MXN,"Av. Del Cristo, 127, Xocoyahualco, Tlalnepantla De Baz, Estado De México",133 m² construidos,3 recámaras,2 baños,https://departamento.mercadolibre.com.mx/MLM-5884688884-venta-departamento-3-ambientes-xocoyahualco-_JM,https://http2.mlstatic.com/D_NQ_NP_2X_906852-MLM115537407733_082026-E.webp,TLALNEPANTLA
"Departamento En  Venta, San Lucas Tepetlacalco",4580000,MXN,"Calle S/N, San Lucas Tepetlacalco, Tlalnepantla De Baz, Estado De México",98 m² construidos,2 recámaras,2 baños,https://departamento.mercadolibre.com.mx/MLM-3240050675-departamento-en-venta-san-lucas-tepetlacalco-_JM,https://http2.mlstatic.com/D_NQ_NP_2X_699279-MLM115529839479_082026-E.webp,TLALNEPANTLA
"Departamento En Tlalnepantla De Baz, Edo De Mexico",1500000,MXN,"Valle Del Tenayo, Tlalnepantla De Baz, Estado De México",56 m² construidos,2 recámaras,1 baño,https://departamento.mercadolibre.com.mx/MLM-2748626053-departamento-en-tlalnepantla-de-baz-edo-de-mexico-_JM,https://http2.mlstatic.com/D_NQ_NP_2X_866411-MLM106843119340_022026-E.webp,TLALNEPANTLA
"Departamento En Venta, Tlalnepantla",2250000,MXN,"Viveros Del Valle, Tlalnepantla De Baz, Estado De México",65 m² construidos,2 recámaras,1 baño,https://departamento.mercadolibre.com.mx/MLM-5186940108-departamento-en-venta-tlalnepantla-_JM,https://http2.mlstatic.com/D_NQ_NP_2X_826763-MLM110435832589_042026-E.webp,TLALNEPANTLA
"Departamento En Venta En Tlalnepantla De Baz, Tlalnepantla Centro Rt 26-1965.",3876000,MXN,"Tlalnepantla De Baz ,tlalnepantla Centro, Tlalnepantla  Centro, Tlalnepantla De Baz, Estado De México",101 m² construidos,2 recámaras,2 baños,https://departamento.mercadolibre.com.mx/MLM-5807940782-departamento-en-venta-en-tlalnepantla-de-baz-tlalnepantla-centro-rt-26-1965-_JM,https://http2.mlstatic.com/D_NQ_NP_2X_658682-MLM115130411501_072026-E.webp,TLALNEPANTLA
"Departamento En Venta En Tlalnepantla De Baz, Colinas De San Jose Rt 26-2076.",2382165,MXN,"Tlalnepantla De Baz ,colinas De San Jose, Colinas De San Jose, Tlalnepantla De Baz, Estado De México",82 m² construidos,2 recámaras,2 baños,https://departamento.mercadolibre.com.mx/MLM-3191776205-departamento-en-venta-en-tlalnepantla-de-baz-colinas-de-san-jose-rt-26-2076-_JM,https://http2.mlstatic.com/D_NQ_NP_2X_944588-MLM115130353153_072026-E.webp,TLALNEPANTLA
"Departamento En Venta En Tlalnepantla Centro, Tlalnepantla De Baz 26-1965 Jas",3876000,MXN,"Departamento En Venta En Tlalnepantla Centro, Tlalnepantla De Baz 26-1965 MM, Tlalnepantla  Centro, Tlalnepantla De Baz, Estado De México",101 m² construidos,2 recámaras,2 baños,https://departamento.mercadolibre.com.mx/MLM-5475264202-departamento-en-venta-en-tlalnepantla-centro-tlalnepantla-de-baz-26-1965-jas-_JM,https://http2.mlstatic.com/D_NQ_NP_2X_697250-MLM112957843979_062026-E.webp,TLALNEPANTLA
Departamento En  Venta Satelite ¡vida Y Emocion!,4055399,MXN,"Av. Del Cristo Al 100, Xocoyahualco, Tlalnepantla De Baz, Estado De México",61 m² de terreno,1 recámara,2 baños,https://departamento.mercadolibre.com.mx/MLM-3215991499-departamento-en-venta-satelite-vida-y-emocion-_JM,https://http2.mlstatic.com/D_NQ_NP_2X_814313-MLM115311341783_072026-E.webp,TLALNEPANTLA
Departamento En  Venta Satelite ¡vida Y Emocion!,10230761,MXN,"Av. Del Cristo Al 100, Xocoyahualco, Tlalnepantla De Baz, Estado De México",156 m² de terreno,3 recámaras,2 baños,https://departamento.mercadolibre.com.mx/MLM-3193414799-departamento-en-venta-satelite-vida-y-emocion-_JM,https://http2.mlstatic.com/D_NQ_NP_2X_888245-MLM113843115558_072026-E.webp,TLALNEPANTLA
"Departamento En Venta En Lomas Boulevares, Tlalnepantla, Edo. Méx",3300000,MXN,"Av. Gran Plaza, Lomas Boulevares, Tlalnepantla De Baz, Estado De México",152 m² construidos,2 recámaras,1 baño,https://departamento.mercadolibre.com.mx/MLM-5394482998-departamento-en-venta-en-lomas-boulevares-tlalnepantla-edo-mex-_JM,https://http2.mlstatic.com/D_NQ_NP_2X_815798-MLM111400865156_052026-E.webp,TLALNEPANTLA
"Departamento En Venta Xocoyahualco, Tlalnepantla De Baz  ¡perfectamente Conectado!",4017828,MXN,"Av. Del Cristo Al 100, Xocoyahualco, Tlalnepantla De Baz, Estado De México",61 m² de terreno,1 recámara,2 baños,https://departamento.mercadolibre.com.mx/MLM-5810632294-departamento-en-venta-xocoyahualco-tlalnepantla-de-baz-perfectamente-conectado-_JM,https://http2.mlstatic.com/D_NQ_NP_2X_836182-MLM115143265973_072026-E.webp,TLALNEPANTLA
"Departamento En  Venta Xocoyahualco, Tlalnepantla De Baz ¡game Room!",8114065,MXN,"Av. Del Cristo Al 100, Xocoyahualco, Tlalnepantla De Baz, Estado De México",121 m² de terreno,2 recámaras,1 baño,https://departamento.mercadolibre.com.mx/MLM-5845640342-departamento-en-venta-xocoyahualco-tlalnepantla-de-baz-game-room-_JM,https://http2.mlstatic.com/D_NQ_NP_2X_660788-MLM113995890718_072026-E.webp,TLALNEPANTLA
"Departamento En  Venta Xocoyahualco, Tlalnepantla De Baz  ¡ventilación Natural!",9600670,MXN,"Av. Del Cristo Al 100, Xocoyahualco, Tlalnepantla De Baz, Estado De México",147 m² de terreno,3 recámaras,1 baño,https://departamento.mercadolibre.com.mx/MLM-3193415279-departamento-en-venta-xocoyahualco-tlalnepantla-de-baz-ventilacion-natural-_JM,https://http2.mlstatic.com/D_NQ_NP_2X_964275-MLM113843105676_072026-E.webp,TLALNEPANTLA
"Departamento En  Venta Xocoyahualco, Tlalnepantla De Baz ¡game Room!",9035128,MXN,"Av. Del Cristo Al 100, Xocoyahualco, Tlalnepantla De Baz, Estado De México",138 m² de terreno,3 recámaras,1 baño,https://departamento.mercadolibre.com.mx/MLM-5810631928-departamento-en-venta-xocoyahualco-tlalnepantla-de-baz-game-room-_JM,https://http2.mlstatic.com/D_NQ_NP_2X_717584-MLM113843073268_072026-E.webp,TLALNEPANTLA
"Departamento En Venta En Vista Hermosa, Tlalnepntla De Baz",3800000,MXN,"Vista Hermosa Amp, Tlalnepantla De Baz, Estado De México",70 m² construidos,2 recámaras,2 baños,https://departamento.mercadolibre.com.mx/MLM-5594244134-departamento-en-venta-en-vista-hermosa-tlalnepntla-de-baz-_JM,https://http2.mlstatic.com/D_NQ_NP_2X_982628-MLM114604950327_072026-E.webp,TLALNEPANTLA
Departamento En  Venta Satelite ¡innovacion Y Excelencia!,9346676,MXN,"Av. Del Cristo Al 100, Xocoyahualco, Tlalnepantla De Baz, Estado De México",144 m² de terreno,3 recámaras,1 baño,https://departamento.mercadolibre.com.mx/MLM-3193415215-departamento-en-venta-satelite-innovacion-y-excelencia-_JM,https://http2.mlstatic.com/D_NQ_NP_2X_815757-MLM113843103678_072026-E.webp,TLALNEPANTLA
Departamento En  Venta Satelite ¡innovacion Y Excelencia!,8009600,MXN,"Av. Del Cristo Al 100, Xocoyahualco, Tlalnepantla De Baz, Estado De México",121 m² de terreno,2 recámaras,1 baño,https://departamento.mercadolibre.com.mx/MLM-3215989623-departamento-en-venta-satelite-innovacion-y-excelencia-_JM,https://http2.mlstatic.com/D_NQ_NP_2X_985718-MLM113995216874_072026-E.webp,TLALNEPANTLA
"Departamento En Excelente Estado, Vigilancia.",2050000,MXN,"San Andrés Atenco, Tlalnepantla De Baz, Estado De México",70 m² construidos,2 recámaras,1 baño,https://departamento.mercadolibre.com.mx/MLM-2929364487-departamento-en-excelente-estado-vigilancia-_JM,https://http2.mlstatic.com/D_NQ_NP_2X_761633-MLM110695742740_052026-E.webp,TLALNEPANTLA
Departamento Nuevo 2 Recámaras,3195000,MXN,"San Andrés Atenco, Tlalnepantla De Baz, Estado De México",77 m² construidos,2 recámaras,2 baños,https://departamento.mercadolibre.com.mx/MLM-2706746361-departamento-nuevo-2-recamaras-_JM,https://http2.mlstatic.com/D_NQ_NP_2X_630911-MLM105635207411_012026-E.webp,TLALNEPANTLA
"Departamento En Venta Valle De Ceylan, Tlalnepantla De Baz",2990000,MXN,"Ampliación Valle Ceylán, Tlalnepantla De Baz, Estado De México",84 m² construidos,2 recámaras,2 baños,https://departamento.mercadolibre.com.mx/MLM-2886461567-departamento-en-venta-valle-de-ceylan-tlalnepantla-de-baz-_JM,https://http2.mlstatic.com/D_NQ_NP_2X_688912-MLM110810620673_042026-E.webp,TLALNEPANTLA
"Departamento De 2 Niveles En Venta, Id Vertical Satelite, Tlalnepantla",5150000,MXN,"San Lucas Tepetlacalco, Tlalnepantla De Baz, Estado De México",124 m² construidos,2 recámaras,2 baños,https://departamento.mercadolibre.com.mx/MLM-5058125914-departamento-de-2-niveles-en-venta-id-vertical-satelite-tlalnepantla-_JM,https://http2.mlstatic.com/D_NQ_NP_2X_847926-MLM110334183839_042026-E.webp,TLALNEPANTLA
"Departamento En Venta Con Seguridad En Tlalnepantla Centro, Tlalnepantla De Baz",3980000,MXN,"Tlalnepantla  Centro, Tlalnepantla De Baz, Estado De México",102 m² construidos,2 recámaras,2 baños,https://departamento.mercadolibre.com.mx/MLM-3058227195-departamento-en-venta-con-seguridad-en-tlalnepantla-centro-tlalnepantla-de-baz-_JM,https://http2.mlstatic.com/D_NQ_NP_2X_891334-MLM114605035761_072026-E.webp,TLALNEPANTLA
Departamento En Venta En Viveros Del Valle Tlalnepantla,2250000,MXN,"Viveros Del Valle, Tlalnepantla De Baz, Estado De México",65 m² construidos,2 recámaras,1 baño,https://departamento.mercadolibre.com.mx/MLM-5237723698-departamento-en-venta-en-viveros-del-valle-tlalnepantla-_JM,https://http2.mlstatic.com/D_NQ_NP_2X_795145-MLM110825915479_042026-E.webp,TLALNEPANTLA
"Departamento En Venta En Cumbres Del Valle, Tlalnepantla, Mex.",2985000,MXN,"Av. México 34, Viv. 1, Cumbres Del Valle, Tlalnepantla De Baz, Estado De México",114 m² construidos,3 recámaras,2 baños,https://departamento.mercadolibre.com.mx/MLM-2798125783-departamento-en-venta-en-cumbres-del-valle-tlalnepantla-mex-_JM,https://http2.mlstatic.com/D_NQ_NP_2X_907845-MLM108186271806_032026-E.webp,TLALNEPANTLA
"Departamento En Venta Con Seguridad En San Lucas Tepetlacalco, Tlalnepantla",9220000,MXN,"San Lucas Tepetlacalco, Tlalnepantla De Baz, Estado De México",165 m² construidos,3 recámaras,2 baños,https://departamento.mercadolibre.com.mx/MLM-3058414681-departamento-en-venta-con-seguridad-en-san-lucas-tepetlacalco-tlalnepantla-_JM,https://http2.mlstatic.com/D_NQ_NP_2X_677161-MLM114605034803_072026-E.webp,TLALNEPANTLA
"Departamentos Semi Nuevos En Venta, Tlalnepantla Centro, Vigilancia.",3599000,MXN,"Tlalnepantla  Centro, Tlalnepantla De Baz, Estado De México",110 m² construidos,2 recámaras,2 baños,https://departamento.mercadolibre.com.mx/MLM-2988176381-departamentos-semi-nuevos-en-venta-tlalnepantla-centro-vigilancia-_JM,https://http2.mlstatic.com/D_NQ_NP_2X_610101-MLM86850009127_062025-E.webp,TLALNEPANTLA
Pent-house Nuevo En Venta Con Seguridad En Tlalnepantla,4990000,MXN,"Tlalnepantla  Centro, Tlalnepantla De Baz, Estado De México",140 m² construidos,2 recámaras,2 baños,https://departamento.mercadolibre.com.mx/MLM-3058414703-pent-house-nuevo-en-venta-con-seguridad-en-tlalnepantla-_JM,https://http2.mlstatic.com/D_NQ_NP_2X_983507-MLM114604984079_072026-E.webp,TLALNEPANTLA
Departamento Colinas De San Jose,2598725,MXN,"Colinas De San Jose, Tlalnepantla De Baz, Estado De México",82 m² construidos,2 recámaras,2 baños,https://departamento.mercadolibre.com.mx/MLM-5641644962-departamento-colinas-de-san-jose-_JM,https://http2.mlstatic.com/D_NQ_NP_2X_705341-MLM104794774443_012026-E.webp,TLALNEPANTLA
"Departamento Con Terraza En Residencial Carso, Tlalnepantla .",6500000,MXN,"San Lorenzo, Tlalnepantla De Baz, Estado De México",112 m² construidos,3 recámaras,2 baños,https://departamento.mercadolibre.com.mx/MLM-5450298620-departamento-con-terraza-en-residencial-carso-tlalnepantla--_JM,https://http2.mlstatic.com/D_NQ_NP_2X_654472-MLM111623863876_062026-E.webp,TLALNEPANTLA
"Departamento En Venta Con Seguridad En San Lucas Tepetlacalco, Tlalnepantla",9475000,MXN,"San Lucas Tepetlacalco, Tlalnepantla De Baz, Estado De México",166 m² construidos,3 recámaras,2 baños,https://departamento.mercadolibre.com.mx/MLM-3058414743-departamento-en-venta-con-seguridad-en-san-lucas-tepetlacalco-tlalnepantla-_JM,https://http2.mlstatic.com/D_NQ_NP_2X_773201-MLM113356274704_072026-E.webp,TLALNEPANTLA
"Departamento De 2 Niveles En Venta, Id Vertical Satelite, Tlalnepantla",5150000,MXN,"San Lucas Tepetlacalco, Tlalnepantla De Baz, Estado De México",124 m² construidos,2 recámaras,2 baños,https://departamento.mercadolibre.com.mx/MLM-3208249959-departamento-de-2-niveles-en-venta-id-vertical-satelite-tlalnepantla-_JM,https://http2.mlstatic.com/D_NQ_NP_2X_975998-MLM113945456542_072026-E.webp,TLALNEPANTLA
"Departamento De 106 M² | 3 Recámaras, 2 Estacionamientos, Elevador, Tlalnepantla",3580000,MXN,"Chalco 8, Tlalnemex, Tlalnepantla De Baz, Estado De México",106 m² construidos,3 recámaras,1 baño,https://departamento.mercadolibre.com.mx/MLM-5745997416-departamento-de-106-m-3-recamaras-2-estacionamientos-elevador-tlalnepantla-_JM,https://http2.mlstatic.com/D_NQ_NP_2X_646587-MLM114774219689_072026-E.webp,TLALNEPANTLA
"Penthouse En Venta En Reserva Del Roble, San Andrés Atenco, Tlalnepantla, Mex.",8300000,MXN,"Cumbres De Acultzingo 194, Torre Encina, P.H. A-1301, San Andrés Atenco, Tlalnepantla De Baz, Estado De México",240 m² construidos,3 recámaras,4 baños,https://departamento.mercadolibre.com.mx/MLM-3207288975-penthouse-en-venta-en-reserva-del-roble-san-andres-atenco-tlalnepantla-mex-_JM,https://http2.mlstatic.com/D_NQ_NP_2X_883185-MLM115248470999_072026-E.webp,TLALNEPANTLA
"Departamento En Venta Con Seguridad En San Lucas Tepetlacalco, Tlalnepantla",9594000,MXN,"San Lucas Tepetlacalco, Tlalnepantla De Baz, Estado De México",165 m² construidos,3 recámaras,2 baños,https://departamento.mercadolibre.com.mx/MLM-5723253158-departamento-en-venta-con-seguridad-en-san-lucas-tepetlacalco-tlalnepantla-_JM,https://http2.mlstatic.com/D_NQ_NP_2X_729893-MLM113356414574_072026-E.webp,TLALNEPANTLA
Departamento Nuevo 3 Recámaras,3890000,MXN,"San Andrés Atenco, Tlalnepantla De Baz, Estado De México",93 m² construidos,3 recámaras,2 baños,https://departamento.mercadolibre.com.mx/MLM-2698924787-departamento-nuevo-3-recamaras-_JM,https://http2.mlstatic.com/D_NQ_NP_2X_922922-MLM104735421892_012026-E.webp,TLALNEPANTLA
Departamento En Venta En San José Puente De Vigas,4100000,MXN,"DEPARTAMENTO EN VENTA COLONIA SAN JOSÉ PUENTE DE VIGAS EDOMEX S/N, San José Puente De Vigas, Tlalnepantla De Baz, Estado De México",110 m² construidos,2 recámaras,2 baños,https://departamento.mercadolibre.com.mx/MLM-2745045327-departamento-en-venta-en-san-jose-puente-de-vigas-_JM,https://http2.mlstatic.com/D_NQ_NP_2X_848756-MLM107375597619_022026-E.webp,TLALNEPANTLA
Venta Departamento San Lucas Tepetlacalco Tlanepantla De Baz,9476000,MXN,"San Lucas Tepetlacalco, Tlalnepantla De Baz, Estado De México",216 m² construidos,3 recámaras,2 baños,https://departamento.mercadolibre.com.mx/MLM-4873957706-venta-departamento-san-lucas-tepetlacalco-tlanepantla-de-baz-_JM,https://http2.mlstatic.com/D_NQ_NP_2X_798285-MLM92510502625_092025-E.webp,TLALNEPANTLA
Departamento En Pre Venta  Cerca De Satélite,6800000,MXN,"Av Del Cristo, Xocoyahualco, Tlalnepantla De Baz, Estado De México",119 m² construidos,3 recámaras,2 baños,https://departamento.mercadolibre.com.mx/MLM-3215289295-departamento-en-pre-venta-cerca-de-satelite-_JM,https://http2.mlstatic.com/D_NQ_NP_2X_924990-MLM113988028556_072026-E.webp,TLALNEPANTLA
Nuevos Departamentos En Venta En Tlalnepantla,4300000,MXN,"Calle Benito Juárez, San Lucas Tepetlacalco Amp, Tlalnepantla De Baz, Estado De México",98 m² construidos,2 recámaras,1 baño,https://departamento.mercadolibre.com.mx/MLM-5187283670-nuevos-departamentos-en-venta-en-tlalnepantla-_JM,https://http2.mlstatic.com/D_NQ_NP_2X_877515-MLM114011312629_072026-E.webp,TLALNEPANTLA
"Departamento En Venta En Xocoyahualco, Tlalnepantla De Baz Cr 27-173.",5000000,MXN,"Tlalnepantla De Baz ,xocoyahualco, Xocoyahualco, Tlalnepantla De Baz, Estado De México",74 m² construidos,2 recámaras,2 baños,https://departamento.mercadolibre.com.mx/MLM-3200904901-departamento-en-venta-en-xocoyahualco-tlalnepantla-de-baz-cr-27-173-_JM,https://http2.mlstatic.com/D_NQ_NP_2X_648549-MLM113892350880_072026-E.webp,TLALNEPANTLA
Venta Departamento San Lucas Tepetlacalco Tlanepantla,6200000,MXN,"San Lucas Tepetlacalco, Tlalnepantla De Baz, Estado De México",127 m² construidos,2 recámaras,2 baños,https://departamento.mercadolibre.com.mx/MLM-4874061188-venta-departamento-san-lucas-tepetlacalco-tlanepantla-_JM,https://http2.mlstatic.com/D_NQ_NP_2X_619995-MLM92105208884_092025-E.webp,TLALNEPANTLA
Venta Departamentos Valle Dorado T-df0161-0162,3200000,MXN,"TEMAMATLA, Valle Dorado, Tlalnepantla De Baz, Estado De México",105 m² construidos,3 recámaras,2 baños,https://departamento.mercadolibre.com.mx/MLM-2968046061-venta-departamentos-valle-dorado-t-df0161-0162-_JM,https://http2.mlstatic.com/D_NQ_NP_2X_715123-MLM112464490375_052026-E.webp,TLALNEPANTLA
"Departamento En Venta Residencial Natura, Ampliación Vista Hermosa Tlalnepantla",7000000,MXN,"Vista Hermosa Amp, Tlalnepantla De Baz, Estado De México",175 m² construidos,2 recámaras,2 baños,https://departamento.mercadolibre.com.mx/MLM-3183260173-departamento-en-venta-residencial-natura-ampliacion-vista-hermosa-tlalnepantla-_JM,https://http2.mlstatic.com/D_NQ_NP_2X_712677-MLM115029283215_072026-E.webp,TLALNEPANTLA
Departamento En Venta San Lucas Tepetlacalco Ao439,6200000,MXN,"San Lucas Tepetlacalco, Tlalnepantla De Baz, Estado De México",122 m² construidos,2 recámaras,2 baños,https://departamento.mercadolibre.com.mx/MLM-2932127497-departamento-en-venta-san-lucas-tepetlacalco-ao439-_JM,https://http2.mlstatic.com/D_NQ_NP_2X_697923-MLM110745172972_052026-E.webp,TLALNEPANTLA
"Departamento En Venta Barrientos Gustavo Baz, Tlalnepantla De Baz",3200000,MXN,"Barrientos Gustavo Baz, Tlalnepantla De Baz, Estado De México",70 m² construidos,3 recámaras,2 baños,https://departamento.mercadolibre.com.mx/MLM-3193798139-departamento-en-venta-barrientos-gustavo-baz-tlalnepantla-de-baz-_JM,https://http2.mlstatic.com/D_NQ_NP_2X_681613-MLM106512662277_022026-E.webp,TLALNEPANTLA
"Departamento En Venta Con Seguridad En San Lucas Tepetlacalco, Tlalnepantla",9205000,MXN,"San Lucas Tepetlacalco, Tlalnepantla De Baz, Estado De México",166 m² construidos,3 recámaras,2 baños,https://departamento.mercadolibre.com.mx/MLM-3058414661-departamento-en-venta-con-seguridad-en-san-lucas-tepetlacalco-tlalnepantla-_JM,https://http2.mlstatic.com/D_NQ_NP_2X_949916-MLM114605034869_072026-E.webp,TLALNEPANTLA
"Departamento En San Andres Atenco, Tlalnepantla De Baz",4000000,MXN,"San Andrés Atenco, Tlalnepantla De Baz, Estado De México",125 m² construidos,2 recámaras,2 baños,https://departamento.mercadolibre.com.mx/MLM-5454949642-departamento-en-san-andres-atenco-tlalnepantla-de-baz-_JM,https://http2.mlstatic.com/D_NQ_NP_2X_884880-MLM113356266814_072026-E.webp,TLALNEPANTLA
"Departamento En Venta En Colonia San Lucas Tepetlacalco, Tlalnepantla De Baz, Estado De México",4300000,MXN,"San Lucas S/n, San Lucas Tepetlacalco, Tlalnepantla De Baz, Estado De México",98 m² construidos,2 recámaras,2 baños,https://departamento.mercadolibre.com.mx/MLM-3202089055-departamento-en-venta-en-colonia-san-lucas-tepetlacalco-tlalnepantla-de-baz-estado-de-mexico-_JM,https://http2.mlstatic.com/D_NQ_NP_2X_617771-MLM115210543037_072026-E.webp,TLALNEPANTLA
"Departamento En Venta En San Lucas Tepetlacalco, Tlalnepantla De Baz",4500000,MXN,"San Lucas Tepetlacalco, Tlalnepantla De Baz, Estado De México",98 m² construidos,2 recámaras,2 baños,https://departamento.mercadolibre.com.mx/MLM-5717678010-departamento-en-venta-en-san-lucas-tepetlacalco-tlalnepantla-de-baz-_JM,https://http2.mlstatic.com/D_NQ_NP_2X_837602-MLM113320754992_072026-E.webp,TLALNEPANTLA
"Departamento En Venta En Colonia Tlalnepantla  Centro, Tlalnepantla De Baz, Estado De México",2898172,MXN,"Sor Juana Inés De La Cruz S/n, Tlalnepantla  Centro, Tlalnepantla De Baz, Estado De México",42 m² construidos,1 recámara,1 baño,https://departamento.mercadolibre.com.mx/MLM-3202088047-departamento-en-venta-en-colonia-tlalnepantla-centro-tlalnepantla-de-baz-estado-de-mexico-_JM,https://http2.mlstatic.com/D_NQ_NP_2X_703045-MLM113904343662_072026-E.webp,TLALNEPANTLA
"Departamento En Venta Con Seguridad En San Lucas Tepetlacalco, Tlalnepantla",9565000,MXN,"San Lucas Tepetlacalco, Tlalnepantla De Baz, Estado De México",161 m² construidos,3 recámaras,2 baños,https://departamento.mercadolibre.com.mx/MLM-5594244136-departamento-en-venta-con-seguridad-en-san-lucas-tepetlacalco-tlalnepantla-_JM,https://http2.mlstatic.com/D_NQ_NP_2X_708806-MLM113356274650_072026-E.webp,TLALNEPANTLA
"Departamento En Venta Con Seguridad En San Lucas Tepetlacalco, Tlalnepantla",7574000,MXN,"San Lucas Tepetlacalco, Tlalnepantla De Baz, Estado De México",138 m² construidos,2 recámaras,2 baños,https://departamento.mercadolibre.com.mx/MLM-3058227173-departamento-en-venta-con-seguridad-en-san-lucas-tepetlacalco-tlalnepantla-_JM,https://http2.mlstatic.com/D_NQ_NP_2X_637600-MLM114604955529_072026-E.webp,TLALNEPANTLA
"Departamento En Venta Con Seguridad En San Lucas Tepetlacalco, Tlalnepantla",7014000,MXN,"San Lucas Tepetlacalco, Tlalnepantla De Baz, Estado De México",138 m² construidos,2 recámaras,2 baños,https://departamento.mercadolibre.com.mx/MLM-3058401605-departamento-en-venta-con-seguridad-en-san-lucas-tepetlacalco-tlalnepantla-_JM,https://http2.mlstatic.com/D_NQ_NP_2X_937550-MLM114604983139_072026-E.webp,TLALNEPANTLA
"Departamento En Venta Con Seguridad En San Lucas Tepetlacalco, Tlalnepantla",8248000,MXN,"San Lucas Tepetlacalco, Tlalnepantla De Baz, Estado De México",105 m² construidos,2 recámaras,2 baños,https://departamento.mercadolibre.com.mx/MLM-3058227147-departamento-en-venta-con-seguridad-en-san-lucas-tepetlacalco-tlalnepantla-_JM,https://http2.mlstatic.com/D_NQ_NP_2X_659874-MLM114604955395_072026-E.webp,TLALNEPANTLA
"Dhv Penthouse En Venta En San Lucas Tepetlacalco, Tlalnepantla",5200000,MXN,"San Lucas Tepetlacalco, Tlalnepantla De Baz, Estado De México",176 m² construidos,3 recámaras,3 baños,https://departamento.mercadolibre.com.mx/MLM-3167039179-dhv-penthouse-en-venta-en-san-lucas-tepetlacalco-tlalnepantla-_JM,https://http2.mlstatic.com/D_NQ_NP_2X_757623-MLM113630437922_072026-E.webp,TLALNEPANTLA
"Departamento En Venta Con Seguridad En San Lucas Tepetlacalco, Tlalnepantla",8443000,MXN,"San Lucas Tepetlacalco, Tlalnepantla De Baz, Estado De México",139 m² construidos,2 recámaras,2 baños,https://departamento.mercadolibre.com.mx/MLM-3058227161-departamento-en-venta-con-seguridad-en-san-lucas-tepetlacalco-tlalnepantla-_JM,https://http2.mlstatic.com/D_NQ_NP_2X_832547-MLM114604955589_072026-E.webp,TLALNEPANTLA
"Departamento En Venta Con Seguridad En San Lucas Tepetlacalco, Tlalnepantla",8858000,MXN,"San Lucas Tepetlacalco, Tlalnepantla De Baz, Estado De México",172 m² construidos,3 recámaras,2 baños,https://departamento.mercadolibre.com.mx/MLM-3058414687-departamento-en-venta-con-seguridad-en-san-lucas-tepetlacalco-tlalnepantla-_JM,https://http2.mlstatic.com/D_NQ_NP_2X_889960-MLM114604983183_072026-E.webp,TLALNEPANTLA
Departamento En Venta En San José Puente De Vigas,4200000,MXN,"Av De Las Armas Nte, San José Puente De Vigas, Tlalnepantla De Baz, Estado De México",98 m² construidos,3 recámaras,2 baños,https://departamento.mercadolibre.com.mx/MLM-3215262359-departamento-en-venta-en-san-jose-puente-de-vigas-_JM,https://http2.mlstatic.com/D_NQ_NP_2X_898955-MLM113987591936_072026-E.webp,TLALNEPANTLA
"Departamento En Venta Con Seguridad En San Lucas Tepetlacalco, Tlalnepantla",9044000,MXN,"San Lucas Tepetlacalco, Tlalnepantla De Baz, Estado De México",172 m² construidos,3 recámaras,2 baños,https://departamento.mercadolibre.com.mx/MLM-3058414673-departamento-en-venta-con-seguridad-en-san-lucas-tepetlacalco-tlalnepantla-_JM,https://http2.mlstatic.com/D_NQ_NP_2X_641707-MLM114604983079_072026-E.webp,TLALNEPANTLA
"Departamento En Venta Con Seguridad En San Lucas Tepetlacalco, Tlalnepantla",7240000,MXN,"San Lucas Tepetlacalco, Tlalnepantla De Baz, Estado De México",118 m² construidos,2 recámaras,2 baños,https://departamento.mercadolibre.com.mx/MLM-3058227095-departamento-en-venta-con-seguridad-en-san-lucas-tepetlacalco-tlalnepantla-_JM,https://http2.mlstatic.com/D_NQ_NP_2X_771524-MLM114605035229_072026-E.webp,TLALNEPANTLA
Bcl Departamento En Venta Cumbres Del Valle Tlalnepantla De Baz,3190000,MXN,"Cumbres Del Valle, Tlalnepantla De Baz, Estado De México",83 m² construidos,3 recámaras,2 baños,https://departamento.mercadolibre.com.mx/MLM-3167019575-bcl-departamento-en-venta-cumbres-del-valle-tlalnepantla-de-baz-_JM,https://http2.mlstatic.com/D_NQ_NP_2X_635724-MLM114909763265_072026-E.webp,TLALNEPANTLA
Departamentos En Venta Tlanepantla,5500000,MXN,"16 De Septiembre S/N, San Lucas Tepetlacalco, Tlalnepantla De Baz, Estado De México",102 m² construidos,3 recámaras,2 baños,https://departamento.mercadolibre.com.mx/MLM-5780323852-departamentos-en-venta-tlanepantla-_JM,https://http2.mlstatic.com/D_NQ_NP_2X_933807-MLM113686902252_072026-E.webp,TLALNEPANTLA
"Departamento En Venta En Colonia San Lucas Tepetlacalco, Tlalnepantla De Baz, Estado De México",3840714,MXN,"Francisco I Madero S/n, San Lucas Tepetlacalco, Tlalnepantla De Baz, Estado De México",82 m² construidos,2 recámaras,2 baños,https://departamento.mercadolibre.com.mx/MLM-2937323713-departamento-en-venta-en-colonia-san-lucas-tepetlacalco-tlalnepantla-de-baz-estado-de-mexico-_JM,https://http2.mlstatic.com/D_NQ_NP_2X_710139-MLM111810548237_052026-E.webp,TLALNEPANTLA
Venta De Departamento San Lucas,4500000,MXN,"San Lucas Tepetlacalco, Tlalnepantla De Baz, Estado De México",98 m² construidos,2 recámaras,2 baños,https://departamento.mercadolibre.com.mx/MLM-2845716523-venta-de-departamento-san-lucas-_JM,https://http2.mlstatic.com/D_NQ_NP_2X_841216-MLM110083902021_042026-E.webp,TLALNEPANTLA
Venta Departamento Las Armas En Tlanepantla De Baz Ao509,3990000,MXN,"Las Armas, Tlalnepantla De Baz, Estado De México",99 m² construidos,2 recámaras,1 baño,https://departamento.mercadolibre.com.mx/MLM-4948211828-venta-departamento-las-armas-en-tlanepantla-de-baz-ao509-_JM,https://http2.mlstatic.com/D_NQ_NP_2X_976399-MLM113742667122_072026-E.webp,TLALNEPANTLA
"Departamento En Venta En Colonia Natura, Tlalnepantla De Baz, Estado De México",4900000,MXN,"Niebla S/n, Tlalnepantla De Baz, Estado De México",105 m² construidos,2 recámaras,2 baños,https://departamento.mercadolibre.com.mx/MLM-5824018452-departamento-en-venta-en-colonia-natura-tlalnepantla-de-baz-estado-de-mexico-_JM,https://http2.mlstatic.com/D_NQ_NP_2X_982777-MLM115210537841_072026-E.webp,TLALNEPANTLA
"Departamento En Venta En San Lucas Tepetlacalco, Tlalnepantla De Baz",4580000,MXN,"San Lucas Tepetlacalco, Tlalnepantla De Baz, Estado De México",98 m² construidos,2 recámaras,2 baños,https://departamento.mercadolibre.com.mx/MLM-5731727940-departamento-en-venta-en-san-lucas-tepetlacalco-tlalnepantla-de-baz-_JM,https://http2.mlstatic.com/D_NQ_NP_2X_657689-MLM114669899363_072026-E.webp,TLALNEPANTLA
Venta Departamentos Jardines De Santa Monica T-df0186-0118,2250000,MXN,"CONV. DE LA MERCED, Jardines De Santa Mónica, Tlalnepantla De Baz, Estado De México",65 m² construidos,2 recámaras,1 baño,https://departamento.mercadolibre.com.mx/MLM-3076683419-venta-departamentos-jardines-de-santa-monica-t-df0186-0118-_JM,https://http2.mlstatic.com/D_NQ_NP_2X_792563-MLM114073458535_072026-E.webp,TLALNEPANTLA
"Departamento En Venta En Tlalnepantla De Baz, Xocoyahualco  Gis . 25-1482",6742080,MXN,"Tlalnepantla De Baz, Xocoyahualco, Estado De México",117 m² construidos,3 recámaras,2 baños,https://departamento.mercadolibre.com.mx/MLM-3160155231-departamento-en-venta-en-tlalnepantla-de-baz-xocoyahualco-gis-25-1482-_JM,https://http2.mlstatic.com/D_NQ_NP_2X_954149-MLM114846680819_072026-E.webp,TLALNEPANTLA
"Departamento En Venta En Xocoyahualco, Tlalnepantla De Baz 25-1482 Mm",6742080,MXN,"Departamento En Venta En Xocoyahualco, Tlalnepantla De Baz 25-1482 MM, Xocoyahualco, Tlalnepantla De Baz, Estado De México",117 m² construidos,3 recámaras,2 baños,https://departamento.mercadolibre.com.mx/MLM-5475225480-departamento-en-venta-en-xocoyahualco-tlalnepantla-de-baz-25-1482-mm-_JM,https://http2.mlstatic.com/D_NQ_NP_2X_672153-MLM112957857923_062026-E.webp,TLALNEPANTLA
"Departamento En Venta Con Seguridad En San Lucas Tepetlacalco, Tlalnepantla",4300000,MXN,"San Lucas Tepetlacalco, Tlalnepantla De Baz, Estado De México",98 m² construidos,2 recámaras,2 baños,https://departamento.mercadolibre.com.mx/MLM-3058414635-departamento-en-venta-con-seguridad-en-san-lucas-tepetlacalco-tlalnepantla-_JM,https://http2.mlstatic.com/D_NQ_NP_2X_982401-MLM114604980571_072026-E.webp,TLALNEPANTLA
Venta Departamentos Bellavista Satelite T-df0017-0265,4100000,MXN,"CIRCUITO MUSEOS DEL SUR, Bellavista Satélite, Tlalnepantla De Baz, Estado De México",142 m² construidos,3 recámaras,3 baños,https://departamento.mercadolibre.com.mx/MLM-3192708533-venta-departamentos-bellavista-satelite-t-df0017-0265-_JM,https://http2.mlstatic.com/D_NQ_NP_2X_920480-MLM115135435675_072026-E.webp,TLALNEPANTLA
"Departamento En Venta En Colonia San José Puente De Vigas, Tlalnepantla De Baz, Estado De México",4190414,MXN,"Av. De Las Armas S/n, San José Puente De Vigas, Tlalnepantla De Baz, Estado De México",98 m² construidos,3 recámaras,2 baños,https://departamento.mercadolibre.com.mx/MLM-3094180279-departamento-en-venta-en-colonia-san-jose-puente-de-vigas-tlalnepantla-de-baz-estado-de-mexico-_JM,https://http2.mlstatic.com/D_NQ_NP_2X_848434-MLM114235657583_072026-E.webp,TLALNEPANTLA
"Departamento En Pre Venta Con Seguridad En San Lucas Tepetlacalco, Tlalnepantla",4580000,MXN,"San Lucas Tepetlacalco, Tlalnepantla De Baz, Estado De México",98 m² construidos,2 recámaras,2 baños,https://departamento.mercadolibre.com.mx/MLM-3058401595-departamento-en-pre-venta-con-seguridad-en-san-lucas-tepetlacalco-tlalnepantla-_JM,https://http2.mlstatic.com/D_NQ_NP_2X_812286-MLM113356270028_072026-E.webp,TLALNEPANTLA
"Departamento Para Estrenar En San Lucas Tepetlacalco,  Tlanepantla De Baz",7500000,MXN,"San Lucas Tepetlacalco, Tlalnepantla De Baz, Estado De México",340 m² construidos,3 recámaras,3 baños,https://departamento.mercadolibre.com.mx/MLM-5723215248-departamento-para-estrenar-en-san-lucas-tepetlacalco-tlanepantla-de-baz-_JM,https://http2.mlstatic.com/D_NQ_NP_2X_890231-MLM113356416262_072026-E.webp,TLALNEPANTLA
"Departamento En Venta En San Lucas Tepetlacalco, Tlalnepantla De Baz",4100000,MXN,"San Lucas Tepetlacalco, Tlalnepantla De Baz, Estado De México",135 m² construidos,3 recámaras,2 baños,https://departamento.mercadolibre.com.mx/MLM-5666979326-departamento-en-venta-en-san-lucas-tepetlacalco-tlalnepantla-de-baz-_JM,https://http2.mlstatic.com/D_NQ_NP_2X_630790-MLM114328441822_082026-E.webp,TLALNEPANTLA
Departamento En Viveros Del Valle Tlalnepantla,2300000,MXN,"C. Viveros De La Hacienda 33, MZ 019, Habit.viveros Del Valle, Hab Viveros Del Valle, Tlalnepantla, Viveros Del Valle, Tlalnepantla De Baz, Estado De México",65 m² construidos,2 recámaras,1 baño,https://departamento.mercadolibre.com.mx/MLM-2887436189-departamento-en-viveros-del-valle-tlalnepantla-_JM,https://http2.mlstatic.com/D_NQ_NP_2X_630955-MLM110824273851_042026-E.webp,TLALNEPANTLA
"Departamento En Pre-venta En San Lucas Tepetlacalco, Tlalnepantla De Baz",4500000,MXN,"San Lucas Tepetlacalco, Tlalnepantla De Baz, Estado De México",80 m² construidos,2 recámaras,2 baños,https://departamento.mercadolibre.com.mx/MLM-2750170613-departamento-en-pre-venta-en-san-lucas-tepetlacalco-tlalnepantla-de-baz-_JM,https://http2.mlstatic.com/D_NQ_NP_2X_810957-MLM113356267858_072026-E.webp,TLALNEPANTLA
"Departamento En Pre-venta En San Lucas Tepetlacalco, Tlalnepantla De Baz",4800000,MXN,"San Lucas Tepetlacalco, Tlalnepantla De Baz, Estado De México",80 m² construidos,2 recámaras,2 baños,https://departamento.mercadolibre.com.mx/MLM-2750041365-departamento-en-pre-venta-en-san-lucas-tepetlacalco-tlalnepantla-de-baz-_JM,https://http2.mlstatic.com/D_NQ_NP_2X_898818-MLM114604947861_072026-E.webp,TLALNEPANTLA
Departamentos Nuevos En San Lucas Tepetlacalco,4300000,MXN,"San Lucas Tepetlacalco, Tlalnepantla De Baz, Estado De México",98 m² construidos,2 recámaras,2 baños,https://departamento.mercadolibre.com.mx/MLM-5048204746-departamentos-nuevos-en-san-lucas-tepetlacalco-_JM,https://http2.mlstatic.com/D_NQ_NP_2X_835947-MLM93564012646_102025-E.webp,TLALNEPANTLA
"Departamento En Venta, Col. El Rosario, Tlalnepantla De Baz,",1430000,MXN,"Manuel Gamio, Tlalnepantla De Baz, Estado De México",63 m² construidos,2 recámaras,1 baño,https://departamento.mercadolibre.com.mx/MLM-5450664312-departamento-en-venta-col-el-rosario-tlalnepantla-de-baz-_JM,https://http2.mlstatic.com/D_NQ_NP_2X_925557-MLM111629379596_062026-E.webp,TLALNEPANTLA
Venta De Departamento En El Tenayo Tlalnepantla De Baz,1300000,MXN,"El Tenayo, Tlalnepantla De Baz, Estado De México",64 m² construidos,2 recámaras,1 baño,https://departamento.mercadolibre.com.mx/MLM-5369652268-venta-de-departamento-en-el-tenayo-tlalnepantla-de-baz-_JM,https://http2.mlstatic.com/D_NQ_NP_2X_669793-MLM110940632384_052026-E.webp,TLALNEPANTLA
"Torres Bulevares, Tlalnepantla, Estado De México, C.p. 54015",4095000,MXN,"Av Lago De Guadalupe, Barrientos Gustavo Baz, Tlalnepantla De Baz, Estado De México",110 m² construidos,2 recámaras,2 baños,https://departamento.mercadolibre.com.mx/MLM-5833441720-torres-bulevares-tlalnepantla-estado-de-mexico-cp-54015-_JM,https://http2.mlstatic.com/D_NQ_NP_2X_952574-MLM115257884381_072026-E.webp,TLALNEPANTLA
"Departamento En Pre-venta, Nuevo Ubicado En San Lucas Tepetlacalco Cod. Dv1173",5006673,MXN,"San Lucas Tepetlacalco, Tlalnepantla De Baz, Estado De México",106 m² construidos,2 recámaras,2 baños,https://departamento.mercadolibre.com.mx/MLM-5262386412-departamento-en-pre-venta-nuevo-ubicado-en-san-lucas-tepetlacalco-cod-dv1173-_JM,https://http2.mlstatic.com/D_NQ_NP_2X_794101-MLM111038602833_042026-E.webp,TLALNEPANTLA
"Departamento En Pre-venta, Nuevo Ubicado En San Lucas Tepetlacalco Cod. Dv1166",5363814,MXN,"San Lucas Tepetlacalco, Tlalnepantla De Baz, Estado De México",116 m² construidos,2 recámaras,2 baños,https://departamento.mercadolibre.com.mx/MLM-5262373668-departamento-en-pre-venta-nuevo-ubicado-en-san-lucas-tepetlacalco-cod-dv1166-_JM,https://http2.mlstatic.com/D_NQ_NP_2X_660761-MLM111038602861_042026-E.webp,TLALNEPANTLA
Venta De Departamento Nuevo En Mario Colín Tlalnepantla De Baz,2846800,MXN,"Tlalnepantla  Centro, Tlalnepantla De Baz, Estado De México",78 m² construidos,2 recámaras,2 baños,https://departamento.mercadolibre.com.mx/MLM-2988237203-venta-de-departamento-nuevo-en-mario-colin-tlalnepantla-de-baz-_JM,https://http2.mlstatic.com/D_NQ_NP_2X_701781-MLM101477243787_122025-E.webp,TLALNEPANTLA
Venta De Departamento Nuevo En Mario Colín Tlalnepantla De Baz,2978050,MXN,"Tlalnepantla  Centro, Tlalnepantla De Baz, Estado De México",78 m² construidos,2 recámaras,2 baños,https://departamento.mercadolibre.com.mx/MLM-2988200711-venta-de-departamento-nuevo-en-mario-colin-tlalnepantla-de-baz-_JM,https://http2.mlstatic.com/D_NQ_NP_2X_792503-MLM101477243491_122025-E.webp,TLALNEPANTLA
Venta De Departamento Nuevo En Mario Colín Tlalnepantla De Baz,4663300,MXN,"Tlalnepantla  Centro, Tlalnepantla De Baz, Estado De México",113 m² construidos,2 recámaras,2 baños,https://departamento.mercadolibre.com.mx/MLM-2988200811-venta-de-departamento-nuevo-en-mario-colin-tlalnepantla-de-baz-_JM,https://http2.mlstatic.com/D_NQ_NP_2X_666539-MLM101477243221_122025-E.webp,TLALNEPANTLA
"Departamento Venta,  Xocoyahualco  Cod. Dv1153",5500000,MXN,"Xocoyahualco, Tlalnepantla De Baz, Estado De México",128 m² construidos,3 recámaras,2 baños,https://departamento.mercadolibre.com.mx/MLM-5262373942-departamento-venta-xocoyahualco-cod-dv1153-_JM,https://http2.mlstatic.com/D_NQ_NP_2X_632800-MLM110120700612_042026-E.webp,TLALNEPANTLA
Venta De Departamento Nuevo En Mario Colín Tlalnepantla De Baz,3097750,MXN,"Tlalnepantla  Centro, Tlalnepantla De Baz, Estado De México",82 m² construidos,2 recámaras,2 baños,https://departamento.mercadolibre.com.mx/MLM-2988200805-venta-de-departamento-nuevo-en-mario-colin-tlalnepantla-de-baz-_JM,https://http2.mlstatic.com/D_NQ_NP_2X_912593-MLM101477243997_122025-E.webp,TLALNEPANTLA
Venta De Departamento Nuevo En Mario Colín Tlalnepantla De Baz,2972800,MXN,"Tlalnepantla  Centro, Tlalnepantla De Baz, Estado De México",78 m² construidos,2 recámaras,2 baños,https://departamento.mercadolibre.com.mx/MLM-2988237175-venta-de-departamento-nuevo-en-mario-colin-tlalnepantla-de-baz-_JM,https://http2.mlstatic.com/D_NQ_NP_2X_791866-MLM100979294544_122025-E.webp,TLALNEPANTLA
"Departamento En Venta En Colonia Lomas Boulevares, Tlalnepantla De Baz, Estado De México",4290000,MXN,"Partenón  1, Lomas Boulevares, Tlalnepantla De Baz, Estado De México",124 m² construidos,2 recámaras,2 baños,https://departamento.mercadolibre.com.mx/MLM-3132415217-departamento-en-venta-en-colonia-lomas-boulevares-tlalnepantla-de-baz-estado-de-mexico-_JM,https://http2.mlstatic.com/D_NQ_NP_2X_677017-MLM113276941078_072026-E.webp,TLALNEPANTLA
"Departamento En Venta En San Lucas Tepetlacalco, Tlalnepantla De Baz, México",4300000,MXN,"San Lucas Tepetlacalco Sn, San Lucas Tepetlacalco, Tlalnepantla De Baz, Estado De México",99 m² construidos,2 recámaras,2 baños,https://departamento.mercadolibre.com.mx/MLM-4977813026-departamento-en-venta-en-san-lucas-tepetlacalco-tlalnepantla-de-baz-mexico-_JM,https://http2.mlstatic.com/D_NQ_NP_2X_834364-MLM107692316228_032026-E.webp,TLALNEPANTLA
Venta De Departamento Nuevo En Mario Colín Tlalnepantla De Baz,2979100,MXN,"Tlalnepantla  Centro, Tlalnepantla De Baz, Estado De México",80 m² construidos,2 recámaras,2 baños,https://departamento.mercadolibre.com.mx/MLM-2988166463-venta-de-departamento-nuevo-en-mario-colin-tlalnepantla-de-baz-_JM,https://http2.mlstatic.com/D_NQ_NP_2X_601547-MLM100979302512_122025-E.webp,TLALNEPANTLA
Venta Departamento En San José Puente De Vigas (tlanepantla,3750000,MXN,"Fortino Rocha 7, Tlalnepantla De Baz, Estado De México",107 m² construidos,,2 baños,https://departamento.mercadolibre.com.mx/MLM-5236333342-venta-departamento-en-san-jose-puente-de-vigas-tlanepantla-_JM,https://http2.mlstatic.com/D_NQ_NP_2X_873115-MLM109914756968_042026-E.webp,TLALNEPANTLA
Venta De Departamento Nuevo En Mario Colín Tlalnepantla De Baz,4141450,MXN,"Tlalnepantla  Centro, Tlalnepantla De Baz, Estado De México",113 m² construidos,2 recámaras,2 baños,https://departamento.mercadolibre.com.mx/MLM-2988178051-venta-de-departamento-nuevo-en-mario-colin-tlalnepantla-de-baz-_JM,https://http2.mlstatic.com/D_NQ_NP_2X_638471-MLM100979301654_122025-E.webp,TLALNEPANTLA
"Departamento De 152 M² En Lomas De Boulevares, Tlalnepantla",3300000,MXN,"Av De La Gran Pl 24, Lomas Boulevares, Tlalnepantla De Baz, Estado De México",152 m² construidos,2 recámaras,2 baños,https://departamento.mercadolibre.com.mx/MLM-3002746229-departamento-de-152-m-en-lomas-de-boulevares-tlalnepantla-_JM,https://http2.mlstatic.com/D_NQ_NP_2X_931552-MLM113101458485_062026-E.webp,TLALNEPANTLA
Ph En Venta En Sátelite,8100000,MXN,"Calle Niebla Ampliación Vista Hermosa, Vista Hermosa, Tlalnepantla De Baz, Estado De México",123 m² construidos,2 recámaras,2 baños,https://departamento.mercadolibre.com.mx/MLM-5833453642-ph-en-venta-en-satelite-_JM,https://http2.mlstatic.com/D_NQ_NP_2X_942112-MLM115257847539_072026-E.webp,TLALNEPANTLA
"Departamento En Venta En Colonia San Lucas Tepetlacalco, Tlalnepantla De Baz, Estado De México",4300000,MXN,"Benito Juárez S/N, San Lucas Tepetlacalco, Tlalnepantla De Baz, Estado De México",98 m² construidos,2 recámaras,2 baños,https://departamento.mercadolibre.com.mx/MLM-3126763601-departamento-en-venta-en-colonia-san-lucas-tepetlacalco-tlalnepantla-de-baz-estado-de-mexico-_JM,https://http2.mlstatic.com/D_NQ_NP_2X_675891-MLM113240556080_072026-E.webp,TLALNEPANTLA
Departamento En Venta En Unidad Habitacional Maravillas,1890000,MXN,"Poniente 152, Tlalnepantla De Baz, Estado De México",77 m² construidos,3 recámaras,1 baño,https://departamento.mercadolibre.com.mx/MLM-5833535994-departamento-en-venta-en-unidad-habitacional-maravillas-_JM,https://http2.mlstatic.com/D_NQ_NP_2X_949096-MLM115257833435_072026-E.webp,TLALNEPANTLA
"Departamento En Venta En Colonia Lomas Boulevares, Tlalnepantla De Baz, Estado De México",3800000,MXN,"Partenon 1, Lomas Boulevares, Tlalnepantla De Baz, Estado De México",100 m² construidos,2 recámaras,2 baños,https://departamento.mercadolibre.com.mx/MLM-5479867230-departamento-en-venta-en-colonia-lomas-boulevares-tlalnepantla-de-baz-estado-de-mexico-_JM,https://http2.mlstatic.com/D_NQ_NP_2X_862525-MLM111878708938_062026-E.webp,TLALNEPANTLA
Departamento En Venta En Gustavo Baz Col.san Pedro Barrient,3500000,MXN,"San Pedro Barrientos, Tlalnepantla De Baz, Estado De México",80 m² construidos,1 recámara,2 baños,https://departamento.mercadolibre.com.mx/MLM-5370666348-departamento-en-venta-en-gustavo-baz-colsan-pedro-barrient-_JM,https://http2.mlstatic.com/D_NQ_NP_2X_624601-MLM110951361914_052026-E.webp,TLALNEPANTLA
Venta Departamentos Cantera De Berriozabal Tlalnepantla,3649000,MXN,"Centro Industrial Tlalnepantla, Tlalnepantla De Baz, Estado De México",100 m² construidos,2 recámaras,2 baños,https://departamento.mercadolibre.com.mx/MLM-2881227929-venta-departamentos-cantera-de-berriozabal-tlalnepantla-_JM,https://http2.mlstatic.com/D_NQ_NP_2X_951327-MLM109828766942_042026-E.webp,TLALNEPANTLA
Departamento En Venta Tlayapa,2250000,MXN,"Tlayapa, Tlalnepantla De Baz, Estado De México",63 m² construidos,2 recámaras,2 baños,https://departamento.mercadolibre.com.mx/MLM-2814519429-departamento-en-venta-tlayapa-_JM,https://http2.mlstatic.com/D_NQ_NP_2X_700604-MLM109378472339_032026-E.webp,TLALNEPANTLA
Departamento En Venta En Residencial El Dorado,3650000,MXN,"Residencial El Dorado, Tlalnepantla De Baz, Residencial El Dorado, Tlalnepantla De Baz, Estado De México",93 m² construidos,2 recámaras,2 baños,https://departamento.mercadolibre.com.mx/MLM-5091131924-departamento-en-venta-en-residencial-el-dorado-_JM,https://http2.mlstatic.com/D_NQ_NP_2X_988309-MLM108871974286_032026-E.webp,TLALNEPANTLA
"Departamento En Venta En Colonia San Lucas Tepetlacalco, Tlalnepantla De Baz, Estado De México",4450000,MXN,"Calzada Madín 61, San Lucas Tepetlacalco, Tlalnepantla De Baz, Estado De México",124 m² construidos,3 recámaras,2 baños,https://departamento.mercadolibre.com.mx/MLM-5869512448-departamento-en-venta-en-colonia-san-lucas-tepetlacalco-tlalnepantla-de-baz-estado-de-mexico-_JM,https://http2.mlstatic.com/D_NQ_NP_2X_712391-MLM114096643700_082026-E.webp,TLALNEPANTLA
Departamento En Venta En Avenida De Las Armas Norte En Colonia San José Puente De Vigas Tlanepantla,4403000,MXN,"Avenida De Las Armas Norte, San José Puente De Vigas, Tlalnepantla De Baz, Estado De México",95 m² construidos,3 recámaras,2 baños,https://departamento.mercadolibre.com.mx/MLM-3215587567-departamento-en-venta-en-avenida-de-las-armas-norte-en-colonia-san-jose-puente-de-vigas-tlanepantla-_JM,https://http2.mlstatic.com/D_NQ_NP_2X_799390-MLM113991157720_072026-E.webp,TLALNEPANTLA
Departamento En Venta En Avenida De Las Armas Norte En Colonia San José Puente De Vigas Tlanepantla,4403000,MXN,"Avenida De Las Armas Norte, San José Puente De Vigas, Tlalnepantla De Baz, Estado De México",98 m² construidos,3 recámaras,2 baños,https://departamento.mercadolibre.com.mx/MLM-3215600459-departamento-en-venta-en-avenida-de-las-armas-norte-en-colonia-san-jose-puente-de-vigas-tlanepantla-_JM,https://http2.mlstatic.com/D_NQ_NP_2X_618758-MLM113991208852_072026-E.webp,TLALNEPANTLA
Departamento En Venta En Avenida De Las Armas Norte En Colonia San José Puente De Vigas Tlanepantla,4403000,MXN,"Avenida De Las Armas Norte, San José Puente De Vigas, Tlalnepantla De Baz, Estado De México",99 m² construidos,3 recámaras,2 baños,https://departamento.mercadolibre.com.mx/MLM-3215600475-departamento-en-venta-en-avenida-de-las-armas-norte-en-colonia-san-jose-puente-de-vigas-tlanepantla-_JM,https://http2.mlstatic.com/D_NQ_NP_2X_955757-MLM113991209262_072026-E.webp,TLALNEPANTLA
Departamento En Venta En Avenida De Las Armas Norte En Colonia San José Puente De Vigas Tlanepantla,4403000,MXN,"Avenida De Las Armas Norte, San José Puente De Vigas, Tlalnepantla De Baz, Estado De México",99 m² construidos,3 recámaras,2 baños,https://departamento.mercadolibre.com.mx/MLM-3215587593-departamento-en-venta-en-avenida-de-las-armas-norte-en-colonia-san-jose-puente-de-vigas-tlanepantla-_JM,https://http2.mlstatic.com/D_NQ_NP_2X_798924-MLM113991209138_072026-E.webp,TLALNEPANTLA
Departamento En Venta En Avenida De Las Armas Norte En Colonia San José Puente De Vigas Tlanepantla,4403000,MXN,"Avenida De Las Armas Norte, San José Puente De Vigas, Tlalnepantla De Baz, Estado De México",100 m² construidos,3 recámaras,2 baños,https://departamento.mercadolibre.com.mx/MLM-3215600465-departamento-en-venta-en-avenida-de-las-armas-norte-en-colonia-san-jose-puente-de-vigas-tlanepantla-_JM,https://http2.mlstatic.com/D_NQ_NP_2X_860943-MLM113991158010_072026-E.webp,TLALNEPANTLA
"Departamento En Venta En Colonia Valle Dorado, Tlalnepantla De Baz, Estado De México",2300000,MXN,"Periferico 3130, Valle Dorado, Tlalnepantla De Baz, Estado De México",50 m² construidos,2 recámaras,1 baño,https://departamento.mercadolibre.com.mx/MLM-4837349170-departamento-en-venta-en-colonia-valle-dorado-tlalnepantla-de-baz-estado-de-mexico-_JM,https://http2.mlstatic.com/D_NQ_NP_2X_760524-MLM107667571787_022026-E.webp,TLALNEPANTLA
"Departamento En Venta En Tlalnepantla De Baz ,tlalnepantla Centro Mt 26-1965.",4547769,MXN,"Tlalnepantla Centro, Tlalnepantla De Baz, Tlalnepantla  Centro, Tlalnepantla De Baz, Estado De México",101 m² construidos,2 recámaras,2 baños,https://departamento.mercadolibre.com.mx/MLM-4766814094-departamento-en-venta-en-tlalnepantla-de-baz-tlalnepantla-centro-mt-26-1965-_JM,https://http2.mlstatic.com/D_NQ_NP_2X_976374-MLM106308152594_022026-E.webp,TLALNEPANTLA
"Departamento En Venta En San Lucas  Tepetlacalco, Tlalnepantla",4300000,MXN,"San Lucas Tepetlacalco, Tlalnepantla De Baz, San Lucas Tepetlacalco, Tlalnepantla De Baz, Estado De México",98 m² construidos,2 recámaras,2 baños,https://departamento.mercadolibre.com.mx/MLM-5339276880-departamento-en-venta-en-san-lucas-tepetlacalco-tlalnepantla-_JM,https://http2.mlstatic.com/D_NQ_NP_2X_958323-MLM110704891430_052026-E.webp,TLALNEPANTLA
"Departamento En Venta En Tlalnepantla, San Lucas Tepetlacalco Cmb 26-3025.",4580000,MXN,"San Lucas Tepetlacalco Ampliación, Tlalnepantla De Baz, San Lucas Tepetlacalco, Tlalnepantla De Baz, Estado De México",98 m² construidos,2 recámaras,2 baños,https://departamento.mercadolibre.com.mx/MLM-3176837173-departamento-en-venta-en-tlalnepantla-san-lucas-tepetlacalco-cmb-26-3025-_JM,https://http2.mlstatic.com/D_NQ_NP_2X_806761-MLM113695877688_072026-E.webp,TLALNEPANTLA
Desarrollo En Venta,5000000,MXN,"Tlalnepantla De Baz, Tequexquinahuac Parte Alta, Estado De México",80 m² construidos,3 recámaras,2 baños,https://departamento.mercadolibre.com.mx/MLM-4997336290-desarrollo-en-venta-_JM,https://http2.mlstatic.com/D_NQ_NP_2X_870828-MLM108659647807_032026-E.webp,TLALNEPANTLA
"Departamento En Venta En San Lucas Tepetlacalco, Tlalnepantla",6200000,MXN,"San Lucas Tepetlacalco, Tlalnepantla De Baz, San Lucas Tepetlacalco, Tlalnepantla De Baz, Estado De México",135 m² construidos,2 recámaras,2 baños,https://departamento.mercadolibre.com.mx/MLM-2948188443-departamento-en-venta-en-san-lucas-tepetlacalco-tlalnepantla-_JM,https://http2.mlstatic.com/D_NQ_NP_2X_646393-MLM112013323341_052026-E.webp,TLALNEPANTLA
Excelente Departamento En Venta  ¡tu Nuevo Hogar Te Espera En Cd. Satélite! Vive Con Estilo Y Comodidad En Este Hermoso Departamento Ubicado En Una De Las Zonas Más Céntricas De Ciudad Satélite. Ide,2150000,MXN,"Cto Museos Pte 27, MZ 001, Hab Bellavista Satelite, Tlalnepantla, Bellavista Satélite, Tlalnepantla De Baz, Estado De México",52 m² construidos,2 recámaras,1 baño,https://departamento.mercadolibre.com.mx/MLM-5833449990-excelente-departamento-en-venta-tu-nuevo-hogar-te-espera-en-cd-satelite-vive-con-estilo-y-comodidad-en-este-hermoso-departamento-ubicado-en-una-de-las-zonas-mas-centricas-de-ciudad-satelite-ide-_JM,https://http2.mlstatic.com/D_NQ_NP_2X_776684-MLM113945605872_072026-E.webp,TLALNEPANTLA
"Bonito Departamento Con 3 Recámaras, Roof Garden Y 2 Estacionamientos.",5600000,MXN,"Real 8, Calle Viveros De La Colina 8, MZ 1 - 300, Hab Viveros De La Loma, Tlalnepantla, Viveros De La Loma, Tlalnepantla De Baz, Estado De México",135 m² construidos,3 recámaras,2 baños,https://departamento.mercadolibre.com.mx/MLM-3115158353-bonito-departamento-con-3-recamaras-roof-garden-y-2-estacionamientos-_JM,https://http2.mlstatic.com/D_NQ_NP_2X_653106-MLM114392172427_072026-E.webp,TLALNEPANTLA
Departamentos De 2 Y 3 Recámaras. En Tlalnepantla Entrega Inmediata O En Preventa.,2690000,MXN,"Cementos Carretera Lago De Guadalupe, MZ 001, Industrial Barrientos, Tlalnepantla, Barrientos Gustavo Baz, Tlalnepantla De Baz, Estado De México",79 m² construidos,2 recámaras,2 baños,https://departamento.mercadolibre.com.mx/MLM-3136263495-departamentos-de-2-y-3-recamaras-en-tlalnepantla-entrega-inmediata-o-en-preventa-_JM,https://http2.mlstatic.com/D_NQ_NP_2X_605991-MLM113309730434_072026-E.webp,TLALNEPANTLA
Departamento A La Venta En Fracc Privado Colinas De San Jose Tlalnepantla,2349000,MXN,"Colinas De San Jose, Tlalnepantla De Baz, Colinas De San Jose, Tlalnepantla De Baz, Estado De México",83 m² construidos,2 recámaras,2 baños,https://departamento.mercadolibre.com.mx/MLM-3255105965-departamento-a-la-venta-en-fracc-privado-colinas-de-san-jose-tlalnepantla-_JM,https://http2.mlstatic.com/D_NQ_NP_2X_960051-MLM114334481582_082026-E.webp,TLALNEPANTLA
"Vendo Dpto.,  Colinas De San Jose, Tlalnepantla De Baz Edo. Mex., 82 M2., 3 Rec., 2 Baños, Estac.",2804000,MXN,"AV. ACUEDUCTO  MZ9 LT7, Colinas De San Jose, Tlalnepantla De Baz, Estado De México",82 m² construidos,3 recámaras,2 baños,https://departamento.mercadolibre.com.mx/MLM-5658501172-vendo-dpto-colinas-de-san-jose-tlalnepantla-de-baz-edo-mex-82-m2-3-rec-2-banos-estac-_JM,https://http2.mlstatic.com/D_NQ_NP_2X_776874-MLM113042757330_072026-E.webp,TLALNEPANTLA
Lgh Departamento En Venta En San Buenaventura Tlalnepantla,1790000,MXN,"San Buenaventura, Tlalnepantla De Baz, Estado De México",82 m² construidos,3 recámaras,1 baño,https://departamento.mercadolibre.com.mx/MLM-5904527278-lgh-departamento-en-venta-en-san-buenaventura-tlalnepantla-_JM,https://http2.mlstatic.com/D_NQ_NP_2X_851227-MLM115681970065_082026-E.webp,TLALNEPANTLA
