titulo,precio,moneda,ubicacion,superficie,recamaras,banos,link,imagen,municipio
"Venta De Departamento 4 O 5 Recamaras, En Colonia Country Club, Campo De Golf Chapultepec, La Herradura, Naucalpan, Estado De Mexico.",8595005,MXN,"C. Magnolias 44, MZ 018, Heroes De La Revolucion, Naucalpan De Juárez, Héroes De La Revolución, Naucalpan, Estado De México",232 m² construidos,3 recámaras,3 baños,https://departamento.mercadolibre.com.mx/MLM-4783938436-venta-de-departamento-4-o-5-recamaras-en-colonia-country-club-campo-de-golf-chapultepec-la-herradura-naucalpan-estado-de-mexico-_JM,https://http2.mlstatic.com/D_NQ_NP_2X_927091-MLM89751775809_082025-E.webp,NAUCALPAN
Venta Deptartamento Bosques De Las Lomas - Nuevo A Estrenar,38000000,MXN,"El Olivar, Naucalpan, Estado De México",390 m² construidos,4 recámaras,4 baños,https://departamento.mercadolibre.com.mx/MLM-3140018211-venta-deptartamento-bosques-de-las-lomas-nuevo-a-estrenar-_JM,https://http2.mlstatic.com/D_NQ_NP_2X_873854-MLM114609729789_072026-E.webp,NAUCALPAN
Departamento En Venta Tecamachalco,6500000,MXN,"Lomas De Tecamachalco, Naucalpan, Estado De México",140 m² construidos,3 recámaras,2 baños,https://departamento.mercadolibre.com.mx/MLM-3140074827-departamento-en-venta-tecamachalco-_JM,https://http2.mlstatic.com/D_NQ_NP_2X_780658-MLM114611553825_072026-E.webp,NAUCALPAN
Venta De Departamentos En Lomas De Tecamachalco,9641000,MXN,"Fuente De Las Piramides, 26, Lomas De Tecamachalco, Naucalpan, Estado De México",181 m² construidos,3 recámaras,3 baños,https://departamento.mercadolibre.com.mx/MLM-3829227616-venta-de-departamentos-en-lomas-de-tecamachalco-_JM,https://http2.mlstatic.com/D_NQ_NP_2X_646211-MLM68946899228_042023-E.webp,NAUCALPAN
Departamento En Venta En Lomas Verdes,4200000,MXN,"Residencial El Risco, Lomas Verdes, Naucalpan, Estado De México",120 m² construidos,3 recámaras,3 baños,https://departamento.mercadolibre.com.mx/MLM-5874844458-departamento-en-venta-en-lomas-verdes-_JM,https://http2.mlstatic.com/D_NQ_NP_2X_937204-MLM115463788481_082026-E.webp,NAUCALPAN
Departamento En Venta Lomas Verdes V Sección Edomex,2200000,MXN,"Lomas Verdes 5a Sección (La Concordia), Naucalpan, Estado De México",60 m² construidos,2 recámaras,1 baño,https://departamento.mercadolibre.com.mx/MLM-5086290866-departamento-en-venta-lomas-verdes-v-seccion-edomex-_JM,https://http2.mlstatic.com/D_NQ_NP_2X_620202-MLM114727560245_072026-E.webp,NAUCALPAN
Departamento En Venta En San Bartolo Naucalpan (naucalpan Centro),2200000,MXN,"Av. 16 De Septiembre No. 0, Naucalpan, Estado De México",84 m² construidos,3 recámaras,2 baños,https://departamento.mercadolibre.com.mx/MLM-5015907766-departamento-en-venta-en-san-bartolo-naucalpan-naucalpan-centro-_JM,https://http2.mlstatic.com/D_NQ_NP_2X_953321-MLM111020909801_042026-E.webp,NAUCALPAN
Departamento En Venta En Lomas De Tecamachalco,7350000,MXN,"Privada De Las Fuentes 0, Lomas De Tecamachalco, Naucalpan, Estado De México",226 m² construidos,3 recámaras,3 baños,https://departamento.mercadolibre.com.mx/MLM-5015953496-departamento-en-venta-en-lomas-de-tecamachalco-_JM,https://http2.mlstatic.com/D_NQ_NP_2X_873780-MLM108044267362_032026-E.webp,NAUCALPAN
Departamento En Venta En Lomas Del Río,10000000,MXN,"Fraccionamiento Lomas Del Río 0, Lomas Del Río, Naucalpan, Estado De México",287 m² construidos,3 recámaras,3 baños,https://departamento.mercadolibre.com.mx/MLM-2792146635-departamento-en-venta-en-lomas-del-rio-_JM,https://http2.mlstatic.com/D_NQ_NP_2X_928121-MLM108816038963_032026-E.webp,NAUCALPAN
Departamento En Venta En Bosque Real,14179550,MXN,"Privada Del Jardin 43, La Mancha II, Naucalpan, Estado De México",257 m² construidos,3 recámaras,3 baños,https://departamento.mercadolibre.com.mx/MLM-4995472102-departamento-en-venta-en-bosque-real-_JM,https://http2.mlstatic.com/D_NQ_NP_2X_699003-MLM107885328108_032026-E.webp,NAUCALPAN
Departamento En Venta En San Andrés Atoto,6990000,MXN,"Boulevard Toluca 0, San Andrés Atoto, Naucalpan, Estado De México",145 m² construidos,2 recámaras,3 baños,https://departamento.mercadolibre.com.mx/MLM-2935094485-departamento-en-venta-en-san-andres-atoto-_JM,https://http2.mlstatic.com/D_NQ_NP_2X_849521-MLM111759782661_052026-E.webp,NAUCALPAN
Departamento En Venta En Lomas De Tecamachalco,7200000,MXN,"Fuente De Templanza 2, Lomas De Tecamachalco, Naucalpan, Estado De México",226 m² construidos,3 recámaras,3 baños,https://departamento.mercadolibre.com.mx/MLM-2984762149-departamento-en-venta-en-lomas-de-tecamachalco-_JM,https://http2.mlstatic.com/D_NQ_NP_2X_983892-MLM111717209662_062026-E.webp,NAUCALPAN
Departamento En Venta En Bosque Real,11125000,MXN,"Priv. Del Romance 27-v, Minas Coyote, Naucalpan, Estado De México",203 m² construidos,3 recámaras,3 baños,https://departamento.mercadolibre.com.mx/MLM-4995460120-departamento-en-venta-en-bosque-real-_JM,https://http2.mlstatic.com/D_NQ_NP_2X_871371-MLM107885326976_032026-E.webp,NAUCALPAN
Departamento En Venta En Bosque Real,10390000,MXN,"Priv. Del Romance 27-v, Minas Palacio Amp, Naucalpan, Estado De México",178 m² construidos,2 recámaras,2 baños,https://departamento.mercadolibre.com.mx/MLM-4995505130-departamento-en-venta-en-bosque-real-_JM,https://http2.mlstatic.com/D_NQ_NP_2X_895670-MLM108640477835_032026-E.webp,NAUCALPAN
Departamento En Venta En Bosque Real,14751145,MXN,"Ciento Ochenta Bosque Real, Real Del Bosque, Naucalpan, Estado De México",246 m² construidos,3 recámaras,3 baños,https://departamento.mercadolibre.com.mx/MLM-4761702870-departamento-en-venta-en-bosque-real-_JM,https://http2.mlstatic.com/D_NQ_NP_2X_712308-MLM106205764854_022026-E.webp,NAUCALPAN
Departamento En Venta En Lomas Del Río,9900000,MXN,"Av Lomas Del Rio Ote, Naucalpan, Estado De México",283 m² construidos,3 recámaras,3 baños,https://departamento.mercadolibre.com.mx/MLM-5412790596-departamento-en-venta-en-lomas-del-rio-_JM,https://http2.mlstatic.com/D_NQ_NP_2X_928724-MLM112334853791_052026-E.webp,NAUCALPAN
Departamento En Venta En Lomas De Tecamachalco,7500000,MXN,"Fuente De Trevi 0, Lomas De Tecamachalco, Naucalpan, Estado De México",270 m² construidos,3 recámaras,3 baños,https://departamento.mercadolibre.com.mx/MLM-5476197584-departamento-en-venta-en-lomas-de-tecamachalco-_JM,https://http2.mlstatic.com/D_NQ_NP_2X_956077-MLM111854924830_062026-E.webp,NAUCALPAN
Departamento En Venta En Lomas Country Club,17800000,MXN,"Av. Lomas Del Encanto 0, Country Club, Naucalpan, Estado De México",435 m² construidos,3 recámaras,4 baños,https://departamento.mercadolibre.com.mx/MLM-4761627262-departamento-en-venta-en-lomas-country-club-_JM,https://http2.mlstatic.com/D_NQ_NP_2X_920965-MLM106206680352_022026-E.webp,NAUCALPAN
Departamento En Venta En Lomas De Tecamachalco,7500000,MXN,"Fuente De Trevi 0, Lomas De Tecamachalco, Naucalpan, Estado De México",297 m² construidos,3 recámaras,3 baños,https://departamento.mercadolibre.com.mx/MLM-2988373865-departamento-en-venta-en-lomas-de-tecamachalco-_JM,https://http2.mlstatic.com/D_NQ_NP_2X_885338-MLM112872505581_062026-E.webp,NAUCALPAN
Departamento En Venta En Bosque Real,10149174,MXN,"NOX Bosque Real, Real Del Bosque, Naucalpan, Estado De México",153 m² construidos,2 recámaras,2 baños,https://departamento.mercadolibre.com.mx/MLM-4761653294-departamento-en-venta-en-bosque-real-_JM,https://http2.mlstatic.com/D_NQ_NP_2X_933456-MLM106206674586_022026-E.webp,NAUCALPAN
Departamento En Venta En San José Río Hondo (río Hondo),4899000,MXN,"Cam. Arenero 300, San José Río Hondo, Naucalpan, Estado De México",101 m² construidos,3 recámaras,2 baños,https://departamento.mercadolibre.com.mx/MLM-4761767886-departamento-en-venta-en-san-jose-rio-hondo-rio-hondo-_JM,https://http2.mlstatic.com/D_NQ_NP_2X_839426-MLM106830432753_022026-E.webp,NAUCALPAN
Departamento En Venta En Bosque Real,11663729,MXN,"NOX Bosque Real, Real Del Bosque, Naucalpan, Estado De México",175 m² construidos,3 recámaras,3 baños,https://departamento.mercadolibre.com.mx/MLM-2784668191-departamento-en-venta-en-bosque-real-_JM,https://http2.mlstatic.com/D_NQ_NP_2X_924144-MLM107885317656_032026-E.webp,NAUCALPAN
Venta Departamentos De Lujo En Lomas Verdes,6899341,MXN,"Petroquímica Lomas Verdes, Naucalpan, Estado De México",167 m² construidos,3 recámaras,3 baños,https://departamento.mercadolibre.com.mx/MLM-5091437946-venta-departamentos-de-lujo-en-lomas-verdes-_JM,https://http2.mlstatic.com/D_NQ_NP_2X_818173-MLM113947874666_072026-E.webp,NAUCALPAN
"Departamento En Venta, Lomas Country Club",5661500,MXN,"Country Club, Naucalpan, Estado De México",65 m² construidos,1 recámara,1 baño,https://departamento.mercadolibre.com.mx/MLM-5132926766-departamento-en-venta-lomas-country-club-_JM,https://http2.mlstatic.com/D_NQ_NP_2X_844768-MLM95395268682_102025-E.webp,NAUCALPAN
Departamento En Venta De 3 Recámaras Junto A Hipódromo De Las Américas Con 2 Estacionamientos,10000000,MXN,"C. 8 De Mayo 48, MZ 012, Manuel Avila Camacho, Naucalpan De Juárez, Gral. Manuel Avila Camacho, Naucalpan, Estado De México",320 m² construidos,3 recámaras,5 baños,https://departamento.mercadolibre.com.mx/MLM-2973729451-departamento-en-venta-de-3-recamaras-junto-a-hipodromo-de-las-americas-con-2-estacionamientos-_JM,https://http2.mlstatic.com/D_NQ_NP_2X_901316-MLM112589127065_062026-E.webp,NAUCALPAN
"Departamento En Venta, Residencial Altezza, Naucalpan",4570000,MXN,"Naucalpan, Estado De México",90 m² construidos,2 recámaras,2 baños,https://departamento.mercadolibre.com.mx/MLM-2383999431-departamento-en-venta-residencial-altezza-naucalpan-_JM,https://http2.mlstatic.com/D_NQ_NP_2X_841008-MLM82275008853_022025-E.webp,NAUCALPAN
Departamento En Venta En Lomas De Tecamachalco,11000000,MXN,"Fuente De Molinos 0, Lomas De Tecamachalco, Naucalpan, Estado De México",420 m² construidos,3 recámaras,3 baños,https://departamento.mercadolibre.com.mx/MLM-3132053423-departamento-en-venta-en-lomas-de-tecamachalco-_JM,https://http2.mlstatic.com/D_NQ_NP_2X_807658-MLM114516842953_072026-E.webp,NAUCALPAN
"Departamento En Venta Residencial Vertice,  Lomas Country Club",15900000,MXN,"Country Club, Naucalpan, Estado De México",370 m² construidos,3 recámaras,3 baños,https://departamento.mercadolibre.com.mx/MLM-2745513187-departamento-en-venta-residencial-vertice-lomas-country-club-_JM,https://http2.mlstatic.com/D_NQ_NP_2X_942285-MLM106728483178_022026-E.webp,NAUCALPAN
Ph En Venta Lomas De Tecamachalco Juventud,12400000,MXN,"Lomas De Tecamachalco, Naucalpan, Estado De México",352 m² construidos,3 recámaras,3 baños,https://departamento.mercadolibre.com.mx/MLM-5378730156-ph-en-venta-lomas-de-tecamachalco-juventud-_JM,https://http2.mlstatic.com/D_NQ_NP_2X_934470-MLM111972461761_052026-E.webp,NAUCALPAN
"Departamento En Venta Fuente De Pirámides, Lomas De Tecamachalco",9800000,MXN,"Lomas De Tecamachalco, Naucalpan, Estado De México",308 m² construidos,3 recámaras,3 baños,https://departamento.mercadolibre.com.mx/MLM-5730322530-departamento-en-venta-fuente-de-piramides-lomas-de-tecamachalco-_JM,https://http2.mlstatic.com/D_NQ_NP_2X_951845-MLM114654863363_072026-E.webp,NAUCALPAN
Departamento En Venta En Lomas De Tecamachalco,9950000,MXN,"Fuente De Molinos 0, Lomas De Tecamachalco, Naucalpan, Estado De México",400 m² construidos,3 recámaras,3 baños,https://departamento.mercadolibre.com.mx/MLM-2924557607-departamento-en-venta-en-lomas-de-tecamachalco-_JM,https://http2.mlstatic.com/D_NQ_NP_2X_822926-MLM111572376121_052026-E.webp,NAUCALPAN
Departamento En Venta En Lomas De Tecamachalco,7700000,MXN,"Fuente De Diana 300, Lomas De Tecamachalco, Naucalpan, Estado De México",240 m² construidos,3 recámaras,3 baños,https://departamento.mercadolibre.com.mx/MLM-2944077829-departamento-en-venta-en-lomas-de-tecamachalco-_JM,https://http2.mlstatic.com/D_NQ_NP_2X_924957-MLM110962056058_052026-E.webp,NAUCALPAN
Departamento En Venta En Lomas De Tecamachalco,14299000,MXN,"Fuente De Pisa 0, Lomas De Tecamachalco, Naucalpan, Estado De México",372 m² construidos,3 recámaras,3 baños,https://departamento.mercadolibre.com.mx/MLM-5328122910-departamento-en-venta-en-lomas-de-tecamachalco-_JM,https://http2.mlstatic.com/D_NQ_NP_2X_900368-MLM111572355303_052026-E.webp,NAUCALPAN
Departamento En Venta En Bosque Real,12500000,MXN,"Boulevard Bosque Real 17, Real Del Bosque, Naucalpan, Estado De México",284 m² construidos,3 recámaras,4 baños,https://departamento.mercadolibre.com.mx/MLM-4995458292-departamento-en-venta-en-bosque-real-_JM,https://http2.mlstatic.com/D_NQ_NP_2X_923191-MLM107885070076_032026-E.webp,NAUCALPAN
"Departamento En Venta Interlomas, Residencial Nua Para Estrenar",6850000,MXN,"El Olivar, Naucalpan, Estado De México",81 m² construidos,2 recámaras,2 baños,https://departamento.mercadolibre.com.mx/MLM-5053209080-departamento-en-venta-interlomas-residencial-nua-para-estrenar-_JM,https://http2.mlstatic.com/D_NQ_NP_2X_895128-MLM109233259163_032026-E.webp,NAUCALPAN
Departamento En Venta En Lomas De Tecamachalco,8200000,MXN,"Fuente De Molinos 0, Lomas De Tecamachalco, Naucalpan, Estado De México",240 m² construidos,3 recámaras,2 baños,https://departamento.mercadolibre.com.mx/MLM-5328122916-departamento-en-venta-en-lomas-de-tecamachalco-_JM,https://http2.mlstatic.com/D_NQ_NP_2X_794554-MLM111572380653_052026-E.webp,NAUCALPAN
Departamento En Venta En Lomas De Tecamachalco,9900000,MXN,"Lomas De Tecamachalco, Naucalpan, Estado De México",305 m² construidos,3 recámaras,3 baños,https://departamento.mercadolibre.com.mx/MLM-5328122924-departamento-en-venta-en-lomas-de-tecamachalco-_JM,https://http2.mlstatic.com/D_NQ_NP_2X_747132-MLM111572362581_052026-E.webp,NAUCALPAN
Departamento En Venta En Lomas De Tecamachalco,12000000,MXN,"Fuente De Las Pirámides 0, Lomas De Tecamachalco, Naucalpan, Estado De México",305 m² construidos,3 recámaras,3 baños,https://departamento.mercadolibre.com.mx/MLM-3086280381-departamento-en-venta-en-lomas-de-tecamachalco-_JM,https://http2.mlstatic.com/D_NQ_NP_2X_812513-MLM114348298421_072026-E.webp,NAUCALPAN
Departamento En Venta En Lomas De Tecamachalco,13900000,MXN,"Fuente De Diana 100, Lomas De Tecamachalco, Naucalpan, Estado De México",231 m² construidos,3 recámaras,3 baños,https://departamento.mercadolibre.com.mx/MLM-5577047264-departamento-en-venta-en-lomas-de-tecamachalco-_JM,https://http2.mlstatic.com/D_NQ_NP_2X_686521-MLM113774882273_062026-E.webp,NAUCALPAN
"Departamento En Preventa  Zereniti, Jesús Del Monte",690000,US$,"Country Club, Naucalpan, Estado De México",285 m² construidos,3 recámaras,3 baños,https://departamento.mercadolibre.com.mx/MLM-5617063990-departamento-en-preventa-zereniti-jesus-del-monte-_JM,https://http2.mlstatic.com/D_NQ_NP_2X_649741-MLM114015277407_072026-E.webp,NAUCALPAN
"Lomas De Tecamachalco, Se Vende Departamento Recién Remodelado",500000,US$,"Avenida De Las Fuentes 0, Lomas De Tecamachalco, Naucalpan, Estado De México",205 m² construidos,2 recámaras,2 baños,https://departamento.mercadolibre.com.mx/MLM-4489689526-lomas-de-tecamachalco-se-vende-departamento-recien-remodelado-_JM,https://http2.mlstatic.com/D_NQ_NP_2X_948390-MLM100380561562_122025-E.webp,NAUCALPAN
Venta De Departamento,3050000,MXN,"Prolongacion Alamos 48, Santiago Occipaco, Naucalpan, Estado De México",120 m² construidos,3 recámaras,3 baños,https://departamento.mercadolibre.com.mx/MLM-3239375673-venta-de-departamento-_JM,https://http2.mlstatic.com/D_NQ_NP_2X_906946-MLM115522189373_082026-E.webp,NAUCALPAN
Departamento En Venta Lomas Verdes,2795000,MXN,"Lomas Verdes 1a Secc., Naucalpan, Estado De México",80 m² construidos,3 recámaras,2 baños,https://departamento.mercadolibre.com.mx/MLM-2748053987-departamento-en-venta-lomas-verdes-_JM,https://http2.mlstatic.com/D_NQ_NP_2X_930885-MLM107490903567_022026-E.webp,NAUCALPAN
Departamento En Venta Entre Satelite Y Mundo E,5500000,MXN,"Naucalpan De Juárez, Ciudad Satélite, Naucalpan, Estado De México",115 m² construidos,2 recámaras,2 baños,https://departamento.mercadolibre.com.mx/MLM-2959755263-departamento-en-venta-entre-satelite-y-mundo-e-_JM,https://http2.mlstatic.com/D_NQ_NP_2X_720160-MLM112281552317_052026-E.webp,NAUCALPAN
Departamento En Venta Remodelado En Fuente De Molinos,8990000,MXN,"Lomas De Tecamachalco, Naucalpan, Estado De México",240 m² construidos,3 recámaras,2 baños,https://departamento.mercadolibre.com.mx/MLM-2818056895-departamento-en-venta-remodelado-en-fuente-de-molinos-_JM,https://http2.mlstatic.com/D_NQ_NP_2X_621238-MLM108661760780_032026-E.webp,NAUCALPAN
Pre Venta Departamento En Lomas Verdes Sexta Sección.,8356000,MXN,"Entrega Inmediata Departamento En Lomas Verdes Sexta Sección., Naucalpan, Estado De México",143 m² de terreno,2 recámaras,2 baños,https://departamento.mercadolibre.com.mx/MLM-5706142372-pre-venta-departamento-en-lomas-verdes-sexta-seccion-_JM,https://http2.mlstatic.com/D_NQ_NP_2X_909787-MLM113260924724_072026-E.webp,NAUCALPAN
Departamentos Nuevos En Venta En La Cúspide,8534228,MXN,"Departamentos Nuevos En Venta En La Cúspide, Naucalpan, Estado De México",258 m² de terreno,3 recámaras,3 baños,https://departamento.mercadolibre.com.mx/MLM-3144854477-departamentos-nuevos-en-venta-en-la-cuspide-_JM,https://http2.mlstatic.com/D_NQ_NP_2X_688179-MLM113410607922_072026-E.webp,NAUCALPAN
Departamentos Nuevos En Venta En Lomas Verdes,8025938,MXN,"Hermosos Departamentos Con Excelentes Acabados En Venta En Lomas Verdes, Naucalpan, Estado De México",205 m² de terreno,3 recámaras,3 baños,https://departamento.mercadolibre.com.mx/MLM-5731574584-departamentos-nuevos-en-venta-en-lomas-verdes-_JM,https://http2.mlstatic.com/D_NQ_NP_2X_661238-MLM114666588805_072026-E.webp,NAUCALPAN
Departamento En Venta En Lomas De Tecamachalco,15000000,MXN,"Fuente De La Juventud, Lomas De Tecamachalco, Naucalpan, Estado De México",380 m² construidos,4 recámaras,4 baños,https://departamento.mercadolibre.com.mx/MLM-2803825571-departamento-en-venta-en-lomas-de-tecamachalco-_JM,https://http2.mlstatic.com/D_NQ_NP_2X_760551-MLM109112221513_032026-E.webp,NAUCALPAN
"Venta Departamento En Tiara, Tecamachalco (l)",12500000,MXN,"Venta Departamento EN Tiara, Tecamachalco (l,d), Lomas De Tecamachalco, Naucalpan, Estado De México",244 m² de terreno,3 recámaras,3 baños,https://departamento.mercadolibre.com.mx/MLM-4980244860-venta-departamento-en-tiara-tecamachalco-l-_JM,https://http2.mlstatic.com/D_NQ_NP_2X_853691-MLM108446331179_032026-E.webp,NAUCALPAN
Departamento Garden House En Venta En Tecamachalco,15900000,MXN,"Lomas De Tecamachalco, Naucalpan, Estado De México",450 m² construidos,3 recámaras,3 baños,https://departamento.mercadolibre.com.mx/MLM-5132956380-departamento-garden-house-en-venta-en-tecamachalco-_JM,https://http2.mlstatic.com/D_NQ_NP_2X_694863-MLM94800303898_102025-E.webp,NAUCALPAN
Departamento Exterior Con Baclones Y Roof Privado En Fuente De Acueducto,9900000,MXN,"Lomas De Tecamachalco, Naucalpan, Estado De México",172 m² construidos,3 recámaras,3 baños,https://departamento.mercadolibre.com.mx/MLM-2848196101-departamento-exterior-con-baclones-y-roof-privado-en-fuente-de-acueducto-_JM,https://http2.mlstatic.com/D_NQ_NP_2X_659862-MLM109283209196_042026-E.webp,NAUCALPAN
Venta De Departamentos En Ciudad Brisas,4600000,MXN,"Ciudad Brisa, Naucalpan, Estado De México",125 m² construidos,3 recámaras,2 baños,https://departamento.mercadolibre.com.mx/MLM-3045822325-venta-de-departamentos-en-ciudad-brisas-_JM,https://http2.mlstatic.com/D_NQ_NP_2X_734951-MLM112555349244_062026-E.webp,NAUCALPAN
Amplio Departamento En Alpinia Lomas Verdes,8150000,MXN,"Lomas Verdes (Conjunto Lomas Verdes), Naucalpan, Estado De México",186 m² construidos,3 recámaras,3 baños,https://departamento.mercadolibre.com.mx/MLM-3208441289-amplio-departamento-en-alpinia-lomas-verdes-_JM,https://http2.mlstatic.com/D_NQ_NP_2X_685713-MLM113947931098_072026-E.webp,NAUCALPAN
"Departamento Moderno Con Terraza Y Roof Privado En Fuentes De Pisa, Tecamachalco",14690000,MXN,"Lomas De Tecamachalco, Naucalpan, Estado De México",265 m² construidos,3 recámaras,3 baños,https://departamento.mercadolibre.com.mx/MLM-5147799792-departamento-moderno-con-terraza-y-roof-privado-en-fuentes-de-pisa-tecamachalco-_JM,https://http2.mlstatic.com/D_NQ_NP_2X_614491-MLM109283209124_042026-E.webp,NAUCALPAN
"Departamento Moderno Con Terraza Y Roof Privado, Lomas De Tecamachalco",14150000,MXN,"Lomas De Tecamachalco, Naucalpan, Estado De México",265 m² construidos,3 recámaras,3 baños,https://departamento.mercadolibre.com.mx/MLM-2848184235-departamento-moderno-con-terraza-y-roof-privado-lomas-de-tecamachalco-_JM,https://http2.mlstatic.com/D_NQ_NP_2X_998960-MLM110135199985_042026-E.webp,NAUCALPAN
"Departamento Residencial Con Terraza Y Roof Privado, Lomas De Tecamachalco",14700000,MXN,"Lomas De Tecamachalco, Naucalpan, Estado De México",260 m² construidos,3 recámaras,4 baños,https://departamento.mercadolibre.com.mx/MLM-2848184231-departamento-residencial-con-terraza-y-roof-privado-lomas-de-tecamachalco-_JM,https://http2.mlstatic.com/D_NQ_NP_2X_827488-MLM110135199887_042026-E.webp,NAUCALPAN
Tecamachalco! Torre Manhatan ! Venta (b),11200000,MXN,"Lomas De Tecamachalco, Naucalpan, Estado De México",280 m² construidos,2 recámaras,2 baños,https://departamento.mercadolibre.com.mx/MLM-3058162603-tecamachalco-torre-manhatan-venta-b-_JM,https://http2.mlstatic.com/D_NQ_NP_2X_768663-MLM88651806525_072025-E.webp,NAUCALPAN
"Gran Departamento En Venta  El Ducal, Bosque Real  320 M2 + Bodega | Precio: $10,900,000 Mxn",10900000,MXN,"El Ducal, MZ 1 - 300, Bosque Real, Naucalpan De Juárez, Estado De México, Naucalpan",320 m² construidos,3 recámaras,3 baños,https://departamento.mercadolibre.com.mx/MLM-2763332569-gran-departamento-en-venta-el-ducal-bosque-real-320-m2-bodega-precio-10900000-mxn-_JM,https://http2.mlstatic.com/D_NQ_NP_2X_996586-MLM108126725211_032026-E.webp,NAUCALPAN
"Venta Departamento En, Alce Blanco, Toreo, Periferico Norte",5214000,MXN,"Industrial Alce Blanco, Naucalpan, Estado De México",100 m² construidos,3 recámaras,3 baños,https://departamento.mercadolibre.com.mx/MLM-2619599603-venta-departamento-en-alce-blanco-toreo-periferico-norte-_JM,https://http2.mlstatic.com/D_NQ_NP_2X_765754-MLM113402094400_072026-E.webp,NAUCALPAN
Departamento Moderno Con Terraza Y Roof Privado En Lomas De Tecamachalco,14550000,MXN,"Lomas De Tecamachalco, Naucalpan, Estado De México",265 m² construidos,3 recámaras,4 baños,https://departamento.mercadolibre.com.mx/MLM-5330578410-departamento-moderno-con-terraza-y-roof-privado-en-lomas-de-tecamachalco-_JM,https://http2.mlstatic.com/D_NQ_NP_2X_855842-MLM110640692798_052026-E.webp,NAUCALPAN
"Departamento Moderno Con Terraza Y Roof Privado En Fuentes De Pisa, Tecamachalco",14650000,MXN,"Lomas De Tecamachalco, Naucalpan, Estado De México",265 m² construidos,3 recámaras,3 baños,https://departamento.mercadolibre.com.mx/MLM-5148097752-departamento-moderno-con-terraza-y-roof-privado-en-fuentes-de-pisa-tecamachalco-_JM,https://http2.mlstatic.com/D_NQ_NP_2X_985281-MLM111590617413_052026-E.webp,NAUCALPAN
Venta De Excelente Departamento En Tecamachalco (d),9500000,MXN,"Venta De Excelente Departamento En Tecamachalco (D), Lomas De Tecamachalco, Naucalpan, Estado De México",240 m² construidos,3 recámaras,2 baños,https://departamento.mercadolibre.com.mx/MLM-4980245024-venta-de-excelente-departamento-en-tecamachalco-d-_JM,https://http2.mlstatic.com/D_NQ_NP_2X_818566-MLM107706918202_032026-E.webp,NAUCALPAN
Departamento En Lomas De Tecamachalco,14000000,MXN,"Venta DE Departamento Fuente DE Aguilas (D), Lomas De Tecamachalco, Naucalpan, Estado De México",392 m² de terreno,3 recámaras,3 baños,https://departamento.mercadolibre.com.mx/MLM-4980244910-departamento-en-lomas-de-tecamachalco-_JM,https://http2.mlstatic.com/D_NQ_NP_2X_930530-MLM107706885860_032026-E.webp,NAUCALPAN
Venta Ph De Lujo Lomas De Tecamachalco Con Amplia Terraza,14470000,MXN,"Venta PH De Lujo Lomas De Tecamachalco Con Amplia Terraza  (D), Lomas De Tecamachalco, Naucalpan, Estado De México",400 m² de terreno,3 recámaras,3 baños,https://departamento.mercadolibre.com.mx/MLM-4980030706-venta-ph-de-lujo-lomas-de-tecamachalco-con-amplia-terraza-_JM,https://http2.mlstatic.com/D_NQ_NP_2X_601513-MLM108446329309_032026-E.webp,NAUCALPAN
Departamento En Venta En Lomas Country Club,18000000,MXN,"Country Club, Naucalpan, Estado De México",360 m² construidos,4 recámaras,4 baños,https://departamento.mercadolibre.com.mx/MLM-2755484347-departamento-en-venta-en-lomas-country-club-_JM,https://http2.mlstatic.com/D_NQ_NP_2X_600332-MLM107812920571_022026-E.webp,NAUCALPAN
Exclusivos Departamentos De Lujo En Venta Zona Poniente Cdmx,4549000,MXN,"Ricardo Flores Magón, Naucalpan, Estado De México",85 m² construidos,2 recámaras,2 baños,https://departamento.mercadolibre.com.mx/MLM-5179469194-exclusivos-departamentos-de-lujo-en-venta-zona-poniente-cdmx-_JM,https://http2.mlstatic.com/D_NQ_NP_2X_936721-MLM91045674945_082025-E.webp,NAUCALPAN
Departamento En Venta En Interlomas,13600000,MXN,"Country Club, Naucalpan, Estado De México",216 m² construidos,3 recámaras,3 baños,https://departamento.mercadolibre.com.mx/MLM-5830906698-departamento-en-venta-en-interlomas-_JM,https://http2.mlstatic.com/D_NQ_NP_2X_659024-MLM115243786389_072026-E.webp,NAUCALPAN
Venta De Departamento Con Terraza En Tecamachalco,15154500,MXN,"Lomas De Tecamachalco, Naucalpan, Estado De México",310 m² construidos,3 recámaras,3 baños,https://departamento.mercadolibre.com.mx/MLM-3081326755-venta-de-departamento-con-terraza-en-tecamachalco-_JM,https://http2.mlstatic.com/D_NQ_NP_2X_617943-MLM114129882863_072026-E.webp,NAUCALPAN
Departamento De Lujo,11150000,MXN,"Lomas Verdes 6a Sección, Naucalpan, Estado De México",266 m² construidos,3 recámaras,2 baños,https://departamento.mercadolibre.com.mx/MLM-3081300831-departamento-de-lujo-_JM,https://http2.mlstatic.com/D_NQ_NP_2X_875999-MLM114129875623_072026-E.webp,NAUCALPAN
Departamento Remodelado Con Amenidades En Tecamachalco,9500000,MXN,"Lomas De Tecamachalco, Naucalpan, Estado De México",236 m² construidos,3 recámaras,2 baños,https://departamento.mercadolibre.com.mx/MLM-5617060592-departamento-remodelado-con-amenidades-en-tecamachalco-_JM,https://http2.mlstatic.com/D_NQ_NP_2X_772926-MLM112817745482_072026-E.webp,NAUCALPAN
Penthouse En Venta En Alta Vitta Lomas Verdes,14400000,MXN,"Lomas Verdes 1a Secc., Naucalpan, Estado De México",357 m² construidos,3 recámaras,3 baños,https://departamento.mercadolibre.com.mx/MLM-5609881610-penthouse-en-venta-en-alta-vitta-lomas-verdes-_JM,https://http2.mlstatic.com/D_NQ_NP_2X_943985-MLM113969586421_062026-E.webp,NAUCALPAN
Precioso Departamento En Venta En Lomas Country Club,17500000,MXN,"Country Club, Naucalpan, Estado De México",355 m² construidos,4 recámaras,4 baños,https://departamento.mercadolibre.com.mx/MLM-3050825287-precioso-departamento-en-venta-en-lomas-country-club-_JM,https://http2.mlstatic.com/D_NQ_NP_2X_664331-MLM113779806361_062026-E.webp,NAUCALPAN
Departamento De Lujo En Tecamachalco Ev01,9900000,MXN,"Lomas De Tecamachalco, Naucalpan, Estado De México",200 m² construidos,3 recámaras,3 baños,https://departamento.mercadolibre.com.mx/MLM-5107177308-departamento-de-lujo-en-tecamachalco-ev01-_JM,https://http2.mlstatic.com/D_NQ_NP_2X_814110-MLM109885575909_032026-E.webp,NAUCALPAN
Departamento En Venta,3550000,MXN,"De Los Tarascos 54, Santa Cruz Acatlan, Naucalpan, Estado De México",100 m² construidos,3 recámaras,2 baños,https://departamento.mercadolibre.com.mx/MLM-5449378546-departamento-en-venta-_JM,https://http2.mlstatic.com/D_NQ_NP_2X_689453-MLM112689057867_062026-E.webp,NAUCALPAN
Departamento Para Estrenar En Tecamachalco,12900000,MXN,"Lomas De Tecamachalco, Naucalpan, Estado De México",344 m² construidos,3 recámaras,3 baños,https://departamento.mercadolibre.com.mx/MLM-5617110440-departamento-para-estrenar-en-tecamachalco-_JM,https://http2.mlstatic.com/D_NQ_NP_2X_927518-MLM114263603842_082026-E.webp,NAUCALPAN
"Venta Departamento A Estrenar Fuente De Diana, Tecamachalco",8000000,MXN,"Lomas De Tecamachalco, Naucalpan, Estado De México",230 m² construidos,3 recámaras,3 baños,https://departamento.mercadolibre.com.mx/MLM-2985321369-venta-departamento-a-estrenar-fuente-de-diana-tecamachalco-_JM,https://http2.mlstatic.com/D_NQ_NP_2X_785528-MLM112817688109_062026-E.webp,NAUCALPAN
Vendo Departamento  En Frondoso Ii,17800000,MXN,"Country Club, Naucalpan, Estado De México",350 m² construidos,3 recámaras,3 baños,https://departamento.mercadolibre.com.mx/MLM-5258978952-vendo-departamento-en-frondoso-ii-_JM,https://http2.mlstatic.com/D_NQ_NP_2X_907360-MLM111005599241_042026-E.webp,NAUCALPAN
Estrena Departamento De Lujo En Tecamachalco Ev,9900000,MXN,"Lomas De Tecamachalco, Naucalpan, Estado De México",200 m² construidos,3 recámaras,3 baños,https://departamento.mercadolibre.com.mx/MLM-5058528770-estrena-departamento-de-lujo-en-tecamachalco-ev-_JM,https://http2.mlstatic.com/D_NQ_NP_2X_927885-MLM108494281434_032026-E.webp,NAUCALPAN
Departamento De Lujo En Tecamachalco Ev,9900000,MXN,"Lomas De Tecamachalco, Naucalpan, Estado De México",200 m² construidos,3 recámaras,3 baños,https://departamento.mercadolibre.com.mx/MLM-2795105527-departamento-de-lujo-en-tecamachalco-ev-_JM,https://http2.mlstatic.com/D_NQ_NP_2X_771321-MLM108887456205_032026-E.webp,NAUCALPAN
Departamento En Venta En Lomas De Sotelo Naucalpan,15000000,MXN,"Calzada Transmisiones Militares, Lomas De Sotelo, Naucalpan, Estado De México",450 m² construidos,15 recámaras,7 baños,https://departamento.mercadolibre.com.mx/MLM-5802950980-departamento-en-venta-en-lomas-de-sotelo-naucalpan-_JM,https://http2.mlstatic.com/D_NQ_NP_2X_877803-MLM71976548679_092023-E.webp,NAUCALPAN
"Venta Departamento Con Terraza, Tecamachalco, Naucalpan, Estado De México.",15950000,MXN,"Lomas De Tecamachalco, Naucalpan, Estado De México",367 m² construidos,3 recámaras,3 baños,https://departamento.mercadolibre.com.mx/MLM-2788178973-venta-departamento-con-terraza-tecamachalco-naucalpan-estado-de-mexico-_JM,https://http2.mlstatic.com/D_NQ_NP_2X_868015-MLM113688562584_072026-E.webp,NAUCALPAN
"Venta De Departamentos Nuevos En, Las Américas.",6620570,MXN,"Av. México, Las Américas, Naucalpan, Estado De México",148 m² construidos,2 recámaras,2 baños,https://departamento.mercadolibre.com.mx/MLM-5332302078-venta-de-departamentos-nuevos-en-las-americas-_JM,https://http2.mlstatic.com/D_NQ_NP_2X_817396-MLM110655178692_052026-E.webp,NAUCALPAN
Departamento En Venta En Santa Cruz Del Monte,3400000,MXN,"Santa Cruz Del Monte, Santa Cruz Del Monte, Naucalpan, Estado De México",100 m² construidos,2 recámaras,1 baño,https://departamento.mercadolibre.com.mx/MLM-5262383752-departamento-en-venta-en-santa-cruz-del-monte-_JM,https://http2.mlstatic.com/D_NQ_NP_2X_774945-MLM111037739555_042026-E.webp,NAUCALPAN
Departamento Venta Lomas De Tecamachalco,19000000,MXN,"Lomas De Tecamachalco, Naucalpan, Estado De México",340 m² construidos,3 recámaras,3 baños,https://departamento.mercadolibre.com.mx/MLM-2962044373-departamento-venta-lomas-de-tecamachalco-_JM,https://http2.mlstatic.com/D_NQ_NP_2X_982490-MLM111297437016_052026-E.webp,NAUCALPAN
Espectacular Departamento En Muy Exclusivo Desarrollo De Lomas Country,23000000,MXN,"Country Club, Naucalpan, Estado De México",367 m² construidos,3 recámaras,4 baños,https://departamento.mercadolibre.com.mx/MLM-5781008656-espectacular-departamento-en-muy-exclusivo-desarrollo-de-lomas-country-_JM,https://http2.mlstatic.com/D_NQ_NP_2X_961849-MLM114977187349_072026-E.webp,NAUCALPAN
"Departamento Con Terrazas En Fuente De Acueducto (para Agosto 2026, Tecamachalco",10900000,MXN,"Lomas De Tecamachalco, Naucalpan, Estado De México",221 m² construidos,3 recámaras,3 baños,https://departamento.mercadolibre.com.mx/MLM-2937052527-departamento-con-terrazas-en-fuente-de-acueducto-para-agosto-2026-tecamachalco-_JM,https://http2.mlstatic.com/D_NQ_NP_2X_892151-MLM111800465985_052026-E.webp,NAUCALPAN
"Venta Departamento Cumbres Herradura Con Balcón $4,000,000",4000000,MXN,"Ricardo Flores Magón, Naucalpan, Estado De México",108 m² construidos,3 recámaras,2 baños,https://departamento.mercadolibre.com.mx/MLM-3096932947-venta-departamento-cumbres-herradura-con-balcon-4000000-_JM,https://http2.mlstatic.com/D_NQ_NP_2X_776358-MLM113037341104_072026-E.webp,NAUCALPAN
Estrena Departamento Ph En Tecamachalco,19345500,MXN,"Lomas De Tecamachalco, Naucalpan, Estado De México",474 m² construidos,3 recámaras,3 baños,https://departamento.mercadolibre.com.mx/MLM-2901265201-estrena-departamento-ph-en-tecamachalco-_JM,https://http2.mlstatic.com/D_NQ_NP_2X_649913-MLM110162441156_042026-E.webp,NAUCALPAN
Estrena Departamento En Tecamachalco,14746000,MXN,"Lomas De Tecamachalco, Naucalpan, Estado De México",305 m² construidos,3 recámaras,3 baños,https://departamento.mercadolibre.com.mx/MLM-2901265205-estrena-departamento-en-tecamachalco-_JM,https://http2.mlstatic.com/D_NQ_NP_2X_772397-MLM110162441188_042026-E.webp,NAUCALPAN
"Departamento En Venta, Tecamachalco Moderno, Buenos Acabados Con Amenidades",8990000,MXN,"Moderno, Buenos Acabados Con Amenidades, Lomas De Tecamachalco, Naucalpan, Estado De México",240 m² construidos,3 recámaras,2 baños,https://departamento.mercadolibre.com.mx/MLM-5099713712-departamento-en-venta-tecamachalco-moderno-buenos-acabados-con-amenidades-_JM,https://http2.mlstatic.com/D_NQ_NP_2X_941112-MLM109800282395_032026-E.webp,NAUCALPAN
Departamento En Venta En Tecamachalco Residencial Alegria Gh,8647600,MXN,"Lomas De Tecamachalco, Naucalpan, Estado De México",176 m² construidos,2 recámaras,2 baños,https://departamento.mercadolibre.com.mx/MLM-5385987626-departamento-en-venta-en-tecamachalco-residencial-alegria-gh-_JM,https://http2.mlstatic.com/D_NQ_NP_2X_951904-MLM111044154844_052026-E.webp,NAUCALPAN
Exclusivos Ph De Lujo En Venta Zona Poniente Cdmx,6349000,MXN,"Ricardo Flores Magón, Naucalpan, Estado De México",139 m² construidos,2 recámaras,2 baños,https://departamento.mercadolibre.com.mx/MLM-5179358134-exclusivos-ph-de-lujo-en-venta-zona-poniente-cdmx-_JM,https://http2.mlstatic.com/D_NQ_NP_2X_730209-MLM107062092352_022026-E.webp,NAUCALPAN
"Ph Interior Con Balcones Y Roof Privado En Fuente De Acueducto, Tecamachalco",10300000,MXN,"Lomas De Tecamachalco, Naucalpan, Estado De México",195 m² construidos,3 recámaras,3 baños,https://departamento.mercadolibre.com.mx/MLM-2848259541-ph-interior-con-balcones-y-roof-privado-en-fuente-de-acueducto-tecamachalco-_JM,https://http2.mlstatic.com/D_NQ_NP_2X_810677-MLM110641186572_052026-E.webp,NAUCALPAN
"Preventa Departamentos Lomas Verdes 6a Sección Desde $8,356,000",8356000,MXN,"Lomas Verdes 6a Sección, Naucalpan, Estado De México",143 m² construidos,2 recámaras,2 baños,https://departamento.mercadolibre.com.mx/MLM-5147813320-preventa-departamentos-lomas-verdes-6a-seccion-desde-8356000-_JM,https://http2.mlstatic.com/D_NQ_NP_2X_603040-MLM113589322522_072026-E.webp,NAUCALPAN
Excelente Departamento Ev En Renta Y Venta A Estrenar En Lomas De Tecamachalco,10000000,MXN,"Lomas De Tecamachalco, Naucalpan, Estado De México",191 m² construidos,3 recámaras,4 baños,https://departamento.mercadolibre.com.mx/MLM-5029711072-excelente-departamento-ev-en-renta-y-venta-a-estrenar-en-lomas-de-tecamachalco-_JM,https://http2.mlstatic.com/D_NQ_NP_2X_761858-MLM108958645909_032026-E.webp,NAUCALPAN
Venta De Exclusivo Departamento En  Lomas Country,16241600,MXN,"Boulevares, Naucalpan, Estado De México",307 m² construidos,3 recámaras,3 baños,https://departamento.mercadolibre.com.mx/MLM-2776068137-venta-de-exclusivo-departamento-en-lomas-country-_JM,https://http2.mlstatic.com/D_NQ_NP_2X_872531-MLM108436633001_032026-E.webp,NAUCALPAN
Departamento En Lomas De Tecamachalco,13500000,MXN,"SE Vende Departamento EN Fuentes DE LAS Aguilas Tecamachalco (L), Lomas De Tecamachalco, Naucalpan, Estado De México",336 m² de terreno,3 recámaras,3 baños,https://departamento.mercadolibre.com.mx/MLM-4980030960-departamento-en-lomas-de-tecamachalco-_JM,https://http2.mlstatic.com/D_NQ_NP_2X_932517-MLM107706873168_032026-E.webp,NAUCALPAN
Penthouse Con Rooftop Privado Y Terraza,19345500,MXN,"Lomas De Tecamachalco, Naucalpan, Estado De México",474 m² construidos,3 recámaras,3 baños,https://departamento.mercadolibre.com.mx/MLM-3081326751-penthouse-con-rooftop-privado-y-terraza-_JM,https://http2.mlstatic.com/D_NQ_NP_2X_633877-MLM114129907379_072026-E.webp,NAUCALPAN
"Residencial En Segundo Piso, Ubicado En Lomas De Tecamachalco",14750000,MXN,"Lomas De Tecamachalco, Naucalpan, Estado De México",260 m² construidos,3 recámaras,3 baños,https://departamento.mercadolibre.com.mx/MLM-5147728186-residencial-en-segundo-piso-ubicado-en-lomas-de-tecamachalco-_JM,https://http2.mlstatic.com/D_NQ_NP_2X_903833-MLM110135199671_042026-E.webp,NAUCALPAN
Venta Departamento En Tecamachalco,14545000,MXN,"Lomas De Tecamachalco, Naucalpan, Estado De México",311 m² construidos,3 recámaras,3 baños,https://departamento.mercadolibre.com.mx/MLM-5140232598-venta-departamento-en-tecamachalco-_JM,https://http2.mlstatic.com/D_NQ_NP_2X_724592-MLM110086403905_042026-E.webp,NAUCALPAN
Departamento En Venta En Lomas De Tecamachalco,20000000,MXN,"Lomas De Tecamachalco, Naucalpan, Estado De México",350 m² construidos,3 recámaras,3 baños,https://departamento.mercadolibre.com.mx/MLM-3058162839-departamento-en-venta-en-lomas-de-tecamachalco-_JM,https://http2.mlstatic.com/D_NQ_NP_2X_945916-MLM104054387078_012026-E.webp,NAUCALPAN
Puerta Grande Un Desarrollo Rodeado De Áreas Verdes,2971875,MXN,"Independencia 113, La Herradura, Naucalpan, Estado De México",63 m² construidos,,1 baño,https://departamento.mercadolibre.com.mx/MLM-5449635030-puerta-grande-un-desarrollo-rodeado-de-areas-verdes-_JM,https://http2.mlstatic.com/D_NQ_NP_2X_907158-MLM114182567727_072026-E.webp,NAUCALPAN
"Ph Interior Con Balcones Y Roof Privado En Fuente De Acueducto, Tecamachalco",10200000,MXN,"Lomas De Tecamachalco, Naucalpan, Estado De México",192 m² construidos,3 recámaras,3 baños,https://departamento.mercadolibre.com.mx/MLM-5147728224-ph-interior-con-balcones-y-roof-privado-en-fuente-de-acueducto-tecamachalco-_JM,https://http2.mlstatic.com/D_NQ_NP_2X_636448-MLM110135223819_042026-E.webp,NAUCALPAN
Excelente Departamento Ev En Venta A Estrenar En Lomas De Tecamachalco,10000000,MXN,"Lomas De Tecamachalco, Naucalpan, Estado De México",191 m² construidos,3 recámaras,4 baños,https://departamento.mercadolibre.com.mx/MLM-2795097289-excelente-departamento-ev-en-venta-a-estrenar-en-lomas-de-tecamachalco-_JM,https://http2.mlstatic.com/D_NQ_NP_2X_726801-MLM108110194984_032026-E.webp,NAUCALPAN
Departamento Recien Remodelado En Venta Nua Interlomas,7099000,MXN,"Lomas De Tecamachalco, Naucalpan, Estado De México",81 m² construidos,2 recámaras,2 baños,https://departamento.mercadolibre.com.mx/MLM-2735777147-departamento-recien-remodelado-en-venta-nua-interlomas-_JM,https://http2.mlstatic.com/D_NQ_NP_2X_672863-MLM115414366839_082026-E.webp,NAUCALPAN
"Departamentos De Lujo En Pre-venta Desde $7,400,000",7000000,MXN,"Lomas De Tecamachalco, Naucalpan, Estado De México",173 m² construidos,3 recámaras,3 baños,https://departamento.mercadolibre.com.mx/MLM-2996755267-departamentos-de-lujo-en-pre-venta-desde-7400000-_JM,https://http2.mlstatic.com/D_NQ_NP_2X_696221-MLM111886155614_062026-E.webp,NAUCALPAN
"Departamento Con  Balcones, Terraza Y Roof Privado En Lomas De Tecamachalco",14500000,MXN,"Lomas De Tecamachalco, Naucalpan, Estado De México",260 m² construidos,3 recámaras,4 baños,https://departamento.mercadolibre.com.mx/MLM-2924977239-departamento-con-balcones-terraza-y-roof-privado-en-lomas-de-tecamachalco-_JM,https://http2.mlstatic.com/D_NQ_NP_2X_621237-MLM110640052992_052026-E.webp,NAUCALPAN
Venta Departamento En Tecamachalco (et),14545000,MXN,"Lomas De Tecamachalco, Naucalpan, Estado De México",311 m² construidos,3 recámaras,3 baños,https://departamento.mercadolibre.com.mx/MLM-5430050668-venta-departamento-en-tecamachalco-et-_JM,https://http2.mlstatic.com/D_NQ_NP_2X_810611-MLM113671189427_062026-E.webp,NAUCALPAN
"Departamento En Venta, Tecamachalco Amplio, Remodelado Y Moderno",9990000,MXN,"Amplio, Remodelado Y Moderno, Lomas De Tecamachalco, Naucalpan, Estado De México",310 m² construidos,3 recámaras,3 baños,https://departamento.mercadolibre.com.mx/MLM-2831079343-departamento-en-venta-tecamachalco-amplio-remodelado-y-moderno-_JM,https://http2.mlstatic.com/D_NQ_NP_2X_920928-MLM109800321537_032026-E.webp,NAUCALPAN
Se Vende Ph  En El Fraccionamiento En  Lomas Del Rio En Minas (l),11500000,MXN,"SE Vende PH  EN EL Fraccionamiento EN  Lomas DEL RIO EN Minas (L), Naucalpan, Estado De México",390 m² de terreno,4 recámaras,4 baños,https://departamento.mercadolibre.com.mx/MLM-5174369838-se-vende-ph-en-el-fraccionamiento-en-lomas-del-rio-en-minas-l-_JM,https://http2.mlstatic.com/D_NQ_NP_2X_746603-MLM109492760384_042026-E.webp,NAUCALPAN
Fuente Del Pescador 274,16000000,MXN,"Lomas De Tecamachalco, Naucalpan, Estado De México",438 m² construidos,3 recámaras,3 baños,https://departamento.mercadolibre.com.mx/MLM-3071326465-fuente-del-pescador-274-_JM,https://http2.mlstatic.com/D_NQ_NP_2X_778576-MLM112811796368_072026-E.webp,NAUCALPAN
Pent-house En Venta Lomas Country Club,9000000,MXN,"Country Club, Naucalpan, Estado De México",318 m² construidos,3 recámaras,3 baños,https://departamento.mercadolibre.com.mx/MLM-2776077557-pent-house-en-venta-lomas-country-club-_JM,https://http2.mlstatic.com/D_NQ_NP_2X_921040-MLM112771063380_062026-E.webp,NAUCALPAN
Vendo Departamento En Tecamachalco Torre Manhattan,9250000,MXN,"Lomas De Tecamachalco, Naucalpan, Estado De México",300 m² construidos,3 recámaras,2 baños,https://departamento.mercadolibre.com.mx/MLM-5258978988-vendo-departamento-en-tecamachalco-torre-manhattan-_JM,https://http2.mlstatic.com/D_NQ_NP_2X_853491-MLM111005600423_042026-E.webp,NAUCALPAN
"Departamento En Venta, Tecamachalco Estrena Muy Bonitos Depas",10500000,MXN,"Estrena Bonitos Depas, Lomas De Tecamachalco, Naucalpan, Estado De México",221 m² construidos,3 recámaras,3 baños,https://departamento.mercadolibre.com.mx/MLM-5823032140-departamento-en-venta-tecamachalco-estrena-muy-bonitos-depas-_JM,https://http2.mlstatic.com/D_NQ_NP_2X_903969-MLM113896316616_072026-E.webp,NAUCALPAN
"Venta O Renta De Departamento, Torre Manhattan, Lomas De Tecamachalco, Edo.",11000000,MXN,"Lomas De Tecamachalco, Naucalpan, Estado De México",276 m² construidos,2 recámaras,3 baños,https://departamento.mercadolibre.com.mx/MLM-5665570684-venta-o-renta-de-departamento-torre-manhattan-lomas-de-tecamachalco-edo-_JM,https://http2.mlstatic.com/D_NQ_NP_2X_814767-MLM113070725106_072026-E.webp,NAUCALPAN
Departamento Grande En Tecamachalco,13800000,MXN,"Lomas De Tecamachalco, Naucalpan, Estado De México",500 m² construidos,5 recámaras,4 baños,https://departamento.mercadolibre.com.mx/MLM-5617060596-departamento-grande-en-tecamachalco-_JM,https://http2.mlstatic.com/D_NQ_NP_2X_764122-MLM112817745646_072026-E.webp,NAUCALPAN
Excelentes Departamentos Preventa 2028 Tecamachalco,4794000,MXN,"Lomas De Tecamachalco, Naucalpan, Estado De México",120 m² construidos,2 recámaras,2 baños,https://departamento.mercadolibre.com.mx/MLM-5617110480-excelentes-departamentos-preventa-2028-tecamachalco-_JM,https://http2.mlstatic.com/D_NQ_NP_2X_832237-MLM114014898909_072026-E.webp,NAUCALPAN
Departamento En Venta En Tecamachalco,8700000,MXN,"Lomas De Tecamachalco, Naucalpan, Estado De México",220 m² construidos,3 recámaras,2 baños,https://departamento.mercadolibre.com.mx/MLM-5786268336-departamento-en-venta-en-tecamachalco-_JM,https://http2.mlstatic.com/D_NQ_NP_2X_717110-MLM115000011939_072026-E.webp,NAUCALPAN
Penthouse En Venta En La Herradura,11490000,MXN,"Independencia, Naucalpan, Estado De México",356 m² construidos,5 recámaras,5 baños,https://departamento.mercadolibre.com.mx/MLM-3081300677-penthouse-en-venta-en-la-herradura-_JM,https://http2.mlstatic.com/D_NQ_NP_2X_660633-MLM114129795733_072026-E.webp,NAUCALPAN
Vendo Departamento En Frondoso Ii,18000000,MXN,"Country Club, Naucalpan, Estado De México",397 m² construidos,2 recámaras,2 baños,https://departamento.mercadolibre.com.mx/MLM-5366358772-vendo-departamento-en-frondoso-ii-_JM,https://http2.mlstatic.com/D_NQ_NP_2X_646688-MLM115538658229_082026-E.webp,NAUCALPAN
"Ph Exterior Con Balcones Y Roof Privado En Fuente De Acueducto, Tecamachalco",10200000,MXN,"Lomas De Tecamachalco, Naucalpan, Estado De México",192 m² construidos,3 recámaras,3 baños,https://departamento.mercadolibre.com.mx/MLM-5147799798-ph-exterior-con-balcones-y-roof-privado-en-fuente-de-acueducto-tecamachalco-_JM,https://http2.mlstatic.com/D_NQ_NP_2X_757734-MLM110135200587_042026-E.webp,NAUCALPAN
"Venta De Departamento Con Terraza, Lomas De Tecamachalco, Estado De México.",12900000,MXN,"Lomas De Tecamachalco, Naucalpan, Estado De México",339 m² construidos,3 recámaras,3 baños,https://departamento.mercadolibre.com.mx/MLM-3233318287-venta-de-departamento-con-terraza-lomas-de-tecamachalco-estado-de-mexico-_JM,https://http2.mlstatic.com/D_NQ_NP_2X_625008-MLM113995222004_072026-E.webp,NAUCALPAN
"Departamento Moderno Con Terraza Y Roof Privado En Fuentes De Pisa, Tecamachalco",15000000,MXN,"Lomas De Tecamachalco, Naucalpan, Estado De México",265 m² construidos,3 recámaras,3 baños,https://departamento.mercadolibre.com.mx/MLM-2848197325-departamento-moderno-con-terraza-y-roof-privado-en-fuentes-de-pisa-tecamachalco-_JM,https://http2.mlstatic.com/D_NQ_NP_2X_875430-MLM109283302772_042026-E.webp,NAUCALPAN
"Departamento Con Terraza Envolvente, Sala De Tv, Cuarto De S",28120000,MXN,"Paseos Del Bosque, Naucalpan, Estado De México",588 m² construidos,3 recámaras,3 baños,https://departamento.mercadolibre.com.mx/MLM-5297385538-departamento-con-terraza-envolvente-sala-de-tv-cuarto-de-s-_JM,https://http2.mlstatic.com/D_NQ_NP_2X_832535-MLM69317565532_052023-E.webp,NAUCALPAN
"Departamento Con Terraza, De Servicio Con Baño, Alberca, Gim",15410000,MXN,"Paseos Del Bosque, Naucalpan, Estado De México",246 m² construidos,3 recámaras,3 baños,https://departamento.mercadolibre.com.mx/MLM-2880796583-departamento-con-terraza-de-servicio-con-bano-alberca-gim-_JM,https://http2.mlstatic.com/D_NQ_NP_2X_940975-MLM69324707167_052023-E.webp,NAUCALPAN
Se Vende Amplio Departamento En Lomas De Tecamachalco (v),6800000,MXN,"Lomas De Tecamachalco, Naucalpan, Estado De México",230 m² construidos,3 recámaras,2 baños,https://departamento.mercadolibre.com.mx/MLM-3058402809-se-vende-amplio-departamento-en-lomas-de-tecamachalco-v-_JM,https://http2.mlstatic.com/D_NQ_NP_2X_616818-MLM82040183937_012025-E.webp,NAUCALPAN
"Penthouse En 2 Niveles En Fuente De Pirámides, Lomas De Tecamachalco",17500000,MXN,"Lomas De Tecamachalco, Naucalpan, Estado De México",591 m² construidos,3 recámaras,3 baños,https://departamento.mercadolibre.com.mx/MLM-2929363247-penthouse-en-2-niveles-en-fuente-de-piramides-lomas-de-tecamachalco-_JM,https://http2.mlstatic.com/D_NQ_NP_2X_999851-MLM111649929299_052026-E.webp,NAUCALPAN
Hermoso Departamento En Venta En Tecamachalco,11000000,MXN,"Lomas De Tecamachalco, Naucalpan, Estado De México",200 m² construidos,3 recámaras,3 baños,https://departamento.mercadolibre.com.mx/MLM-2776008923-hermoso-departamento-en-venta-en-tecamachalco-_JM,https://http2.mlstatic.com/D_NQ_NP_2X_986875-MLM113773986227_062026-E.webp,NAUCALPAN
Departamento Con Amenidades Tecamachalco,11500000,MXN,"Lomas De Tecamachalco, Naucalpan, Estado De México",274 m² construidos,3 recámaras,3 baños,https://departamento.mercadolibre.com.mx/MLM-3071882539-departamento-con-amenidades-tecamachalco-_JM,https://http2.mlstatic.com/D_NQ_NP_2X_657479-MLM112817707540_072026-E.webp,NAUCALPAN
Departamento En Venta En Lomas De Tecamachalco,10500000,MXN,"Lomas De Tecamachalco, Naucalpan, Estado De México",191 m² construidos,3 recámaras,3 baños,https://departamento.mercadolibre.com.mx/MLM-2750035783-departamento-en-venta-en-lomas-de-tecamachalco-_JM,https://http2.mlstatic.com/D_NQ_NP_2X_936807-MLM106913917526_022026-E.webp,NAUCALPAN
Departamento En Naucalpan De Juárez Con 4 Estacionamientos,28179100,MXN,"Av. Vista Real 14, Naucalpan, Estado De México",473 m² de terreno,3 recámaras,3 baños,https://departamento.mercadolibre.com.mx/MLM-5602552052-departamento-en-naucalpan-de-juarez-con-4-estacionamientos-_JM,https://http2.mlstatic.com/D_NQ_NP_2X_710531-MLM112729435716_062026-E.webp,NAUCALPAN
Departamento - Lomas De Tecamachalco,10500000,MXN,"Fuente De Molinos Oportunidad, Lomas De Tecamachalco, Naucalpan, Estado De México",330 m² construidos,3 recámaras,3 baños,https://departamento.mercadolibre.com.mx/MLM-3201538749-departamento-lomas-de-tecamachalco-_JM,https://http2.mlstatic.com/D_NQ_NP_2X_960137-MLM115203468483_072026-E.webp,NAUCALPAN
"Departamento En Venta, En Lomas De Tecamachalco, Naucalpan",10499000,MXN,"Fuente De Molinos, Lomas De Tecamachalco, Naucalpan, Estado De México",300 m² construidos,3 recámaras,4 baños,https://departamento.mercadolibre.com.mx/MLM-5802960002-departamento-en-venta-en-lomas-de-tecamachalco-naucalpan-_JM,https://http2.mlstatic.com/D_NQ_NP_2X_830072-MLM78191914582_082024-E.webp,NAUCALPAN
Venta De Departamento En Tecamachalco,8500000,MXN,"Lomas De Tecamachalco, Naucalpan, Estado De México",173 m² construidos,3 recámaras,4 baños,https://departamento.mercadolibre.com.mx/MLM-3183288923-venta-de-departamento-en-tecamachalco-_JM,https://http2.mlstatic.com/D_NQ_NP_2X_945768-MLM113737893506_072026-E.webp,NAUCALPAN
Casa En Venta Lomas De Tecamachalco  (et),23000000,MXN,"Lomas De Tecamachalco, Naucalpan, Estado De México",560 m² construidos,4 recámaras,4 baños,https://departamento.mercadolibre.com.mx/MLM-5430152976-casa-en-venta-lomas-de-tecamachalco-et-_JM,https://http2.mlstatic.com/D_NQ_NP_2X_965951-MLM112503176994_062026-E.webp,NAUCALPAN
Venta Departamento Tecamachalco Con Terraza  Nuevo Aaa,11500000,MXN,"Lomas De Tecamachalco, Naucalpan, Estado De México",280 m² construidos,3 recámaras,3 baños,https://departamento.mercadolibre.com.mx/MLM-2941045145-venta-departamento-tecamachalco-con-terraza-nuevo-aaa-_JM,https://http2.mlstatic.com/D_NQ_NP_2X_847534-MLM111877051601_052026-E.webp,NAUCALPAN
Vendo Departamento En Tecamachalco,7200000,MXN,"Lomas De Tecamachalco, Naucalpan, Estado De México",230 m² construidos,3 recámaras,3 baños,https://departamento.mercadolibre.com.mx/MLM-5258966130-vendo-departamento-en-tecamachalco-_JM,https://http2.mlstatic.com/D_NQ_NP_2X_652813-MLM111005604085_042026-E.webp,NAUCALPAN
Departamento En Venta En Tecamachalco,13000000,MXN,"Lomas De Tecamachalco, Naucalpan, Estado De México",339 m² construidos,3 recámaras,3 baños,https://departamento.mercadolibre.com.mx/MLM-3113623541-departamento-en-venta-en-tecamachalco-_JM,https://http2.mlstatic.com/D_NQ_NP_2X_722482-MLM113147468728_072026-E.webp,NAUCALPAN
Departamento En Tecamachalco Con Terraza,14545000,MXN,"Lomas De Tecamachalco, Naucalpan, Estado De México",310 m² construidos,3 recámaras,3 baños,https://departamento.mercadolibre.com.mx/MLM-3081326757-departamento-en-tecamachalco-con-terraza-_JM,https://http2.mlstatic.com/D_NQ_NP_2X_880965-MLM114129882985_072026-E.webp,NAUCALPAN
Departamento En Country Club Con Balcón,15768700,MXN,"Av Vista Real 14, Naucalpan, Estado De México",291 m² de terreno,3 recámaras,3 baños,https://departamento.mercadolibre.com.mx/MLM-5602563110-departamento-en-country-club-con-balcon-_JM,https://http2.mlstatic.com/D_NQ_NP_2X_663033-MLM112729436206_062026-E.webp,NAUCALPAN
"Departamento A Estrenar, A 15 Minutos De Polanco, Naucalpan De Juárez",5149000,MXN,"Cam. Arenero 150, MZ 049, Miramar, Naucalpan De Juárez, Río Hondo, Naucalpan, Estado De México",97 m² construidos,3 recámaras,2 baños,https://departamento.mercadolibre.com.mx/MLM-5016719790-departamento-a-estrenar-a-15-minutos-de-polanco-naucalpan-de-juarez-_JM,https://http2.mlstatic.com/D_NQ_NP_2X_920087-MLM108047771182_032026-E.webp,NAUCALPAN
Departamento En Venta En Lomas De Tecamachalco,10300000,MXN,"Lomas De Tecamachalco, Naucalpan, Estado De México",197 m² construidos,3 recámaras,3 baños,https://departamento.mercadolibre.com.mx/MLM-2877473863-departamento-en-venta-en-lomas-de-tecamachalco-_JM,https://http2.mlstatic.com/D_NQ_NP_2X_770033-MLM115210194897_072026-E.webp,NAUCALPAN
"Departamento En Venta, Tecamachalco Bonito Con Gran Terraza",10500000,MXN,"Bonito Con Gran Terraza, Lomas De Tecamachalco, Naucalpan, Estado De México",250 m² construidos,3 recámaras,3 baños,https://departamento.mercadolibre.com.mx/MLM-5099713736-departamento-en-venta-tecamachalco-bonito-con-gran-terraza-_JM,https://http2.mlstatic.com/D_NQ_NP_2X_904631-MLM109800313319_032026-E.webp,NAUCALPAN
"Venta De Departamento En Fuente De Acuario, Tecamachalco, Naucalpan",14000000,MXN,"Lomas De Tecamachalco, Naucalpan, Estado De México",367 m² construidos,3 recámaras,3 baños,https://departamento.mercadolibre.com.mx/MLM-3233365421-venta-de-departamento-en-fuente-de-acuario-tecamachalco-naucalpan-_JM,https://http2.mlstatic.com/D_NQ_NP_2X_846045-MLM115311188531_072026-E.webp,NAUCALPAN
Departamento En Venta En Lomas De Tecamachalco,8500000,MXN,"Avenida De Las Fuentes, Lomas De Tecamachalco, Naucalpan, Estado De México",295 m² construidos,3 recámaras,2 baños,https://departamento.mercadolibre.com.mx/MLM-5071767354-departamento-en-venta-en-lomas-de-tecamachalco-_JM,https://http2.mlstatic.com/D_NQ_NP_2X_940898-MLM108657785142_032026-E.webp,NAUCALPAN
"Departamento En Venta, Tecamachalco Oportunidad Para Remodelar, El Mejor Residencial De La Zona",9500000,MXN,"Oportunidad Para Remodelar, El Mejor Residencial De La Zona, Lomas De Tecamachalco, Naucalpan, Estado De México",420 m² construidos,3 recámaras,3 baños,https://departamento.mercadolibre.com.mx/MLM-5099514480-departamento-en-venta-tecamachalco-oportunidad-para-remodelar-el-mejor-residencial-de-la-zona-_JM,https://http2.mlstatic.com/D_NQ_NP_2X_938896-MLM109800255899_032026-E.webp,NAUCALPAN
Venta De Departamento,2400000,MXN,"Calle Volador, Lomas Verdes 5a Sección (La Concordia), Naucalpan, Estado De México",70 m² construidos,3 recámaras,1 baño,https://departamento.mercadolibre.com.mx/MLM-2999602855-venta-de-departamento-_JM,https://http2.mlstatic.com/D_NQ_NP_2X_827008-MLM111928464944_062026-E.webp,NAUCALPAN
Baja De Precio Departamento En Venta Lomas De Tecamachalco  (et),11980000,MXN,"Lomas De Tecamachalco, Naucalpan, Estado De México",370 m² construidos,3 recámaras,3 baños,https://departamento.mercadolibre.com.mx/MLM-3005753251-baja-de-precio-departamento-en-venta-lomas-de-tecamachalco-et-_JM,https://http2.mlstatic.com/D_NQ_NP_2X_824795-MLM112502367228_062026-E.webp,NAUCALPAN
"Departamento Interior Con Vistas, Balcon Y Roof Privado En Lomas De Tecamachalco",10000000,MXN,"Lomas De Tecamachalco, Naucalpan, Estado De México",180 m² construidos,3 recámaras,3 baños,https://departamento.mercadolibre.com.mx/MLM-5147799800-departamento-interior-con-vistas-balcon-y-roof-privado-en-lomas-de-tecamachalco-_JM,https://http2.mlstatic.com/D_NQ_NP_2X_939142-MLM110135200703_042026-E.webp,NAUCALPAN
Venta Departamentos En Tecamachalco Cerca Bosques De La Lomas,9678000,MXN,"Lomas De Tecamachalco, Naucalpan, Estado De México",190 m² construidos,2 recámaras,2 baños,https://departamento.mercadolibre.com.mx/MLM-5258966090-venta-departamentos-en-tecamachalco-cerca-bosques-de-la-lomas-_JM,https://http2.mlstatic.com/D_NQ_NP_2X_692066-MLM111005629479_042026-E.webp,NAUCALPAN
Departamento En Venta Lomas De Tecamachalco,8500000,MXN,"Lomas De Tecamachalco, Naucalpan, Estado De México",220 m² construidos,3 recámaras,3 baños,https://departamento.mercadolibre.com.mx/MLM-5281621366-departamento-en-venta-lomas-de-tecamachalco-_JM,https://http2.mlstatic.com/D_NQ_NP_2X_890897-MLM98031958048_112025-E.webp,NAUCALPAN
Departamento En Venta En Tecamachalco Gh,17000000,MXN,"Lomas De Tecamachalco, Naucalpan, Estado De México",434 m² construidos,3 recámaras,3 baños,https://departamento.mercadolibre.com.mx/MLM-5385923056-departamento-en-venta-en-tecamachalco-gh-_JM,https://http2.mlstatic.com/D_NQ_NP_2X_813688-MLM111044287574_052026-E.webp,NAUCALPAN
Departamento En Venta En Lomas De Tecamachalco,12647000,MXN,"Lomas De Tecamachalco, Naucalpan, Estado De México",328 m² construidos,3 recámaras,3 baños,https://departamento.mercadolibre.com.mx/MLM-2750165171-departamento-en-venta-en-lomas-de-tecamachalco-_JM,https://http2.mlstatic.com/D_NQ_NP_2X_870410-MLM106913941116_022026-E.webp,NAUCALPAN
"Departamento En Venta En Lomas De Tecamachalco, Naucalpan, Edo. Méx.",6800000,MXN,"Fuente De La Templanza, Lomas De Tecamachalco, Naucalpan, Estado De México",226 m² construidos,3 recámaras,3 baños,https://departamento.mercadolibre.com.mx/MLM-5058045622-departamento-en-venta-en-lomas-de-tecamachalco-naucalpan-edo-mex-_JM,https://http2.mlstatic.com/D_NQ_NP_2X_738059-MLM108488384962_032026-E.webp,NAUCALPAN
Vendo Departamento Para Remodelar En Tecamachalcco,7800000,MXN,"Lomas De Tecamachalco, Naucalpan, Estado De México",300 m² construidos,2 recámaras,2 baños,https://departamento.mercadolibre.com.mx/MLM-5258940672-vendo-departamento-para-remodelar-en-tecamachalcco-_JM,https://http2.mlstatic.com/D_NQ_NP_2X_779466-MLM111005759715_042026-E.webp,NAUCALPAN
Vendo Departamento Para Remodelar En Tecamachalco,8000000,MXN,"Reforma Social (Lomas De San Isidro), Naucalpan, Estado De México",247 m² construidos,3 recámaras,3 baños,https://departamento.mercadolibre.com.mx/MLM-5259017440-vendo-departamento-para-remodelar-en-tecamachalco-_JM,https://http2.mlstatic.com/D_NQ_NP_2X_940691-MLM110090823066_042026-E.webp,NAUCALPAN
Departamento En Venta Fuente De Molinos (et),10800000,MXN,"Lomas De Tecamachalco, Naucalpan, Estado De México",310 m² construidos,3 recámaras,3 baños,https://departamento.mercadolibre.com.mx/MLM-4824376510-departamento-en-venta-fuente-de-molinos-et-_JM,https://http2.mlstatic.com/D_NQ_NP_2X_618069-MLM107454300657_022026-E.webp,NAUCALPAN
Garden House Tecamachalco,15950000,MXN,"Lomas De Tecamachalco, Naucalpan, Estado De México",367 m² construidos,3 recámaras,3 baños,https://departamento.mercadolibre.com.mx/MLM-3081314003-garden-house-tecamachalco-_JM,https://http2.mlstatic.com/D_NQ_NP_2X_915451-MLM112922687462_072026-E.webp,NAUCALPAN
"Departamento En Venta En Alta Vitta, Lomas Verdes En $8,450,000.00",8450000,MXN,"Lomas Verdes 6a Sección, Naucalpan, Estado De México",181 m² construidos,3 recámaras,3 baños,https://departamento.mercadolibre.com.mx/MLM-3135965471-departamento-en-venta-en-alta-vitta-lomas-verdes-en-845000000-_JM,https://http2.mlstatic.com/D_NQ_NP_2X_737603-MLM114548316705_072026-E.webp,NAUCALPAN
"Departamento En Venta, Tecamachalco Iluminado Termínalo A Tu Gusto",9500000,MXN,"Iluminado, Termínalo A Tu Gusto, Lomas De Tecamachalco, Naucalpan, Estado De México",250 m² construidos,3 recámaras,3 baños,https://departamento.mercadolibre.com.mx/MLM-5617060168-departamento-en-venta-tecamachalco-iluminado-terminalo-a-tu-gusto-_JM,https://http2.mlstatic.com/D_NQ_NP_2X_795554-MLM114014896453_072026-E.webp,NAUCALPAN
"Departamento Moderno Con Terraza Y Roof Privado En Fuentes De Pisa, Tecamachalco",14790000,MXN,"Lomas De Tecamachalco, Naucalpan, Estado De México",265 m² construidos,3 recámaras,3 baños,https://departamento.mercadolibre.com.mx/MLM-5147799790-departamento-moderno-con-terraza-y-roof-privado-en-fuentes-de-pisa-tecamachalco-_JM,https://http2.mlstatic.com/D_NQ_NP_2X_775282-MLM110688037016_052026-E.webp,NAUCALPAN
Departamento Para Remodelar Buen Precio En Molinos,8900000,MXN,"Lomas De Tecamachalco, Naucalpan, Estado De México",335 m² construidos,3 recámaras,2 baños,https://departamento.mercadolibre.com.mx/MLM-5616991002-departamento-para-remodelar-buen-precio-en-molinos-_JM,https://http2.mlstatic.com/D_NQ_NP_2X_755857-MLM112817745804_072026-E.webp,NAUCALPAN
Vendo Pent House Nuevo En Tecamachalco,12800000,MXN,"Lomas De Tecamachalco, Naucalpan, Estado De México",381 m² construidos,3 recámaras,3 baños,https://departamento.mercadolibre.com.mx/MLM-5583960468-vendo-pent-house-nuevo-en-tecamachalco-_JM,https://http2.mlstatic.com/D_NQ_NP_2X_950875-MLM113812995873_062026-E.webp,NAUCALPAN
Departamento  De Lujo  En Venta En Tecamachalco (et),18000000,MXN,"Lomas De Tecamachalco, Naucalpan, Estado De México",422 m² construidos,3 recámaras,3 baños,https://departamento.mercadolibre.com.mx/MLM-5430026202-departamento-de-lujo-en-venta-en-tecamachalco-et-_JM,https://http2.mlstatic.com/D_NQ_NP_2X_796749-MLM112503061630_062026-E.webp,NAUCALPAN
Vendo Departamento En Tecamachalco,8400000,MXN,"Lomas De Tecamachalco, Naucalpan, Estado De México",173 m² construidos,3 recámaras,2 baños,https://departamento.mercadolibre.com.mx/MLM-5258979016-vendo-departamento-en-tecamachalco-_JM,https://http2.mlstatic.com/D_NQ_NP_2X_622346-MLM111005629019_042026-E.webp,NAUCALPAN
Departamento En Lomas De Tecamachalco,17000000,MXN,"Departamentos EN Preventa Essence, Tecamachalco CON Terraza (ln), Lomas De Tecamachalco, Naucalpan, Estado De México",297 m² de terreno,3 recámaras,3 baños,https://departamento.mercadolibre.com.mx/MLM-2953127997-departamento-en-lomas-de-tecamachalco-_JM,https://http2.mlstatic.com/D_NQ_NP_2X_676178-MLM111131839570_052026-E.webp,NAUCALPAN
Departamento En Tecamachalco Con Terraza Privada,14746000,MXN,"Lomas De Tecamachalco, Naucalpan, Estado De México",305 m² construidos,3 recámaras,3 baños,https://departamento.mercadolibre.com.mx/MLM-3081326753-departamento-en-tecamachalco-con-terraza-privada-_JM,https://http2.mlstatic.com/D_NQ_NP_2X_637605-MLM114129907473_072026-E.webp,NAUCALPAN
"Venta Departamento Con Terraza, Lomas De Tecamachalco, Naucalpan, Edo.  México",10000000,MXN,"Lomas De Tecamachalco, Naucalpan, Estado De México",270 m² construidos,3 recámaras,3 baños,https://departamento.mercadolibre.com.mx/MLM-2894613651-venta-departamento-con-terraza-lomas-de-tecamachalco-naucalpan-edo-mexico-_JM,https://http2.mlstatic.com/D_NQ_NP_2X_899188-MLM113995577424_072026-E.webp,NAUCALPAN
"Departamento En Venta, Tecamachalco Amplio Semi-remodelado",6900000,MXN,"Amplio Semi-remodelado, Lomas De Tecamachalco, Naucalpan, Estado De México",235 m² construidos,3 recámaras,3 baños,https://departamento.mercadolibre.com.mx/MLM-5099662202-departamento-en-venta-tecamachalco-amplio-semi-remodelado-_JM,https://http2.mlstatic.com/D_NQ_NP_2X_850151-MLM109800256885_032026-E.webp,NAUCALPAN
"Departamento Moderno Con Terraza Y Roof Privado En Fuentes De Pisa, Tecamachalco",14640000,MXN,"Lomas De Tecamachalco, Naucalpan, Estado De México",265 m² construidos,3 recámaras,3 baños,https://departamento.mercadolibre.com.mx/MLM-5147799802-departamento-moderno-con-terraza-y-roof-privado-en-fuentes-de-pisa-tecamachalco-_JM,https://http2.mlstatic.com/D_NQ_NP_2X_897955-MLM110688105278_052026-E.webp,NAUCALPAN
Excelente Depto En Molinos,8000000,MXN,"Lomas De Tecamachalco, Naucalpan, Estado De México",280 m² construidos,4 recámaras,2 baños,https://departamento.mercadolibre.com.mx/MLM-5617110796-excelente-depto-en-molinos-_JM,https://http2.mlstatic.com/D_NQ_NP_2X_784823-MLM112817745930_072026-E.webp,NAUCALPAN
Departamento Ivy Bosque Real,12500000,MXN,"Country Club, Naucalpan, Estado De México",277 m² construidos,3 recámaras,3 baños,https://departamento.mercadolibre.com.mx/MLM-3081314005-departamento-ivy-bosque-real-_JM,https://http2.mlstatic.com/D_NQ_NP_2X_642710-MLM114129883113_072026-E.webp,NAUCALPAN
Venta Garden House En  Tecamachalco Con Terrazas Nuevo (r),15950000,MXN,"Lomas De Tecamachalco, Naucalpan, Estado De México",367 m² construidos,3 recámaras,3 baños,https://departamento.mercadolibre.com.mx/MLM-3058412087-venta-garden-house-en-tecamachalco-con-terrazas-nuevo-r-_JM,https://http2.mlstatic.com/D_NQ_NP_2X_801495-MLM88307144548_072025-E.webp,NAUCALPAN
Departamento Decorado En Tecamachalco,13500000,MXN,"Lomas De Tecamachalco, Naucalpan, Estado De México",450 m² construidos,3 recámaras,3 baños,https://departamento.mercadolibre.com.mx/MLM-5617060478-departamento-decorado-en-tecamachalco-_JM,https://http2.mlstatic.com/D_NQ_NP_2X_817826-MLM115102733339_072026-E.webp,NAUCALPAN
Departamento En Venta En Santiago Occipaco,3900000,MXN,"México 3 91, Santiago Occipaco, Naucalpan, Estado De México",143 m² construidos,3 recámaras,2 baños,https://departamento.mercadolibre.com.mx/MLM-5252263858-departamento-en-venta-en-santiago-occipaco-_JM,https://http2.mlstatic.com/D_NQ_NP_2X_661720-MLM110043686336_042026-E.webp,NAUCALPAN
"Departamento En Venta En 6ta Sección De Lomas Verdes En $ 8,450,000.00",8450000,MXN,"Lomas Verdes 6a Sección, Naucalpan, Estado De México",271 m² construidos,3 recámaras,4 baños,https://departamento.mercadolibre.com.mx/MLM-3135965879-departamento-en-venta-en-6ta-seccion-de-lomas-verdes-en-845000000-_JM,https://http2.mlstatic.com/D_NQ_NP_2X_960448-MLM113303994194_072026-E.webp,NAUCALPAN
Pent House Tecamachalco En Venta,13000000,MXN,"Lomas De Tecamachalco, Naucalpan, Estado De México",270 m² construidos,3 recámaras,2 baños,https://departamento.mercadolibre.com.mx/MLM-2984762515-pent-house-tecamachalco-en-venta-_JM,https://http2.mlstatic.com/D_NQ_NP_2X_820394-MLM114021960062_072026-E.webp,NAUCALPAN
"Departamento En Venta, Tecamachalco",13199000,MXN,"Estrena Amplio Y MUY Iluminado, Lomas De Tecamachalco, Naucalpan, Estado De México",260 m² construidos,3 recámaras,3 baños,https://departamento.mercadolibre.com.mx/MLM-5099539052-departamento-en-venta-tecamachalco-_JM,https://http2.mlstatic.com/D_NQ_NP_2X_761189-MLM109800280801_032026-E.webp,NAUCALPAN
Departamentos En Venta En Interlomas Venta Espectacular,8042500,MXN,"Paseos Del Bosque, Naucalpan, Estado De México",81 m² construidos,2 recámaras,2 baños,https://departamento.mercadolibre.com.mx/MLM-5281647944-departamentos-en-venta-en-interlomas-venta-espectacular-_JM,https://http2.mlstatic.com/D_NQ_NP_2X_688710-MLM98780641075_112025-E.webp,NAUCALPAN
"Departamento En Edificio Vértice, Lomas Country Club",14800000,MXN,"Country Club, Naucalpan, Estado De México",326 m² construidos,3 recámaras,3 baños,https://departamento.mercadolibre.com.mx/MLM-4978384438-departamento-en-edificio-vertice-lomas-country-club-_JM,https://http2.mlstatic.com/D_NQ_NP_2X_642222-MLM110647333016_052026-E.webp,NAUCALPAN
"Departamento En Torre Manhattan, Lomas De Tecamachalco",9250000,MXN,"Lomas De Tecamachalco, Naucalpan, Estado De México",295 m² construidos,3 recámaras,2 baños,https://departamento.mercadolibre.com.mx/MLM-3201656445-departamento-en-torre-manhattan-lomas-de-tecamachalco-_JM,https://http2.mlstatic.com/D_NQ_NP_2X_850610-MLM113898813396_072026-E.webp,NAUCALPAN
Departamento En Venta Lomas De Tecamachalco (et),25000000,MXN,"Lomas De Tecamachalco, Naucalpan, Estado De México",370 m² construidos,3 recámaras,3 baños,https://departamento.mercadolibre.com.mx/MLM-5747050246-departamento-en-venta-lomas-de-tecamachalco-et-_JM,https://http2.mlstatic.com/D_NQ_NP_2X_884181-MLM105625821404_012026-E.webp,NAUCALPAN
Departamento En El Parque,3969253,MXN,"SE Vende Departamento EN Naucalpan CON Balcon (ln), El Parque, Naucalpan, Estado De México",108 m² de terreno,2 recámaras,1 baño,https://departamento.mercadolibre.com.mx/MLM-4824178160-departamento-en-el-parque-_JM,https://http2.mlstatic.com/D_NQ_NP_2X_657221-MLM106781071778_022026-E.webp,NAUCALPAN
Venta Pent House En Tecamachalco Espectacular! (r),19345500,MXN,"Lomas De Tecamachalco, Naucalpan, Estado De México",454 m² construidos,3 recámaras,3 baños,https://departamento.mercadolibre.com.mx/MLM-3058162629-venta-pent-house-en-tecamachalco-espectacular-r-_JM,https://http2.mlstatic.com/D_NQ_NP_2X_745157-MLM88307144604_072025-E.webp,NAUCALPAN
Departamento En Venta  Tecamachalco A Estrenar,9300000,MXN,"Lomas De Tecamachalco, Naucalpan, Estado De México",169 m² construidos,3 recámaras,3 baños,https://departamento.mercadolibre.com.mx/MLM-5480660584-departamento-en-venta-tecamachalco-a-estrenar-_JM,https://http2.mlstatic.com/D_NQ_NP_2X_659850-MLM113003998455_062026-E.webp,NAUCALPAN
Departamento En Venta En Lomas De Tecamachalco - Roof Privado,10500000,MXN,"Lomas De Tecamachalco, Naucalpan, Estado De México",330 m² construidos,3 recámaras,3 baños,https://departamento.mercadolibre.com.mx/MLM-3113650007-departamento-en-venta-en-lomas-de-tecamachalco-roof-privado-_JM,https://http2.mlstatic.com/D_NQ_NP_2X_937497-MLM114378484511_072026-E.webp,NAUCALPAN
Departamento En Venta En Tecamachalco (et),20000000,MXN,"Lomas De Tecamachalco, Naucalpan, Estado De México",370 m² construidos,3 recámaras,3 baños,https://departamento.mercadolibre.com.mx/MLM-5430026256-departamento-en-venta-en-tecamachalco-et-_JM,https://http2.mlstatic.com/D_NQ_NP_2X_932225-MLM112503017788_062026-E.webp,NAUCALPAN
Garden En Venta Lomas De Tecamachalco,19800000,MXN,"Lomas De Tecamachalco, Naucalpan, Estado De México",343 m² construidos,3 recámaras,3 baños,https://departamento.mercadolibre.com.mx/MLM-2904775823-garden-en-venta-lomas-de-tecamachalco-_JM,https://http2.mlstatic.com/D_NQ_NP_2X_733522-MLM98502458303_112025-E.webp,NAUCALPAN
Departamento En Venta En  Tecamachalco 658074,7450000,MXN,"Fuente De Petroleos, San Miguel Tecamachalco, Naucalpan, Estado De México",171 m² construidos,3 recámaras,2 baños,https://departamento.mercadolibre.com.mx/MLM-3161390477-departamento-en-venta-en-tecamachalco-658074-_JM,https://http2.mlstatic.com/D_NQ_NP_2X_839192-MLM113586672176_072026-E.webp,NAUCALPAN
Departamento En Venta Tecamachalco,9400000,MXN,"Reforma Social (Lomas De San Isidro), Naucalpan, Estado De México",370 m² construidos,3 recámaras,3 baños,https://departamento.mercadolibre.com.mx/MLM-5802880966-departamento-en-venta-tecamachalco-_JM,https://http2.mlstatic.com/D_NQ_NP_2X_957816-MLM113794744412_072026-E.webp,NAUCALPAN
Interlomas - Departamento - Preventa,15278000,MXN,"Country Club, Naucalpan, Estado De México",320 m² construidos,3 recámaras,3 baños,https://departamento.mercadolibre.com.mx/MLM-5583934548-interlomas-departamento-preventa-_JM,https://http2.mlstatic.com/D_NQ_NP_2X_876784-MLM113813000537_062026-E.webp,NAUCALPAN
Vendo Ph Para Estrenar En Tecamachalco.,11300000,MXN,"San Miguel Tecamachalco, Naucalpan, Estado De México",318 m² construidos,3 recámaras,3 baños,https://departamento.mercadolibre.com.mx/MLM-5583934492-vendo-ph-para-estrenar-en-tecamachalco-_JM,https://http2.mlstatic.com/D_NQ_NP_2X_773500-MLM112630783004_062026-E.webp,NAUCALPAN
Departamento En Venta - Tecamachalco,14545000,MXN,"Lomas De Tecamachalco, Naucalpan, Estado De México",310 m² construidos,3 recámaras,3 baños,https://departamento.mercadolibre.com.mx/MLM-2776068319-departamento-en-venta-tecamachalco-_JM,https://http2.mlstatic.com/D_NQ_NP_2X_972483-MLM113772952979_062026-E.webp,NAUCALPAN
"Residencial Exclusivo En Venta En  Las Vistas Lomas Country, Interlomas",6982000,MXN,"Country Club, Naucalpan, Estado De México",133 m² construidos,2 recámaras,2 baños,https://departamento.mercadolibre.com.mx/MLM-5357497518-residencial-exclusivo-en-venta-en-las-vistas-lomas-country-interlomas-_JM,https://http2.mlstatic.com/D_NQ_NP_2X_737156-MLM86045263885_062025-E.webp,NAUCALPAN
Interlomas - Departamento - Preventa,15278000,MXN,"Country Club, Naucalpan, Estado De México",320 m² construidos,3 recámaras,3 baños,https://departamento.mercadolibre.com.mx/MLM-5583960562-interlomas-departamento-preventa-_JM,https://http2.mlstatic.com/D_NQ_NP_2X_988981-MLM113813015677_062026-E.webp,NAUCALPAN
"Departamento Venta A Estrenar, Fuente De Acuario, Tecamachalco",15000000,MXN,"Lomas De Tecamachalco, Naucalpan, Estado De México",309 m² construidos,3 recámaras,3 baños,https://departamento.mercadolibre.com.mx/MLM-2985321375-departamento-venta-a-estrenar-fuente-de-acuario-tecamachalco-_JM,https://http2.mlstatic.com/D_NQ_NP_2X_649976-MLM111729086530_062026-E.webp,NAUCALPAN
Departamento En Venta Con Excelente Vista En Tecamachalco,10500000,MXN,"Lomas De Tecamachalco, Naucalpan, Estado De México",200 m² construidos,3 recámaras,3 baños,https://departamento.mercadolibre.com.mx/MLM-2776045913-departamento-en-venta-con-excelente-vista-en-tecamachalco-_JM,https://http2.mlstatic.com/D_NQ_NP_2X_952303-MLM112633124714_062026-E.webp,NAUCALPAN
"Departamento Con Terraza En Venta, Naucalpan De Juárez, Ciudad De México",10511665,MXN,"Av. El Olivo 16, El Olivo, 52789 Naucalpan De Juárez, Méx., Mexico, San Bartolo Naucalpan, Naucalpan, Estado De México",193 m² construidos,3 recámaras,3 baños,https://departamento.mercadolibre.com.mx/MLM-5795172772-departamento-con-terraza-en-venta-naucalpan-de-juarez-ciudad-de-mexico-_JM,https://http2.mlstatic.com/D_NQ_NP_2X_819542-MLM105024315340_012026-E.webp,NAUCALPAN
Departamento Venta Tecamachalco Fuente De Trevi,7390000,MXN,"Lomas De Tecamachalco, Naucalpan, Estado De México",250 m² construidos,3 recámaras,3 baños,https://departamento.mercadolibre.com.mx/MLM-3058415433-departamento-venta-tecamachalco-fuente-de-trevi-_JM,https://http2.mlstatic.com/D_NQ_NP_2X_678129-MLM81909308016_012025-E.webp,NAUCALPAN
"Departamento En Venta, Tecamachalco Precioso Con Roof Garden En 3 Niveles",10500000,MXN,"Precioso Con Roof Garden En  3 Niveles, Lomas De Tecamachalco, Naucalpan, Estado De México",330 m² construidos,3 recámaras,3 baños,https://departamento.mercadolibre.com.mx/MLM-5099539162-departamento-en-venta-tecamachalco-precioso-con-roof-garden-en-3-niveles-_JM,https://http2.mlstatic.com/D_NQ_NP_2X_728150-MLM109800285701_032026-E.webp,NAUCALPAN
Departamento En Venta En Lomas De Tecamachalco,12999000,MXN,"Lomas De Tecamachalco, Naucalpan, Estado De México",315 m² construidos,3 recámaras,3 baños,https://departamento.mercadolibre.com.mx/MLM-2750165175-departamento-en-venta-en-lomas-de-tecamachalco-_JM,https://http2.mlstatic.com/D_NQ_NP_2X_752272-MLM106913990112_022026-E.webp,NAUCALPAN
Departamento Nuevo Tecamachalco,8800000,MXN,"Lomas De Tecamachalco, Naucalpan, Estado De México",210 m² construidos,3 recámaras,3 baños,https://departamento.mercadolibre.com.mx/MLM-3071882667-departamento-nuevo-tecamachalco-_JM,https://http2.mlstatic.com/D_NQ_NP_2X_799787-MLM114014934583_072026-E.webp,NAUCALPAN
"Departamento En Venta, Tecamachalco Estrena Bonito Depa",8500000,MXN,"Estrena Bonito Depa, Lomas De Tecamachalco, Naucalpan, Estado De México",208 m² construidos,3 recámaras,3 baños,https://departamento.mercadolibre.com.mx/MLM-5569348852-departamento-en-venta-tecamachalco-estrena-bonito-depa-_JM,https://http2.mlstatic.com/D_NQ_NP_2X_949945-MLM112548760242_062026-E.webp,NAUCALPAN
"Departamento En Venta, Tecamachalco Oportunidad, Único Con 4 Recámaras",9000000,MXN,"Oportunidad, Único Con 4 Recámaras, Lomas De Tecamachalco, Naucalpan, Estado De México",234 m² construidos,4 recámaras,3 baños,https://departamento.mercadolibre.com.mx/MLM-5099713784-departamento-en-venta-tecamachalco-oportunidad-unico-con-4-recamaras-_JM,https://http2.mlstatic.com/D_NQ_NP_2X_800424-MLM109800315363_032026-E.webp,NAUCALPAN
"Departamento En Venta, Tecamachalco Bonito Con Excelente Vista E Iluminación",7500000,MXN,"Bonito Con Excelente Vista E Iluminación, Lomas De Tecamachalco, Naucalpan, Estado De México",226 m² construidos,3 recámaras,3 baños,https://departamento.mercadolibre.com.mx/MLM-5099662158-departamento-en-venta-tecamachalco-bonito-con-excelente-vista-e-iluminacion-_JM,https://http2.mlstatic.com/D_NQ_NP_2X_750386-MLM109800282653_032026-E.webp,NAUCALPAN
Departamento En Venta Tecamachalco (et),8500000,MXN,"Lomas De Tecamachalco, Naucalpan, Estado De México",189 m² construidos,3 recámaras,3 baños,https://departamento.mercadolibre.com.mx/MLM-5694775104-departamento-en-venta-tecamachalco-et-_JM,https://http2.mlstatic.com/D_NQ_NP_2X_915613-MLM105117231314_012026-E.webp,NAUCALPAN
Departamento En Venta En Lomas Del Rio,6500000,MXN,"Lomas Del Río, Naucalpan, Estado De México",170 m² construidos,2 recámaras,2 baños,https://departamento.mercadolibre.com.mx/MLM-2992859083-departamento-en-venta-en-lomas-del-rio-_JM,https://http2.mlstatic.com/D_NQ_NP_2X_974065-MLM112939849473_062026-E.webp,NAUCALPAN
"Departamento En Venta En Alta Vitta, 6a Sección De Lomas Verdes En $7 ,950,000",7950000,MXN,"Lomas Verdes 6a Sección, Naucalpan, Estado De México",180 m² construidos,3 recámaras,2 baños,https://departamento.mercadolibre.com.mx/MLM-3141092557-departamento-en-venta-en-alta-vitta-6a-seccion-de-lomas-verdes-en-7-950000-_JM,https://http2.mlstatic.com/D_NQ_NP_2X_780929-MLM113372710762_072026-E.webp,NAUCALPAN
Estrena Pent House  En Tecamachalco Con Roof Garden,11300000,MXN,"Lomas De Tecamachalco, Naucalpan, Estado De México",318 m² construidos,3 recámaras,3 baños,https://departamento.mercadolibre.com.mx/MLM-3053093975-estrena-pent-house-en-tecamachalco-con-roof-garden-_JM,https://http2.mlstatic.com/D_NQ_NP_2X_766764-MLM113812996049_062026-E.webp,NAUCALPAN
"Venta De Departamento, Lomas De Tecamachalco, Naucalpan De Juárez, Edo. México.",14500000,MXN,"Lomas De Tecamachalco, Naucalpan, Estado De México",269 m² construidos,3 recámaras,3 baños,https://departamento.mercadolibre.com.mx/MLM-3233365413-venta-de-departamento-lomas-de-tecamachalco-naucalpan-de-juarez-edo-mexico-_JM,https://http2.mlstatic.com/D_NQ_NP_2X_734635-MLM106486831986_022026-E.webp,NAUCALPAN
Se Vende Departamento En Lomas De Tecamachalco (v),8000000,MXN,"Lomas De Tecamachalco, Naucalpan, Estado De México",281 m² construidos,2 recámaras,2 baños,https://departamento.mercadolibre.com.mx/MLM-5534035474-se-vende-departamento-en-lomas-de-tecamachalco-v-_JM,https://http2.mlstatic.com/D_NQ_NP_2X_689926-MLM112317520068_062026-E.webp,NAUCALPAN
Departamento En Venta Tecamachalco  (et),8500000,MXN,"Lomas De Tecamachalco, Naucalpan, Estado De México",189 m² construidos,3 recámaras,3 baños,https://departamento.mercadolibre.com.mx/MLM-5430026148-departamento-en-venta-tecamachalco-et-_JM,https://http2.mlstatic.com/D_NQ_NP_2X_664726-MLM112502865068_062026-E.webp,NAUCALPAN
Departamento En Venta En Tecamachalco,11000000,MXN,"Lomas De Tecamachalco, Naucalpan, Estado De México",300 m² construidos,3 recámaras,3 baños,https://departamento.mercadolibre.com.mx/MLM-5048137968-departamento-en-venta-en-tecamachalco-_JM,https://http2.mlstatic.com/D_NQ_NP_2X_741924-MLM93945978376_102025-E.webp,NAUCALPAN
"Venta De Departamento En Fuente De Acuario, Tecamachalco, Naucalpan",16000000,MXN,"Lomas De Tecamachalco, Naucalpan, Estado De México",309 m² construidos,3 recámaras,3 baños,https://departamento.mercadolibre.com.mx/MLM-5006099696-venta-de-departamento-en-fuente-de-acuario-tecamachalco-naucalpan-_JM,https://http2.mlstatic.com/D_NQ_NP_2X_916807-MLM113995252404_072026-E.webp,NAUCALPAN
"Departamento En Venta, Tecamachalco Estrema Moderno Depa",9500000,MXN,"Estrena Moderno Depa, Lomas De Tecamachalco, Naucalpan, Estado De México",208 m² construidos,3 recámaras,3 baños,https://departamento.mercadolibre.com.mx/MLM-3113628819-departamento-en-venta-tecamachalco-estrema-moderno-depa-_JM,https://http2.mlstatic.com/D_NQ_NP_2X_655960-MLM113148699104_072026-E.webp,NAUCALPAN
"Departamento En Venta, Interlomas (et)",10500000,MXN,"Country Club, Naucalpan, Estado De México",325 m² construidos,3 recámaras,3 baños,https://departamento.mercadolibre.com.mx/MLM-5430026332-departamento-en-venta-interlomas-et-_JM,https://http2.mlstatic.com/D_NQ_NP_2X_696190-MLM112503072474_062026-E.webp,NAUCALPAN
Departamentos En Venta Tecamachalco (et),14746000,MXN,"Lomas De Tecamachalco, Naucalpan, Estado De México",305 m² construidos,3 recámaras,3 baños,https://departamento.mercadolibre.com.mx/MLM-5430419196-departamentos-en-venta-tecamachalco-et-_JM,https://http2.mlstatic.com/D_NQ_NP_2X_619875-MLM112503072178_062026-E.webp,NAUCALPAN
Ph En Venta En Lomas De Tecamachalco Se Entrega Totalmente Terminado,17000000,MXN,"Lomas De Tecamachalco, Naucalpan, Estado De México",604 m² construidos,3 recámaras,3 baños,https://departamento.mercadolibre.com.mx/MLM-4819303726-ph-en-venta-en-lomas-de-tecamachalco-se-entrega-totalmente-terminado-_JM,https://http2.mlstatic.com/D_NQ_NP_2X_714995-MLM106764355308_022026-E.webp,NAUCALPAN
Departamento A La Venta En Tecamachalco,11000000,MXN,"Lomas De Tecamachalco, Naucalpan, Estado De México",280 m² construidos,3 recámaras,3 baños,https://departamento.mercadolibre.com.mx/MLM-5616991064-departamento-a-la-venta-en-tecamachalco-_JM,https://http2.mlstatic.com/D_NQ_NP_2X_784607-MLM115111902105_072026-E.webp,NAUCALPAN
Penthouse En Venta En Alta Vitta Lomas Verdes.,14400000,MXN,"Lomas Verdes 1a Secc., Naucalpan, Estado De México",240 m² construidos,2 recámaras,3 baños,https://departamento.mercadolibre.com.mx/MLM-5609948518-penthouse-en-venta-en-alta-vitta-lomas-verdes-_JM,https://http2.mlstatic.com/D_NQ_NP_2X_633583-MLM113969556383_062026-E.webp,NAUCALPAN
Departamento En Venta Lomas De Tecamachalco (et),9500000,MXN,"Lomas De Tecamachalco, Naucalpan, Estado De México",240 m² construidos,3 recámaras,3 baños,https://departamento.mercadolibre.com.mx/MLM-5430153056-departamento-en-venta-lomas-de-tecamachalco-et-_JM,https://http2.mlstatic.com/D_NQ_NP_2X_749454-MLM112503022458_062026-E.webp,NAUCALPAN
Vendo Departamento Nuevo En Tecamachalco,8300000,MXN,"Lomas De Tecamachalco, Naucalpan, Estado De México",202 m² construidos,3 recámaras,3 baños,https://departamento.mercadolibre.com.mx/MLM-5583960472-vendo-departamento-nuevo-en-tecamachalco-_JM,https://http2.mlstatic.com/D_NQ_NP_2X_980718-MLM112630783096_062026-E.webp,NAUCALPAN
¿buscas El Espacio Definitivo En Una De Las Zonas Más Exclusivas De Naucalpan?,6051562,MXN,"Independencia 113, La Herradura, Naucalpan, Estado De México",120 m² construidos,3 recámaras,2 baños,https://departamento.mercadolibre.com.mx/MLM-5706540836-buscas-el-espacio-definitivo-en-una-de-las-zonas-mas-exclusivas-de-naucalpan-_JM,https://http2.mlstatic.com/D_NQ_NP_2X_847483-MLM114504456907_072026-E.webp,NAUCALPAN
Venta Departamento En Lomas De Tecamachalco,9900000,MXN,"Lomas De Tecamachalco, Naucalpan, Estado De México",239 m² construidos,3 recámaras,3 baños,https://departamento.mercadolibre.com.mx/MLM-5215977712-venta-departamento-en-lomas-de-tecamachalco-_JM,https://http2.mlstatic.com/D_NQ_NP_2X_943956-MLM109862349474_042026-E.webp,NAUCALPAN
"Venta Deptos, 2 Penthouse Y 1 Garden House En Lomas De Tecamachalco Apa_5433 Am",10800000,MXN,"Lomas De Tecamachalco, Naucalpan, Estado De México",239 m² construidos,3 recámaras,3 baños,https://departamento.mercadolibre.com.mx/MLM-3136037671-venta-deptos-2-penthouse-y-1-garden-house-en-lomas-de-tecamachalco-apa5433-am-_JM,https://http2.mlstatic.com/D_NQ_NP_2X_611652-MLM114549986113_072026-E.webp,NAUCALPAN
Venta Departamentos Con Balcón Y Roof Garden Lomas De Tecamachalco Apa_5454 Am,9800000,MXN,"Lomas De Tecamachalco, Naucalpan, Estado De México",239 m² construidos,3 recámaras,3 baños,https://departamento.mercadolibre.com.mx/MLM-5715466718-venta-departamentos-con-balcon-y-roof-garden-lomas-de-tecamachalco-apa5454-am-_JM,https://http2.mlstatic.com/D_NQ_NP_2X_800374-MLM114549735345_072026-E.webp,NAUCALPAN
"Venta De Departamento, Colonia Lomas De Las Fuentes, Naucalpan",5200000,MXN,"Privada De Zenzontle S/N, Lomas De Las Fuentes, Naucalpan, Estado De México",140 m² construidos,3 recámaras,3 baños,https://departamento.mercadolibre.com.mx/MLM-5310262650-venta-de-departamento-colonia-lomas-de-las-fuentes-naucalpan-_JM,https://http2.mlstatic.com/D_NQ_NP_2X_908416-MLM111408355337_052026-E.webp,NAUCALPAN
Depto Con Roof Garden Tecamachalco,13588000,MXN,"Lomas De Tecamachalco, Naucalpan, Estado De México",300 m² construidos,3 recámaras,3 baños,https://departamento.mercadolibre.com.mx/MLM-5583921406-depto-con-roof-garden-tecamachalco-_JM,https://http2.mlstatic.com/D_NQ_NP_2X_681162-MLM112630741664_062026-E.webp,NAUCALPAN
Ph En Tecamachalco,9300000,MXN,"Lomas De Tecamachalco, Naucalpan, Estado De México",245 m² construidos,3 recámaras,3 baños,https://departamento.mercadolibre.com.mx/MLM-2901342275-ph-en-tecamachalco-_JM,https://http2.mlstatic.com/D_NQ_NP_2X_909769-MLM110162442572_042026-E.webp,NAUCALPAN
Vendo Departamento En Tecamachalco,9500000,MXN,"Reforma Social (Lomas De San Isidro), Naucalpan, Estado De México",300 m² construidos,2 recámaras,2 baños,https://departamento.mercadolibre.com.mx/MLM-5258967014-vendo-departamento-en-tecamachalco-_JM,https://http2.mlstatic.com/D_NQ_NP_2X_676694-MLM110090907652_042026-E.webp,NAUCALPAN
"Venta Gh A Estrenar, Fuente De Acuario, Tecamachalco",13000000,MXN,"Lomas De Tecamachalco, Naucalpan, Estado De México",421 m² construidos,3 recámaras,3 baños,https://departamento.mercadolibre.com.mx/MLM-2985321365-venta-gh-a-estrenar-fuente-de-acuario-tecamachalco-_JM,https://http2.mlstatic.com/D_NQ_NP_2X_763995-MLM112817659057_062026-E.webp,NAUCALPAN
Venta Departamento En Lomas De Tecamachalco,10700000,MXN,"Lomas De Tecamachalco, Naucalpan, Estado De México",262 m² construidos,3 recámaras,3 baños,https://departamento.mercadolibre.com.mx/MLM-5228548186-venta-departamento-en-lomas-de-tecamachalco-_JM,https://http2.mlstatic.com/D_NQ_NP_2X_917140-MLM110760427021_042026-E.webp,NAUCALPAN
"Departamento En Venta, Tecamachalco  Hermoso Ph A Precio De Oportunidad",7600000,MXN,"Hermoso PH Con Gran Terraza Privada, Lomas De Tecamachalco, Naucalpan, Estado De México",199 m² construidos,3 recámaras,3 baños,https://departamento.mercadolibre.com.mx/MLM-5099514434-departamento-en-venta-tecamachalco-hermoso-ph-a-precio-de-oportunidad-_JM,https://http2.mlstatic.com/D_NQ_NP_2X_617700-MLM109424117760_042026-E.webp,NAUCALPAN
Rento/ Vendo Departamento En Bosque Real Five,10000000,MXN,"Country Club, Naucalpan, Estado De México",211 m² construidos,3 recámaras,3 baños,https://departamento.mercadolibre.com.mx/MLM-5269466262-rento-vendo-departamento-en-bosque-real-five-_JM,https://http2.mlstatic.com/D_NQ_NP_2X_944673-MLM110163033742_042026-E.webp,NAUCALPAN
Departamento En Venta En Lomas Country,9500000,MXN,"Country Club, Naucalpan, Estado De México",230 m² construidos,3 recámaras,3 baños,https://departamento.mercadolibre.com.mx/MLM-5845167224-departamento-en-venta-en-lomas-country-_JM,https://http2.mlstatic.com/D_NQ_NP_2X_735673-MLM115309148551_072026-E.webp,NAUCALPAN
"Venta Departamento Lomas De Tecamachalco, Naucalpan",6500000,MXN,"Lomas De Tecamachalco, Naucalpan, Estado De México",140 m² construidos,3 recámaras,2 baños,https://departamento.mercadolibre.com.mx/MLM-3148667047-venta-departamento-lomas-de-tecamachalco-naucalpan-_JM,https://http2.mlstatic.com/D_NQ_NP_2X_836319-MLM113460710936_072026-E.webp,NAUCALPAN
Departamento En Venta  En Lomas County,25000000,MXN,"Country Club, Naucalpan, Estado De México",430 m² construidos,4 recámaras,4 baños,https://departamento.mercadolibre.com.mx/MLM-5617060554-departamento-en-venta-en-lomas-county-_JM,https://http2.mlstatic.com/D_NQ_NP_2X_720444-MLM115103267463_072026-E.webp,NAUCALPAN
Vendo Departamento En Residencial Montecarlo,7500000,MXN,"Country Club, Naucalpan, Estado De México",280 m² construidos,3 recámaras,3 baños,https://departamento.mercadolibre.com.mx/MLM-2943030465-vendo-departamento-en-residencial-montecarlo-_JM,https://http2.mlstatic.com/D_NQ_NP_2X_855281-MLM111907147371_052026-E.webp,NAUCALPAN
"Departamento En Venta, Col. Lomas De Tecamachalco Naucalpan",8475000,MXN,"Lomas De Tecamachalco, Lomas De Tecamachalco, Naucalpan, Estado De México",209 m² construidos,3 recámaras,3 baños,https://departamento.mercadolibre.com.mx/MLM-2908007451-departamento-en-venta-col-lomas-de-tecamachalco-naucalpan-_JM,https://http2.mlstatic.com/D_NQ_NP_2X_702466-MLM110281697070_052026-E.webp,NAUCALPAN
Vendo Departamento En The Parallel Interlomas,15200000,MXN,"Country Club, Naucalpan, Estado De México",248 m² construidos,3 recámaras,3 baños,https://departamento.mercadolibre.com.mx/MLM-5269466302-vendo-departamento-en-the-parallel-interlomas-_JM,https://http2.mlstatic.com/D_NQ_NP_2X_668431-MLM111083056599_042026-E.webp,NAUCALPAN
Departamento En La Entrada De Tecamachalco,7000000,MXN,"Lomas De Tecamachalco, Naucalpan, Estado De México",240 m² construidos,3 recámaras,4 baños,https://departamento.mercadolibre.com.mx/MLM-3071882557-departamento-en-la-entrada-de-tecamachalco-_JM,https://http2.mlstatic.com/D_NQ_NP_2X_758831-MLM114014931681_072026-E.webp,NAUCALPAN
Departamento En Lomas De Tecamachalco,10300000,MXN,"Fuente De Acueducto, Lomas De Tecamachalco, Naucalpan De Juárez, Lomas De Tecamachalco, Naucalpan, Estado De México",277 m² construidos,3 recámaras,3 baños,https://departamento.mercadolibre.com.mx/MLM-4389833608-departamento-en-lomas-de-tecamachalco-_JM,https://http2.mlstatic.com/D_NQ_NP_2X_840682-MLM99517949267_112025-E.webp,NAUCALPAN
Departamento En  Venta En Lomas De Tecamachalco Gh,9900000,MXN,"Lomas De Tecamachalco, Naucalpan, Estado De México",273 m² construidos,3 recámaras,3 baños,https://departamento.mercadolibre.com.mx/MLM-5385976644-departamento-en-venta-en-lomas-de-tecamachalco-gh-_JM,https://http2.mlstatic.com/D_NQ_NP_2X_762638-MLM112025755971_052026-E.webp,NAUCALPAN
Vendo Departamentos Nuevos En Tecamachalco,13855000,MXN,"Lomas De Tecamachalco, Naucalpan, Estado De México",310 m² construidos,3 recámaras,3 baños,https://departamento.mercadolibre.com.mx/MLM-5269466210-vendo-departamentos-nuevos-en-tecamachalco-_JM,https://http2.mlstatic.com/D_NQ_NP_2X_749828-MLM110163031924_042026-E.webp,NAUCALPAN
Departamento En Venta  - Lomas De Tecamachalco,7900000,MXN,"Remodelado, Iluminado, Lomas De Tecamachalco, Naucalpan, Estado De México",280 m² construidos,3 recámaras,3 baños,https://departamento.mercadolibre.com.mx/MLM-5099539074-departamento-en-venta-lomas-de-tecamachalco-_JM,https://http2.mlstatic.com/D_NQ_NP_2X_788096-MLM109800253831_032026-E.webp,NAUCALPAN
Departamento En  Venta En Lomas De Tecamachalco Ph,10300000,MXN,"Lomas De Tecamachalco, Naucalpan, Estado De México",302 m² construidos,3 recámaras,3 baños,https://departamento.mercadolibre.com.mx/MLM-5385923616-departamento-en-venta-en-lomas-de-tecamachalco-ph-_JM,https://http2.mlstatic.com/D_NQ_NP_2X_816699-MLM111044450234_052026-E.webp,NAUCALPAN
Vendo Departamento Nuevo En Tecamachalco,8300000,MXN,"San Miguel Tecamachalco, Naucalpan, Estado De México",202 m² construidos,3 recámaras,3 baños,https://departamento.mercadolibre.com.mx/MLM-3053093983-vendo-departamento-nuevo-en-tecamachalco-_JM,https://http2.mlstatic.com/D_NQ_NP_2X_981573-MLM112630783846_062026-E.webp,NAUCALPAN
Departamentos En Venta Tecamachalco (et),9600000,MXN,"Lomas De Tecamachalco, Naucalpan, Estado De México",239 m² construidos,3 recámaras,3 baños,https://departamento.mercadolibre.com.mx/MLM-5694775106-departamentos-en-venta-tecamachalco-et-_JM,https://http2.mlstatic.com/D_NQ_NP_2X_759472-MLM105117231194_012026-E.webp,NAUCALPAN
Departamento En Lomas De Tecamachalco,9800000,MXN,"Lomas De Tecamachalco, Naucalpan De Juárez, Estado De México, Naucalpan, Estado De México",216 m² construidos,1 recámara,1 baño,https://departamento.mercadolibre.com.mx/MLM-4399739224-departamento-en-lomas-de-tecamachalco-_JM,https://http2.mlstatic.com/D_NQ_NP_2X_963441-MLM99363714432_112025-E.webp,NAUCALPAN
"Departamento En Venta-renta, Tecamachalco Bonito Y Bien Ubicado",6000000,MXN,"Bonito Y Bien Ubicado, Lomas De Tecamachalco, Naucalpan, Estado De México",165 m² construidos,3 recámaras,3 baños,https://departamento.mercadolibre.com.mx/MLM-2831114063-departamento-en-venta-renta-tecamachalco-bonito-y-bien-ubicado-_JM,https://http2.mlstatic.com/D_NQ_NP_2X_831723-MLM109800285315_032026-E.webp,NAUCALPAN
Departamento En Venta En Tecamachalco,15000000,MXN,"Lomas De Tecamachalco, Naucalpan, Estado De México",309 m² construidos,3 recámaras,3 baños,https://departamento.mercadolibre.com.mx/MLM-5683539618-departamento-en-venta-en-tecamachalco-_JM,https://http2.mlstatic.com/D_NQ_NP_2X_919095-MLM114378142925_072026-E.webp,NAUCALPAN
Departamento Con Ámenidades En Tecamachalco,11500000,MXN,"Lomas De Tecamachalco, Naucalpan, Estado De México",280 m² construidos,3 recámaras,3 baños,https://departamento.mercadolibre.com.mx/MLM-3071882433-departamento-con-amenidades-en-tecamachalco-_JM,https://http2.mlstatic.com/D_NQ_NP_2X_865149-MLM115102859307_072026-E.webp,NAUCALPAN
Departamentos En Venta Tecamachalco  (et),9600000,MXN,"Lomas De Tecamachalco, Naucalpan, Estado De México",239 m² construidos,3 recámaras,3 baños,https://departamento.mercadolibre.com.mx/MLM-5430419016-departamentos-en-venta-tecamachalco-et-_JM,https://http2.mlstatic.com/D_NQ_NP_2X_779807-MLM113671211513_062026-E.webp,NAUCALPAN
Departamento En Venta Lomas De Tecamachalco (et),6500000,MXN,"Lomas De Tecamachalco, Naucalpan, Estado De México",145 m² construidos,2 recámaras,3 baños,https://departamento.mercadolibre.com.mx/MLM-2904775865-departamento-en-venta-lomas-de-tecamachalco-et-_JM,https://http2.mlstatic.com/D_NQ_NP_2X_646424-MLM105509223738_012026-E.webp,NAUCALPAN
"Penthouse En Venta, Cuarto De Servicio, Y Vestíbulo, Naucalpan, Ciudad De México",8700000,MXN,"Av. Bosque De Minas 47, Bosques De La Herradura, 52783 Naucalpan De Juárez, Méx., Mexico, Naucalpan, Estado De México",270 m² construidos,3 recámaras,3 baños,https://departamento.mercadolibre.com.mx/MLM-2911681853-penthouse-en-venta-cuarto-de-servicio-y-vestibulo-naucalpan-ciudad-de-mexico-_JM,https://http2.mlstatic.com/D_NQ_NP_2X_604140-MLM81385621664_122024-E.webp,NAUCALPAN
Excelente Town House De Lujo En Conjunto Privado  Lomas De Tecamachalco,15000000,MXN,"Tecamachalco, State Of Mexico, Naucalpan De Juárez, Lomas De Tecamachalco, Naucalpan, Estado De México",615 m² construidos,3 recámaras,3 baños,https://departamento.mercadolibre.com.mx/MLM-2771426167-excelente-town-house-de-lujo-en-conjunto-privado-lomas-de-tecamachalco-_JM,https://http2.mlstatic.com/D_NQ_NP_2X_669275-MLM108329763909_032026-E.webp,NAUCALPAN
Departamento Penthouse 3 Recamaras Fraccionamiento Lomas Del Rio,11000000,MXN,"Lomas Del Río, Naucalpan, Estado De México",412 m² construidos,3 recámaras,5 baños,https://departamento.mercadolibre.com.mx/MLM-4826822110-departamento-penthouse-3-recamaras-fraccionamiento-lomas-del-rio-_JM,https://http2.mlstatic.com/D_NQ_NP_2X_892014-MLM113913722970_072026-E.webp,NAUCALPAN
"Venta De Departamento Lomas Del Pescador, Lomas De Tecamachalco",9389000,MXN,"Lomas De Tecamachalco, Naucalpan, Estado De México",286 m² construidos,3 recámaras,3 baños,https://departamento.mercadolibre.com.mx/MLM-3174367847-venta-de-departamento-lomas-del-pescador-lomas-de-tecamachalco-_JM,https://http2.mlstatic.com/D_NQ_NP_2X_941629-MLM114965817539_072026-E.webp,NAUCALPAN
Departamento En Venta En Vista Real San Miguel Tecamachalco 665565,5450000,MXN,"Huitlapexco Conjunto Habitaciónal Vista Real, San Miguel Tecamachalco, Naucalpan, Estado De México",133 m² construidos,2 recámaras,2 baños,https://departamento.mercadolibre.com.mx/MLM-5759240364-departamento-en-venta-en-vista-real-san-miguel-tecamachalco-665565-_JM,https://http2.mlstatic.com/D_NQ_NP_2X_671975-MLM114861722999_072026-E.webp,NAUCALPAN
"Departamento En Venta, Tecamachalco Moderno Con Doble Terraza En Parte Baja",6500000,MXN,"Moderno CON Doble Terraza EN Parte Baja, Lomas De Tecamachalco, Naucalpan, Estado De México",130 m² construidos,3 recámaras,2 baños,https://departamento.mercadolibre.com.mx/MLM-2831200397-departamento-en-venta-tecamachalco-moderno-con-doble-terraza-en-parte-baja-_JM,https://http2.mlstatic.com/D_NQ_NP_2X_988903-MLM108973859788_032026-E.webp,NAUCALPAN
Estrena Depto Nuevo En Tecamachalco,13560000,MXN,"Lomas De Tecamachalco, Naucalpan, Estado De México",352 m² construidos,3 recámaras,3 baños,https://departamento.mercadolibre.com.mx/MLM-2901303063-estrena-depto-nuevo-en-tecamachalco-_JM,https://http2.mlstatic.com/D_NQ_NP_2X_714068-MLM111082470567_042026-E.webp,NAUCALPAN
Vendo Departamento Obra Gris En Tecamachalco,10500000,MXN,"Lomas De Tecamachalco, Naucalpan, Estado De México",310 m² construidos,3 recámaras,3 baños,https://departamento.mercadolibre.com.mx/MLM-5258979664-vendo-departamento-obra-gris-en-tecamachalco-_JM,https://http2.mlstatic.com/D_NQ_NP_2X_899142-MLM111005783931_042026-E.webp,NAUCALPAN
Vendo Penthouse Nuevo En Tecamachalco,19000000,MXN,"Lomas De Tecamachalco, Naucalpan, Estado De México",285 m² construidos,3 recámaras,3 baños,https://departamento.mercadolibre.com.mx/MLM-5258978912-vendo-penthouse-nuevo-en-tecamachalco-_JM,https://http2.mlstatic.com/D_NQ_NP_2X_623083-MLM111005760257_042026-E.webp,NAUCALPAN
Departamento En Venta En Tecamachalco,9500000,MXN,"Lomas De Tecamachalco, Naucalpan, Estado De México",240 m² construidos,3 recámaras,2 baños,https://departamento.mercadolibre.com.mx/MLM-4874244712-departamento-en-venta-en-tecamachalco-_JM,https://http2.mlstatic.com/D_NQ_NP_2X_916279-MLM88097728006_072025-E.webp,NAUCALPAN
"Venta De Departamento Lomas Del Pescador, Lomas De Tecamachalco",9389000,MXN,"Lomas De Tecamachalco, Naucalpan, Estado De México",237 m² construidos,3 recámaras,3 baños,https://departamento.mercadolibre.com.mx/MLM-3174367849-venta-de-departamento-lomas-del-pescador-lomas-de-tecamachalco-_JM,https://http2.mlstatic.com/D_NQ_NP_2X_634057-MLM114965817741_072026-E.webp,NAUCALPAN
"Venta De Departamento Lomas Del Pescador, Lomas De Tecamachalco",9949000,MXN,"Lomas De Tecamachalco, Naucalpan, Estado De México",278 m² construidos,3 recámaras,3 baños,https://departamento.mercadolibre.com.mx/MLM-3174917137-venta-de-departamento-lomas-del-pescador-lomas-de-tecamachalco-_JM,https://http2.mlstatic.com/D_NQ_NP_2X_666508-MLM114965784093_072026-E.webp,NAUCALPAN
Departamento En Venta Lomas De  Tecamachalco (et),10000000,MXN,"Lomas De Tecamachalco, Naucalpan, Estado De México",310 m² construidos,3 recámaras,3 baños,https://departamento.mercadolibre.com.mx/MLM-5430050882-departamento-en-venta-lomas-de-tecamachalco-et-_JM,https://http2.mlstatic.com/D_NQ_NP_2X_982748-MLM113671292003_062026-E.webp,NAUCALPAN
Estrena Depto Nuevo En Tecamachalco,12999000,MXN,"Lomas De Tecamachalco, Naucalpan, Estado De México",315 m² construidos,3 recámaras,3 baños,https://departamento.mercadolibre.com.mx/MLM-2901303303-estrena-depto-nuevo-en-tecamachalco-_JM,https://http2.mlstatic.com/D_NQ_NP_2X_963126-MLM110162440204_042026-E.webp,NAUCALPAN
Estrena Depto Nuevo En Tecamachalco,12647000,MXN,"Lomas De Tecamachalco, Naucalpan, Estado De México",328 m² construidos,3 recámaras,2 baños,https://departamento.mercadolibre.com.mx/MLM-2901329067-estrena-depto-nuevo-en-tecamachalco-_JM,https://http2.mlstatic.com/D_NQ_NP_2X_860809-MLM111082470471_042026-E.webp,NAUCALPAN
Departamento En Venta Lomas De Tecamachalco (et),13000000,MXN,"Lomas De Tecamachalco, Naucalpan, Estado De México",370 m² construidos,3 recámaras,3 baños,https://departamento.mercadolibre.com.mx/MLM-3153965195-departamento-en-venta-lomas-de-tecamachalco-et-_JM,https://http2.mlstatic.com/D_NQ_NP_2X_918637-MLM105625743256_012026-E.webp,NAUCALPAN
Venta Departamentos Tecamachalco Con Terraza Y Roof Garden(r),14640000,MXN,"Lomas De Tecamachalco, Naucalpan, Estado De México",390 m² construidos,3 recámaras,3 baños,https://departamento.mercadolibre.com.mx/MLM-3058412041-venta-departamentos-tecamachalco-con-terraza-y-roof-gardenr-_JM,https://http2.mlstatic.com/D_NQ_NP_2X_739570-MLM113517342058_072026-E.webp,NAUCALPAN
"Venta De Departamento Lomas Del Pescador, Lomas De Tecamachalco",9289000,MXN,"Lomas De Tecamachalco, Naucalpan, Estado De México",237 m² construidos,3 recámaras,3 baños,https://departamento.mercadolibre.com.mx/MLM-3174367845-venta-de-departamento-lomas-del-pescador-lomas-de-tecamachalco-_JM,https://http2.mlstatic.com/D_NQ_NP_2X_826096-MLM114965817477_072026-E.webp,NAUCALPAN
"Venta De Departamento Lomas Del Pescador, Lomas De Tecamachalco",9889000,MXN,"Lomas De Tecamachalco, Naucalpan, Estado De México",278 m² construidos,3 recámaras,3 baños,https://departamento.mercadolibre.com.mx/MLM-3174917139-venta-de-departamento-lomas-del-pescador-lomas-de-tecamachalco-_JM,https://http2.mlstatic.com/D_NQ_NP_2X_993594-MLM114965844917_072026-E.webp,NAUCALPAN
"Venta De Penthouse Lomas Del Pescador, Lomas De Tecamachalco",9989000,MXN,"Lomas De Tecamachalco, Naucalpan, Estado De México",278 m² construidos,3 recámaras,3 baños,https://departamento.mercadolibre.com.mx/MLM-3174917133-venta-de-penthouse-lomas-del-pescador-lomas-de-tecamachalco-_JM,https://http2.mlstatic.com/D_NQ_NP_2X_875218-MLM114965816817_072026-E.webp,NAUCALPAN
Fuente De Aguilas,15200000,MXN,"Lomas De Tecamachalco, Naucalpan, Estado De México",330 m² construidos,3 recámaras,,https://departamento.mercadolibre.com.mx/MLM-4830847788-fuente-de-aguilas-_JM,https://http2.mlstatic.com/D_NQ_NP_2X_624976-MLM107529406931_022026-E.webp,NAUCALPAN
Venta Departamento Lomas De Tecamachalco,15000000,MXN,"Naucalpan, Estado De México",254 m² construidos,3 recámaras,3 baños,https://departamento.mercadolibre.com.mx/MLM-2937241127-venta-departamento-lomas-de-tecamachalco-_JM,https://http2.mlstatic.com/D_NQ_NP_2X_809812-MLM81386526444_122024-E.webp,NAUCALPAN
Renta Departamento- Tecamachalco,10950000,MXN,"Edificio Muy Alto Con Vista Panorámica, Lomas De Tecamachalco, Naucalpan, Estado De México",299 m² construidos,3 recámaras,3 baños,https://departamento.mercadolibre.com.mx/MLM-5099713684-renta-departamento-tecamachalco-_JM,https://http2.mlstatic.com/D_NQ_NP_2X_831013-MLM109800310833_032026-E.webp,NAUCALPAN
Venta Garden Fuente De La Juventud Lomas De Tecamachalco,12999000,MXN,"Lomas De Tecamachalco, Naucalpan, Estado De México",315 m² construidos,3 recámaras,3 baños,https://departamento.mercadolibre.com.mx/MLM-2919694549-venta-garden-fuente-de-la-juventud-lomas-de-tecamachalco-_JM,https://http2.mlstatic.com/D_NQ_NP_2X_797187-MLM115524473867_082026-E.webp,NAUCALPAN
Vendo Departamento En Residencial Montecarlo,8000000,MXN,"Country Club, Naucalpan, Estado De México",280 m² construidos,3 recámaras,3 baños,https://departamento.mercadolibre.com.mx/MLM-2997355367-vendo-departamento-en-residencial-montecarlo-_JM,https://http2.mlstatic.com/D_NQ_NP_2X_787378-MLM113013430783_062026-E.webp,NAUCALPAN
Departamento En Venta En Tecamachalco Con Balcon,11200000,MXN,"Lomas De Tecamachalco, Naucalpan, Estado De México",238 m² construidos,3 recámaras,3 baños,https://departamento.mercadolibre.com.mx/MLM-5385988800-departamento-en-venta-en-tecamachalco-con-balcon-_JM,https://http2.mlstatic.com/D_NQ_NP_2X_764575-MLM114566761735_072026-E.webp,NAUCALPAN
Águilas Tecamachalco,15200000,MXN,"Lomas De Tecamachalco, Naucalpan, Estado De México",320 m² construidos,3 recámaras,3 baños,https://departamento.mercadolibre.com.mx/MLM-5583960584-aguilas-tecamachalco-_JM,https://http2.mlstatic.com/D_NQ_NP_2X_732965-MLM113813004133_062026-E.webp,NAUCALPAN
Departamento En Venta En Tecamachalco Con Balcon,10400000,MXN,"Lomas De Tecamachalco, Naucalpan, Estado De México",193 m² construidos,3 recámaras,3 baños,https://departamento.mercadolibre.com.mx/MLM-5385963662-departamento-en-venta-en-tecamachalco-con-balcon-_JM,https://http2.mlstatic.com/D_NQ_NP_2X_694027-MLM114566691823_072026-E.webp,NAUCALPAN
Vendo Departamento En Tecamachalco,17000000,MXN,"Lomas De Tecamachalco, Naucalpan, Estado De México",360 m² construidos,3 recámaras,3 baños,https://departamento.mercadolibre.com.mx/MLM-5258979826-vendo-departamento-en-tecamachalco-_JM,https://http2.mlstatic.com/D_NQ_NP_2X_702222-MLM110090900820_042026-E.webp,NAUCALPAN
Venta Departamento Con Roof Garden Privado Lomas De Tecamachalco Apa_4910 Am,10200000,MXN,"Lomas De Tecamachalco, Naucalpan, Estado De México",201 m² construidos,3 recámaras,3 baños,https://departamento.mercadolibre.com.mx/MLM-5715760236-venta-departamento-con-roof-garden-privado-lomas-de-tecamachalco-apa4910-am-_JM,https://http2.mlstatic.com/D_NQ_NP_2X_967815-MLM114549852803_072026-E.webp,NAUCALPAN
Departamento De 3 Recámaras Con Roof Garden Privado De 122 M2 En Preventa,14750000,MXN,"Lomas De Tecamachalco, Naucalpan, Estado De México",391 m² construidos,3 recámaras,4 baños,https://departamento.mercadolibre.com.mx/MLM-5148097140-departamento-de-3-recamaras-con-roof-garden-privado-de-122-m2-en-preventa-_JM,https://http2.mlstatic.com/D_NQ_NP_2X_992380-MLM110688472904_052026-E.webp,NAUCALPAN
"Departamento En Venta En Residencial Bosque De Lomas Verdes En $8,000,000.00",8000000,MXN,"Lomas Verdes 1a Secc., Naucalpan, Estado De México",170 m² construidos,3 recámaras,3 baños,https://departamento.mercadolibre.com.mx/MLM-3135965739-departamento-en-venta-en-residencial-bosque-de-lomas-verdes-en-800000000-_JM,https://http2.mlstatic.com/D_NQ_NP_2X_707475-MLM113303987590_072026-E.webp,NAUCALPAN
Departamento En Venta-tecamachalco,8950000,MXN,"Depto Muy Iluminado, Lomas De Tecamachalco, Naucalpan, Estado De México",299 m² construidos,3 recámaras,3 baños,https://departamento.mercadolibre.com.mx/MLM-5099576374-departamento-en-venta-tecamachalco-_JM,https://http2.mlstatic.com/D_NQ_NP_2X_702952-MLM109800306875_032026-E.webp,NAUCALPAN
Venta De Departamento En Interlomas Con Terraza Amueblada.,14900000,MXN,"Country Club, Naucalpan, Estado De México",179 m² construidos,3 recámaras,4 baños,https://departamento.mercadolibre.com.mx/MLM-2776033187-venta-de-departamento-en-interlomas-con-terraza-amueblada-_JM,https://http2.mlstatic.com/D_NQ_NP_2X_994012-MLM108436612015_032026-E.webp,NAUCALPAN
Preventa Tecamachalco,12870000,MXN,"Lomas De Tecamachalco, Naucalpan, Estado De México",330 m² construidos,3 recámaras,3 baños,https://departamento.mercadolibre.com.mx/MLM-5583986044-preventa-tecamachalco-_JM,https://http2.mlstatic.com/D_NQ_NP_2X_894794-MLM113813016287_062026-E.webp,NAUCALPAN
Excelente Departamento En Tecamachalco,9500000,MXN,"Lomas De Tecamachalco, Naucalpan, Estado De México",250 m² construidos,3 recámaras,3 baños,https://departamento.mercadolibre.com.mx/MLM-5204976642-excelente-departamento-en-tecamachalco-_JM,https://http2.mlstatic.com/D_NQ_NP_2X_653739-MLM109680345236_042026-E.webp,NAUCALPAN
Departamento En Venta En Tecamachalco,13000000,MXN,"Lomas De Tecamachalco, Naucalpan, Estado De México",420 m² construidos,3 recámaras,3 baños,https://departamento.mercadolibre.com.mx/MLM-3113623533-departamento-en-venta-en-tecamachalco-_JM,https://http2.mlstatic.com/D_NQ_NP_2X_787849-MLM114378142443_072026-E.webp,NAUCALPAN
Departamento En Tecamachalco,13800000,MXN,"Reforma Social (Lomas De San Isidro), Naucalpan, Estado De México",300 m² construidos,3 recámaras,2 baños,https://departamento.mercadolibre.com.mx/MLM-5617110782-departamento-en-tecamachalco-_JM,https://http2.mlstatic.com/D_NQ_NP_2X_880396-MLM114263607408_082026-E.webp,NAUCALPAN
Departamento En  Venta,10500000,MXN,"En Venta Depto Fuente De Diana, Lomas De Tecamachalco, Naucalpan, Estado De México",280 m² construidos,3 recámaras,3 baños,https://departamento.mercadolibre.com.mx/MLM-5823041600-departamento-en-venta-_JM,https://http2.mlstatic.com/D_NQ_NP_2X_993944-MLM115203496809_072026-E.webp,NAUCALPAN
Departamentos Con Áreas En Tecamachalco 2028,8800000,MXN,"Lomas De Tecamachalco, Naucalpan, Estado De México",238 m² construidos,3 recámaras,3 baños,https://departamento.mercadolibre.com.mx/MLM-5616990670-departamentos-con-areas-en-tecamachalco-2028-_JM,https://http2.mlstatic.com/D_NQ_NP_2X_898115-MLM113831522654_072026-E.webp,NAUCALPAN
Preventa De Departamentos En Tecamachalco,9300000,MXN,"Lomas De Tecamachalco, Naucalpan, Estado De México",180 m² construidos,3 recámaras,3 baños,https://departamento.mercadolibre.com.mx/MLM-5269414598-preventa-de-departamentos-en-tecamachalco-_JM,https://http2.mlstatic.com/D_NQ_NP_2X_971851-MLM111083039071_042026-E.webp,NAUCALPAN
Departamento En Preventa Lomas De Tecamachalco (et),7490000,MXN,"Lomas De Tecamachalco, Naucalpan, Estado De México",144 m² construidos,3 recámaras,2 baños,https://departamento.mercadolibre.com.mx/MLM-5747050696-departamento-en-preventa-lomas-de-tecamachalco-et-_JM,https://http2.mlstatic.com/D_NQ_NP_2X_662580-MLM105625763812_012026-E.webp,NAUCALPAN
Vendo Garden House Nuevo En Tecamachalco,16000000,MXN,"Lomas De Tecamachalco, Naucalpan, Estado De México",285 m² construidos,3 recámaras,3 baños,https://departamento.mercadolibre.com.mx/MLM-5258978914-vendo-garden-house-nuevo-en-tecamachalco-_JM,https://http2.mlstatic.com/D_NQ_NP_2X_622472-MLM111005760265_042026-E.webp,NAUCALPAN
"Departamento En Venta En Lomas Verdes, Naucalpan De Juarez, Con Balcon Y Cuarto De Servicio",5165000,MXN,"Del Volador, Lomas Verdes 5a Secc, Naucalpan De Juárez, Lomas Verdes, Naucalpan, Estado De México",145 m² construidos,2 recámaras,2 baños,https://departamento.mercadolibre.com.mx/MLM-2831261299-departamento-en-venta-en-lomas-verdes-naucalpan-de-juarez-con-balcon-y-cuarto-de-servicio-_JM,https://http2.mlstatic.com/D_NQ_NP_2X_855748-MLM93966790039_102025-E.webp,NAUCALPAN
Departamento En Venta  Lomas De Tecamachalco,8500000,MXN,"San Miguel Tecamachalco, Naucalpan, Estado De México",156 m² construidos,3 recámaras,2 baños,https://departamento.mercadolibre.com.mx/MLM-5290886240-departamento-en-venta-lomas-de-tecamachalco-_JM,https://http2.mlstatic.com/D_NQ_NP_2X_963496-MLM111234630517_052026-E.webp,NAUCALPAN
Departamentos A Estrenar Cleo,13899900,MXN,"Lomas De Tecamachalco, Naucalpan, Estado De México",347 m² construidos,3 recámaras,3 baños,https://departamento.mercadolibre.com.mx/MLM-5583921592-departamentos-a-estrenar-cleo-_JM,https://http2.mlstatic.com/D_NQ_NP_2X_738161-MLM113812988235_062026-E.webp,NAUCALPAN
Departamento En Preventa Lomas De Tecamachalco  (et),7490000,MXN,"Lomas De Tecamachalco, Naucalpan, Estado De México",144 m² construidos,3 recámaras,2 baños,https://departamento.mercadolibre.com.mx/MLM-5430419004-departamento-en-preventa-lomas-de-tecamachalco-et-_JM,https://http2.mlstatic.com/D_NQ_NP_2X_643056-MLM113671194101_062026-E.webp,NAUCALPAN
Vendo Departamento En Torre Inteligente,14600000,MXN,"Lomas De Tecamachalco, Naucalpan, Estado De México",260 m² construidos,2 recámaras,2 baños,https://departamento.mercadolibre.com.mx/MLM-5258979982-vendo-departamento-en-torre-inteligente-_JM,https://http2.mlstatic.com/D_NQ_NP_2X_642092-MLM110090831336_042026-E.webp,NAUCALPAN
Vendo Departamento En Tao Lomas Country,12000000,MXN,"Country Club, Naucalpan, Estado De México",310 m² construidos,3 recámaras,3 baños,https://departamento.mercadolibre.com.mx/MLM-5258979776-vendo-departamento-en-tao-lomas-country-_JM,https://http2.mlstatic.com/D_NQ_NP_2X_615249-MLM110090796094_042026-E.webp,NAUCALPAN
Departamento En Preventa En Lomas De Tecamachalco,14890000,MXN,"Lomas De Tecamachalco, Naucalpan, Estado De México",390 m² construidos,3 recámaras,3 baños,https://departamento.mercadolibre.com.mx/MLM-4831073880-departamento-en-preventa-en-lomas-de-tecamachalco-_JM,https://http2.mlstatic.com/D_NQ_NP_2X_882883-MLM106856348516_022026-E.webp,NAUCALPAN
Departamento En Lomas De Tecamachalco,14790000,MXN,"Lomas De Tecamachalco, Naucalpan, Estado De México",389 m² construidos,3 recámaras,3 baños,https://departamento.mercadolibre.com.mx/MLM-5874380552-departamento-en-lomas-de-tecamachalco-_JM,https://http2.mlstatic.com/D_NQ_NP_2X_644174-MLM106552486386_022026-E.webp,NAUCALPAN
"Venta Garden,  Lomas De Tecamachalco, Naucalpan, Edo.  México",11000000,MXN,"Lomas De Tecamachalco, Naucalpan, Estado De México",360 m² construidos,3 recámaras,3 baños,https://departamento.mercadolibre.com.mx/MLM-3120299097-venta-garden-lomas-de-tecamachalco-naucalpan-edo-mexico-_JM,https://http2.mlstatic.com/D_NQ_NP_2X_624127-MLM115311872597_072026-E.webp,NAUCALPAN
Exclusivo Departamento En Lomas De Tecamachalco,17000000,MXN,"Lomas De Tecamachalco, Naucalpan, Estado De México",330 m² construidos,3 recámaras,3 baños,https://departamento.mercadolibre.com.mx/MLM-2785385679-exclusivo-departamento-en-lomas-de-tecamachalco-_JM,https://http2.mlstatic.com/D_NQ_NP_2X_788144-MLM107905184166_032026-E.webp,NAUCALPAN
Departamento En Preventa En Lomas De Tecamachalco,14890000,MXN,"Lomas De Tecamachalco, Naucalpan, Estado De México",390 m² construidos,3 recámaras,3 baños,https://departamento.mercadolibre.com.mx/MLM-3161186393-departamento-en-preventa-en-lomas-de-tecamachalco-_JM,https://http2.mlstatic.com/D_NQ_NP_2X_732000-MLM114860316271_072026-E.webp,NAUCALPAN
"Departamento Garden En Venta, Tecamachalco",13890000,MXN,"Lomas De Tecamachalco, Naucalpan, Estado De México",385 m² construidos,3 recámaras,3 baños,https://departamento.mercadolibre.com.mx/MLM-2996754883-departamento-garden-en-venta-tecamachalco-_JM,https://http2.mlstatic.com/D_NQ_NP_2X_889733-MLM113004001317_062026-E.webp,NAUCALPAN
Ph De Alto Nivel,13700000,MXN,"Lomas De Tecamachalco, Naucalpan, Estado De México",330 m² construidos,3 recámaras,3 baños,https://departamento.mercadolibre.com.mx/MLM-5874383184-ph-de-alto-nivel-_JM,https://http2.mlstatic.com/D_NQ_NP_2X_750642-MLM106607405600_022026-E.webp,NAUCALPAN
Departamento En Lomas De Tecamachalco,14790000,MXN,"Lomas De Tecamachalco, Naucalpan, Estado De México",389 m² construidos,3 recámaras,3 baños,https://departamento.mercadolibre.com.mx/MLM-3161186417-departamento-en-lomas-de-tecamachalco-_JM,https://http2.mlstatic.com/D_NQ_NP_2X_785197-MLM113585426014_072026-E.webp,NAUCALPAN
Departamento En Tecamachalco,11500000,MXN,"Lomas De Tecamachalco, Naucalpan, Estado De México",300 m² construidos,3 recámaras,2 baños,https://departamento.mercadolibre.com.mx/MLM-5616991284-departamento-en-tecamachalco-_JM,https://http2.mlstatic.com/D_NQ_NP_2X_742554-MLM115110846039_072026-E.webp,NAUCALPAN
Departamento A La Venta De 3 Recamaras En Tecamachalco,10500000,MXN,"Lomas De Tecamachalco, Naucalpan, Estado De México",265 m² construidos,3 recámaras,3 baños,https://departamento.mercadolibre.com.mx/MLM-5617060698-departamento-a-la-venta-de-3-recamaras-en-tecamachalco-_JM,https://http2.mlstatic.com/D_NQ_NP_2X_709879-MLM113814419594_072026-E.webp,NAUCALPAN
Departamentos En Toreo,2468685,MXN,"El Parque, Naucalpan, Estado De México",68 m² construidos,2 recámaras,2 baños,https://departamento.mercadolibre.com.mx/MLM-5811590984-departamentos-en-toreo-_JM,https://http2.mlstatic.com/D_NQ_NP_2X_813371-MLM105318897526_012026-E.webp,NAUCALPAN
Departamento En Venta En Lomas De Tecamachalco,14299000,MXN,"Lomas De Tecamachalco, Naucalpan, Estado De México",255 m² construidos,3 recámaras,3 baños,https://departamento.mercadolibre.com.mx/MLM-2904711901-departamento-en-venta-en-lomas-de-tecamachalco-_JM,https://http2.mlstatic.com/D_NQ_NP_2X_954384-MLM106552724738_022026-E.webp,NAUCALPAN
Departamento En Lomas De Tecamachalco,18000000,MXN,"Tecamachalco, State Of Mexico, Naucalpan De Juárez, Lomas De Tecamachalco, Naucalpan, Estado De México",422 m² construidos,3 recámaras,3 baños,https://departamento.mercadolibre.com.mx/MLM-2979342127-departamento-en-lomas-de-tecamachalco-_JM,https://http2.mlstatic.com/D_NQ_NP_2X_685084-MLM111627596014_062026-E.webp,NAUCALPAN
Departamento Con Terraza En Venta En Lomas De Tecamachalco,8990000,MXN,"Fuente De La Juventud 34, MZ 004, Lomas De Tecamachalco, Naucalpan De Juárez, Lomas De Tecamachalco Secc. Fuentes, Naucalpan, Estado De México",210 m² construidos,2 recámaras,3 baños,https://departamento.mercadolibre.com.mx/MLM-5465952280-departamento-con-terraza-en-venta-en-lomas-de-tecamachalco-_JM,https://http2.mlstatic.com/D_NQ_NP_2X_991906-MLM95979842200_102025-E.webp,NAUCALPAN
Venta Departamento En Lomas De Tecamachalco,9800000,MXN,"Lomas De Tecamachalco, Naucalpan, Estado De México",242 m² construidos,3 recámaras,3 baños,https://departamento.mercadolibre.com.mx/MLM-2877533255-venta-departamento-en-lomas-de-tecamachalco-_JM,https://http2.mlstatic.com/D_NQ_NP_2X_801703-MLM110660627369_042026-E.webp,NAUCALPAN
Venta Departamento Lomas De Tecamachalco 3 Recamaras,6500000,MXN,"Fuente De Las Pirámides, Lomas De Tecamachalco, Naucalpan De Juárez, Lomas De Tecamachalco, Naucalpan, Estado De México",140 m² construidos,3 recámaras,2 baños,https://departamento.mercadolibre.com.mx/MLM-5383803826-venta-departamento-lomas-de-tecamachalco-3-recamaras-_JM,https://http2.mlstatic.com/D_NQ_NP_2X_779119-MLM111996742275_052026-E.webp,NAUCALPAN
Departamento En Pre Venta En Tecamachalco,8178000,MXN,"Naucalpan, Estado De México",188 m² construidos,3 recámaras,3 baños,https://departamento.mercadolibre.com.mx/MLM-2985333091-departamento-en-pre-venta-en-tecamachalco-_JM,https://http2.mlstatic.com/D_NQ_NP_2X_709113-MLM112817687621_062026-E.webp,NAUCALPAN
Venta Ph En Fuente De Juventud,10500000,MXN,"Lomas De Tecamachalco, Naucalpan, Estado De México",302 m² construidos,3 recámaras,3 baños,https://departamento.mercadolibre.com.mx/MLM-5215977216-venta-ph-en-fuente-de-juventud-_JM,https://http2.mlstatic.com/D_NQ_NP_2X_739749-MLM109769471628_042026-E.webp,NAUCALPAN
"Departamento En Venta, Manuel Ávila Camacho Excelente Opción Para Actualizar",5800000,MXN,"Excelente Opción Para Actualizar, Naucalpan, Estado De México",180 m² construidos,3 recámaras,2 baños,https://departamento.mercadolibre.com.mx/MLM-5099576574-departamento-en-venta-manuel-avila-camacho-excelente-opcion-para-actualizar-_JM,https://http2.mlstatic.com/D_NQ_NP_2X_676943-MLM109800316081_032026-E.webp,NAUCALPAN
Departamento En Venta En Lomas De Tecamachalco,14299000,MXN,"Lomas De Tecamachalco, Naucalpan, Estado De México",255 m² construidos,3 recámaras,3 baños,https://departamento.mercadolibre.com.mx/MLM-3161184793-departamento-en-venta-en-lomas-de-tecamachalco-_JM,https://http2.mlstatic.com/D_NQ_NP_2X_932826-MLM114860281313_072026-E.webp,NAUCALPAN
"Departamento En Preventa En Lomas De Tecamachalco, Naucalpan De Juárez",12196750,MXN,"Lomas De Tecamachalco, Naucalpan, Estado De México",272 m² construidos,3 recámaras,3 baños,https://departamento.mercadolibre.com.mx/MLM-3063445083-departamento-en-preventa-en-lomas-de-tecamachalco-naucalpan-de-juarez-_JM,https://http2.mlstatic.com/D_NQ_NP_2X_618044-MLM112740500114_062026-E.webp,NAUCALPAN
Hermoso Town House Tecamachalco,19500000,MXN,"Lomas De Tecamachalco, Naucalpan, Estado De México",423 m² construidos,3 recámaras,3 baños,https://departamento.mercadolibre.com.mx/MLM-5583934274-hermoso-town-house-tecamachalco-_JM,https://http2.mlstatic.com/D_NQ_NP_2X_680781-MLM112630765848_062026-E.webp,NAUCALPAN
Departamento En Preventa En Lomas De Tecamachalco (f),17326470,MXN,"Lomas De Tecamachalco, Naucalpan, Estado De México",395 m² construidos,3 recámaras,3 baños,https://departamento.mercadolibre.com.mx/MLM-3063319833-departamento-en-preventa-en-lomas-de-tecamachalco-f-_JM,https://http2.mlstatic.com/D_NQ_NP_2X_890680-MLM113931062305_062026-E.webp,NAUCALPAN
"Venta Departamento En Loma Del Bosque, Av De Los Bosques (d)",9998000,MXN,"Venta Departamento EN Loma DEL Bosque, AV DE LOS Bosques (D), Lomas De Tecamachalco, Naucalpan, Estado De México",360 m² construidos,3 recámaras,3 baños,https://departamento.mercadolibre.com.mx/MLM-4979991972-venta-departamento-en-loma-del-bosque-av-de-los-bosques-d-_JM,https://http2.mlstatic.com/D_NQ_NP_2X_839412-MLM107706867128_032026-E.webp,NAUCALPAN
Preventa Fuente De Leones,6025000,MXN,"Lomas De Tecamachalco, Naucalpan, Estado De México",108 m² construidos,3 recámaras,2 baños,https://departamento.mercadolibre.com.mx/MLM-5583960346-preventa-fuente-de-leones-_JM,https://http2.mlstatic.com/D_NQ_NP_2X_600100-MLM112630751178_062026-E.webp,NAUCALPAN
Preventa De Departamento En Tecamachalco Con Roof Garden Privado,10300000,MXN,"Lomas De Tecamachalco, Naucalpan, Estado De México",260 m² construidos,3 recámaras,3 baños,https://departamento.mercadolibre.com.mx/MLM-2776055317-preventa-de-departamento-en-tecamachalco-con-roof-garden-privado-_JM,https://http2.mlstatic.com/D_NQ_NP_2X_957583-MLM108436626935_032026-E.webp,NAUCALPAN
Venta Ph En Tecamachalco Con Roof Garden Privado. (r),8500000,MXN,"Lomas De Tecamachalco, Naucalpan, Estado De México",280 m² construidos,3 recámaras,3 baños,https://departamento.mercadolibre.com.mx/MLM-3058224511-venta-ph-en-tecamachalco-con-roof-garden-privado-r-_JM,https://http2.mlstatic.com/D_NQ_NP_2X_629302-MLM88307160572_072025-E.webp,NAUCALPAN
Departamento En Venta,14075702,MXN,"Country Club, Naucalpan, Estado De México",320 m² construidos,3 recámaras,3 baños,https://departamento.mercadolibre.com.mx/MLM-2865198955-departamento-en-venta-_JM,https://http2.mlstatic.com/D_NQ_NP_2X_941464-MLM107603407853_022026-E.webp,NAUCALPAN
Descubre Deptos De 2 Recámaras En El Desarrollo Más Exclusivo De Naucalpan,4431093,MXN,"Independencia 113, La Herradura, Naucalpan, Estado De México",94 m² construidos,2 recámaras,2 baños,https://departamento.mercadolibre.com.mx/MLM-5723212322-descubre-deptos-de-2-recamaras-en-el-desarrollo-mas-exclusivo-de-naucalpan-_JM,https://http2.mlstatic.com/D_NQ_NP_2X_841504-MLM113356140088_072026-E.webp,NAUCALPAN
Fuente De Aguilas Tecamachalco,16200000,MXN,"Lomas De Tecamachalco, Naucalpan, Estado De México",335 m² construidos,3 recámaras,3 baños,https://departamento.mercadolibre.com.mx/MLM-5583921792-fuente-de-aguilas-tecamachalco-_JM,https://http2.mlstatic.com/D_NQ_NP_2X_633212-MLM113813040699_062026-E.webp,NAUCALPAN
Fuente De Águilas Preventa,11620000,MXN,"Lomas De Tecamachalco, Naucalpan, Estado De México",332 m² construidos,3 recámaras,3 baños,https://departamento.mercadolibre.com.mx/MLM-3053093879-fuente-de-aguilas-preventa-_JM,https://http2.mlstatic.com/D_NQ_NP_2X_774007-MLM112630751594_062026-E.webp,NAUCALPAN
Departamento En Venta,14037602,MXN,"Country Club, Naucalpan, Estado De México",320 m² construidos,3 recámaras,3 baños,https://departamento.mercadolibre.com.mx/MLM-2865227451-departamento-en-venta-_JM,https://http2.mlstatic.com/D_NQ_NP_2X_967076-MLM106921926420_022026-E.webp,NAUCALPAN
Departamento En Venta,11798302,MXN,"Country Club, Naucalpan, Estado De México",314 m² construidos,3 recámaras,3 baños,https://departamento.mercadolibre.com.mx/MLM-2865210911-departamento-en-venta-_JM,https://http2.mlstatic.com/D_NQ_NP_2X_671915-MLM107603402151_022026-E.webp,NAUCALPAN
Preventa Departamentos Tecamachalco Aqua Residence (r),12000000,MXN,"Lomas De Tecamachalco, Naucalpan, Estado De México",295 m² construidos,3 recámaras,3 baños,https://departamento.mercadolibre.com.mx/MLM-3058224533-preventa-departamentos-tecamachalco-aqua-residence-r-_JM,https://http2.mlstatic.com/D_NQ_NP_2X_924947-MLM88307143766_072025-E.webp,NAUCALPAN
Departamento Garden En Venta. Lomas De Tecamachalco,13990000,MXN,"Lomas De Tecamachalco, Naucalpan, Estado De México",392 m² construidos,3 recámaras,3 baños,https://departamento.mercadolibre.com.mx/MLM-5480876408-departamento-garden-en-venta-lomas-de-tecamachalco-_JM,https://http2.mlstatic.com/D_NQ_NP_2X_729991-MLM111886144606_062026-E.webp,NAUCALPAN
Departamento En Venta,13814102,MXN,"Country Club, Naucalpan, Estado De México",320 m² construidos,3 recámaras,3 baños,https://departamento.mercadolibre.com.mx/MLM-5186924336-departamento-en-venta-_JM,https://http2.mlstatic.com/D_NQ_NP_2X_633751-MLM106921924140_022026-E.webp,NAUCALPAN
Departamento En Venta,13948802,MXN,"Country Club, Naucalpan, Estado De México",320 m² construidos,3 recámaras,3 baños,https://departamento.mercadolibre.com.mx/MLM-2865211697-departamento-en-venta-_JM,https://http2.mlstatic.com/D_NQ_NP_2X_988974-MLM107963311541_032026-E.webp,NAUCALPAN
Departamento En Venta,17360102,MXN,"Country Club, Naucalpan, Estado De México",546 m² construidos,3 recámaras,3 baños,https://departamento.mercadolibre.com.mx/MLM-5186941560-departamento-en-venta-_JM,https://http2.mlstatic.com/D_NQ_NP_2X_639484-MLM107603404901_022026-E.webp,NAUCALPAN
Departamento En Venta,14062502,MXN,"Country Club, Naucalpan, Estado De México",314 m² construidos,3 recámaras,3 baños,https://departamento.mercadolibre.com.mx/MLM-5186928860-departamento-en-venta-_JM,https://http2.mlstatic.com/D_NQ_NP_2X_701701-MLM106921923692_022026-E.webp,NAUCALPAN
Departamento En Venta,14235502,MXN,"Country Club, Naucalpan, Estado De México",311 m² construidos,3 recámaras,3 baños,https://departamento.mercadolibre.com.mx/MLM-2865210181-departamento-en-venta-_JM,https://http2.mlstatic.com/D_NQ_NP_2X_622166-MLM107603402157_022026-E.webp,NAUCALPAN
Departamento En Venta,13916802,MXN,"Country Club, Naucalpan, Estado De México",305 m² construidos,3 recámaras,3 baños,https://departamento.mercadolibre.com.mx/MLM-2865191753-departamento-en-venta-_JM,https://http2.mlstatic.com/D_NQ_NP_2X_921668-MLM107603382647_022026-E.webp,NAUCALPAN
Departamento En Venta,13945402,MXN,"Country Club, Naucalpan, Estado De México",320 m² construidos,3 recámaras,3 baños,https://departamento.mercadolibre.com.mx/MLM-5186857840-departamento-en-venta-_JM,https://http2.mlstatic.com/D_NQ_NP_2X_758532-MLM107603404661_022026-E.webp,NAUCALPAN
Departamento En Venta,13896902,MXN,"Country Club, Naucalpan, Estado De México",307 m² construidos,3 recámaras,3 baños,https://departamento.mercadolibre.com.mx/MLM-2865177497-departamento-en-venta-_JM,https://http2.mlstatic.com/D_NQ_NP_2X_805633-MLM107603385227_022026-E.webp,NAUCALPAN
Departamento En Venta,13944202,MXN,"Country Club, Naucalpan, Estado De México",320 m² construidos,3 recámaras,3 baños,https://departamento.mercadolibre.com.mx/MLM-5186848152-departamento-en-venta-_JM,https://http2.mlstatic.com/D_NQ_NP_2X_685643-MLM107603382203_022026-E.webp,NAUCALPAN
Departamento En Venta,13910402,MXN,"Country Club, Naucalpan, Estado De México",314 m² construidos,3 recámaras,3 baños,https://departamento.mercadolibre.com.mx/MLM-2865174247-departamento-en-venta-_JM,https://http2.mlstatic.com/D_NQ_NP_2X_625232-MLM107603408083_022026-E.webp,NAUCALPAN
Departamento En Venta,14279902,MXN,"Country Club, Naucalpan, Estado De México",314 m² construidos,3 recámaras,3 baños,https://departamento.mercadolibre.com.mx/MLM-5186838460-departamento-en-venta-_JM,https://http2.mlstatic.com/D_NQ_NP_2X_982809-MLM106921923682_022026-E.webp,NAUCALPAN
"Venta Pent House 370m2-lomas Country, Naucalpan De Juárez-",17900000,MXN,"Country Club, Naucalpan, Estado De México",350 m² construidos,,,https://departamento.mercadolibre.com.mx/MLM-4873969864-venta-pent-house-370m2-lomas-country-naucalpan-de-juarez--_JM,https://http2.mlstatic.com/D_NQ_NP_2X_671706-MLM83023738920_032025-E.webp,NAUCALPAN
Departamentos En Venta,12995000,MXN,"Fuente De Apolo, Lomas De Tecamachalco, Naucalpan, Estado De México",232 m² construidos,3 recámaras,3 baños,https://departamento.mercadolibre.com.mx/MLM-5823041650-departamentos-en-venta-_JM,https://http2.mlstatic.com/D_NQ_NP_2X_666362-MLM113897433826_072026-E.webp,NAUCALPAN
Departamento Garden Venta En Tecamachalco,14199000,MXN,"Lomas De Tecamachalco, Naucalpan, Estado De México",392 m² construidos,3 recámaras,3 baños,https://departamento.mercadolibre.com.mx/MLM-5480876400-departamento-garden-venta-en-tecamachalco-_JM,https://http2.mlstatic.com/D_NQ_NP_2X_960207-MLM113004000607_062026-E.webp,NAUCALPAN
Departamento En Venta Tecamachalco Con Su Propio Roof Garden Y Balcon,11500000,MXN,"Lomas De Tecamachalco, Naucalpan, Estado De México",344 m² construidos,3 recámaras,4 baños,https://departamento.mercadolibre.com.mx/MLM-5480876364-departamento-en-venta-tecamachalco-con-su-propio-roof-garden-y-balcon-_JM,https://http2.mlstatic.com/D_NQ_NP_2X_901100-MLM111886141114_062026-E.webp,NAUCALPAN
Departamento A Estrenar,11000000,MXN,"Lomas De Tecamachalco, Naucalpan, Estado De México",259 m² construidos,3 recámaras,3 baños,https://departamento.mercadolibre.com.mx/MLM-2996754833-departamento-a-estrenar-_JM,https://http2.mlstatic.com/D_NQ_NP_2X_611241-MLM113003997023_062026-E.webp,NAUCALPAN
"Venta Departamento A Estrenar, Fuente De Acuario, Tecamachalco",14000000,MXN,"Lomas De Tecamachalco, Naucalpan, Estado De México",368 m² construidos,3 recámaras,3 baños,https://departamento.mercadolibre.com.mx/MLM-2985333107-venta-departamento-a-estrenar-fuente-de-acuario-tecamachalco-_JM,https://http2.mlstatic.com/D_NQ_NP_2X_956076-MLM112817688203_062026-E.webp,NAUCALPAN
Departamento En Venta,13935802,MXN,"Country Club, Naucalpan, Estado De México",320 m² construidos,3 recámaras,3 baños,https://departamento.mercadolibre.com.mx/MLM-5186945118-departamento-en-venta-_JM,https://http2.mlstatic.com/D_NQ_NP_2X_951879-MLM107603382123_022026-E.webp,NAUCALPAN
Departamento En Venta,13822902,MXN,"Country Club, Naucalpan, Estado De México",320 m² construidos,3 recámaras,3 baños,https://departamento.mercadolibre.com.mx/MLM-5186920266-departamento-en-venta-_JM,https://http2.mlstatic.com/D_NQ_NP_2X_663604-MLM106921924228_022026-E.webp,NAUCALPAN
Departamento En Venta,14031902,MXN,"Country Club, Naucalpan, Estado De México",308 m² construidos,3 recámaras,3 baños,https://departamento.mercadolibre.com.mx/MLM-5186861136-departamento-en-venta-_JM,https://http2.mlstatic.com/D_NQ_NP_2X_867504-MLM106921924238_022026-E.webp,NAUCALPAN
Departamento En Venta,12084102,MXN,"Country Club, Naucalpan, Estado De México",314 m² construidos,3 recámaras,3 baños,https://departamento.mercadolibre.com.mx/MLM-2865208961-departamento-en-venta-_JM,https://http2.mlstatic.com/D_NQ_NP_2X_761343-MLM106921921416_022026-E.webp,NAUCALPAN
Departamento En Venta,11871802,MXN,"Country Club, Naucalpan, Estado De México",309 m² construidos,3 recámaras,3 baños,https://departamento.mercadolibre.com.mx/MLM-2865208617-departamento-en-venta-_JM,https://http2.mlstatic.com/D_NQ_NP_2X_774322-MLM106921921270_022026-E.webp,NAUCALPAN
Departamento En Venta,13936502,MXN,"Country Club, Naucalpan, Estado De México",320 m² construidos,3 recámaras,3 baños,https://departamento.mercadolibre.com.mx/MLM-5186855948-departamento-en-venta-_JM,https://http2.mlstatic.com/D_NQ_NP_2X_635574-MLM107963307075_032026-E.webp,NAUCALPAN
Departamento En Venta,13961402,MXN,"Country Club, Naucalpan, Estado De México",306 m² construidos,3 recámaras,3 baños,https://departamento.mercadolibre.com.mx/MLM-2865161413-departamento-en-venta-_JM,https://http2.mlstatic.com/D_NQ_NP_2X_769759-MLM107603404955_022026-E.webp,NAUCALPAN
Departamento En Venta,13895402,MXN,"Country Club, Naucalpan, Estado De México",314 m² construidos,3 recámaras,3 baños,https://departamento.mercadolibre.com.mx/MLM-2865137115-departamento-en-venta-_JM,https://http2.mlstatic.com/D_NQ_NP_2X_687456-MLM107603382657_022026-E.webp,NAUCALPAN
Departamento En Venta En Tecamachalco,13500000,MXN,"Lomas De Tecamachalco, Naucalpan, Estado De México",265 m² construidos,3 recámaras,3 baños,https://departamento.mercadolibre.com.mx/MLM-5683539710-departamento-en-venta-en-tecamachalco-_JM,https://http2.mlstatic.com/D_NQ_NP_2X_847331-MLM113147472920_072026-E.webp,NAUCALPAN
Departamento En Venta,14083502,MXN,"Country Club, Naucalpan, Estado De México",320 m² construidos,3 recámaras,3 baños,https://departamento.mercadolibre.com.mx/MLM-2865137625-departamento-en-venta-_JM,https://http2.mlstatic.com/D_NQ_NP_2X_811677-MLM107258382048_032026-E.webp,NAUCALPAN
Departamento En Venta En Naucalpan,4550000,MXN,"Blvd. Toluca 28, San Francisco Cuautlalpan, Naucalpan De Juárez, Industrial Alce Blanco, Naucalpan, Estado De México",94 m² construidos,2 recámaras,2 baños,https://departamento.mercadolibre.com.mx/MLM-3057557637-departamento-en-venta-en-naucalpan-_JM,https://http2.mlstatic.com/D_NQ_NP_2X_708796-MLM112673491450_062026-E.webp,NAUCALPAN
Vendo Departamento En Tecamachalco,7000000,MXN,"Lomas De Tecamachalco, Naucalpan, Estado De México",230 m² construidos,3 recámaras,2 baños,https://departamento.mercadolibre.com.mx/MLM-5259016814-vendo-departamento-en-tecamachalco-_JM,https://http2.mlstatic.com/D_NQ_NP_2X_868619-MLM113541369278_072026-E.webp,NAUCALPAN
Vendo Departamento En Tiara,14900000,MXN,"Lomas De Tecamachalco, Naucalpan, Estado De México",244 m² construidos,3 recámaras,3 baños,https://departamento.mercadolibre.com.mx/MLM-5258978932-vendo-departamento-en-tiara-_JM,https://http2.mlstatic.com/D_NQ_NP_2X_878665-MLM111005598685_042026-E.webp,NAUCALPAN
Departamento De Lujo,7631875,MXN,"Lomas De Tecamachalco, Naucalpan, Estado De México",178 m² construidos,3 recámaras,3 baños,https://departamento.mercadolibre.com.mx/MLM-5874323256-departamento-de-lujo-_JM,https://http2.mlstatic.com/D_NQ_NP_2X_980239-MLM106607405576_022026-E.webp,NAUCALPAN
Tecamamachalco Remató Departamento En Obra Negra,6500000,MXN,"Lomas De Tecamachalco, Naucalpan, Estado De México",196 m² construidos,2 recámaras,1 baño,https://departamento.mercadolibre.com.mx/MLM-5645471642-tecamamachalco-remato-departamento-en-obra-negra-_JM,https://http2.mlstatic.com/D_NQ_NP_2X_898477-MLM114193507547_072026-E.webp,NAUCALPAN
Preventa Leonés Tecsmachalco,6500000,MXN,"Lomas De Tecamachalco, Naucalpan, Estado De México",145 m² construidos,2 recámaras,2 baños,https://departamento.mercadolibre.com.mx/MLM-3053093597-preventa-leones-tecsmachalco-_JM,https://http2.mlstatic.com/D_NQ_NP_2X_975202-MLM112630735568_062026-E.webp,NAUCALPAN
Departamento En Venta En Tecamachalco,9600000,MXN,"Lomas De Tecamachalco, Naucalpan, Estado De México",198 m² construidos,3 recámaras,3 baños,https://departamento.mercadolibre.com.mx/MLM-2776033415-departamento-en-venta-en-tecamachalco-_JM,https://http2.mlstatic.com/D_NQ_NP_2X_887161-MLM107698135882_032026-E.webp,NAUCALPAN
Fuente De Diana,10560000,MXN,"Lomas De Tecamachalco, Naucalpan, Estado De México",240 m² construidos,3 recámaras,3 baños,https://departamento.mercadolibre.com.mx/MLM-5583960396-fuente-de-diana-_JM,https://http2.mlstatic.com/D_NQ_NP_2X_812774-MLM113813005459_062026-E.webp,NAUCALPAN
Vendo Departamento En Tecamachalco,9500000,MXN,"Lomas De Tecamachalco, Naucalpan, Estado De México",216 m² construidos,3 recámaras,2 baños,https://departamento.mercadolibre.com.mx/MLM-5259016798-vendo-departamento-en-tecamachalco-_JM,https://http2.mlstatic.com/D_NQ_NP_2X_824629-MLM111005765021_042026-E.webp,NAUCALPAN
Venta De Departamento Nuevo En Tecamachalco,10400000,MXN,"Lomas De Tecamachalco, Naucalpan, Estado De México",260 m² construidos,3 recámaras,3 baños,https://departamento.mercadolibre.com.mx/MLM-3188053091-venta-de-departamento-nuevo-en-tecamachalco-_JM,https://http2.mlstatic.com/D_NQ_NP_2X_887301-MLM115076295439_072026-E.webp,NAUCALPAN
Departamento En Venta Tecamachalco,12000000,MXN,"Lomas De Tecamachalco, Naucalpan, Estado De México",309 m² construidos,3 recámaras,3 baños,https://departamento.mercadolibre.com.mx/MLM-3153967383-departamento-en-venta-tecamachalco-_JM,https://http2.mlstatic.com/D_NQ_NP_2X_610692-MLM105662783584_012026-E.webp,NAUCALPAN
Departamento A Estrenar Tecamachalco,8500000,MXN,"Lomas De Tecamachalco, Naucalpan, Estado De México",300 m² construidos,3 recámaras,3 baños,https://departamento.mercadolibre.com.mx/MLM-5617110810-departamento-a-estrenar-tecamachalco-_JM,https://http2.mlstatic.com/D_NQ_NP_2X_873877-MLM112817708040_072026-E.webp,NAUCALPAN
Penthouse En Venta En La Herradura,11490000,MXN,"Independencia, Naucalpan, Estado De México",356 m² construidos,5 recámaras,5 baños,https://departamento.mercadolibre.com.mx/MLM-3081326791-penthouse-en-venta-en-la-herradura-_JM,https://http2.mlstatic.com/D_NQ_NP_2X_787509-MLM114129886459_072026-E.webp,NAUCALPAN
Departamento En Lomas De Tecamachalco,8425600,MXN,"SE Vende PH CON Terraza EN Tecamachalco (L), Lomas De Tecamachalco, Naucalpan, Estado De México",166 m² de terreno,3 recámaras,3 baños,https://departamento.mercadolibre.com.mx/MLM-5242279064-departamento-en-lomas-de-tecamachalco-_JM,https://http2.mlstatic.com/D_NQ_NP_2X_954195-MLM110868160723_042026-E.webp,NAUCALPAN
Departamento En Venta Nuevos En Lomas De Tecamachalco De 3 Recs,10500000,MXN,"Lomas De Tecamachalco, Naucalpan, Estado De México",280 m² construidos,3 recámaras,3 baños,https://departamento.mercadolibre.com.mx/MLM-5617060678-departamento-en-venta-nuevos-en-lomas-de-tecamachalco-de-3-recs-_JM,https://http2.mlstatic.com/D_NQ_NP_2X_996586-MLM113844257422_072026-E.webp,NAUCALPAN
Departamento En Venta En San Juan Totoltepec 26-1490.,3700000,MXN,"Naucalpan De Juarez ,san Juan Totoltepec, San Juan Totoltepec, Naucalpan, Estado De México",196 m² construidos,2 recámaras,2 baños,https://departamento.mercadolibre.com.mx/MLM-5896448684-departamento-en-venta-en-san-juan-totoltepec-26-1490-_JM,https://http2.mlstatic.com/D_NQ_NP_2X_661105-MLM114281288710_082026-E.webp,NAUCALPAN
"Departamento En Venta En Naucalpan De Juarez ,lomas Verdes Rt 26-2271.",2100000,MXN,"Naucalpan De Juarez, Lomas Verdes, Naucalpan, Estado De México",78 m² construidos,2 recámaras,1 baño,https://departamento.mercadolibre.com.mx/MLM-5858649170-departamento-en-venta-en-naucalpan-de-juarez-lomas-verdes-rt-26-2271-_JM,https://http2.mlstatic.com/D_NQ_NP_2X_965540-MLM114041792582_072026-E.webp,NAUCALPAN
Departamento  En Venta En Lomas Verdes 6ª Secc,7200000,MXN,"CALLE S/N, Lomas Verdes 6a Sección, Naucalpan, Estado De México",160 m² construidos,3 recámaras,2 baños,https://departamento.mercadolibre.com.mx/MLM-3239979147-departamento-en-venta-en-lomas-verdes-6-secc-_JM,https://http2.mlstatic.com/D_NQ_NP_2X_976049-MLM115529928263_082026-E.webp,NAUCALPAN
"Departamento En Venta  En Residencial Freixido, 6ta. Sección Lomas Verdes",8950000,MXN,"Gral. Miguel Miramón Al 100, Naucalpan, Estado De México",285 m² de terreno,3 recámaras,3 baños,https://departamento.mercadolibre.com.mx/MLM-5849209390-departamento-en-venta-en-residencial-freixido-6ta-seccion-lomas-verdes-_JM,https://http2.mlstatic.com/D_NQ_NP_2X_794227-MLM115324733447_072026-E.webp,NAUCALPAN
"Preventa Departamentos En L. De Tecamachalco, Fuente De Juventud",10300000,MXN,"Fuente De Juventud, Lomas De Tecamachalco, Naucalpan, Estado De México",302 m² construidos,3 recámaras,3 baños,https://departamento.mercadolibre.com.mx/MLM-3240105797-preventa-departamentos-en-l-de-tecamachalco-fuente-de-juventud-_JM,https://http2.mlstatic.com/D_NQ_NP_2X_725412-MLM114197577168_082026-E.webp,NAUCALPAN
Departamento En Venta En Lomas Verdes,6900000,MXN,"AVENIDA LOMAS VERDES, Lomas Verdes, Naucalpan, Estado De México",196 m² construidos,3 recámaras,3 baños,https://departamento.mercadolibre.com.mx/MLM-5872403108-departamento-en-venta-en-lomas-verdes-_JM,https://http2.mlstatic.com/D_NQ_NP_2X_835275-MLM115441153669_082026-E.webp,NAUCALPAN
"Departamento En Venta En Colonia La Joya I, Naucalpan De Juárez, Estado De México",3378000,MXN,"Av San Mateo 184-B, Naucalpan, Estado De México",91 m² construidos,2 recámaras,2 baños,https://departamento.mercadolibre.com.mx/MLM-3224413551-departamento-en-venta-en-colonia-la-joya-i-naucalpan-de-juarez-estado-de-mexico-_JM,https://http2.mlstatic.com/D_NQ_NP_2X_792272-MLM114051776352_072026-E.webp,NAUCALPAN
"Departamento En Venta En Lomas De Tecamachalco, Naucalpan De Juarez Jl 26-2514.",13600000,MXN,"Naucalpan De Juarez , Lomas De Tecamachalco, Lomas De Tecamachalco, Naucalpan, Estado De México",430 m² construidos,3 recámaras,3 baños,https://departamento.mercadolibre.com.mx/MLM-5863528434-departamento-en-venta-en-lomas-de-tecamachalco-naucalpan-de-juarez-jl-26-2514-_JM,https://http2.mlstatic.com/D_NQ_NP_2X_658337-MLM115383164403_072026-E.webp,NAUCALPAN
Venta Departamentos Lomas Verdes 5a Seccion (la Concordia) T-df0018-0286,4499000,MXN,"SAN JOSE DEL REAL, Lomas Verdes 5a Sección (La Concordia), Naucalpan, Estado De México",130 m² construidos,3 recámaras,2 baños,https://departamento.mercadolibre.com.mx/MLM-3239867299-venta-departamentos-lomas-verdes-5a-seccion-la-concordia-t-df0018-0286-_JM,https://http2.mlstatic.com/D_NQ_NP_2X_764334-MLM114194405344_082026-E.webp,NAUCALPAN
Preventa Departamentos En Casa Jardìn Bosques (tecamachalco),16000000,MXN,"Fuente De Pescador, Lomas De Tecamachalco, Naucalpan, Estado De México",349 m² construidos,3 recámaras,3 baños,https://departamento.mercadolibre.com.mx/MLM-5873800962-preventa-departamentos-en-casa-jardn-bosques-tecamachalco-_JM,https://http2.mlstatic.com/D_NQ_NP_2X_771420-MLM114126008112_082026-E.webp,NAUCALPAN
Departamento En Venta En Santa Cruz Acatlán - Amplio Y Funcional,3550000,MXN,"Sin Calle, Santa Cruz Acatlan, Naucalpan, Estado De México",100 m² construidos,3 recámaras,2 baños,https://departamento.mercadolibre.com.mx/MLM-3239979331-departamento-en-venta-en-santa-cruz-acatlan-amplio-y-funcional-_JM,https://http2.mlstatic.com/D_NQ_NP_2X_912089-MLM114196826884_082026-E.webp,NAUCALPAN
Venta Departamento 3 Ambientes Las Américas,5050000,MXN,"Toronto, 1, Las Américas, Naucalpan, Estado De México",149 m² construidos,3 recámaras,2 baños,https://departamento.mercadolibre.com.mx/MLM-3234571929-venta-departamento-3-ambientes-las-americas-_JM,https://http2.mlstatic.com/D_NQ_NP_2X_842031-MLM114143226220_082026-E.webp,NAUCALPAN
Mhs- Departamento Venta Lomas Verdes 1a Sección,3100000,MXN,"Lomas Verdes 1a Secc., Naucalpan, Estado De México",82 m² construidos,3 recámaras,2 baños,https://departamento.mercadolibre.com.mx/MLM-3247314335-mhs-departamento-venta-lomas-verdes-1a-seccion-_JM,https://http2.mlstatic.com/D_NQ_NP_2X_696844-MLM114267431600_082026-E.webp,NAUCALPAN
"Departamento En Venta Con Doble Seguridad En Lomas Verdes 6a Sección, Naucalpan",7500000,MXN,"Lomas Verdes 6a Sección, Naucalpan, Estado De México",270 m² construidos,3 recámaras,2 baños,https://departamento.mercadolibre.com.mx/MLM-2934956009-departamento-en-venta-con-doble-seguridad-en-lomas-verdes-6a-seccion-naucalpan-_JM,https://http2.mlstatic.com/D_NQ_NP_2X_922238-MLM114604946665_072026-E.webp,NAUCALPAN
"Departamento En Venta En San Juan Totoltepec, Naucalpan, Edo. Méx",2760000,MXN,"Principal, San Juan Totoltepec, Naucalpan, Estado De México",115 m² construidos,3 recámaras,2 baños,https://departamento.mercadolibre.com.mx/MLM-5058003258-departamento-en-venta-en-san-juan-totoltepec-naucalpan-edo-mex-_JM,https://http2.mlstatic.com/D_NQ_NP_2X_885245-MLM108488554510_032026-E.webp,NAUCALPAN
"Departamento En Venta Totoltepec, Naucalpan De Juarez",2980000,MXN,"San Juan Totoltepec, Naucalpan, Estado De México",115 m² construidos,3 recámaras,2 baños,https://departamento.mercadolibre.com.mx/MLM-5561566772-departamento-en-venta-totoltepec-naucalpan-de-juarez-_JM,https://http2.mlstatic.com/D_NQ_NP_2X_671332-MLM113673613247_062026-E.webp,NAUCALPAN
"Departamento En Venta En Manuel Ávila Camacho, Naucalpan",6300000,MXN,"Fracc. Lomas Manuel Avila Camacho, Naucalpan, Estado De México",160 m² construidos,2 recámaras,2 baños,https://departamento.mercadolibre.com.mx/MLM-5694957682-departamento-en-venta-en-manuel-avila-camacho-naucalpan-_JM,https://http2.mlstatic.com/D_NQ_NP_2X_951868-MLM115528174315_082026-E.webp,NAUCALPAN
"Dmz Venta De Pent House En Altavitta, Lomas Verdes 6ta Sección",15900000,MXN,"Lomas Verdes 6a Sección, Naucalpan, Estado De México",365 m² construidos,4 recámaras,4 baños,https://departamento.mercadolibre.com.mx/MLM-5767943018-dmz-venta-de-pent-house-en-altavitta-lomas-verdes-6ta-seccion-_JM,https://http2.mlstatic.com/D_NQ_NP_2X_782380-MLM113630432908_072026-E.webp,NAUCALPAN
"Departamento En Venta San Juan Totoltepec, Naucalpan De Juárez 26-1490 Mm",3700000,MXN,"Departamento En Venta San Juan Totoltepec, Naucalpan De Juárez 26-1490 MM, San Juan Totoltepec, Naucalpan, Estado De México",196 m² construidos,2 recámaras,2 baños,https://departamento.mercadolibre.com.mx/MLM-5475264194-departamento-en-venta-san-juan-totoltepec-naucalpan-de-juarez-26-1490-mm-_JM,https://http2.mlstatic.com/D_NQ_NP_2X_782425-MLM112957843401_062026-E.webp,NAUCALPAN
Departamento En Venta En Tecamachalco,8500000,MXN,"Lomas De Tecamachalco, Naucalpan, Estado De México",300 m² construidos,3 recámaras,2 baños,https://departamento.mercadolibre.com.mx/MLM-5178851270-departamento-en-venta-en-tecamachalco-_JM,https://http2.mlstatic.com/D_NQ_NP_2X_854212-MLM113584752672_072026-E.webp,NAUCALPAN
"Departamento En Venta En Lomas De Tecamachalco, Naucalpan De Juárez 26-20 Jas",9990000,MXN,"Departamento En Venta En Lomas De Tecamachalco, Naucalpan De Juárez 26-20 MM, Lomas De Tecamachalco, Naucalpan, Estado De México",295 m² construidos,3 recámaras,3 baños,https://departamento.mercadolibre.com.mx/MLM-5475238528-departamento-en-venta-en-lomas-de-tecamachalco-naucalpan-de-juarez-26-20-jas-_JM,https://http2.mlstatic.com/D_NQ_NP_2X_694434-MLM112957842803_062026-E.webp,NAUCALPAN
"Departamento Tipo Townhouse En Venta En Lomas De Tecamachalco, Naucalpan De Juarez Gis 27-117",19800000,MXN,"Departamento Tipo Townhouse En Venta En Lomas De Tecamachalco, Naucalpan De Juarez GIS 27-117, Lomas De Tecamachalco, Naucalpan, Estado De México",695 m² construidos,3 recámaras,4 baños,https://departamento.mercadolibre.com.mx/MLM-5757111634-departamento-tipo-townhouse-en-venta-en-lomas-de-tecamachalco-naucalpan-de-juarez-gis-27-117-_JM,https://http2.mlstatic.com/D_NQ_NP_2X_827144-MLM113573000530_072026-E.webp,NAUCALPAN
Departamento En Venta En Miramar,5099000,MXN,"CAMINO ARENERO, Miramar, Naucalpan, Estado De México",96 m² construidos,3 recámaras,2 baños,https://departamento.mercadolibre.com.mx/MLM-5844280944-departamento-en-venta-en-miramar-_JM,https://http2.mlstatic.com/D_NQ_NP_2X_619343-MLM115304606155_072026-E.webp,NAUCALPAN
Departamento En Venta En Lomas Verdes 26-2271.,2100000,MXN,"Naucalpan De Juarez , Lomas Verdes, Naucalpan, Estado De México",78 m² construidos,2 recámaras,1 baño,https://departamento.mercadolibre.com.mx/MLM-5370158450-departamento-en-venta-en-lomas-verdes-26-2271-_JM,https://http2.mlstatic.com/D_NQ_NP_2X_639123-MLM111915384117_052026-E.webp,NAUCALPAN
Departamento En Venta En Naucalpan,4549000,MXN,"Camino Arenero, Miramar, Naucalpan, Estado De México",76 m² construidos,2 recámaras,2 baños,https://departamento.mercadolibre.com.mx/MLM-5844255784-departamento-en-venta-en-naucalpan-_JM,https://http2.mlstatic.com/D_NQ_NP_2X_684898-MLM115304617361_072026-E.webp,NAUCALPAN
"Departamento En Venta En San Juan Totoltepec, Naucalpan De Juarez Cr 26-1490.",3500000,MXN,"Naucalpan De Juarez,san Juan Totoltepec, San Juan Totoltepec, Naucalpan, Estado De México",196 m² construidos,2 recámaras,2 baños,https://departamento.mercadolibre.com.mx/MLM-3181579241-departamento-en-venta-en-san-juan-totoltepec-naucalpan-de-juarez-cr-26-1490-_JM,https://http2.mlstatic.com/D_NQ_NP_2X_996365-MLM115017287775_072026-E.webp,NAUCALPAN
Departamento En Venta En Naucalpan De Juárez Lomas Verdes Ve 26-2271,2100000,MXN,"Departamento En Venta En Naucalpan De Juárez Lomas Verdes VE 26-2271, Naucalpan, Estado De México",78 m² construidos,2 recámaras,1 baño,https://departamento.mercadolibre.com.mx/MLM-3201528965-departamento-en-venta-en-naucalpan-de-juarez-lomas-verdes-ve-26-2271-_JM,https://http2.mlstatic.com/D_NQ_NP_2X_784576-MLM113896235228_072026-E.webp,NAUCALPAN
Departamento En Venta En Lomas Verdes Rah-zg 26-2271,2100000,MXN,"Naucalpan De Juarez ,lomas Verdes, Naucalpan, Estado De México",78 m² construidos,2 recámaras,1 baño,https://departamento.mercadolibre.com.mx/MLM-5644872854-departamento-en-venta-en-lomas-verdes-rah-zg-26-2271-_JM,https://http2.mlstatic.com/D_NQ_NP_2X_941686-MLM114189935923_072026-E.webp,NAUCALPAN
"Departamento En Venta En Las Américas, Naucalpan De Juárez 26-2073 Mm",7300000,MXN,"Departamento En Venta En Las Américas, Naucalpan De Juárez 26-2073 MM, Naucalpan, Estado De México",217 m² construidos,3 recámaras,4 baños,https://departamento.mercadolibre.com.mx/MLM-5475264216-departamento-en-venta-en-las-americas-naucalpan-de-juarez-26-2073-mm-_JM,https://http2.mlstatic.com/D_NQ_NP_2X_679809-MLM112957815907_062026-E.webp,NAUCALPAN
Departamento En Venta En Santa Cruz Del Monte,5515000,MXN,"Cruz De La Florida, Santa Cruz Del Monte, Naucalpan, Estado De México",111 m² construidos,3 recámaras,2 baños,https://departamento.mercadolibre.com.mx/MLM-5844267300-departamento-en-venta-en-santa-cruz-del-monte-_JM,https://http2.mlstatic.com/D_NQ_NP_2X_793685-MLM115304543635_072026-E.webp,NAUCALPAN
Departamento En Venta En Naucalpan De Juárez Lomas Verdes Bj 26-2271,2300000,MXN,"Departamento En Venta En Naucalpan De Juárez Lomas Verdes BJ 26-2271, Naucalpan, Estado De México",78 m² construidos,2 recámaras,1 baño,https://departamento.mercadolibre.com.mx/MLM-3201461407-departamento-en-venta-en-naucalpan-de-juarez-lomas-verdes-bj-26-2271-_JM,https://http2.mlstatic.com/D_NQ_NP_2X_896903-MLM115201925539_072026-E.webp,NAUCALPAN
"Departamento En Venta En Lomas De Sotelo, Naucalpan, Edo. Méx",2670000,MXN,"Luis Freg, Lomas De Sotelo, Naucalpan, Estado De México",60 m² construidos,2 recámaras,1 baño,https://departamento.mercadolibre.com.mx/MLM-2811210717-departamento-en-venta-en-lomas-de-sotelo-naucalpan-edo-mex-_JM,https://http2.mlstatic.com/D_NQ_NP_2X_620333-MLM108489420378_032026-E.webp,NAUCALPAN
Departamento Venta Lomas Verdes,9350000,MXN,"Lomas Verdes 6a Sección, Naucalpan, Estado De México",266 m² construidos,3 recámaras,2 baños,https://departamento.mercadolibre.com.mx/MLM-5241289028-departamento-venta-lomas-verdes-_JM,https://http2.mlstatic.com/D_NQ_NP_2X_964605-MLM114613162285_072026-E.webp,NAUCALPAN
Departamento En San Lucas Tepetlacalco,6200000,MXN,"Penthouse En Renta, Tlalnepantla, San Lucas Tepetlacalco Gis26-2933, San Lucas Tepetlacalco, Naucalpan, Estado De México",135 m² de terreno,2 recámaras,2 baños,https://departamento.mercadolibre.com.mx/MLM-3160155377-departamento-en-san-lucas-tepetlacalco-_JM,https://http2.mlstatic.com/D_NQ_NP_2X_854182-MLM113573026762_072026-E.webp,NAUCALPAN
Departamento En Venta San Lucas Tepetlacalco ¡privilegiada  Ubicacion!,5964000,MXN,"Calle 16 De Septiembre 5, San Lucas Tepetlacalco, Naucalpan, Estado De México",158 m² de terreno,2 recámaras,2 baños,https://departamento.mercadolibre.com.mx/MLM-3193415227-departamento-en-venta-san-lucas-tepetlacalco-privilegiada-ubicacion-_JM,https://http2.mlstatic.com/D_NQ_NP_2X_868771-MLM113843128954_072026-E.webp,NAUCALPAN
Departamento En Venta En San Lucas Tepetlacalco Tlalnepantla Ve 24-2085,4300000,MXN,"San Lucas Tepetlacalco Tlalnepantla, San Lucas Tepetlacalco, Naucalpan, Estado De México",98 m² construidos,2 recámaras,2 baños,https://departamento.mercadolibre.com.mx/MLM-3201528937-departamento-en-venta-en-san-lucas-tepetlacalco-tlalnepantla-ve-24-2085-_JM,https://http2.mlstatic.com/D_NQ_NP_2X_910976-MLM115202181357_072026-E.webp,NAUCALPAN
Departamento En Venta En San Lucas Tepetlacalco Gis 26-3025,4300000,MXN,"Departamento En Venta En San Lucas Tepetlacalco GIS 26-3025, San Lucas Tepetlacalco, Naucalpan, Estado De México",98 m² construidos,2 recámaras,2 baños,https://departamento.mercadolibre.com.mx/MLM-5757111378-departamento-en-venta-en-san-lucas-tepetlacalco-gis-26-3025-_JM,https://http2.mlstatic.com/D_NQ_NP_2X_971593-MLM113572967398_072026-E.webp,NAUCALPAN
Departamento En San Lucas Tepetlacalco,4300000,MXN,"San Lucas Tepetlacalco, San Lucas Tepetlacalco, Naucalpan, Estado De México",98 m² de terreno,2 recámaras,2 baños,https://departamento.mercadolibre.com.mx/MLM-5229577304-departamento-en-san-lucas-tepetlacalco-_JM,https://http2.mlstatic.com/D_NQ_NP_2X_986474-MLM109874003152_042026-E.webp,NAUCALPAN
"Lomas Verdes 5ta Sección, Naucalpan",2398207,MXN,"Lomas Verdes 5a Sección (La Concordia), Naucalpan, Estado De México",52 m² construidos,2 recámaras,1 baño,https://departamento.mercadolibre.com.mx/MLM-3058413939-lomas-verdes-5ta-seccion-naucalpan-_JM,https://http2.mlstatic.com/D_NQ_NP_2X_856248-MLM104157974491_012026-E.webp,NAUCALPAN
Departamento En Venta En Interlomas En Ciudad De México,7800000,MXN,"Sin Calle, Naucalpan, Estado De México",96 m² construidos,2 recámaras,2 baños,https://departamento.mercadolibre.com.mx/MLM-5657481078-departamento-en-venta-en-interlomas-en-ciudad-de-mexico-_JM,https://http2.mlstatic.com/D_NQ_NP_2X_785343-MLM113039160410_072026-E.webp,NAUCALPAN
Departamentos Nuevos En Venta En Zona De Cd Satélite,4300000,MXN,"Heroes, Ciudad Satélite, Naucalpan, Estado De México",98 m² construidos,2 recámaras,2 baños,https://departamento.mercadolibre.com.mx/MLM-2932029825-departamentos-nuevos-en-venta-en-zona-de-cd-satelite-_JM,https://http2.mlstatic.com/D_NQ_NP_2X_955126-MLM111580214032_062026-E.webp,NAUCALPAN
Departamento  En Venta En La Herradura,3450000,MXN,"Río Hondo, Naucalpan, Estado De México",76 m² construidos,2 recámaras,2 baños,https://departamento.mercadolibre.com.mx/MLM-5527650308-departamento-en-venta-en-la-herradura-_JM,https://http2.mlstatic.com/D_NQ_NP_2X_696667-MLM112265233704_062026-E.webp,NAUCALPAN
"Departamento En Venta Con Seguridad En Ciudad Satélite, Naucalpan De Juárez",5500000,MXN,"Ciudad Satélite, Naucalpan, Estado De México",105 m² construidos,3 recámaras,2 baños,https://departamento.mercadolibre.com.mx/MLM-5199667658-departamento-en-venta-con-seguridad-en-ciudad-satelite-naucalpan-de-juarez-_JM,https://http2.mlstatic.com/D_NQ_NP_2X_693976-MLM114604947053_072026-E.webp,NAUCALPAN
"Departamento En Venta En Lomas Verdes, Naucalpan De Juárez, Edo. Mex.",2250000,MXN,"Capuchinas 53, Depto. 203, Lomas Verdes, Naucalpan, Estado De México",65 m² construidos,2 recámaras,1 baño,https://departamento.mercadolibre.com.mx/MLM-5456958798-departamento-en-venta-en-lomas-verdes-naucalpan-de-juarez-edo-mex-_JM,https://http2.mlstatic.com/D_NQ_NP_2X_975800-MLM111693646296_062026-E.webp,NAUCALPAN
2 Recamaras Preventa 76m2 Habitables Planta Baja Por El Campo Militar Conscripto,4449000,MXN,"Miramar, Naucalpan, Estado De México",76 m² construidos,2 recámaras,1 baño,https://departamento.mercadolibre.com.mx/MLM-2743862671-2-recamaras-preventa-76m2-habitables-planta-baja-por-el-campo-militar-conscripto-_JM,https://http2.mlstatic.com/D_NQ_NP_2X_731443-MLM106667194610_022026-E.webp,NAUCALPAN
Venta De Departamento Nuevo En Cumbres Herradura Naucalpan Edo De Mex,3595000,MXN,"Camino Arenero Mz 1 Lt 1 Numero 150 Edif. B Int.B-1108, Naucalpan, Estado De México",72 m² construidos,2 recámaras,2 baños,https://departamento.mercadolibre.com.mx/MLM-5274138130-venta-de-departamento-nuevo-en-cumbres-herradura-naucalpan-edo-de-mex-_JM,https://http2.mlstatic.com/D_NQ_NP_2X_658957-MLM110170852860_042026-E.webp,NAUCALPAN
"Venta De Departamneto En Fuente De Molinos, Lomas De Tecamachalco Ct763",8150000,MXN,"Lomas De Tecamachalco, Naucalpan, Estado De México",369 m² construidos,3 recámaras,3 baños,https://departamento.mercadolibre.com.mx/MLM-4948159934-venta-de-departamneto-en-fuente-de-molinos-lomas-de-tecamachalco-ct763-_JM,https://http2.mlstatic.com/D_NQ_NP_2X_826158-MLM108114500845_032026-E.webp,NAUCALPAN
Departamento En Venta 6ta Sección Lomas Verdes,7500000,MXN,"Lomas Verdes 6a Sección, Naucalpan, Estado De México",190 m² construidos,3 recámaras,2 baños,https://departamento.mercadolibre.com.mx/MLM-5694777126-departamento-en-venta-6ta-seccion-lomas-verdes-_JM,https://http2.mlstatic.com/D_NQ_NP_2X_753002-MLM105579703569_012026-E.webp,NAUCALPAN
Venta Departamentos Ciudad Satelite T-df0128-0388,6450000,MXN,"CTO. ARQUITECTOS, Ciudad Satélite, Naucalpan, Estado De México",105 m² construidos,3 recámaras,2 baños,https://departamento.mercadolibre.com.mx/MLM-3038675227-venta-departamentos-ciudad-satelite-t-df0128-0388-_JM,https://http2.mlstatic.com/D_NQ_NP_2X_731672-MLM107347868939_022026-E.webp,NAUCALPAN
"Departamento En Bosque De Lomas Verdes, Naucalpan, Estado De México.",8450000,MXN,"Av. Lomas Verdes 760, Lomas Verdes, Naucalpan, Estado De México",196 m² construidos,4 recámaras,2 baños,https://departamento.mercadolibre.com.mx/MLM-5030548218-departamento-en-bosque-de-lomas-verdes-naucalpan-estado-de-mexico-_JM,https://http2.mlstatic.com/D_NQ_NP_2X_664282-MLM108185951896_032026-E.webp,NAUCALPAN
"Departamento Venta,  Real Del Contry ,  Col. Lomas Country",6160000000,MXN,"Country Club, Naucalpan, Estado De México",400 m² construidos,3 recámaras,3 baños,https://departamento.mercadolibre.com.mx/MLM-2798024149-departamento-venta-real-del-contry-col-lomas-country-_JM,https://http2.mlstatic.com/D_NQ_NP_2X_691356-MLM108966023929_032026-E.webp,NAUCALPAN
Departamento En Venta La Cuspide Naucalpan 11246,3650000,MXN,"11246 Camino A Praderas San Mateo, Praderas De San Mateo, Naucalpan, Estado De México",104 m² construidos,2 recámaras,2 baños,https://departamento.mercadolibre.com.mx/MLM-2869692469-departamento-en-venta-la-cuspide-naucalpan-11246-_JM,https://http2.mlstatic.com/D_NQ_NP_2X_820136-MLM109631449702_042026-E.webp,NAUCALPAN
Se Vende Departamento Con Balcón En Cumbres Herradura,4050000,MXN,"Río Hondo, Naucalpan, Estado De México",82 m² construidos,2 recámaras,2 baños,https://departamento.mercadolibre.com.mx/MLM-5107691724-se-vende-departamento-con-balcon-en-cumbres-herradura-_JM,https://http2.mlstatic.com/D_NQ_NP_2X_704160-MLM109057210162_032026-E.webp,NAUCALPAN
"Vendo Departamento En Naucalpan, Manuel Avila Camacho",6300000,MXN,"Fracc. Lomas Manuel Avila Camacho, Naucalpan, Estado De México",158 m² construidos,3 recámaras,2 baños,https://departamento.mercadolibre.com.mx/MLM-5694612788-vendo-departamento-en-naucalpan-manuel-avila-camacho-_JM,https://http2.mlstatic.com/D_NQ_NP_2X_622366-MLM114195255754_082026-E.webp,NAUCALPAN
3 Recamaras 98m2 Habitables Planta Baja Por El Campo Militar Conscripto,4999000,MXN,"Miramar, Naucalpan, Estado De México",97 m² construidos,3 recámaras,2 baños,https://departamento.mercadolibre.com.mx/MLM-3233379535-3-recamaras-98m2-habitables-planta-baja-por-el-campo-militar-conscripto-_JM,https://http2.mlstatic.com/D_NQ_NP_2X_646478-MLM106666581656_022026-E.webp,NAUCALPAN
Departamento En Venta Lomas Del Río,5938600,MXN,"Lomas Del Río, Naucalpan, Estado De México",129 m² construidos,3 recámaras,3 baños,https://departamento.mercadolibre.com.mx/MLM-5241302076-departamento-en-venta-lomas-del-rio-_JM,https://http2.mlstatic.com/D_NQ_NP_2X_777354-MLM114613162185_072026-E.webp,NAUCALPAN
"Departamento Ph Venta Lomas Manuel Ávila Camacho, Rdv583342",8700000,MXN,"Fracc. Lomas Manuel Avila Camacho, Naucalpan, Estado De México",205 m² construidos,3 recámaras,3 baños,https://departamento.mercadolibre.com.mx/MLM-2858577397-departamento-ph-venta-lomas-manuel-avila-camacho-rdv583342-_JM,https://http2.mlstatic.com/D_NQ_NP_2X_723272-MLM95640118270_102025-E.webp,NAUCALPAN
Tu Oasis Privado En La Ciudad: Penthouse De 357 M² En Lomas Del Río.,11400000,MXN,"Lomas Del Río, Naucalpan, Estado De México",357 m² construidos,4 recámaras,4 baños,https://departamento.mercadolibre.com.mx/MLM-5694957442-tu-oasis-privado-en-la-ciudad-penthouse-de-357-m-en-lomas-del-rio-_JM,https://http2.mlstatic.com/D_NQ_NP_2X_887960-MLM114195270348_082026-E.webp,NAUCALPAN
"Departamentos En Venta En Santa Cruz Del Monte, Naucalpan De Juárez",5250000,MXN,"Santa Cruz Del Monte, Naucalpan, Estado De México",110 m² construidos,3 recámaras,2 baños,https://departamento.mercadolibre.com.mx/MLM-5048205240-departamentos-en-venta-en-santa-cruz-del-monte-naucalpan-de-juarez-_JM,https://http2.mlstatic.com/D_NQ_NP_2X_884155-MLM93985336567_102025-E.webp,NAUCALPAN
Venta Departamento En Alce Blanco Naucalpan,4990000,MXN,"Industrial Alce Blanco, Naucalpan, Estado De México",105 m² construidos,2 recámaras,2 baños,https://departamento.mercadolibre.com.mx/MLM-5398014634-venta-departamento-en-alce-blanco-naucalpan-_JM,https://http2.mlstatic.com/D_NQ_NP_2X_806410-MLM112171142297_052026-E.webp,NAUCALPAN
Gran Depto En Lomas De Tecamachalco Ideal Para Remodelar,8200000,MXN,"Lomas De Tecamachalco, Naucalpan, Estado De México",358 m² construidos,3 recámaras,3 baños,https://departamento.mercadolibre.com.mx/MLM-5694778978-gran-depto-en-lomas-de-tecamachalco-ideal-para-remodelar-_JM,https://http2.mlstatic.com/D_NQ_NP_2X_628342-MLM115528169005_082026-E.webp,NAUCALPAN
"Penthouse En Venta Con Seguridad En Lomas Verdes 6a Sección, Naucalpan De Juárez",12500000,MXN,"Lomas Verdes 6a Sección, Naucalpan, Estado De México",450 m² construidos,4 recámaras,4 baños,https://departamento.mercadolibre.com.mx/MLM-5140530062-penthouse-en-venta-con-seguridad-en-lomas-verdes-6a-seccion-naucalpan-de-juarez-_JM,https://http2.mlstatic.com/D_NQ_NP_2X_981628-MLM114604976153_072026-E.webp,NAUCALPAN
"Departamento En Venta En Bosques De Lomas Verdes, Naucalpan, Estado De México.",9850000,MXN,"Av. Lomas Verdes 125, Lomas Verdes, Naucalpan, Estado De México",220 m² construidos,3 recámaras,4 baños,https://departamento.mercadolibre.com.mx/MLM-3108410227-departamento-en-venta-en-bosques-de-lomas-verdes-naucalpan-estado-de-mexico-_JM,https://http2.mlstatic.com/D_NQ_NP_2X_610821-MLM114338448091_072026-E.webp,NAUCALPAN
Pent-house En Venta Con Vigilancia Y Amenidades En Lomas Verdes 6a Sección,16800000,MXN,"Lomas Verdes 6a Sección, Naucalpan, Estado De México",346 m² construidos,3 recámaras,4 baños,https://departamento.mercadolibre.com.mx/MLM-3058227211-pent-house-en-venta-con-vigilancia-y-amenidades-en-lomas-verdes-6a-seccion-_JM,https://http2.mlstatic.com/D_NQ_NP_2X_652149-MLM114604980139_072026-E.webp,NAUCALPAN
"Departamento En Venta En  Lomas Verdes, Naucalpan De Juárez",5800000,MXN,"Lomas Verdes 6a Sección, Naucalpan, Estado De México",151 m² construidos,2 recámaras,2 baños,https://departamento.mercadolibre.com.mx/MLM-5594244116-departamento-en-venta-en-lomas-verdes-naucalpan-de-juarez-_JM,https://http2.mlstatic.com/D_NQ_NP_2X_686475-MLM114604989233_072026-E.webp,NAUCALPAN
"Venta Departamento Archandel Del Bosque , Naucalpan De Juárez",5500000,MXN,"Naucalpan, Estado De México",142 m² construidos,2 recámaras,2 baños,https://departamento.mercadolibre.com.mx/MLM-4948075210-venta-departamento-archandel-del-bosque-naucalpan-de-juarez-_JM,https://http2.mlstatic.com/D_NQ_NP_2X_706540-MLM108116953423_032026-E.webp,NAUCALPAN
3 Recamaras 101m2 Con Balcon Por El Campo Militar Conscripto,5449000,MXN,"Miramar, Naucalpan, Estado De México",101 m² construidos,3 recámaras,2 baños,https://departamento.mercadolibre.com.mx/MLM-3233366495-3-recamaras-101m2-con-balcon-por-el-campo-militar-conscripto-_JM,https://http2.mlstatic.com/D_NQ_NP_2X_926228-MLM107321769353_022026-E.webp,NAUCALPAN
"Departamento  En Venta Con Seguridad  Y Amenidades,  En Lomas Verdes, Naucalpan",8000000,MXN,"Lomas Verdes 1a Secc., Naucalpan, Estado De México",190 m² construidos,3 recámaras,2 baños,https://departamento.mercadolibre.com.mx/MLM-3058401599-departamento-en-venta-con-seguridad-y-amenidades-en-lomas-verdes-naucalpan-_JM,https://http2.mlstatic.com/D_NQ_NP_2X_980005-MLM113356269774_072026-E.webp,NAUCALPAN
"Departamento En Venta Con Doble Seguridad En Lomas Verdes 6a Sección, Naucalpan",7500000,MXN,"Lomas Verdes 6a Sección, Naucalpan, Estado De México",240 m² construidos,3 recámaras,2 baños,https://departamento.mercadolibre.com.mx/MLM-5625634016-departamento-en-venta-con-doble-seguridad-en-lomas-verdes-6a-seccion-naucalpan-_JM,https://http2.mlstatic.com/D_NQ_NP_2X_875858-MLM113356272536_072026-E.webp,NAUCALPAN
"Departamento Venta,  Altavita Lomas Verdes",8000000,MXN,"Lomas Verdes 6a Sección, Naucalpan, Estado De México",180 m² construidos,3 recámaras,2 baños,https://departamento.mercadolibre.com.mx/MLM-5030321380-departamento-venta-altavita-lomas-verdes-_JM,https://http2.mlstatic.com/D_NQ_NP_2X_723824-MLM108966022587_032026-E.webp,NAUCALPAN
Departamento En Venta Lomas Del Río,4476260,MXN,"Lomas Del Río, Naucalpan, Estado De México",97 m² construidos,2 recámaras,2 baños,https://departamento.mercadolibre.com.mx/MLM-5241289024-departamento-en-venta-lomas-del-rio-_JM,https://http2.mlstatic.com/D_NQ_NP_2X_815665-MLM114613184383_072026-E.webp,NAUCALPAN
2 Recamaras 94m2 Con Balcon Con Vistas Para El Campo Militar Conscripto Preventa,5599000,MXN,"Miramar, Naucalpan, Estado De México",93 m² construidos,2 recámaras,2 baños,https://departamento.mercadolibre.com.mx/MLM-3233379531-2-recamaras-94m2-con-balcon-con-vistas-para-el-campo-militar-conscripto-preventa-_JM,https://http2.mlstatic.com/D_NQ_NP_2X_897284-MLM107902442373_032026-E.webp,NAUCALPAN
Departamento En Venta Lomas Del Río,6248500,MXN,"Lomas Del Río, Naucalpan, Estado De México",160 m² construidos,3 recámaras,3 baños,https://departamento.mercadolibre.com.mx/MLM-5241277016-departamento-en-venta-lomas-del-rio-_JM,https://http2.mlstatic.com/D_NQ_NP_2X_957153-MLM114613184687_072026-E.webp,NAUCALPAN
Departamento En Venta Lomas De Tecamachalco,6800000,MXN,"DEPARTAMENTO EN VENTA LOMAS DE TECAMACHALCO S/N, Lomas De Tecamachalco, Naucalpan, Estado De México",140 m² construidos,3 recámaras,2 baños,https://departamento.mercadolibre.com.mx/MLM-2745239043-departamento-en-venta-lomas-de-tecamachalco-_JM,https://http2.mlstatic.com/D_NQ_NP_2X_878721-MLM107375676191_022026-E.webp,NAUCALPAN
2 Recamaras 83m2 Con Balcon Con Vistas Para El Campo Militar Conscripto Preventa,4549000,MXN,"Miramar, Naucalpan, Estado De México",82 m² construidos,2 recámaras,2 baños,https://departamento.mercadolibre.com.mx/MLM-3233319325-2-recamaras-83m2-con-balcon-con-vistas-para-el-campo-militar-conscripto-preventa-_JM,https://http2.mlstatic.com/D_NQ_NP_2X_903591-MLM107322057155_022026-E.webp,NAUCALPAN
Venta Ph Sexta Sección De Lomas Verdes Naucalpan,17100000,MXN,"Lomas Verdes 6a Sección, Naucalpan, Estado De México",474 m² construidos,3 recámaras,3 baños,https://departamento.mercadolibre.com.mx/MLM-4873970840-venta-ph-sexta-seccion-de-lomas-verdes-naucalpan-_JM,https://http2.mlstatic.com/D_NQ_NP_2X_897472-MLM92506751629_092025-E.webp,NAUCALPAN
"Departamento Pentgarden, En Venta, Cumbres De La Herradura,  Amenidades, Seguridad",3649000,MXN,"Cumbres De La Herradura, Cam. Arenero , La Nueva Herradura, Naucalpan De Juárez, Edo De México, Naucalpan, Estado De México",61 m² de terreno,1 recámara,1 baño,https://departamento.mercadolibre.com.mx/MLM-3114740403-departamento-pentgarden-en-venta-cumbres-de-la-herradura-amenidades-seguridad-_JM,https://http2.mlstatic.com/D_NQ_NP_2X_836758-MLM113159188382_072026-E.webp,NAUCALPAN
Pent House  En Venta En Lomas Verdes,13940000,MXN,"Lomas Verdes 1a Secc., Naucalpan, Estado De México",260 m² construidos,3 recámaras,4 baños,https://departamento.mercadolibre.com.mx/MLM-2827107375-pent-house-en-venta-en-lomas-verdes-_JM,https://http2.mlstatic.com/D_NQ_NP_2X_602360-MLM94995048757_102025-E.webp,NAUCALPAN
"Departamento En Venta Cumbres Herradura, Independencia, Naucalpan Edo. Mex. Ea60",4200000,MXN,"Independencia, Naucalpan, Estado De México",76 m² construidos,2 recámaras,1 baño,https://departamento.mercadolibre.com.mx/MLM-4948173212-departamento-en-venta-cumbres-herradura-independencia-naucalpan-edo-mex-ea60-_JM,https://http2.mlstatic.com/D_NQ_NP_2X_617470-MLM108114581381_032026-E.webp,NAUCALPAN
"Departamentos En Venta En Las Americas, Naucalpan",4990165,MXN,"Las Américas, Naucalpan, Estado De México",135 m² construidos,3 recámaras,3 baños,https://departamento.mercadolibre.com.mx/MLM-2827087091-departamentos-en-venta-en-las-americas-naucalpan-_JM,https://http2.mlstatic.com/D_NQ_NP_2X_605871-MLM94563540200_102025-E.webp,NAUCALPAN
3 Recamaras 106m2 Con Balcon Por El Campo Militar Conscripto Preventa,5799000,MXN,"Miramar, Naucalpan, Estado De México",106 m² construidos,3 recámaras,2 baños,https://departamento.mercadolibre.com.mx/MLM-3233379539-3-recamaras-106m2-con-balcon-por-el-campo-militar-conscripto-preventa-_JM,https://http2.mlstatic.com/D_NQ_NP_2X_924040-MLM107322368109_022026-E.webp,NAUCALPAN
"Departamentos En Venta, Zona Residencial Lomas Verdes, Listos Para Estrenar.",11150000,MXN,"Lomas Verdes 6a Sección, Naucalpan, Estado De México",286 m² construidos,3 recámaras,2 baños,https://departamento.mercadolibre.com.mx/MLM-2874535303-departamentos-en-venta-zona-residencial-lomas-verdes-listos-para-estrenar-_JM,https://http2.mlstatic.com/D_NQ_NP_2X_880951-MLM83680965111_042025-E.webp,NAUCALPAN
Departamento En Venta Lomas Country Club,1750000,US$,"Country Club, Naucalpan, Estado De México",447 m² construidos,2 recámaras,2 baños,https://departamento.mercadolibre.com.mx/MLM-5406945418-departamento-en-venta-lomas-country-club-_JM,https://http2.mlstatic.com/D_NQ_NP_2X_663273-MLM112266600647_052026-E.webp,NAUCALPAN
3 Recamaras Preventa 191m2 Con Terraza Planta Baja Campo Militar Conscripto,8099000,MXN,"Miramar, Naucalpan, Estado De México",190 m² construidos,3 recámaras,2 baños,https://departamento.mercadolibre.com.mx/MLM-3233366515-3-recamaras-preventa-191m2-con-terraza-planta-baja-campo-militar-conscripto-_JM,https://http2.mlstatic.com/D_NQ_NP_2X_878577-MLM107322661295_022026-E.webp,NAUCALPAN
"Departamento En Venta, Lomas Country Club, Naucalpan",19011200,MXN,"Country Club, Naucalpan, Estado De México",326 m² construidos,3 recámaras,3 baños,https://departamento.mercadolibre.com.mx/MLM-3058414381-departamento-en-venta-lomas-country-club-naucalpan-_JM,https://http2.mlstatic.com/D_NQ_NP_2X_952775-MLM81921908094_012025-E.webp,NAUCALPAN
"Departamento Penthouse En Venta, Lomas Country, Naucalpan",36587400,MXN,"Country Club, Naucalpan, Estado De México",636 m² construidos,4 recámaras,4 baños,https://departamento.mercadolibre.com.mx/MLM-5594243666-departamento-penthouse-en-venta-lomas-country-naucalpan-_JM,https://http2.mlstatic.com/D_NQ_NP_2X_953208-MLM82202563875_012025-E.webp,NAUCALPAN
"Dge Venta Ph En Lomas Verdes Sexta Sección, Naucalpan",11980000,MXN,"Lomas Verdes 6a Sección, Naucalpan, Estado De México",329 m² construidos,3 recámaras,3 baños,https://departamento.mercadolibre.com.mx/MLM-5767909678-dge-venta-ph-en-lomas-verdes-sexta-seccion-naucalpan-_JM,https://http2.mlstatic.com/D_NQ_NP_2X_690097-MLM114909894771_072026-E.webp,NAUCALPAN
"Penthouse En Venta, Cumbres De La Herradura,  Amenidades, Seguridad",8199000,MXN,"Cumbres De La Herradura, Cam. Arenero , La Nueva Herradura, Naucalpan De Juárez, Edo De México, Naucalpan, Estado De México",165 m² de terreno,2 recámaras,2 baños,https://departamento.mercadolibre.com.mx/MLM-5686057220-penthouse-en-venta-cumbres-de-la-herradura-amenidades-seguridad-_JM,https://http2.mlstatic.com/D_NQ_NP_2X_817536-MLM114390585405_072026-E.webp,NAUCALPAN
Departamentos En Venta En Fuente De Diana De 300 M2!!!!!,15000000,MXN,"Fuente DE Diana, Lomas DE Tecamachalco, Naucalpan, Estado DE Mexico 33, Lomas De Tecamachalco, Naucalpan, Estado De México",300 m² de terreno,3 recámaras,3 baños,https://departamento.mercadolibre.com.mx/MLM-2956918145-departamentos-en-venta-en-fuente-de-diana-de-300-m2-_JM,https://http2.mlstatic.com/D_NQ_NP_2X_925176-MLM112218969917_052026-E.webp,NAUCALPAN
"Departamento En Venta, Lomas Country Club, Vigilancia, Amenidades.",23000000,MXN,"Country Club, Naucalpan, Estado De México",826 m² construidos,3 recámaras,3 baños,https://departamento.mercadolibre.com.mx/MLM-5209618008-departamento-en-venta-lomas-country-club-vigilancia-amenidades-_JM,https://http2.mlstatic.com/D_NQ_NP_2X_965865-MLM80457386978_112024-E.webp,NAUCALPAN
Departamento En Venta En Lomas De Tecamachalco,12000000,MXN,"Lomas De Tecamachalco, Naucalpan, Estado De México",380 m² construidos,3 recámaras,4 baños,https://departamento.mercadolibre.com.mx/MLM-5406945638-departamento-en-venta-en-lomas-de-tecamachalco-_JM,https://http2.mlstatic.com/D_NQ_NP_2X_680698-MLM111243915612_052026-E.webp,NAUCALPAN
Departamento En Venta Con Doble Seguridad Y Amenidades En Naucalpan De Juárez,7200000,MXN,"Lomas Verdes 1a Secc., Naucalpan, Estado De México",190 m² construidos,3 recámaras,3 baños,https://departamento.mercadolibre.com.mx/MLM-3139784959-departamento-en-venta-con-doble-seguridad-y-amenidades-en-naucalpan-de-juarez-_JM,https://http2.mlstatic.com/D_NQ_NP_2X_658465-MLM113356414150_072026-E.webp,NAUCALPAN
"Departamento En Venta, Cumbres De La Herradura,  Amenidades, Seguridad",6249000,MXN,"Cumbres De La Herradura, Cam. Arenero , La Nueva Herradura, Naucalpan De Juárez, Edo De México, Naucalpan, Estado De México",118 m² de terreno,3 recámaras,2 baños,https://departamento.mercadolibre.com.mx/MLM-5686054370-departamento-en-venta-cumbres-de-la-herradura-amenidades-seguridad-_JM,https://http2.mlstatic.com/D_NQ_NP_2X_788733-MLM114389926355_072026-E.webp,NAUCALPAN
"Departamento En Venta, Cumbres De La Herradura,  Amenidades, Seguridad",5499000,MXN,"Cumbres De La Herradura, Cam. Arenero , La Nueva Herradura, Naucalpan De Juárez, Edo De México, Naucalpan, Estado De México",93 m² de terreno,2 recámaras,2 baños,https://departamento.mercadolibre.com.mx/MLM-5686021246-departamento-en-venta-cumbres-de-la-herradura-amenidades-seguridad-_JM,https://http2.mlstatic.com/D_NQ_NP_2X_953952-MLM114389836089_072026-E.webp,NAUCALPAN
"Departamento En Venta, Cumbres De La Herradura,  Amenidades, Seguridad",4549000,MXN,"Cumbres De La Herradura, Cam. Arenero , La Nueva Herradura, Naucalpan De Juárez, Edo De México, Naucalpan, Estado De México",82 m² de terreno,2 recámaras,2 baños,https://departamento.mercadolibre.com.mx/MLM-5686019458-departamento-en-venta-cumbres-de-la-herradura-amenidades-seguridad-_JM,https://http2.mlstatic.com/D_NQ_NP_2X_807033-MLM113158912370_072026-E.webp,NAUCALPAN
"Departamento En Venta En Lomas De Tecamachalco, Naucalpan De Juárez 25-3128 Jas",11790000,MXN,"Departamento En Venta En Lomas De Tecamachalco, Naucalpan De Juárez 25-3128 MM, Lomas De Tecamachalco, Naucalpan, Estado De México",420 m² construidos,4 recámaras,4 baños,https://departamento.mercadolibre.com.mx/MLM-5475225460-departamento-en-venta-en-lomas-de-tecamachalco-naucalpan-de-juarez-25-3128-jas-_JM,https://http2.mlstatic.com/D_NQ_NP_2X_885394-MLM112957856589_062026-E.webp,NAUCALPAN
"Venta O Renta De Departamento En Valle Real, Valle De Las Palmas Ct901",6290000,MXN,"Otros, Naucalpan, Estado De México",169 m² construidos,3 recámaras,2 baños,https://departamento.mercadolibre.com.mx/MLM-5576862682-venta-o-renta-de-departamento-en-valle-real-valle-de-las-palmas-ct901-_JM,https://http2.mlstatic.com/D_NQ_NP_2X_732209-MLM112595132586_062026-E.webp,NAUCALPAN
Departamento En Venta En Aliah Lomas Verdes | Roof Garden Privado | 2 Autos,5840000,MXN,"Santa Cruz Acatlan, Naucalpan, Estado De México",96 m² construidos,2 recámaras,2 baños,https://departamento.mercadolibre.com.mx/MLM-3098309281-departamento-en-venta-en-aliah-lomas-verdes-roof-garden-privado-2-autos-_JM,https://http2.mlstatic.com/D_NQ_NP_2X_816425-MLM113047627958_072026-E.webp,NAUCALPAN
Departamento Venta Lomas Verdes,9600000,MXN,"Lomas Verdes 6a Sección, Naucalpan, Estado De México",285 m² construidos,3 recámaras,2 baños,https://departamento.mercadolibre.com.mx/MLM-5241302084-departamento-venta-lomas-verdes-_JM,https://http2.mlstatic.com/D_NQ_NP_2X_653970-MLM114613162447_072026-E.webp,NAUCALPAN
Departamento Venta Ph Super Oportunidad En Venta En Lomas De Tecamachalco,12000000,MXN,"Lomas De Tecamachalco, Naucalpan, Estado De México",420 m² construidos,3 recámaras,3 baños,https://departamento.mercadolibre.com.mx/MLM-5407004758-departamento-venta-ph-super-oportunidad-en-venta-en-lomas-de-tecamachalco-_JM,https://http2.mlstatic.com/D_NQ_NP_2X_922398-MLM111243757056_052026-E.webp,NAUCALPAN
Venta Departamento Lomas Verdes (naucalpan),9450000,MXN,"AVENIDA LOMAS VERDES, Lomas Verdes, Naucalpan, Estado De México",220 m² construidos,3 recámaras,4 baños,https://departamento.mercadolibre.com.mx/MLM-3215260815-venta-departamento-lomas-verdes-naucalpan-_JM,https://http2.mlstatic.com/D_NQ_NP_2X_932188-MLM113987428624_072026-E.webp,NAUCALPAN
Departamento En Venta Doble Seguridad   3 Estacionamientos,8500000,MXN,"Lomas DEL RIO 53, Naucalpan, Estado De México",240 m² de terreno,3 recámaras,3 baños,https://departamento.mercadolibre.com.mx/MLM-5810632214-departamento-en-venta-doble-seguridad-3-estacionamientos-_JM,https://http2.mlstatic.com/D_NQ_NP_2X_667913-MLM113843101744_072026-E.webp,NAUCALPAN
Departamento Venta Lomas De Tecamachalco,12900000,MXN,"Lomas De Tecamachalco, Naucalpan, Estado De México",352 m² construidos,3 recámaras,3 baños,https://departamento.mercadolibre.com.mx/MLM-5241314764-departamento-venta-lomas-de-tecamachalco-_JM,https://http2.mlstatic.com/D_NQ_NP_2X_660967-MLM114613177063_072026-E.webp,NAUCALPAN
Departamento En Venta En Tecamachalco,6975000,MXN,"Lomas De Tecamachalco, Naucalpan, Estado De México",158 m² construidos,3 recámaras,3 baños,https://departamento.mercadolibre.com.mx/MLM-2798020315-departamento-en-venta-en-tecamachalco-_JM,https://http2.mlstatic.com/D_NQ_NP_2X_960070-MLM108183751152_032026-E.webp,NAUCALPAN
2 Recamaras 89m2 Con Balcon Con Vistas Para El Campo Militar Conscripto,5049000,MXN,"Miramar, Naucalpan, Estado De México",88 m² construidos,2 recámaras,2 baños,https://departamento.mercadolibre.com.mx/MLM-4787671174-2-recamaras-89m2-con-balcon-con-vistas-para-el-campo-militar-conscripto-_JM,https://http2.mlstatic.com/D_NQ_NP_2X_689095-MLM106666376988_022026-E.webp,NAUCALPAN
"Departamento En Venta En Lomas De Tecamachalco, Naucalpan De Juárez 25-2637 Mm",19345500,MXN,"Departamento En Venta En Lomas De Tecamachalco, Naucalpan De Juárez 25-2637 MM, Lomas De Tecamachalco, Naucalpan, Estado De México",474 m² construidos,3 recámaras,3 baños,https://departamento.mercadolibre.com.mx/MLM-5475251652-departamento-en-venta-en-lomas-de-tecamachalco-naucalpan-de-juarez-25-2637-mm-_JM,https://http2.mlstatic.com/D_NQ_NP_2X_835012-MLM112957858199_062026-E.webp,NAUCALPAN
Departamento En Venta En Lomas De Tecamachalco,7500000,MXN,"Fuente De Diana, Lomas De Tecamachalco, Naucalpan, Estado De México",230 m² construidos,3 recámaras,3 baños,https://departamento.mercadolibre.com.mx/MLM-5844282934-departamento-en-venta-en-lomas-de-tecamachalco-_JM,https://http2.mlstatic.com/D_NQ_NP_2X_994776-MLM115304748793_072026-E.webp,NAUCALPAN
Departamento En Venta En Naucalpan De Juárez,5795000,MXN,"Valle Real, Naucalpan De Juárez Centro, Naucalpan, Estado De México",169 m² construidos,3 recámaras,2 baños,https://departamento.mercadolibre.com.mx/MLM-5844280316-departamento-en-venta-en-naucalpan-de-juarez-_JM,https://http2.mlstatic.com/D_NQ_NP_2X_741145-MLM113988924366_072026-E.webp,NAUCALPAN
Excelente Departamento Con Terraza En Venta Lomas De Tecamachalco,10750000,MXN,"Av. Fuente De Piramides, Lomas De Tecamachalco, Naucalpan, Estado De México",197 m² construidos,2 recámaras,2 baños,https://departamento.mercadolibre.com.mx/MLM-3215293469-excelente-departamento-con-terraza-en-venta-lomas-de-tecamachalco-_JM,https://http2.mlstatic.com/D_NQ_NP_2X_783618-MLM115303816759_072026-E.webp,NAUCALPAN
Departamento En Venta Tecamachalco,10000000,MXN,"Fuente Del Pescador, Lomas De Tecamachalco, Naucalpan, Estado De México",315 m² construidos,3 recámaras,3 baños,https://departamento.mercadolibre.com.mx/MLM-3215273517-departamento-en-venta-tecamachalco-_JM,https://http2.mlstatic.com/D_NQ_NP_2X_900694-MLM115303228043_072026-E.webp,NAUCALPAN
Departamento En Venta En Lomas De Tecamachalco,7500000,MXN,"Fuente De Diana, Lomas De Tecamachalco, Naucalpan, Estado De México",230 m² construidos,3 recámaras,3 baños,https://departamento.mercadolibre.com.mx/MLM-3215283361-departamento-en-venta-en-lomas-de-tecamachalco-_JM,https://http2.mlstatic.com/D_NQ_NP_2X_883870-MLM113987230410_072026-E.webp,NAUCALPAN
P.h. En Venta En Naucalpan,8199000,MXN,"CAMINO ARENERO, Miramar, Naucalpan, Estado De México",149 m² construidos,2 recámaras,2 baños,https://departamento.mercadolibre.com.mx/MLM-5844268440-ph-en-venta-en-naucalpan-_JM,https://http2.mlstatic.com/D_NQ_NP_2X_941537-MLM115304616903_072026-E.webp,NAUCALPAN
Venta Departamento Lomas Verdes Sexta Seccion Naucalpan De Juarez,11500000,MXN,"Lomas Verdes 6a Sección, Naucalpan, Estado De México",285 m² construidos,3 recámaras,2 baños,https://departamento.mercadolibre.com.mx/MLM-4874074022-venta-departamento-lomas-verdes-sexta-seccion-naucalpan-de-juarez-_JM,https://http2.mlstatic.com/D_NQ_NP_2X_832421-MLM92105301104_092025-E.webp,NAUCALPAN
Departamento En Venta En Lomas De Tecamachalco Bosques I Y Ii,8000000,MXN,"Fuente De Diana, Lomas De Tecamachalco, Naucalpan, Estado De México",230 m² construidos,3 recámaras,3 baños,https://departamento.mercadolibre.com.mx/MLM-5844270026-departamento-en-venta-en-lomas-de-tecamachalco-bosques-i-y-ii-_JM,https://http2.mlstatic.com/D_NQ_NP_2X_915192-MLM115304819389_072026-E.webp,NAUCALPAN
Departamento En Venta En Lomas De Tecamachalco Bosques I Y Ii,8000000,MXN,"Fuente De Diana, Lomas De Tecamachalco, Naucalpan, Estado De México",230 m² construidos,3 recámaras,3 baños,https://departamento.mercadolibre.com.mx/MLM-3215270461-departamento-en-venta-en-lomas-de-tecamachalco-bosques-i-y-ii-_JM,https://http2.mlstatic.com/D_NQ_NP_2X_983399-MLM113987251598_072026-E.webp,NAUCALPAN
Departamento En Venta En La Concordia  (gro),2400000,MXN,"Lomas Verdes 5a Sección (La Concordia), Naucalpan, Estado De México",70 m² construidos,3 recámaras,1 baño,https://departamento.mercadolibre.com.mx/MLM-3114933361-departamento-en-venta-en-la-concordia-gro-_JM,https://http2.mlstatic.com/D_NQ_NP_2X_641358-MLM113160621814_072026-E.webp,NAUCALPAN
Departamento En Venta En Lomas De Tecamachalco Bosques I Y Ii,9500000,MXN,"Fuente De Templanza, Lomas De Tecamachalco, Naucalpan, Estado De México",250 m² construidos,3 recámaras,3 baños,https://departamento.mercadolibre.com.mx/MLM-5844268890-departamento-en-venta-en-lomas-de-tecamachalco-bosques-i-y-ii-_JM,https://http2.mlstatic.com/D_NQ_NP_2X_973041-MLM115304632583_072026-E.webp,NAUCALPAN
"Departamento En Venta Con Doble Seguridad En Lomas Verdes, Naucalpan De Juárez",8000000,MXN,"Lomas Verdes (Conjunto Lomas Verdes), Naucalpan, Estado De México",200 m² construidos,2 recámaras,2 baños,https://departamento.mercadolibre.com.mx/MLM-3058401647-departamento-en-venta-con-doble-seguridad-en-lomas-verdes-naucalpan-de-juarez-_JM,https://http2.mlstatic.com/D_NQ_NP_2X_958360-MLM113356271840_072026-E.webp,NAUCALPAN
"Penthouse En Venta Con Doble Seguridad En Lomas Verdes, Naucalpan De Juárez",12325000,MXN,"Lomas Verdes (Conjunto Lomas Verdes), Naucalpan, Estado De México",300 m² construidos,3 recámaras,3 baños,https://departamento.mercadolibre.com.mx/MLM-5723253134-penthouse-en-venta-con-doble-seguridad-en-lomas-verdes-naucalpan-de-juarez-_JM,https://http2.mlstatic.com/D_NQ_NP_2X_991496-MLM113356413764_072026-E.webp,NAUCALPAN
"Departamento En  Venta, Atorre Manhattan Lomas De Tecamachalco",10000000,MXN,"Av. De Las Fuentes, Lomas De Tecamachalco, Naucalpan, Estado De México",261 m² construidos,3 recámaras,2 baños,https://departamento.mercadolibre.com.mx/MLM-5844246578-departamento-en-venta-atorre-manhattan-lomas-de-tecamachalco-_JM,https://http2.mlstatic.com/D_NQ_NP_2X_944831-MLM115303901537_072026-E.webp,NAUCALPAN
Departamento En Venta Lomas De Tecamachalco,6900000,MXN,"Fte De Templaza, Lomas De Tecamachalco, Naucalpan, Estado De México",230 m² construidos,3 recámaras,2 baños,https://departamento.mercadolibre.com.mx/MLM-5844256796-departamento-en-venta-lomas-de-tecamachalco-_JM,https://http2.mlstatic.com/D_NQ_NP_2X_963193-MLM113989044128_072026-E.webp,NAUCALPAN
Dge Venta Departamento Lomas Verdes 6ta Secc. Naucalpan De Juárez,8690000,MXN,"Lomas Verdes 6a Sección, Naucalpan, Estado De México",184 m² construidos,3 recámaras,3 baños,https://departamento.mercadolibre.com.mx/MLM-5793388196-dge-venta-departamento-lomas-verdes-6ta-secc-naucalpan-de-juarez-_JM,https://http2.mlstatic.com/D_NQ_NP_2X_671846-MLM115034069179_072026-E.webp,NAUCALPAN
Departamento Ph Lomas De Tecamachalco,26900000,MXN,"Lomas De Tecamachalco, Naucalpan, Estado De México",800 m² construidos,3 recámaras,3 baños,https://departamento.mercadolibre.com.mx/MLM-5406833644-departamento-ph-lomas-de-tecamachalco-_JM,https://http2.mlstatic.com/D_NQ_NP_2X_719333-MLM112266654533_052026-E.webp,NAUCALPAN
Departamento En Lomas De Tecamachalco,10000000,MXN,"Lomas De Tecamachalco, Lomas De Tecamachalco, Naucalpan, Estado De México",380 m² de terreno,3 recámaras,3 baños,https://departamento.mercadolibre.com.mx/MLM-4830863230-departamento-en-lomas-de-tecamachalco-_JM,https://http2.mlstatic.com/D_NQ_NP_2X_959500-MLM106855402114_022026-E.webp,NAUCALPAN
"Departamentos En Venta En Santa Cruz Del Monte, Naucalpan",4500000,MXN,"Santa Cruz Del Monte, Naucalpan, Estado De México",100 m² construidos,3 recámaras,2 baños,https://departamento.mercadolibre.com.mx/MLM-2827116367-departamentos-en-venta-en-santa-cruz-del-monte-naucalpan-_JM,https://http2.mlstatic.com/D_NQ_NP_2X_798686-MLM94995050137_102025-E.webp,NAUCALPAN
Departamento Venta Lomas Verdes,8800000,MXN,"Lomas Verdes 6a Sección, Naucalpan, Estado De México",285 m² construidos,3 recámaras,2 baños,https://departamento.mercadolibre.com.mx/MLM-5241314986-departamento-venta-lomas-verdes-_JM,https://http2.mlstatic.com/D_NQ_NP_2X_807115-MLM114613184179_072026-E.webp,NAUCALPAN
"Venta, Ph Con Vista Panorámica En Torre Manhattan, Tecamachalco",12500000,MXN,"Lomas De Tecamachalco, Naucalpan, Estado De México",335 m² construidos,3 recámaras,2 baños,https://departamento.mercadolibre.com.mx/MLM-2778538369-venta-ph-con-vista-panoramica-en-torre-manhattan-tecamachalco-_JM,https://http2.mlstatic.com/D_NQ_NP_2X_883942-MLM115528181829_082026-E.webp,NAUCALPAN
3 Recamaras 114m2 Con Balcon Y Family Room Con Vista Al Campo Militar Conscripto,5499000,MXN,"Miramar, Naucalpan, Estado De México",113 m² construidos,3 recámaras,2 baños,https://departamento.mercadolibre.com.mx/MLM-2743783421-3-recamaras-114m2-con-balcon-y-family-room-con-vista-al-campo-militar-conscripto-_JM,https://http2.mlstatic.com/D_NQ_NP_2X_741877-MLM107321802001_022026-E.webp,NAUCALPAN
Departamento En Venta Tecamachalco Edomex,8500000,MXN,"DEPARTAMENTO EN VENTA TECAMACHALCO EDOMEX S/N, Lomas De Tecamachalco, Naucalpan, Estado De México",140 m² construidos,3 recámaras,3 baños,https://departamento.mercadolibre.com.mx/MLM-2745187513-departamento-en-venta-tecamachalco-edomex-_JM,https://http2.mlstatic.com/D_NQ_NP_2X_652826-MLM107375652403_022026-E.webp,NAUCALPAN
Venta Departamentos Industrial Alce Blanco T-df0049-0528,3950000,MXN,"BOULEVARD DE TOLUCA, Industrial Alce Blanco, Naucalpan, Estado De México",90 m² construidos,2 recámaras,2 baños,https://departamento.mercadolibre.com.mx/MLM-2886293223-venta-departamentos-industrial-alce-blanco-t-df0049-0528-_JM,https://http2.mlstatic.com/D_NQ_NP_2X_657541-MLM110807528235_042026-E.webp,NAUCALPAN
Venta Departamentos Hacienda De Echegaray T-df0141-0214,2990000,MXN,"PUREPECHAS, Hacienda De Echegaray, Naucalpan, Estado De México",69 m² construidos,3 recámaras,2 baños,https://departamento.mercadolibre.com.mx/MLM-5617912706-venta-departamentos-hacienda-de-echegaray-t-df0141-0214-_JM,https://http2.mlstatic.com/D_NQ_NP_2X_665908-MLM112823627278_072026-E.webp,NAUCALPAN
Ph Reserva Bosques,11000000,MXN,"Ciudad Satélite, Naucalpan, Estado De México",205 m² construidos,3 recámaras,3 baños,https://departamento.mercadolibre.com.mx/MLM-5704697176-ph-reserva-bosques-_JM,https://http2.mlstatic.com/D_NQ_NP_2X_666490-MLM115353914017_072026-E.webp,NAUCALPAN
Departamento En Venta En Lomas De Tecamachalco,5515332066,MXN,"Fuentes De La Juventud, Lomas De Tecamachalco, Naucalpan, Estado De México",111 m² construidos,3 recámaras,3 baños,https://departamento.mercadolibre.com.mx/MLM-5844254260-departamento-en-venta-en-lomas-de-tecamachalco-_JM,https://http2.mlstatic.com/D_NQ_NP_2X_699640-MLM115304479271_072026-E.webp,NAUCALPAN
Venta Departamento Nuevo  Ph  Tecamachalco,19000000,MXN,"Fuente De Pescador, Lomas De Tecamachalco, Naucalpan, Estado De México",462 m² construidos,3 recámaras,3 baños,https://departamento.mercadolibre.com.mx/MLM-3215276827-venta-departamento-nuevo-ph-tecamachalco-_JM,https://http2.mlstatic.com/D_NQ_NP_2X_758268-MLM113988105526_072026-E.webp,NAUCALPAN
Ph 3 Recamaras Preventa 234m2 Con Roof Garden Zona Del Campo Militar Conscripto,10999000,MXN,"Miramar, Naucalpan, Estado De México",233 m² construidos,3 recámaras,2 baños,https://departamento.mercadolibre.com.mx/MLM-4787892610-ph-3-recamaras-preventa-234m2-con-roof-garden-zona-del-campo-militar-conscripto-_JM,https://http2.mlstatic.com/D_NQ_NP_2X_607974-MLM106667283520_022026-E.webp,NAUCALPAN
"Departamento En Venta En Lomas De Tecamachalco, Naucalpan De Juárez 26-2514 Mm",13600000,MXN,"Departamento En Venta En Lomas De Tecamachalco, Naucalpan De Juárez 26-2514 MM, Lomas De Tecamachalco, Naucalpan, Estado De México",290 m² construidos,3 recámaras,3 baños,https://departamento.mercadolibre.com.mx/MLM-5475225476-departamento-en-venta-en-lomas-de-tecamachalco-naucalpan-de-juarez-26-2514-mm-_JM,https://http2.mlstatic.com/D_NQ_NP_2X_752108-MLM112957857687_062026-E.webp,NAUCALPAN
Ph 3 Recamaras Preventa 165m2 Con Roof Garden Zona Del Campo Militar Conscripto,8199000,MXN,"Miramar, Naucalpan, Estado De México",165 m² construidos,3 recámaras,2 baños,https://departamento.mercadolibre.com.mx/MLM-3233319319-ph-3-recamaras-preventa-165m2-con-roof-garden-zona-del-campo-militar-conscripto-_JM,https://http2.mlstatic.com/D_NQ_NP_2X_953188-MLM106667296722_022026-E.webp,NAUCALPAN
Departamento En Venta  En Lomas De Tecamachalco,7300000,MXN,"Lomas De Tecamachalco, Naucalpan, Estado De México",146 m² construidos,3 recámaras,2 baños,https://departamento.mercadolibre.com.mx/MLM-5407006244-departamento-en-venta-en-lomas-de-tecamachalco-_JM,https://http2.mlstatic.com/D_NQ_NP_2X_901462-MLM112266685141_052026-E.webp,NAUCALPAN
"Departamento En Venta Con Seguridad En Lomas De Tecamachalco, Naucalpan",13950000,MXN,"Lomas De Tecamachalco, Naucalpan, Estado De México",307 m² construidos,3 recámaras,3 baños,https://departamento.mercadolibre.com.mx/MLM-5594244200-departamento-en-venta-con-seguridad-en-lomas-de-tecamachalco-naucalpan-_JM,https://http2.mlstatic.com/D_NQ_NP_2X_748732-MLM114604952437_072026-E.webp,NAUCALPAN
"Departamento En Venta Tecamachalco, Naucalpan De Juárez",11660000,MXN,"Lomas De Tecamachalco, Naucalpan, Estado De México",205 m² construidos,3 recámaras,3 baños,https://departamento.mercadolibre.com.mx/MLM-3058401087-departamento-en-venta-tecamachalco-naucalpan-de-juarez-_JM,https://http2.mlstatic.com/D_NQ_NP_2X_730090-MLM81921903268_012025-E.webp,NAUCALPAN
Departamento En Venta Bosque Real Naucalpan  Ct798,6300000,MXN,"Boulevares, Naucalpan, Estado De México",120 m² construidos,3 recámaras,2 baños,https://departamento.mercadolibre.com.mx/MLM-4948121494-departamento-en-venta-bosque-real-naucalpan-ct798-_JM,https://http2.mlstatic.com/D_NQ_NP_2X_983778-MLM107399225602_032026-E.webp,NAUCALPAN
Departamento En Venta En Lomas De Tecamachalco,11000000,MXN,"Av. De Las Fuentes (torre Manhattan), Lomas De Tecamachalco, Naucalpan, Estado De México",276 m² construidos,2 recámaras,2 baños,https://departamento.mercadolibre.com.mx/MLM-5844281088-departamento-en-venta-en-lomas-de-tecamachalco-_JM,https://http2.mlstatic.com/D_NQ_NP_2X_626613-MLM115304600597_072026-E.webp,NAUCALPAN
Departamento En Venta En Tecamachalco,11950000,MXN,"Lomas De Tecamachalco, Naucalpan, Estado De México",,3 recámaras,3 baños,https://departamento.mercadolibre.com.mx/MLM-3120273215-departamento-en-venta-en-tecamachalco-_JM,https://http2.mlstatic.com/D_NQ_NP_2X_719613-MLM115600615727_082026-E.webp,NAUCALPAN
"Departamento En Venta En El Parque, Naucalpan De Juárez 26-1258 Mm",8899000,MXN,"Departamento En Venta En El Parque, Naucalpan De Juárez 26-1258 MM, El Parque, Naucalpan, Estado De México",223 m² construidos,3 recámaras,3 baños,https://departamento.mercadolibre.com.mx/MLM-5475264190-departamento-en-venta-en-el-parque-naucalpan-de-juarez-26-1258-mm-_JM,https://http2.mlstatic.com/D_NQ_NP_2X_762878-MLM112957842847_062026-E.webp,NAUCALPAN
Departamento En Venta En Tecamachalco Ct873,8500000,MXN,"Lomas De Tecamachalco, Naucalpan, Estado De México",300 m² construidos,3 recámaras,4 baños,https://departamento.mercadolibre.com.mx/MLM-5291394098-departamento-en-venta-en-tecamachalco-ct873-_JM,https://http2.mlstatic.com/D_NQ_NP_2X_753454-MLM111239217643_052026-E.webp,NAUCALPAN
3 Recamaras Preventa 119m2 Balcon Family Room Vista Al Campo Militar Conscripto,6199000,MXN,"Miramar, Naucalpan, Estado De México",118 m² construidos,3 recámaras,2 baños,https://departamento.mercadolibre.com.mx/MLM-3233319331-3-recamaras-preventa-119m2-balcon-family-room-vista-al-campo-militar-conscripto-_JM,https://http2.mlstatic.com/D_NQ_NP_2X_883717-MLM106667098008_022026-E.webp,NAUCALPAN
Departamento - Lomas De Tecamachalco,6500000,MXN,"Hermoso Departamento En Fuente De Molinos, Lomas De Tecamachalco, Naucalpan, Estado De México",146 m² construidos,3 recámaras,2 baños,https://departamento.mercadolibre.com.mx/MLM-3137230515-departamento-lomas-de-tecamachalco-_JM,https://http2.mlstatic.com/D_NQ_NP_2X_983501-MLM113326009116_072026-E.webp,NAUCALPAN
"Departamento En Venta En Fuente De Parián, Tecamachalco:",14900000,MXN,"Lomas De Tecamachalco, Naucalpan, Estado De México",290 m² construidos,3 recámaras,3 baños,https://departamento.mercadolibre.com.mx/MLM-2956924439-departamento-en-venta-en-fuente-de-parian-tecamachalco-_JM,https://http2.mlstatic.com/D_NQ_NP_2X_684392-MLM112217055565_052026-E.webp,NAUCALPAN
Venta  Departamento En Bosque Real Gania,12503800,MXN,"Bosque Real Country Club, Naucalpan De Juárez, Bosque De Los Remedios Issemym, Naucalpan, Estado De México",219 m² construidos,3 recámaras,3 baños,https://departamento.mercadolibre.com.mx/MLM-2737738747-venta-departamento-en-bosque-real-gania-_JM,https://http2.mlstatic.com/D_NQ_NP_2X_938080-MLM106928344609_022026-E.webp,NAUCALPAN
"Departamento En Venta  Gania, Bosque Real",9512000,MXN,"Blvrd Bosque Real MZ 1 - 300, Bosque De Los Remedios Issemym, Naucalpan, Estado De México",217 m² construidos,3 recámaras,3 baños,https://departamento.mercadolibre.com.mx/MLM-4335896592-departamento-en-venta-gania-bosque-real-_JM,https://http2.mlstatic.com/D_NQ_NP_2X_697990-MLM106509184283_022026-E.webp,NAUCALPAN
"Departamento En Venta En Colonia El Parque, Naucalpan De Juárez, Cdmx.",2850000,MXN,"El Parque, Naucalpan, Estado De México",62 m² construidos,1 recámara,1 baño,https://departamento.mercadolibre.com.mx/MLM-5758912356-departamento-en-venta-en-colonia-el-parque-naucalpan-de-juarez-cdmx-_JM,https://http2.mlstatic.com/D_NQ_NP_2X_829897-MLM114860242581_072026-E.webp,NAUCALPAN
Venta Depto. Sexta Seccion De Lomas Verdes,6850000,MXN,"Lomas Verdes 6a Sección, Naucalpan, Estado De México",150 m² construidos,3 recámaras,2 baños,https://departamento.mercadolibre.com.mx/MLM-5145435212-venta-depto-sexta-seccion-de-lomas-verdes-_JM,https://http2.mlstatic.com/D_NQ_NP_2X_889147-MLM110121297145_042026-E.webp,NAUCALPAN
"Vendo Departamento Exterior En Colonia El Parque, Naucalpan De Juárez, Cdmx.",3150000,MXN,"El Parque, Naucalpan, Estado De México",63 m² construidos,2 recámaras,2 baños,https://departamento.mercadolibre.com.mx/MLM-5758912386-vendo-departamento-exterior-en-colonia-el-parque-naucalpan-de-juarez-cdmx-_JM,https://http2.mlstatic.com/D_NQ_NP_2X_735985-MLM113585354150_072026-E.webp,NAUCALPAN
Venta Departamento En Altavitta,8300000,MXN,"Lomas Verdes 6a Sección, Naucalpan, Estado De México",180 m² construidos,3 recámaras,3 baños,https://departamento.mercadolibre.com.mx/MLM-5132927360-venta-departamento-en-altavitta-_JM,https://http2.mlstatic.com/D_NQ_NP_2X_666258-MLM98663268488_112025-E.webp,NAUCALPAN
"Departamento De Lujo En Avivia, Bosque Real,  Un Fraccionamiento Con Todos Los Servicios, A 5 Minutos De Interlomas",9990000,MXN,"Blvrd Bosque Real 17, MZ 001, Bosque Real, Naucalpan De Juárez, Naucalpan, Estado De México",185 m² construidos,3 recámaras,3 baños,https://departamento.mercadolibre.com.mx/MLM-5785489334-departamento-de-lujo-en-avivia-bosque-real-un-fraccionamiento-con-todos-los-servicios-a-5-minutos-de-interlomas-_JM,https://http2.mlstatic.com/D_NQ_NP_2X_671413-MLM113730019226_072026-E.webp,NAUCALPAN
Venta P. H. Con Roof Garden Privado 96 M2 + 2 Autos Techados  Vive En San Juan Totoltepec,3700000,MXN,"Cda. Olivo, San Juan Totoltepec, Naucalpan De Juárez, San Juan Totoltepec, Naucalpan, Estado De México",96 m² construidos,2 recámaras,2 baños,https://departamento.mercadolibre.com.mx/MLM-2773387601-venta-p-h-con-roof-garden-privado-96-m2-2-autos-techados-vive-en-san-juan-totoltepec-_JM,https://http2.mlstatic.com/D_NQ_NP_2X_746585-MLM107637569810_032026-E.webp,NAUCALPAN
"Venta Departamentos  Tecamachalco Con Terrazas, Nuevos De De Lujo(r)",14299000,MXN,"Lomas De Tecamachalco, Naucalpan, Estado De México",383 m² construidos,3 recámaras,3 baños,https://departamento.mercadolibre.com.mx/MLM-5132894116-venta-departamentos-tecamachalco-con-terrazas-nuevos-de-de-lujor-_JM,https://http2.mlstatic.com/D_NQ_NP_2X_612511-MLM96659467931_102025-E.webp,NAUCALPAN
"Departamento En Venta, San José Del Real",7300000,MXN,"Lomas Verdes 6a Sección, Naucalpan, Estado De México",200 m² construidos,2 recámaras,2 baños,https://departamento.mercadolibre.com.mx/MLM-5739960324-departamento-en-venta-san-jose-del-real-_JM,https://http2.mlstatic.com/D_NQ_NP_2X_640449-MLM113469980244_072026-E.webp,NAUCALPAN
"Departamento En Venta, Col. San Lucas Tepetlacalco Tlanepantla De Baz",4580000,MXN,"San Lucas Tepetlacalco, San Lucas Tepetlacalco, Naucalpan, Estado De México",98 m² construidos,2 recámaras,2 baños,https://departamento.mercadolibre.com.mx/MLM-2907994735-departamento-en-venta-col-san-lucas-tepetlacalco-tlanepantla-de-baz-_JM,https://http2.mlstatic.com/D_NQ_NP_2X_690498-MLM110281697328_052026-E.webp,NAUCALPAN
"Departamento En Planta Baja Con Terreza, Adicional Un Roof Privado, Tecamachalco",8600000,MXN,"Lomas De Tecamachalco, Naucalpan, Estado De México",123 m² construidos,3 recámaras,3 baños,https://departamento.mercadolibre.com.mx/MLM-4954688010-departamento-en-planta-baja-con-terreza-adicional-un-roof-privado-tecamachalco-_JM,https://http2.mlstatic.com/D_NQ_NP_2X_990259-MLM104784326391_012026-E.webp,NAUCALPAN
"Departamento En Planta Baja Con Terreza, Adicional Un Roof Privado, Tecamachalco",7450000,MXN,"Lomas De Tecamachalco, Naucalpan, Estado De México",123 m² construidos,3 recámaras,3 baños,https://departamento.mercadolibre.com.mx/MLM-5147799782-departamento-en-planta-baja-con-terreza-adicional-un-roof-privado-tecamachalco-_JM,https://http2.mlstatic.com/D_NQ_NP_2X_744152-MLM110135223311_042026-E.webp,NAUCALPAN
"Venta Departamento, Lomas Verdes, V Sección",4575000,MXN,"Lomas Verdes 5a Sección (La Concordia), Naucalpan, Estado De México",152 m² construidos,3 recámaras,2 baños,https://departamento.mercadolibre.com.mx/MLM-5006138696-venta-departamento-lomas-verdes-v-seccion-_JM,https://http2.mlstatic.com/D_NQ_NP_2X_682464-MLM93314913581_092025-E.webp,NAUCALPAN
Departamento En Venta En Tecamachalco 3r/3.5b/4e - Terraza Comunal - 333m2,10800000,MXN,"Lomas De Tecamachalco, Naucalpan, Estado De México",333 m² construidos,3 recámaras,3 baños,https://departamento.mercadolibre.com.mx/MLM-2916681477-departamento-en-venta-en-tecamachalco-3r35b4e-terraza-comunal-333m2-_JM,https://http2.mlstatic.com/D_NQ_NP_2X_785109-MLM111403458663_052026-E.webp,NAUCALPAN
Casa En Venta Lomas De Tecamachalco (et),23000000,MXN,"Lomas De Tecamachalco, Naucalpan, Estado De México",560 m² construidos,4 recámaras,4 baños,https://departamento.mercadolibre.com.mx/MLM-3153964347-casa-en-venta-lomas-de-tecamachalco-et-_JM,https://http2.mlstatic.com/D_NQ_NP_2X_827644-MLM105625765276_012026-E.webp,NAUCALPAN
Departamento En Lomas Verdes Edificio Pet Friendly,10484000,MXN,"Penthouse Departamento   Sexta Sección En Lomas Verdes, Naucalpan, Estado De México",251 m² de terreno,2 recámaras,2 baños,https://departamento.mercadolibre.com.mx/MLM-3136034743-departamento-en-lomas-verdes-edificio-pet-friendly-_JM,https://http2.mlstatic.com/D_NQ_NP_2X_768362-MLM113304823812_072026-E.webp,NAUCALPAN
Departamento En Lomas Verdes Edificio Pet Friendly,8579000,MXN,"Departamento  Entrega Inmediata En Sexta Sección De Lomas Verdes Edificio Pet Friendly, Naucalpan, Estado De México",153 m² de terreno,2 recámaras,2 baños,https://departamento.mercadolibre.com.mx/MLM-3135227225-departamento-en-lomas-verdes-edificio-pet-friendly-_JM,https://http2.mlstatic.com/D_NQ_NP_2X_727252-MLM114539268707_072026-E.webp,NAUCALPAN
"Departamento Moderno Con Terrezas Y Un Roof Privado, Tecamachalco",7500000,MXN,"Lomas De Tecamachalco, Naucalpan, Estado De México",123 m² construidos,3 recámaras,3 baños,https://departamento.mercadolibre.com.mx/MLM-5147799784-departamento-moderno-con-terrezas-y-un-roof-privado-tecamachalco-_JM,https://http2.mlstatic.com/D_NQ_NP_2X_991518-MLM110135223465_042026-E.webp,NAUCALPAN
Departamento En Venta En Tecamachalco 3r/3.5b/2e - Balcón - Amenidades - 300m2,12900000,MXN,"Lomas De Tecamachalco, Naucalpan, Estado De México",300 m² construidos,3 recámaras,3 baños,https://departamento.mercadolibre.com.mx/MLM-5205117540-departamento-en-venta-en-tecamachalco-3r35b2e-balcon-amenidades-300m2-_JM,https://http2.mlstatic.com/D_NQ_NP_2X_988841-MLM109683702808_042026-E.webp,NAUCALPAN
"Departamento En Venta, Col. Lomas Verdes 5a Secc Naucalpan",2700000,MXN,"San José Del Real 32, Col. Lomas Verdes, Naucalpan, Estado De México",61 m² construidos,2 recámaras,1 baño,https://departamento.mercadolibre.com.mx/MLM-5682017698-departamento-en-venta-col-lomas-verdes-5a-secc-naucalpan-_JM,https://http2.mlstatic.com/D_NQ_NP_2X_753638-MLM113142122034_072026-E.webp,NAUCALPAN
Dh Venta De Departamento En Bosque De Lomas Verdes Dh,8000000,MXN,"Lomas Verdes 1a Secc., Naucalpan, Estado De México",192 m² construidos,3 recámaras,2 baños,https://departamento.mercadolibre.com.mx/MLM-3166215637-dh-venta-de-departamento-en-bosque-de-lomas-verdes-dh-_JM,https://http2.mlstatic.com/D_NQ_NP_2X_732499-MLM113625975642_072026-E.webp,NAUCALPAN
Departamento En Preventa En Lomas Verdes Edificio Pet Friendly,7980000,MXN,"Hermoso Departamento  En La Sexta Sección De  Lomas Verdes, Naucalpan, Estado De México",170 m² de terreno,2 recámaras,2 baños,https://departamento.mercadolibre.com.mx/MLM-3135077151-departamento-en-preventa-en-lomas-verdes-edificio-pet-friendly-_JM,https://http2.mlstatic.com/D_NQ_NP_2X_949505-MLM114537714127_072026-E.webp,NAUCALPAN
Departamento En Venta En Tecamachalco 3r/3.5b/2e - Balcón - Amenidades - 300m2,12900000,MXN,"Lomas De Tecamachalco, Naucalpan, Estado De México",300 m² construidos,3 recámaras,3 baños,https://departamento.mercadolibre.com.mx/MLM-2996646749-departamento-en-venta-en-tecamachalco-3r35b2e-balcon-amenidades-300m2-_JM,https://http2.mlstatic.com/D_NQ_NP_2X_785773-MLM111883950816_062026-E.webp,NAUCALPAN
Departamento En Venta Five ( Amoblado ),9900000,MXN,"Boulevares, Naucalpan, Estado De México",177 m² construidos,3 recámaras,2 baños,https://departamento.mercadolibre.com.mx/MLM-3065123753-departamento-en-venta-five-amoblado--_JM,https://http2.mlstatic.com/D_NQ_NP_2X_777970-MLM112757953564_062026-E.webp,NAUCALPAN
Fuente De Templanza 16,9500000,MXN,"Lomas De Tecamachalco, Naucalpan, Estado De México",227 m² construidos,3 recámaras,3 baños,https://departamento.mercadolibre.com.mx/MLM-3071267707-fuente-de-templanza-16-_JM,https://http2.mlstatic.com/D_NQ_NP_2X_933217-MLM114008801485_072026-E.webp,NAUCALPAN
Departamento En Venta En Tecamachalco,9000000,MXN,"Lomas De Tecamachalco, Naucalpan, Estado De México",335 m² construidos,3 recámaras,2 baños,https://departamento.mercadolibre.com.mx/MLM-5246121724-departamento-en-venta-en-tecamachalco-_JM,https://http2.mlstatic.com/D_NQ_NP_2X_846700-MLM79978096390_102024-E.webp,NAUCALPAN
Departamento Grande En La Sexta Sección Lomas Verdes,8800000,MXN,"Hermoso Departamento Con Maravillosas Vistas  En La Sexta Sección Lomas Verdes, Naucalpan, Estado De México",266 m² de terreno,3 recámaras,3 baños,https://departamento.mercadolibre.com.mx/MLM-5739007052-departamento-grande-en-la-sexta-seccion-lomas-verdes-_JM,https://http2.mlstatic.com/D_NQ_NP_2X_858403-MLM113452734216_072026-E.webp,NAUCALPAN
"Departamento Con Excelentes Acabados En Fraccionamiento Lomas Del Rio, Bosques De La Herradura, A Pocos Minutos De Polanco, Interlomas, Con Doble Filtro De Seguridad",7200000,MXN,"Av Lomas Del Rio Ote, Bosques De La Herradura, Naucalpan De Juárez, Independencia, Naucalpan, Estado De México",170 m² construidos,3 recámaras,3 baños,https://departamento.mercadolibre.com.mx/MLM-2916681539-departamento-con-excelentes-acabados-en-fraccionamiento-lomas-del-rio-bosques-de-la-herradura-a-pocos-minutos-de-polanco-interlomas-con-doble-filtro-de-seguridad-_JM,https://http2.mlstatic.com/D_NQ_NP_2X_867437-MLM111400574831_052026-E.webp,NAUCALPAN
Venta Depto Cumbres De La Herradura,4700000,MXN,"Ricardo Flores Magón, Naucalpan, Estado De México",97 m² construidos,3 recámaras,2 baños,https://departamento.mercadolibre.com.mx/MLM-5792738040-venta-depto-cumbres-de-la-herradura-_JM,https://http2.mlstatic.com/D_NQ_NP_2X_804504-MLM113735586194_072026-E.webp,NAUCALPAN
Departamento Grande En La Sexta Sección Lomas Verdes,8950000,MXN,"Departamento Grande En La Sexta Sección Lomas Verdes, Naucalpan, Estado De México",266 m² de terreno,3 recámaras,3 baños,https://departamento.mercadolibre.com.mx/MLM-3148478963-departamento-grande-en-la-sexta-seccion-lomas-verdes-_JM,https://http2.mlstatic.com/D_NQ_NP_2X_911966-MLM114716436543_072026-E.webp,NAUCALPAN
"Departamento En Venta, Tecamachalco Oportunidad Con Mucha Luz",12000000,MXN,"Oportunidad CON Mucha LUZ, Lomas De Tecamachalco, Naucalpan, Estado De México",305 m² construidos,3 recámaras,35 baños,https://departamento.mercadolibre.com.mx/MLM-5823275928-departamento-en-venta-tecamachalco-oportunidad-con-mucha-luz-_JM,https://http2.mlstatic.com/D_NQ_NP_2X_908345-MLM113898989124_072026-E.webp,NAUCALPAN
Departamento En  Venta 6ta Secc Lomas Verdes - Espectacular Vista,11150000,MXN,"Lomas Verdes 6a Sección, Naucalpan, Estado De México",286 m² construidos,3 recámaras,2 baños,https://departamento.mercadolibre.com.mx/MLM-2734134547-departamento-en-venta-6ta-secc-lomas-verdes-espectacular-vista-_JM,https://http2.mlstatic.com/D_NQ_NP_2X_884392-MLM106145223734_022026-E.webp,NAUCALPAN
Departamento En Bosque De Lomas Verdes Con 3 Recámaras Y Opción A Una Cuarta Recámara,7500000,MXN,"Departamento En Bosque De Lomas Verdes Con 3 Recámaras Y Opción A Una Cuarta Recámara., Naucalpan, Estado De México",196 m² de terreno,3 recámaras,3 baños,https://departamento.mercadolibre.com.mx/MLM-5705903922-departamento-en-bosque-de-lomas-verdes-con-3-recamaras-y-opcion-a-una-cuarta-recamara-_JM,https://http2.mlstatic.com/D_NQ_NP_2X_979378-MLM114500521193_072026-E.webp,NAUCALPAN
Vendo Departamento En Fuentes De Satelite Naucalpn Estado De Mexico,4600000,MXN,"Fuentes De Satelite, Ciudad López Mateos, Fuentes De Satelite, Naucalpan, Estado De México",157 m² construidos,3 recámaras,2 baños,https://departamento.mercadolibre.com.mx/MLM-5803478562-vendo-departamento-en-fuentes-de-satelite-naucalpn-estado-de-mexico-_JM,https://http2.mlstatic.com/D_NQ_NP_2X_674563-MLM113802575468_072026-E.webp,NAUCALPAN
Departamento - Naucalpan De Juárez,9637000,MXN,"Hermoso Departamento Con Terraza En La Sexta Sección De Lomas Verdes, Naucalpan, Estado De México",170 m² construidos,3 recámaras,2 baños,https://departamento.mercadolibre.com.mx/MLM-5715456052-departamento-naucalpan-de-juarez-_JM,https://http2.mlstatic.com/D_NQ_NP_2X_686870-MLM114547990895_072026-E.webp,NAUCALPAN
Hermoso Departamento Con Terraza En La Sexta Sección De Lomas Verdes,8710000,MXN,"Hermoso Departamento Con Terraza En La Sexta Sección De Lomas Verdes, Naucalpan, Estado De México",153 m² de terreno,2 recámaras,2 baños,https://departamento.mercadolibre.com.mx/MLM-5715352030-hermoso-departamento-con-terraza-en-la-sexta-seccion-de-lomas-verdes-_JM,https://http2.mlstatic.com/D_NQ_NP_2X_788134-MLM114547421679_072026-E.webp,NAUCALPAN
Hermoso Departamento En Lomas Verdes Con Terraza.,5840000,MXN,"Lomas Verdes, Estado De Mexico. C.p. 53489, Santa Cruz Acatlan, Naucalpan, Estado De México",96 m² de terreno,2 recámaras,2 baños,https://departamento.mercadolibre.com.mx/MLM-3124384785-hermoso-departamento-en-lomas-verdes-con-terraza-_JM,https://http2.mlstatic.com/D_NQ_NP_2X_845137-MLM114452526003_072026-E.webp,NAUCALPAN
Venta De Departamento En Residencial Lomas Verdes,7280000,MXN,"Lomas Verdes 1a Secc., Naucalpan, Estado De México",149 m² construidos,3 recámaras,2 baños,https://departamento.mercadolibre.com.mx/MLM-4770300956-venta-de-departamento-en-residencial-lomas-verdes-_JM,https://http2.mlstatic.com/D_NQ_NP_2X_733952-MLM107012302191_022026-E.webp,NAUCALPAN
"Departamento En Venta, Tecamachalco Oportunidad Con Mucha Luz",12000000,MXN,"Oportunidad CON Mucha LUZ, Lomas De Tecamachalco, Naucalpan, Estado De México",305 m² construidos,3 recámaras,35 baños,https://departamento.mercadolibre.com.mx/MLM-3102846349-departamento-en-venta-tecamachalco-oportunidad-con-mucha-luz-_JM,https://http2.mlstatic.com/D_NQ_NP_2X_655560-MLM113111429578_072026-E.webp,NAUCALPAN
Oportunidad Departamento En La Sexta Sección De Lomas Verdes,8879000,MXN,"Departamento Con Jardin Propio Lomas Verdes Sexta Sección, Naucalpan, Estado De México",202 m² de terreno,2 recámaras,2 baños,https://departamento.mercadolibre.com.mx/MLM-3134798261-oportunidad-departamento-en-la-sexta-seccion-de-lomas-verdes-_JM,https://http2.mlstatic.com/D_NQ_NP_2X_798637-MLM113292897296_072026-E.webp,NAUCALPAN
"Penthouse De Dos Pisos En Venta En Santa Cruz Del Monte, Naucalpan De Juarez, Edomex",4500000,MXN,"SANTA CRUZ DEL RIO 38, Santa Cruz Del Monte, Naucalpan, Estado De México",113 m² construidos,4 recámaras,3 baños,https://departamento.mercadolibre.com.mx/MLM-3067285141-penthouse-de-dos-pisos-en-venta-en-santa-cruz-del-monte-naucalpan-de-juarez-edomex-_JM,https://http2.mlstatic.com/D_NQ_NP_2X_817613-MLM113972199481_062026-E.webp,NAUCALPAN
Departamento En Venta A Unos Min De La Herradura,4300000,MXN,"Camino Arenero, La Herradura, Naucalpan, Estado De México",79 m² de terreno,2 recámaras,2 baños,https://departamento.mercadolibre.com.mx/MLM-3054125533-departamento-en-venta-a-unos-min-de-la-herradura-_JM,https://http2.mlstatic.com/D_NQ_NP_2X_916412-MLM112639692322_062026-E.webp,NAUCALPAN
Departamento En Venta En Tecamachalco,9800000,MXN,"Lomas De Tecamachalco, Naucalpan, Estado De México",307 m² construidos,3 recámaras,3 baños,https://departamento.mercadolibre.com.mx/MLM-4829915852-departamento-en-venta-en-tecamachalco-_JM,https://http2.mlstatic.com/D_NQ_NP_2X_877293-MLM106851529028_022026-E.webp,NAUCALPAN
Departamento Grande En La Sexta Sección Lomas Verdes,10000000,MXN,"Departamento Grande En La Sexta Sección Lomas Verdes, Naucalpan, Estado De México",285 m² de terreno,3 recámaras,3 baños,https://departamento.mercadolibre.com.mx/MLM-5739008554-departamento-grande-en-la-sexta-seccion-lomas-verdes-_JM,https://http2.mlstatic.com/D_NQ_NP_2X_982034-MLM113453273420_072026-E.webp,NAUCALPAN
Departamento En Venta En Lomas Verdes,4385000,MXN,"Lomas Verdes 5a Sección (La Concordia), Naucalpan, Estado De México",130 m² construidos,3 recámaras,2 baños,https://departamento.mercadolibre.com.mx/MLM-2924969025-departamento-en-venta-en-lomas-verdes-_JM,https://http2.mlstatic.com/D_NQ_NP_2X_726338-MLM111580048647_052026-E.webp,NAUCALPAN
Bilú Departamento En Venta Bosque Real,10000000,MXN,"Bosque Real Country Club, Naucalpan De Juárez, Naucalpan, Estado De México",150 m² construidos,2 recámaras,2 baños,https://departamento.mercadolibre.com.mx/MLM-4972238032-bilu-departamento-en-venta-bosque-real-_JM,https://http2.mlstatic.com/D_NQ_NP_2X_913665-MLM85794365828_062025-E.webp,NAUCALPAN
"Departamento En Venta En Lomas De Tecamachalco, Naucalpan De Juárez 25-3496 Mm",8000000,MXN,"Departamento En Venta En Lomas De Tecamachalco, Naucalpan De Juárez 25-3496 MM, Lomas De Tecamachalco, Naucalpan, Estado De México",150 m² construidos,2 recámaras,3 baños,https://departamento.mercadolibre.com.mx/MLM-5475225474-departamento-en-venta-en-lomas-de-tecamachalco-naucalpan-de-juarez-25-3496-mm-_JM,https://http2.mlstatic.com/D_NQ_NP_2X_628215-MLM112957857587_062026-E.webp,NAUCALPAN
Venta De Departamento En Venta Tecamachalco Ct860,8500000,MXN,"Lomas De Tecamachalco, Naucalpan, Estado De México",300 m² construidos,3 recámaras,3 baños,https://departamento.mercadolibre.com.mx/MLM-2896930253-venta-de-departamento-en-venta-tecamachalco-ct860-_JM,https://http2.mlstatic.com/D_NQ_NP_2X_992840-MLM110083413592_042026-E.webp,NAUCALPAN
Venta Departamento Alta Vitta Lomas Verdes Naucalpan 11277,7500000,MXN,"11277 Anillo Interior Lomas Verdes  Alta Vitta 275 A 1103, Lomas Verdes 6a Sección, Naucalpan, Estado De México",180 m² construidos,3 recámaras,3 baños,https://departamento.mercadolibre.com.mx/MLM-3096577661-venta-departamento-alta-vitta-lomas-verdes-naucalpan-11277-_JM,https://http2.mlstatic.com/D_NQ_NP_2X_962832-MLM113034765188_072026-E.webp,NAUCALPAN
"Departamento En Venta En Naucalpan De Juárez,lomas Verdes Primera Sección Gis 26-578",15436200,MXN,"Departamento En Venta En Naucalpan De Juárez,	Lomas Verdes Primera Sección GIS 26-578, Naucalpan, Estado De México",306 m² construidos,4 recámaras,4 baños,https://departamento.mercadolibre.com.mx/MLM-3160155191-departamento-en-venta-en-naucalpan-de-juarezlomas-verdes-primera-seccion-gis-26-578-_JM,https://http2.mlstatic.com/D_NQ_NP_2X_820744-MLM113572970362_072026-E.webp,NAUCALPAN
"Departamento Venta Torre Manhattan, Lomas De Tecamachalco, Rdv566467",11500000,MXN,"Lomas De Tecamachalco, Naucalpan, Estado De México",290 m² construidos,3 recámaras,2 baños,https://departamento.mercadolibre.com.mx/MLM-5171497576-departamento-venta-torre-manhattan-lomas-de-tecamachalco-rdv566467-_JM,https://http2.mlstatic.com/D_NQ_NP_2X_738440-MLM96081545645_102025-E.webp,NAUCALPAN
"Departamento En Venta En Lomas De Tecamachalco, Naucalpan De Juárez, México",12900000,MXN,"Lomas De Tecamachalco Sn, Lomas De Tecamachalco, Naucalpan, Estado De México",263 m² construidos,3 recámaras,3 baños,https://departamento.mercadolibre.com.mx/MLM-5264986286-departamento-en-venta-en-lomas-de-tecamachalco-naucalpan-de-juarez-mexico-_JM,https://http2.mlstatic.com/D_NQ_NP_2X_702134-MLM111052094653_042026-E.webp,NAUCALPAN
Venta Departamento Garden Nuevo  Tecamachalco,16000000,MXN,"Fuente De Pescador, Lomas De Tecamachalco, Naucalpan, Estado De México",438 m² construidos,3 recámaras,3 baños,https://departamento.mercadolibre.com.mx/MLM-3215276835-venta-departamento-garden-nuevo-tecamachalco-_JM,https://http2.mlstatic.com/D_NQ_NP_2X_639785-MLM113988082916_072026-E.webp,NAUCALPAN
Departamento En Venta En Lomas Country Club,16000000,MXN,"Country Club, Naucalpan, Estado De México",420 m² construidos,4 recámaras,4 baños,https://departamento.mercadolibre.com.mx/MLM-3025914391-departamento-en-venta-en-lomas-country-club-_JM,https://http2.mlstatic.com/D_NQ_NP_2X_649883-MLM113415298835_062026-E.webp,NAUCALPAN
Departamento Remodelado En Venta En Tecamachalco,7500000,MXN,"Avenida DE LAS Fuentes, Lomas De Tecamachalco, Naucalpan, Estado De México",228 m² construidos,3 recámaras,3 baños,https://departamento.mercadolibre.com.mx/MLM-4769094898-departamento-remodelado-en-venta-en-tecamachalco-_JM,https://http2.mlstatic.com/D_NQ_NP_2X_653827-MLM106955216267_022026-E.webp,NAUCALPAN
Departamento Venta Bosques De Las Lomas,17300000,MXN,"Lomas De Tecamachalco, Naucalpan, Estado De México",285 m² construidos,3 recámaras,3 baños,https://departamento.mercadolibre.com.mx/MLM-5407006508-departamento-venta-bosques-de-las-lomas-_JM,https://http2.mlstatic.com/D_NQ_NP_2X_985816-MLM112266701077_052026-E.webp,NAUCALPAN
Departamentos Desde 290 M² En Preventa En Interlomas,10700000,MXN,"Av. Vista Real, Country Club, Naucalpan, Estado De México",290 m² construidos,3 recámaras,3 baños,https://departamento.mercadolibre.com.mx/MLM-3215283935-departamentos-desde-290-m-en-preventa-en-interlomas-_JM,https://http2.mlstatic.com/D_NQ_NP_2X_602518-MLM115303051627_072026-E.webp,NAUCALPAN
Departamento Desde 317 M² Con Balcón En Interlomas | Preventa,10800000,MXN,"Av. Vista Real, Country Club, Naucalpan, Estado De México",317 m² construidos,3 recámaras,3 baños,https://departamento.mercadolibre.com.mx/MLM-3215283923-departamento-desde-317-m-con-balcon-en-interlomas-preventa-_JM,https://http2.mlstatic.com/D_NQ_NP_2X_641163-MLM115303031559_072026-E.webp,NAUCALPAN
Penthouse En Preventa 580 M² En Interlomas,19700000,MXN,"Av. Vista Real, Country Club, Naucalpan, Estado De México",580 m² construidos,3 recámaras,3 baños,https://departamento.mercadolibre.com.mx/MLM-3215283917-penthouse-en-preventa-580-m-en-interlomas-_JM,https://http2.mlstatic.com/D_NQ_NP_2X_862155-MLM113987292964_072026-E.webp,NAUCALPAN
Departamento 288 M² En Preventa Interlomas,10400000,MXN,"Av. Vista Real, Country Club, Naucalpan, Estado De México",288 m² construidos,3 recámaras,3 baños,https://departamento.mercadolibre.com.mx/MLM-3215258599-departamento-288-m-en-preventa-interlomas-_JM,https://http2.mlstatic.com/D_NQ_NP_2X_745800-MLM115303030799_072026-E.webp,NAUCALPAN
Departamento Amplio 309 M² En Interlomas,10600000,MXN,"Av. Vista Real, Country Club, Naucalpan, Estado De México",309 m² construidos,3 recámaras,3 baños,https://departamento.mercadolibre.com.mx/MLM-3215283899-departamento-amplio-309-m-en-interlomas-_JM,https://http2.mlstatic.com/D_NQ_NP_2X_735903-MLM113987291708_072026-E.webp,NAUCALPAN
Penthouse En Preventa 570 M² En Interlomas,19000000,MXN,"Av. Vista Real, Country Club, Naucalpan, Estado De México",570 m² construidos,3 recámaras,3 baños,https://departamento.mercadolibre.com.mx/MLM-3215258589-penthouse-en-preventa-570-m-en-interlomas-_JM,https://http2.mlstatic.com/D_NQ_NP_2X_909741-MLM113987291020_072026-E.webp,NAUCALPAN
"Dra Departamento En Venta En Lomas Del Río, Naucalpan De Juárez",6250000,MXN,"Lomas Del Río, Naucalpan, Estado De México",160 m² construidos,2 recámaras,2 baños,https://departamento.mercadolibre.com.mx/MLM-3202155671-dra-departamento-en-venta-en-lomas-del-rio-naucalpan-de-juarez-_JM,https://http2.mlstatic.com/D_NQ_NP_2X_891506-MLM113905592618_072026-E.webp,NAUCALPAN
Departamento En  Venta En Bosque Real,8990000,MXN,"Departamento En Venta Y/o Renta En Bosque Real, Naucalpan, Estado De México",244 m² de terreno,3 recámaras,2 baños,https://departamento.mercadolibre.com.mx/MLM-5627665996-departamento-en-venta-en-bosque-real-_JM,https://http2.mlstatic.com/D_NQ_NP_2X_753920-MLM114086588095_072026-E.webp,NAUCALPAN
Departamento Venta Tecamachalco,10500000,MXN,"Lomas De Tecamachalco, Naucalpan, Estado De México",330 m² construidos,3 recámaras,4 baños,https://departamento.mercadolibre.com.mx/MLM-2907537451-departamento-venta-tecamachalco-_JM,https://http2.mlstatic.com/D_NQ_NP_2X_874630-MLM114613152557_072026-E.webp,NAUCALPAN
"Departamento En Venta / Renta Fuente De Las Pirámides, Rdv679169, Rdr679171",12425000,MXN,"Lomas De Tecamachalco, Naucalpan, Estado De México",199 m² construidos,2 recámaras,3 baños,https://departamento.mercadolibre.com.mx/MLM-5438894158-departamento-en-venta-renta-fuente-de-las-piramides-rdv679169-rdr679171-_JM,https://http2.mlstatic.com/D_NQ_NP_2X_671706-MLM112589161439_062026-E.webp,NAUCALPAN
"Departamento En Venta Zereniti Residencial, Huixquilucan.",15600000,MXN,"Country Club, Naucalpan, Estado De México",305 m² construidos,3 recámaras,3 baños,https://departamento.mercadolibre.com.mx/MLM-5694957304-departamento-en-venta-zereniti-residencial-huixquilucan-_JM,https://http2.mlstatic.com/D_NQ_NP_2X_846768-MLM115528164027_082026-E.webp,NAUCALPAN
"Departamento En Ventaen Lomas Verdes 4a Sección, Concordia, Listo Para Usarse.",2475000,MXN,"Av. Lomas Verdes, Lomas Verdes, Naucalpan, Estado De México",61 m² construidos,2 recámaras,1 baño,https://departamento.mercadolibre.com.mx/MLM-3215264547-departamento-en-ventaen-lomas-verdes-4a-seccion-concordia-listo-para-usarse-_JM,https://http2.mlstatic.com/D_NQ_NP_2X_774907-MLM113988087044_072026-E.webp,NAUCALPAN
Venta Departamento Av Santa Fe Balcón Perimetral Con Vista A La Mexicana,10420000,MXN,"LOMAS DE TECAMACHALCO S/N, Lomas De Tecamachalco, Naucalpan, Estado De México",360 m² construidos,3 recámaras,4 baños,https://departamento.mercadolibre.com.mx/MLM-2745110043-venta-departamento-av-santa-fe-balcon-perimetral-con-vista-a-la-mexicana-_JM,https://http2.mlstatic.com/D_NQ_NP_2X_720021-MLM107375687845_022026-E.webp,NAUCALPAN
"Departamento Venta, Col. Lomas Country Club.",23500000,MXN,"Country Club, Naucalpan, Estado De México",739 m² construidos,4 recámaras,5 baños,https://departamento.mercadolibre.com.mx/MLM-5030312650-departamento-venta-col-lomas-country-club-_JM,https://http2.mlstatic.com/D_NQ_NP_2X_900920-MLM108966119141_032026-E.webp,NAUCALPAN
Departamento En San Lucas Tepetlacalco,5450000,MXN,"San Lucas Tepetlacalco, San Lucas Tepetlacalco, Naucalpan, Estado De México",132 m² de terreno,2 recámaras,1 baño,https://departamento.mercadolibre.com.mx/MLM-2906235687-departamento-en-san-lucas-tepetlacalco-_JM,https://http2.mlstatic.com/D_NQ_NP_2X_893362-MLM110247273484_052026-E.webp,NAUCALPAN
"Departamento Venta,  Residencial Altezza , Col. Alce Blanco",5310000,MXN,"Industrial Alce Blanco, Naucalpan, Estado De México",100 m² construidos,3 recámaras,2 baños,https://departamento.mercadolibre.com.mx/MLM-5030310796-departamento-venta-residencial-altezza-col-alce-blanco-_JM,https://http2.mlstatic.com/D_NQ_NP_2X_763891-MLM108966047803_032026-E.webp,NAUCALPAN
Venta Departamento Av Lomas Verdes Naucalpan,7900001,MXN,"Lomas Verdes (Conjunto Lomas Verdes), Naucalpan, Estado De México",180 m² construidos,3 recámaras,2 baños,https://departamento.mercadolibre.com.mx/MLM-3144136565-venta-departamento-av-lomas-verdes-naucalpan-_JM,https://http2.mlstatic.com/D_NQ_NP_2X_611818-MLM113399416816_072026-E.webp,NAUCALPAN
"Departamento En Preventa En Santa Cruz Del Monte, Naucalpan De Juárez",4500000,MXN,"Santa Cruz Del Monte, Naucalpan, Estado De México",100 m² construidos,2 recámaras,2 baños,https://departamento.mercadolibre.com.mx/MLM-3058401553-departamento-en-preventa-en-santa-cruz-del-monte-naucalpan-de-juarez-_JM,https://http2.mlstatic.com/D_NQ_NP_2X_728330-MLM114604953809_072026-E.webp,NAUCALPAN
Departamento En Venta O Renta Lomas De Tecamachalco,20100000,MXN,"DEPARTAMENTO EN VENTA O RENTA LOMAS DE TECAMACHALCO S/N, Lomas De Tecamachalco, Naucalpan, Estado De México",308 m² construidos,3 recámaras,4 baños,https://departamento.mercadolibre.com.mx/MLM-2745019269-departamento-en-venta-o-renta-lomas-de-tecamachalco-_JM,https://http2.mlstatic.com/D_NQ_NP_2X_935575-MLM107375671479_022026-E.webp,NAUCALPAN
Departamento En Venta En Lomas Verdes 5a Sección,2390000,MXN,"VOLADOR, Lomas Verdes 5a Sección (La Concordia), Naucalpan, Estado De México",76 m² construidos,3 recámaras,1 baño,https://departamento.mercadolibre.com.mx/MLM-5844269122-departamento-en-venta-en-lomas-verdes-5a-seccion-_JM,https://http2.mlstatic.com/D_NQ_NP_2X_738032-MLM113989000578_072026-E.webp,NAUCALPAN
"Departamento En Lomas De Tecamachalco, Naucalpan De Juarez",8650000,MXN,"Lomas De Tecamachalco, Naucalpan, Estado De México",140 m² construidos,2 recámaras,1 baño,https://departamento.mercadolibre.com.mx/MLM-4703109362-departamento-en-lomas-de-tecamachalco-naucalpan-de-juarez-_JM,https://http2.mlstatic.com/D_NQ_NP_2X_920618-MLM105118695674_012026-E.webp,NAUCALPAN
"Departamento En Venta En Lomas De Tecamachalco, Naucalpan De Juarez Gis 26-2195",8000000,MXN,"Departamento En Venta En Lomas De Tecamachalco, Naucalpan De Juarez GIS 26-2195, Lomas De Tecamachalco, Naucalpan, Estado De México",198 m² construidos,3 recámaras,3 baños,https://departamento.mercadolibre.com.mx/MLM-5757111602-departamento-en-venta-en-lomas-de-tecamachalco-naucalpan-de-juarez-gis-26-2195-_JM,https://http2.mlstatic.com/D_NQ_NP_2X_677211-MLM113572977400_072026-E.webp,NAUCALPAN
Departamento En Lomas De Tecamachalco,9900000,MXN,"Lomas De Tecamachalco, Naucalpan, Estado De México",241 m² construidos,3 recámaras,3 baños,https://departamento.mercadolibre.com.mx/MLM-5406832316-departamento-en-lomas-de-tecamachalco-_JM,https://http2.mlstatic.com/D_NQ_NP_2X_806903-MLM111243795246_052026-E.webp,NAUCALPAN
Venta Departamento Tipo Penthouse Roofgarden Privado 3 Recamaras,17900000,MXN,"Lomas De Tecamachalco S/N, Lomas De Tecamachalco, Naucalpan, Estado De México",330 m² construidos,3 recámaras,3 baños,https://departamento.mercadolibre.com.mx/MLM-2745019427-venta-departamento-tipo-penthouse-roofgarden-privado-3-recamaras-_JM,https://http2.mlstatic.com/D_NQ_NP_2X_684242-MLM107375664437_022026-E.webp,NAUCALPAN
"Preventa Departamentos En Lomas Verdes, Naucalpan",5200000,MXN,"Lomas Verdes (Conjunto Lomas Verdes), Naucalpan, Estado De México",64 m² construidos,2 recámaras,2 baños,https://departamento.mercadolibre.com.mx/MLM-2806877565-preventa-departamentos-en-lomas-verdes-naucalpan-_JM,https://http2.mlstatic.com/D_NQ_NP_2X_729678-MLM93564000052_102025-E.webp,NAUCALPAN
"Departamento En Venta En Las Américas, Naucalpan De Juárez 24-2791 Mm",6715310,MXN,"Departamento En Venta En Las Américas, Naucalpan De Juárez 24-2791 MM, Naucalpan, Estado De México",284 m² construidos,3 recámaras,3 baños,https://departamento.mercadolibre.com.mx/MLM-5475225470-departamento-en-venta-en-las-americas-naucalpan-de-juarez-24-2791-mm-_JM,https://http2.mlstatic.com/D_NQ_NP_2X_694519-MLM112957857095_062026-E.webp,NAUCALPAN
"Departamento En Venta En Naucalpan, Estado De Mex. Soslo  A Cinco Min De Metro Toreo )",2290000,MXN,"Av. Minas Palacio, Los Cuartos, Naucalpan, Estado De México",59 m² construidos,2 recámaras,1 baño,https://departamento.mercadolibre.com.mx/MLM-5844254098-departamento-en-venta-en-naucalpan-estado-de-mex-soslo-a-cinco-min-de-metro-toreo--_JM,https://http2.mlstatic.com/D_NQ_NP_2X_906386-MLM115304527661_072026-E.webp,NAUCALPAN
"Departamento En Venta Fuente De Pisa, Lomas De Tecamachalco, Rdv668330",14790000,MXN,"Lomas De Tecamachalco, Naucalpan, Estado De México",383 m² construidos,3 recámaras,3 baños,https://departamento.mercadolibre.com.mx/MLM-2746154185-departamento-en-venta-fuente-de-pisa-lomas-de-tecamachalco-rdv668330-_JM,https://http2.mlstatic.com/D_NQ_NP_2X_923037-MLM107426818371_022026-E.webp,NAUCALPAN
"Departamento En Pre-venta Con Seguridad En Santa Cruz Del Monte, Naucalpan",5250000,MXN,"Santa Cruz Del Monte, Naucalpan, Estado De México",111 m² construidos,3 recámaras,2 baños,https://departamento.mercadolibre.com.mx/MLM-3058414581-departamento-en-pre-venta-con-seguridad-en-santa-cruz-del-monte-naucalpan-_JM,https://http2.mlstatic.com/D_NQ_NP_2X_829230-MLM114604954133_072026-E.webp,NAUCALPAN
Departamento En  Venta Naucalpan De Juarez - Las Américas 24-2792 Jas,6715310,MXN,"Naucalpan De Juarez - Las Américas, Naucalpan, Estado De México",145 m² construidos,3 recámaras,3 baños,https://departamento.mercadolibre.com.mx/MLM-5675689782-departamento-en-venta-naucalpan-de-juarez-las-americas-24-2792-jas-_JM,https://http2.mlstatic.com/D_NQ_NP_2X_639572-MLM114340707477_072026-E.webp,NAUCALPAN
"Departamento En Venta En Lomas De Tecamachalco, Naucalpan De Juárez 26-2195 Mm",8000000,MXN,"Departamento En Venta En Lomas De Tecamachalco, Naucalpan De Juárez 26-2195 MM, Lomas De Tecamachalco, Naucalpan, Estado De México",198 m² construidos,3 recámaras,3 baños,https://departamento.mercadolibre.com.mx/MLM-5475264218-departamento-en-venta-en-lomas-de-tecamachalco-naucalpan-de-juarez-26-2195-mm-_JM,https://http2.mlstatic.com/D_NQ_NP_2X_747509-MLM112957858537_062026-E.webp,NAUCALPAN
"Departamento En Venta Fuente De Platerías, Lomas De Tecamachalco, Rdv668342",14099000,MXN,"Lomas De Tecamachalco, Naucalpan, Estado De México",383 m² construidos,3 recámaras,3 baños,https://departamento.mercadolibre.com.mx/MLM-2746141043-departamento-en-venta-fuente-de-platerias-lomas-de-tecamachalco-rdv668342-_JM,https://http2.mlstatic.com/D_NQ_NP_2X_989089-MLM106757639912_022026-E.webp,NAUCALPAN
"Venta De Departamento En Tecamachalco, Naucalpan De Juarez Ct839",6500000,MXN,"Lomas De Tecamachalco, Naucalpan, Estado De México",140 m² construidos,3 recámaras,2 baños,https://departamento.mercadolibre.com.mx/MLM-2794882137-venta-de-departamento-en-tecamachalco-naucalpan-de-juarez-ct839-_JM,https://http2.mlstatic.com/D_NQ_NP_2X_922584-MLM108881450571_032026-E.webp,NAUCALPAN
"Departamento En Venta En Tecamachalco, Fuente De Diana",12900000,MXN,"Lomas De Tecamachalco, Naucalpan, Estado De México",300 m² construidos,3 recámaras,3 baños,https://departamento.mercadolibre.com.mx/MLM-5303992070-departamento-en-venta-en-tecamachalco-fuente-de-diana-_JM,https://http2.mlstatic.com/D_NQ_NP_2X_759708-MLM111347981749_052026-E.webp,NAUCALPAN
Departamento En Venta En Lomas De Tecamachalco,7300000,MXN,"Lomas De Tecamachalco, Naucalpan, Estado De México",175 m² construidos,3 recámaras,2 baños,https://departamento.mercadolibre.com.mx/MLM-3076071323-departamento-en-venta-en-lomas-de-tecamachalco-_JM,https://http2.mlstatic.com/D_NQ_NP_2X_951959-MLM114059156411_072026-E.webp,NAUCALPAN
"Ultimos Dos Departamentos En Venta Con Terraza En Fuente De Las Aguilas, Lomas De Tecamachalco!!!",16485000,MXN,"Ultimos DOS Departamentos EN Venta CON Terraza EN Fuente DE LAS Aguilas, Lomas DE Tecamachalco!, Lomas De Tecamachalco, Naucalpan, Estado De México",321 m² de terreno,3 recámaras,3 baños,https://departamento.mercadolibre.com.mx/MLM-3168519047-ultimos-dos-departamentos-en-venta-con-terraza-en-fuente-de-las-aguilas-lomas-de-tecamachalco-_JM,https://http2.mlstatic.com/D_NQ_NP_2X_823771-MLM114921834363_072026-E.webp,NAUCALPAN
"Departamento En Venta, Lomas De Tecamachalco",8500000,MXN,"FUENTE DE LA JUVENTUD, Lomas De Tecamachalco, Naucalpan, Estado De México",208 m² construidos,3 recámaras,3 baños,https://departamento.mercadolibre.com.mx/MLM-5844252992-departamento-en-venta-lomas-de-tecamachalco-_JM,https://http2.mlstatic.com/D_NQ_NP_2X_661920-MLM115304460755_072026-E.webp,NAUCALPAN
Departamento En Venta En Tecamachalco,13785000,MXN,"Fuente De Apolo, Lomas De Tecamachalco, Naucalpan, Estado De México",246 m² construidos,3 recámaras,3 baños,https://departamento.mercadolibre.com.mx/MLM-5844260192-departamento-en-venta-en-tecamachalco-_JM,https://http2.mlstatic.com/D_NQ_NP_2X_798810-MLM115303967657_072026-E.webp,NAUCALPAN
"Preventa De Departamentos En Lomas De Tecamachalco, Naucualpan!!!",15500000,MXN,"Preventa DE Departamentos EN Lomas DE Tecamachalco, Fuente DE Diana, Naucualpan!!, Lomas De Tecamachalco, Naucalpan, Estado De México",367 m² de terreno,4 recámaras,4 baños,https://departamento.mercadolibre.com.mx/MLM-5759410646-preventa-de-departamentos-en-lomas-de-tecamachalco-naucualpan-_JM,https://http2.mlstatic.com/D_NQ_NP_2X_714213-MLM113591123784_072026-E.webp,NAUCALPAN
"Departamento En Venta En Fuente De Pirámides, Tecamachalco Ct856",8300000,MXN,"Lomas De Tecamachalco, Naucalpan, Estado De México",198 m² construidos,3 recámaras,3 baños,https://departamento.mercadolibre.com.mx/MLM-2867527873-departamento-en-venta-en-fuente-de-piramides-tecamachalco-ct856-_JM,https://http2.mlstatic.com/D_NQ_NP_2X_674643-MLM110476487521_042026-E.webp,NAUCALPAN
Venta De Departamento En Tecamachalco,12889000,MXN,"Lomas De Tecamachalco, Naucalpan, Estado De México",372 m² construidos,3 recámaras,3 baños,https://departamento.mercadolibre.com.mx/MLM-5406946126-venta-de-departamento-en-tecamachalco-_JM,https://http2.mlstatic.com/D_NQ_NP_2X_612390-MLM112266689641_052026-E.webp,NAUCALPAN
"Town House En Venta En Fuente De Aguilas, Lomas De Tecamchalco, Naucalpan",19500000,MXN,"Town House EN Venta EN Obra Blanca EN Fuente DE Aguilas EN  Lomas DE Tecamachalco, Naucalpan!!!, Lomas De Tecamachalco, Naucalpan, Estado De México",488 m² de terreno,,3 baños,https://departamento.mercadolibre.com.mx/MLM-5364713972-town-house-en-venta-en-fuente-de-aguilas-lomas-de-tecamchalco-naucalpan-_JM,https://http2.mlstatic.com/D_NQ_NP_2X_907815-MLM111867924903_052026-E.webp,NAUCALPAN
Departamento En Venta En Lomas De Tecamachalco,14470000,MXN,"Lomas De Tecamachalco S/N, Lomas De Tecamachalco, Naucalpan, Estado De México",400 m² construidos,3 recámaras,3 baños,https://departamento.mercadolibre.com.mx/MLM-2745019349-departamento-en-venta-en-lomas-de-tecamachalco-_JM,https://http2.mlstatic.com/D_NQ_NP_2X_802467-MLM107375680835_022026-E.webp,NAUCALPAN
Venta De Departamento En Tecamachalco Ct870,4500000,MXN,"Lomas De Tecamachalco, Naucalpan, Estado De México",120 m² construidos,2 recámaras,1 baño,https://departamento.mercadolibre.com.mx/MLM-5287873854-venta-de-departamento-en-tecamachalco-ct870-_JM,https://http2.mlstatic.com/D_NQ_NP_2X_629579-MLM110272873938_052026-E.webp,NAUCALPAN
Preventa Departamentos En Lomas De Tecamachalco,13199000,MXN,"Lomas De Tecamachalco, Naucalpan, Estado De México",252 m² construidos,3 recámaras,3 baños,https://departamento.mercadolibre.com.mx/MLM-5407005886-preventa-departamentos-en-lomas-de-tecamachalco-_JM,https://http2.mlstatic.com/D_NQ_NP_2X_999332-MLM111243981590_052026-E.webp,NAUCALPAN
Departamento En Venta Lomas De Tecamachalco  Ultimo,11800000,MXN,"Lomas De Tecamachalco, Naucalpan, Estado De México",260 m² construidos,3 recámaras,3 baños,https://departamento.mercadolibre.com.mx/MLM-5407005472-departamento-en-venta-lomas-de-tecamachalco-ultimo-_JM,https://http2.mlstatic.com/D_NQ_NP_2X_736813-MLM111243823250_052026-E.webp,NAUCALPAN
"Departamento En Pre Venta En Mercurio, Lomas De Tecamachalco",13128450,MXN,"Fuente DE Mercurio 3 Lomas DE Tecamachalco, Lomas De Tecamachalco, Naucalpan, Estado De México",348 m² de terreno,3 recámaras,3 baños,https://departamento.mercadolibre.com.mx/MLM-5063904228-departamento-en-pre-venta-en-mercurio-lomas-de-tecamachalco-_JM,https://http2.mlstatic.com/D_NQ_NP_2X_644009-MLM108565009594_032026-E.webp,NAUCALPAN
"Departamento Pre-venta, Col. Lomas De Tecamachalco",11200000,MXN,"Lomas De Tecamachalco, Naucalpan, Estado De México",297 m² construidos,3 recámaras,3 baños,https://departamento.mercadolibre.com.mx/MLM-5791382204-departamento-pre-venta-col-lomas-de-tecamachalco-_JM,https://http2.mlstatic.com/D_NQ_NP_2X_786717-MLM115019255909_072026-E.webp,NAUCALPAN
"Venta Departamento, Bosques De Lomas Verdes, Amenidades, Vigilancia.",8000000,MXN,"Lomas Verdes 4a Secc., Naucalpan, Estado De México",175 m² construidos,3 recámaras,2 baños,https://departamento.mercadolibre.com.mx/MLM-5091422184-venta-departamento-bosques-de-lomas-verdes-amenidades-vigilancia-_JM,https://http2.mlstatic.com/D_NQ_NP_2X_600160-MLM94454298392_102025-E.webp,NAUCALPAN
"Departamento En Venta En San Juan Totoltepec, Naucalpan De Juárez",4000000,MXN,"San Juan Totoltepec, Naucalpan, Estado De México",190 m² construidos,3 recámaras,2 baños,https://departamento.mercadolibre.com.mx/MLM-5541000880-departamento-en-venta-en-san-juan-totoltepec-naucalpan-de-juarez-_JM,https://http2.mlstatic.com/D_NQ_NP_2X_814748-MLM113401673300_072026-E.webp,NAUCALPAN
Preventa Departamentos Con Amenidades,5800000,MXN,"Santa Cruz Del Monte, Naucalpan, Estado De México",111 m² construidos,3 recámaras,2 baños,https://departamento.mercadolibre.com.mx/MLM-5441726454-preventa-departamentos-con-amenidades-_JM,https://http2.mlstatic.com/D_NQ_NP_2X_670023-MLM112613477651_062026-E.webp,NAUCALPAN
"Lomas De Tecamachalco,  Departamentos En Venta,rdv544692",12850000,MXN,"Lomas De Tecamachalco, Naucalpan, Estado De México",246 m² construidos,3 recámaras,3 baños,https://departamento.mercadolibre.com.mx/MLM-5171430386-lomas-de-tecamachalco-departamentos-en-ventardv544692-_JM,https://http2.mlstatic.com/D_NQ_NP_2X_600325-MLM95640122638_102025-E.webp,NAUCALPAN
"Departamentos En Preventa En San Mateo, Naucalpan De Juárez",5000000,MXN,"Santa Cruz Acatlan, Naucalpan, Estado De México",107 m² construidos,3 recámaras,3 baños,https://departamento.mercadolibre.com.mx/MLM-5594244194-departamentos-en-preventa-en-san-mateo-naucalpan-de-juarez-_JM,https://http2.mlstatic.com/D_NQ_NP_2X_652109-MLM113356269462_072026-E.webp,NAUCALPAN
"Departamento En Venta En Lomas Del Rio,, Naucalan De Juarez, Con Terraza Impresionante!!!!",10500000,MXN,"Emilio G Baz, Avenida DE Minas, Naucalpan DE Juarez, Mexico 59, Naucalpan, Estado De México",264 m² de terreno,3 recámaras,2 baños,https://departamento.mercadolibre.com.mx/MLM-5064042758-departamento-en-venta-en-lomas-del-rio-naucalan-de-juarez-con-terraza-impresionante-_JM,https://http2.mlstatic.com/D_NQ_NP_2X_818681-MLM109368940483_032026-E.webp,NAUCALPAN
"Departamentos En Venta En Fuente De Las Aguilas, Entrega Inmediata!!!",15730000,MXN,"Departamentos EN Venta Entrega Inmediata,  Root 162, EN Fuente DE LAS Aguilas, Colonia Lomas DE Tecamachalco, Naucalpan DE Juarez,,estado DE Mexico, Lomas De Tecamachalco, Naucalpan, Estado De México",296 m² de terreno,3 recámaras,3 baños,https://departamento.mercadolibre.com.mx/MLM-5731169818-departamentos-en-venta-en-fuente-de-las-aguilas-entrega-inmediata-_JM,https://http2.mlstatic.com/D_NQ_NP_2X_910742-MLM113404931700_072026-E.webp,NAUCALPAN
Departamentos Preventa Lomas De Tecamachalco,9900000,MXN,"Lomas De Tecamachalco, Naucalpan, Estado De México",186 m² construidos,3 recámaras,3 baños,https://departamento.mercadolibre.com.mx/MLM-5406910066-departamentos-preventa-lomas-de-tecamachalco-_JM,https://http2.mlstatic.com/D_NQ_NP_2X_643469-MLM112266734715_052026-E.webp,NAUCALPAN
Departamento En Venta En Lomas De Tecamachalco,6300500,MXN,"Fuente De Los Leones, Lomas De Tecamachalco, Naucalpan, Estado De México",107 m² construidos,3 recámaras,3 baños,https://departamento.mercadolibre.com.mx/MLM-5844279654-departamento-en-venta-en-lomas-de-tecamachalco-_JM,https://http2.mlstatic.com/D_NQ_NP_2X_604702-MLM115304527381_072026-E.webp,NAUCALPAN
Departamento En Venta En Tecamachalco En Ciudad De México,8500000,MXN,"Sin Calle, Reforma Social (Lomas De San Isidro), Naucalpan, Estado De México",236 m² construidos,2 recámaras,2 baños,https://departamento.mercadolibre.com.mx/MLM-5657646086-departamento-en-venta-en-tecamachalco-en-ciudad-de-mexico-_JM,https://http2.mlstatic.com/D_NQ_NP_2X_666719-MLM114259111411_072026-E.webp,NAUCALPAN
Residencial Vivenzza Grand Amplio Departamento Doble Vigilancia,4895000,MXN,"José María Luis Mora MZ 1 - 300, Naucalpan De Juárez, Lomas Verdes 6a Sección, Naucalpan, Estado De México",95 m² construidos,2 recámaras,2 baños,https://departamento.mercadolibre.com.mx/MLM-2839559973-residencial-vivenzza-grand-amplio-departamento-doble-vigilancia-_JM,https://http2.mlstatic.com/D_NQ_NP_2X_989089-MLM109983775577_042026-E.webp,NAUCALPAN
Amplio Departamento En Venta En La 5ta Sección De Lomas Verdes,3250000,MXN,"Lomas Verdes 5a Sección (La Concordia), Naucalpan, Estado De México",90 m² construidos,3 recámaras,2 baños,https://departamento.mercadolibre.com.mx/MLM-2981206279-amplio-departamento-en-venta-en-la-5ta-seccion-de-lomas-verdes-_JM,https://http2.mlstatic.com/D_NQ_NP_2X_698948-MLM111658600690_062026-E.webp,NAUCALPAN
Departamento 120m2 De 2 Recamaras En Lomas Verdes Cristobal Colon,3600000,MXN,"Lomas Verdes 3a Secc., Naucalpan, Estado De México",120 m² construidos,2 recámaras,2 baños,https://departamento.mercadolibre.com.mx/MLM-5656196872-departamento-120m2-de-2-recamaras-en-lomas-verdes-cristobal-colon-_JM,https://http2.mlstatic.com/D_NQ_NP_2X_760731-MLM113032684312_072026-E.webp,NAUCALPAN
Preventa En Lomas De Tecamachalco,13954231,MXN,"Lomas De Tecamachalco, Naucalpan, Estado De México",342 m² construidos,3 recámaras,3 baños,https://departamento.mercadolibre.com.mx/MLM-5406833072-preventa-en-lomas-de-tecamachalco-_JM,https://http2.mlstatic.com/D_NQ_NP_2X_723103-MLM111243935702_052026-E.webp,NAUCALPAN
¡oportunidad! Departamento En  Lomas Tecamachalco,18300000,MXN,"Paseo De Los  Ahuehuetes Nte Al 800, Lomas De Tecamachalco, Naucalpan, Estado De México",278 m² de terreno,3 recámaras,3 baños,https://departamento.mercadolibre.com.mx/MLM-3193415119-oportunidad-departamento-en-lomas-tecamachalco-_JM,https://http2.mlstatic.com/D_NQ_NP_2X_735150-MLM113843100820_072026-E.webp,NAUCALPAN
Departamento En Venta Lomas De Tecamachalco,15000000,MXN,"Lomas De Tecamachalco, Naucalpan, Estado De México",430 m² construidos,3 recámaras,3 baños,https://departamento.mercadolibre.com.mx/MLM-5406908874-departamento-en-venta-lomas-de-tecamachalco-_JM,https://http2.mlstatic.com/D_NQ_NP_2X_838021-MLM112266542665_052026-E.webp,NAUCALPAN
Departamentos En Venta Gh Lomas De Tecamachalco,10450000,MXN,"Lomas De Tecamachalco, Naucalpan, Estado De México",195 m² construidos,3 recámaras,3 baños,https://departamento.mercadolibre.com.mx/MLM-5407006610-departamentos-en-venta-gh-lomas-de-tecamachalco-_JM,https://http2.mlstatic.com/D_NQ_NP_2X_802279-MLM111244190040_052026-E.webp,NAUCALPAN
Departamento En  Lomas Tecamachalco ¡ubicacion Aaa!,17900000,MXN,"Paseo De Los  Ahuehuetes Nte Al 800, Lomas De Tecamachalco, Naucalpan, Estado De México",296 m² de terreno,3 recámaras,3 baños,https://departamento.mercadolibre.com.mx/MLM-3193415191-departamento-en-lomas-tecamachalco-ubicacion-aaa-_JM,https://http2.mlstatic.com/D_NQ_NP_2X_914859-MLM113843127428_072026-E.webp,NAUCALPAN
Ph En Venta En Zona Dorada De Tecamachalco!!!! Fuente De Diana!!,11800000,MXN,"PH EN Venta EN Lomas DE Tecamachalco, Fuente DE Diana CON Terraza Privada Y  Roof Garden Comun!!!, Lomas De Tecamachalco, Naucalpan, Estado De México",260 m² de terreno,3 recámaras,3 baños,https://departamento.mercadolibre.com.mx/MLM-3109018849-ph-en-venta-en-zona-dorada-de-tecamachalco-fuente-de-diana-_JM,https://http2.mlstatic.com/D_NQ_NP_2X_611736-MLM113117047230_072026-E.webp,NAUCALPAN
"Departamento En Venta En Colonia Lomas Verdes 1a Sección, Naucalpan De Juárez, Estado De México",6950000,MXN,"Residencial Bosques De Lomas Verdes 760, Naucalpan, Estado De México",191 m² construidos,3 recámaras,2 baños,https://departamento.mercadolibre.com.mx/MLM-3229676955-departamento-en-venta-en-colonia-lomas-verdes-1a-seccion-naucalpan-de-juarez-estado-de-mexico-_JM,https://http2.mlstatic.com/D_NQ_NP_2X_973727-MLM114097514406_082026-E.webp,NAUCALPAN
"Departamento En Venta  Interlomas, Lomas Country Club",9900000,MXN,"Av. Club De Golf Lomas Country Club, Interlomas 217, Naucalpan, Estado De México",310 m² construidos,,2 baños,https://departamento.mercadolibre.com.mx/MLM-3221102685-departamento-en-venta-interlomas-lomas-country-club-_JM,https://http2.mlstatic.com/D_NQ_NP_2X_672621-MLM114027937506_072026-E.webp,NAUCALPAN
Departamento Venta En Lomas De Tecamachalco / 409m2,12800000,MXN,"Lomas De Tecamachalco, Naucalpan, Estado De México",409 m² construidos,3 recámaras,3 baños,https://departamento.mercadolibre.com.mx/MLM-2919695497-departamento-venta-en-lomas-de-tecamachalco-409m2-_JM,https://http2.mlstatic.com/D_NQ_NP_2X_813737-MLM85460340828_062025-E.webp,NAUCALPAN
"Departamento En Venta San Lucas Tepetlacalco, Tlalnepantla De Baz",5100000,MXN,"Lázaro Cárdenas, San Lucas Tepetlacalco, Naucalpan, Estado De México",163 m² construidos,3 recámaras,3 baños,https://departamento.mercadolibre.com.mx/MLM-5833536400-departamento-en-venta-san-lucas-tepetlacalco-tlalnepantla-de-baz-_JM,https://http2.mlstatic.com/D_NQ_NP_2X_794627-MLM115257873121_072026-E.webp,NAUCALPAN
"Departamento Impecable, Con Espectacular Vista Panorámica",7400000,MXN,"FRANCISCO JAVIER MIRANDA, Lomas Verdes 6a Sección, Naucalpan, Estado De México",221 m² construidos,3 recámaras,3 baños,https://departamento.mercadolibre.com.mx/MLM-5833441496-departamento-impecable-con-espectacular-vista-panoramica-_JM,https://http2.mlstatic.com/D_NQ_NP_2X_931870-MLM113946779286_072026-E.webp,NAUCALPAN
Venta Departamento Cd Satélite,5000000,MXN,"Circuito Misioneros, Ciudad Satélite, Naucalpan, Estado De México",96 m² construidos,2 recámaras,2 baños,https://departamento.mercadolibre.com.mx/MLM-5833441438-venta-departamento-cd-satelite-_JM,https://http2.mlstatic.com/D_NQ_NP_2X_834813-MLM115257877151_072026-E.webp,NAUCALPAN
"Venta De Departamento En Fuente De Molinos, Lomas De Tecamachalco",9000000,MXN,"Lomas De Tecamachalco, Naucalpan, Estado De México",335 m² construidos,3 recámaras,3 baños,https://departamento.mercadolibre.com.mx/MLM-2801066489-venta-de-departamento-en-fuente-de-molinos-lomas-de-tecamachalco-_JM,https://http2.mlstatic.com/D_NQ_NP_2X_895760-MLM108252818234_032026-E.webp,NAUCALPAN
"Penthouse En Venta, En Residencial Altezza Central, Naucalpan, Edomex",6800000,MXN,"Boulevard Toluca 26 Y 28 PH A-2003 Torre 1, Industrial Alce Blanco, Naucalpan, Estado De México",145 m² construidos,3 recámaras,3 baños,https://departamento.mercadolibre.com.mx/MLM-5030578852-penthouse-en-venta-en-residencial-altezza-central-naucalpan-edomex-_JM,https://http2.mlstatic.com/D_NQ_NP_2X_896940-MLM108968393903_032026-E.webp,NAUCALPAN
Hermoso Departamento En Bosques De Lomas Verdes,6900000,MXN,"BOSQUES LOMAS VERDES S/N, Lomas Verdes 6a Sección, Naucalpan, Estado De México",191 m² construidos,3 recámaras,2 baños,https://departamento.mercadolibre.com.mx/MLM-5295462956-hermoso-departamento-en-bosques-de-lomas-verdes-_JM,https://http2.mlstatic.com/D_NQ_NP_2X_811074-MLM111281452425_052026-E.webp,NAUCALPAN
"Departamento Con Loft Y Roof En Venta, Cerca De Polanco, A 170 M De Periférico",4720000,MXN,"Parque De La Malinche, El Parque, Naucalpan, Estado De México",126 m² construidos,3 recámaras,2 baños,https://departamento.mercadolibre.com.mx/MLM-2959299521-departamento-con-loft-y-roof-en-venta-cerca-de-polanco-a-170-m-de-periferico-_JM,https://http2.mlstatic.com/D_NQ_NP_2X_832602-MLM111415407362_052026-E.webp,NAUCALPAN
"Departamento En Venta En Colonia Naucalpan, Naucalpan De Juárez, Estado De México",4160000,MXN,"Blv Toluca  28, Naucalpan, Estado De México",77 m² construidos,2 recámaras,2 baños,https://departamento.mercadolibre.com.mx/MLM-2968737739-departamento-en-venta-en-colonia-naucalpan-naucalpan-de-juarez-estado-de-mexico-_JM,https://http2.mlstatic.com/D_NQ_NP_2X_667422-MLM111432186928_052026-E.webp,NAUCALPAN
Departamento En Venta  En Lomas Verdes Cod. Dv1021,15000000,MXN,"Lomas Verdes (Conjunto Lomas Verdes), Naucalpan, Estado De México",450 m² construidos,4 recámaras,4 baños,https://departamento.mercadolibre.com.mx/MLM-5262374110-departamento-en-venta-en-lomas-verdes-cod-dv1021-_JM,https://http2.mlstatic.com/D_NQ_NP_2X_858965-MLM110120776482_042026-E.webp,NAUCALPAN
"Departamento En Venta En Colonia Naucalpan, Naucalpan De Juárez, Estado De México",5300000,MXN,"Blvd Toluca  28, Naucalpan, Estado De México",100 m² construidos,3 recámaras,2 baños,https://departamento.mercadolibre.com.mx/MLM-5427017276-departamento-en-venta-en-colonia-naucalpan-naucalpan-de-juarez-estado-de-mexico-_JM,https://http2.mlstatic.com/D_NQ_NP_2X_710800-MLM112481503233_052026-E.webp,NAUCALPAN
"Departamento En Venta Naucalpan De Juárez, Estado De México.",4330000,MXN,"De Los Ciruelos, Jardines De San Mateo, Naucalpan, Estado De México",142 m² construidos,3 recámaras,2 baños,https://departamento.mercadolibre.com.mx/MLM-5729656968-departamento-en-venta-naucalpan-de-juarez-estado-de-mexico-_JM,https://http2.mlstatic.com/D_NQ_NP_2X_807324-MLM113393910624_072026-E.webp,NAUCALPAN
Departamento En Venta En Interlomas,5600000,MXN,"C. Palma Criolla, Bosque De Las Palmas, Naucalpan De Juárez, Bosque Alto, Naucalpan, Estado De México",210 m² construidos,3 recámaras,2 baños,https://departamento.mercadolibre.com.mx/MLM-4695729298-departamento-en-venta-en-interlomas-_JM,https://http2.mlstatic.com/D_NQ_NP_2X_616509-MLM104919070860_012026-E.webp,NAUCALPAN
Departamento En Obra Gris En Venta En Lomas De Tecamachalco,7500000,MXN,"Sin Calle, Lomas De Tecamachalco, Naucalpan, Estado De México",230 m² construidos,2 recámaras,2 baños,https://departamento.mercadolibre.com.mx/MLM-2982494105-departamento-en-obra-gris-en-venta-en-lomas-de-tecamachalco-_JM,https://http2.mlstatic.com/D_NQ_NP_2X_813564-MLM111683043636_062026-E.webp,NAUCALPAN
Vendo Departamento En La Florida Satélite,5859339,MXN,"La Florida, Naucalpan, Estado De México",107 m² construidos,3 recámaras,3 baños,https://departamento.mercadolibre.com.mx/MLM-5262386332-vendo-departamento-en-la-florida-satelite-_JM,https://http2.mlstatic.com/D_NQ_NP_2X_764705-MLM111038612277_042026-E.webp,NAUCALPAN
"Departamento En Venta En Colonia Lomas Verdes 6a Sección, Naucalpan De Juárez, Estado De México",7200000,MXN,". 0, Lomas Verdes 6a Sección, Naucalpan, Estado De México",165 m² construidos,2 recámaras,2 baños,https://departamento.mercadolibre.com.mx/MLM-3182262961-departamento-en-venta-en-colonia-lomas-verdes-6a-seccion-naucalpan-de-juarez-estado-de-mexico-_JM,https://http2.mlstatic.com/D_NQ_NP_2X_815693-MLM113728352274_072026-E.webp,NAUCALPAN
"Departamento En Venta En San José Río Hondo (río Hondo), Naucalpan De Juárez, México",4949000,MXN,"Cumbres Herradura Sn, Naucalpan, Estado De México",110 m² construidos,3 recámaras,2 baños,https://departamento.mercadolibre.com.mx/MLM-2746360447-departamento-en-venta-en-san-jose-rio-hondo-rio-hondo-naucalpan-de-juarez-mexico-_JM,https://http2.mlstatic.com/D_NQ_NP_2X_864551-MLM107426530449_022026-E.webp,NAUCALPAN
"Departamento En Venta, La Concordia, Lomas Verdes, Naucalpan",4200000,MXN,"Acordada, Lomas Verdes 5a Sección (La Concordia), Naucalpan, Estado De México",152 m² construidos,3 recámaras,2 baños,https://departamento.mercadolibre.com.mx/MLM-5833441272-departamento-en-venta-la-concordia-lomas-verdes-naucalpan-_JM,https://http2.mlstatic.com/D_NQ_NP_2X_940532-MLM115257870757_072026-E.webp,NAUCALPAN
Departamento En Venta Con Terraza Propia,4200000,MXN,"Acordada, Lomas Verdes 5a Sección (La Concordia), Naucalpan, Estado De México",152 m² construidos,3 recámaras,2 baños,https://departamento.mercadolibre.com.mx/MLM-5833440882-departamento-en-venta-con-terraza-propia-_JM,https://http2.mlstatic.com/D_NQ_NP_2X_991790-MLM115257829963_072026-E.webp,NAUCALPAN
"Departamento En Venta En Colonia Lomas De Tecamachalco, Naucalpan De Juárez, Estado De México",9500000,MXN,". 0, Lomas De Tecamachalco, Naucalpan, Estado De México",180 m² construidos,2 recámaras,2 baños,https://departamento.mercadolibre.com.mx/MLM-2968789645-departamento-en-venta-en-colonia-lomas-de-tecamachalco-naucalpan-de-juarez-estado-de-mexico-_JM,https://http2.mlstatic.com/D_NQ_NP_2X_943490-MLM111432600004_052026-E.webp,NAUCALPAN
Amplio Departamento De 3 Recamaras En Tecamachalco,7400000,MXN,"Reforma Social (Lomas De San Isidro), Naucalpan, Estado De México",275 m² construidos,3 recámaras,2 baños,https://departamento.mercadolibre.com.mx/MLM-2748843937-amplio-departamento-de-3-recamaras-en-tecamachalco-_JM,https://http2.mlstatic.com/D_NQ_NP_2X_656830-MLM107517519825_022026-E.webp,NAUCALPAN
Departamento En Venta  Nuevo Espectacular Bosque De Echegaray Cod. Dv1200,5801327,MXN,"Bosque De Echegaray, Naucalpan, Estado De México",105 m² construidos,3 recámaras,3 baños,https://departamento.mercadolibre.com.mx/MLM-5262360570-departamento-en-venta-nuevo-espectacular-bosque-de-echegaray-cod-dv1200-_JM,https://http2.mlstatic.com/D_NQ_NP_2X_948825-MLM111038615179_042026-E.webp,NAUCALPAN
"Departamento En Venta Lomas Verdes., Naucalpan",3000000,MXN,"San Jose Del Real 18, Lomas Verdes 5a Secc., Naucalpan, Estado De México",58 m² construidos,2 recámaras,1 baño,https://departamento.mercadolibre.com.mx/MLM-3014109769-departamento-en-venta-lomas-verdes-naucalpan-_JM,https://http2.mlstatic.com/D_NQ_NP_2X_758049-MLM113311877165_062026-E.webp,NAUCALPAN
"Departamento En Venta En Colonia Lomas De Tecamachalco, Naucalpan De Juárez, Estado De México",16000000,MXN,"Pirámides 0, Lomas De Tecamachalco, Naucalpan, Estado De México",300 m² construidos,3 recámaras,3 baños,https://departamento.mercadolibre.com.mx/MLM-5096648606-departamento-en-venta-en-colonia-lomas-de-tecamachalco-naucalpan-de-juarez-estado-de-mexico-_JM,https://http2.mlstatic.com/D_NQ_NP_2X_902169-MLM108939694346_032026-E.webp,NAUCALPAN
Departamento En Venta,7950000,MXN,"C. Volador 0, Naucalpan, Estado De México",229 m² construidos,,3 baños,https://departamento.mercadolibre.com.mx/MLM-5236359368-departamento-en-venta-_JM,https://http2.mlstatic.com/D_NQ_NP_2X_741791-MLM110816620489_042026-E.webp,NAUCALPAN
"Departamento En Pre-venta, South Satélite Towers Cod. Dv1196",5687018,MXN,"Lomas Verdes (Conjunto Lomas Verdes), Naucalpan, Estado De México",105 m² construidos,3 recámaras,3 baños,https://departamento.mercadolibre.com.mx/MLM-5262373622-departamento-en-pre-venta-south-satelite-towers-cod-dv1196-_JM,https://http2.mlstatic.com/D_NQ_NP_2X_902061-MLM111038615391_042026-E.webp,NAUCALPAN
Departamento En Venta En Circuito Novelistas,7300000,MXN,"Circuito Novelistas, Ciudad Satélite, Naucalpan, Estado De México",142 m² construidos,3 recámaras,2 baños,https://departamento.mercadolibre.com.mx/MLM-5833453714-departamento-en-venta-en-circuito-novelistas-_JM,https://http2.mlstatic.com/D_NQ_NP_2X_933051-MLM115257850355_072026-E.webp,NAUCALPAN
"Departamento En Venta En Colonia Lomas Verdes 3a Sección, Naucalpan De Juárez, Estado De México",6052645,MXN,"Paseo De Las Americas  S/N, Naucalpan, Estado De México",132 m² construidos,2 recámaras,2 baños,https://departamento.mercadolibre.com.mx/MLM-5555762072-departamento-en-venta-en-colonia-lomas-verdes-3a-seccion-naucalpan-de-juarez-estado-de-mexico-_JM,https://http2.mlstatic.com/D_NQ_NP_2X_831154-MLM113633415081_062026-E.webp,NAUCALPAN
"Departamento En Venta En Colonia La Nueva Herradura , Naucalpan De Juárez, Estado De México",4900000,MXN,"CAM. ARENERO ., Naucalpan, Estado De México",108 m² construidos,3 recámaras,2 baños,https://departamento.mercadolibre.com.mx/MLM-2972119291-departamento-en-venta-en-colonia-la-nueva-herradura-naucalpan-de-juarez-estado-de-mexico-_JM,https://http2.mlstatic.com/D_NQ_NP_2X_709697-MLM112556358397_062026-E.webp,NAUCALPAN
"Departamento En Venta En Santiago Occipaco, Naucalpan De Juárez, México",4290000,MXN,"Prolongación Álamo Sn, Santiago Occipaco, Naucalpan, Estado De México",122 m² construidos,2 recámaras,2 baños,https://departamento.mercadolibre.com.mx/MLM-2930406999-departamento-en-venta-en-santiago-occipaco-naucalpan-de-juarez-mexico-_JM,https://http2.mlstatic.com/D_NQ_NP_2X_890898-MLM110715156316_052026-E.webp,NAUCALPAN
Departamento En Cumbres La Herradura | Amenidades Premium Y Seguridad 24 Hrs,4100000,MXN,"Camino Arenero 150, Río Hondo, Naucalpan, Estado De México",78 m² construidos,2 recámaras,1 baño,https://departamento.mercadolibre.com.mx/MLM-5490797674-departamento-en-cumbres-la-herradura-amenidades-premium-y-seguridad-24-hrs-_JM,https://http2.mlstatic.com/D_NQ_NP_2X_944561-MLM111968664760_062026-E.webp,NAUCALPAN
"Venta Departamento, Cumbres La Herradura",3950000,MXN,"Camino Arenero 150, San José Poza Honda, Naucalpan, Estado De México",77 m² construidos,2 recámaras,2 baños,https://departamento.mercadolibre.com.mx/MLM-5490790742-venta-departamento-cumbres-la-herradura-_JM,https://http2.mlstatic.com/D_NQ_NP_2X_602228-MLM111968115536_062026-E.webp,NAUCALPAN
Departamento En Pre-venta Santa Cruz Acatlán University Heights Cod. Dv1198,5630710,MXN,"Santa Cruz Acatlan, Naucalpan, Estado De México",106 m² construidos,3 recámaras,3 baños,https://departamento.mercadolibre.com.mx/MLM-5262348214-departamento-en-pre-venta-santa-cruz-acatlan-university-heights-cod-dv1198-_JM,https://http2.mlstatic.com/D_NQ_NP_2X_653500-MLM111038599507_042026-E.webp,NAUCALPAN
"Departamento En Venta, Las Américas Estrena Desarrollo  Colinas De Las Americas",5574961,MXN,"Las Américas, Naucalpan, Estado De México",107 m² construidos,3 recámaras,3 baños,https://departamento.mercadolibre.com.mx/MLM-5262386376-departamento-en-venta-las-americas-estrena-desarrollo-colinas-de-las-americas-_JM,https://http2.mlstatic.com/D_NQ_NP_2X_948366-MLM111038615499_042026-E.webp,NAUCALPAN
Garden House En Venta En Lomas De Tecamachalco  | Av. De Los Bosques,9500000,MXN,"Lomas De Tecamachalco, Naucalpan, Estado De México",389 m² construidos,3 recámaras,3 baños,https://departamento.mercadolibre.com.mx/MLM-3201856429-garden-house-en-venta-en-lomas-de-tecamachalco-av-de-los-bosques-_JM,https://http2.mlstatic.com/D_NQ_NP_2X_783321-MLM113901268602_072026-E.webp,NAUCALPAN
"Departamento En Venta En Colonia Lomas De Tecamachalco, Naucalpan De Juárez, Estado De México",8100000,MXN,". 0, Lomas De Tecamachalco, Naucalpan, Estado De México",247 m² construidos,3 recámaras,2 baños,https://departamento.mercadolibre.com.mx/MLM-4971752632-departamento-en-venta-en-colonia-lomas-de-tecamachalco-naucalpan-de-juarez-estado-de-mexico-_JM,https://http2.mlstatic.com/D_NQ_NP_2X_933710-MLM108373993655_032026-E.webp,NAUCALPAN
Departamento Con Amplia Terraza Privada Y Amenidades Premium,7550000,MXN,"Lucas Alamán Y Escalada 36, Lomas Verdes 6a Secc., Naucalpan, Estado De México",153 m² construidos,3 recámaras,2 baños,https://departamento.mercadolibre.com.mx/MLM-5837348462-departamento-con-amplia-terraza-privada-y-amenidades-premium-_JM,https://http2.mlstatic.com/D_NQ_NP_2X_719425-MLM115271540365_072026-E.webp,NAUCALPAN
Departamento Nuevo En Venta Lomas Verdes,5715000,MXN,"Super Avenida Lomas Verdes 77, Naucalpan, Estado De México",66 m² construidos,2 recámaras,2 baños,https://departamento.mercadolibre.com.mx/MLM-5845139912-departamento-nuevo-en-venta-lomas-verdes-_JM,https://http2.mlstatic.com/D_NQ_NP_2X_628338-MLM115309099585_072026-E.webp,NAUCALPAN
"Venta De Departamentos En Fuente De Prometeo, Lomas De Tecamachalco",9900000,MXN,"Lomas De Tecamachalco, Naucalpan, Estado De México",200 m² construidos,3 recámaras,3 baños,https://departamento.mercadolibre.com.mx/MLM-2801054201-venta-de-departamentos-en-fuente-de-prometeo-lomas-de-tecamachalco-_JM,https://http2.mlstatic.com/D_NQ_NP_2X_612810-MLM108252816354_032026-E.webp,NAUCALPAN
Departamentos En Preventa En Lomas De Tecamachalco,8889000,MXN,"Fuente Del Pescador 123, Lomas De Tecamachalco, Naucalpan, Estado De México",205 m² construidos,3 recámaras,2 baños,https://departamento.mercadolibre.com.mx/MLM-5569411918-departamentos-en-preventa-en-lomas-de-tecamachalco-_JM,https://http2.mlstatic.com/D_NQ_NP_2X_892966-MLM112550607662_062026-E.webp,NAUCALPAN
"Departamento En Venta En Colonia Lomas Verdes 6a Sección, Naucalpan De Juárez, Estado De México",9200000,MXN,"General Miguel Miramon S/N, Lomas Verdes 6a Sección, Naucalpan, Estado De México",267 m² construidos,3 recámaras,3 baños,https://departamento.mercadolibre.com.mx/MLM-5115933158-departamento-en-venta-en-colonia-lomas-verdes-6a-seccion-naucalpan-de-juarez-estado-de-mexico-_JM,https://http2.mlstatic.com/D_NQ_NP_2X_677917-MLM109115486310_042026-E.webp,NAUCALPAN
"Departamento En Venta En Colonia Lomas Verdes 6a Sección, Naucalpan De Juárez, Estado De México",11150000,MXN,"General Miguel Miramon ., Lomas Verdes 6a Sección, Naucalpan, Estado De México",286 m² construidos,3 recámaras,3 baños,https://departamento.mercadolibre.com.mx/MLM-5116083250-departamento-en-venta-en-colonia-lomas-verdes-6a-seccion-naucalpan-de-juarez-estado-de-mexico-_JM,https://http2.mlstatic.com/D_NQ_NP_2X_665062-MLM109115504680_042026-E.webp,NAUCALPAN
Penthouse Venta Lomas De Tecamachalco,10150000,MXN,"Sin Calle, Lomas De Tecamachalco, Naucalpan, Estado De México",245 m² construidos,3 recámaras,3 baños,https://departamento.mercadolibre.com.mx/MLM-3076075675-penthouse-venta-lomas-de-tecamachalco-_JM,https://http2.mlstatic.com/D_NQ_NP_2X_919243-MLM112858187788_072026-E.webp,NAUCALPAN
Tecamachalco  Fuente De Las Vestales En Venta,12900000,MXN,"FUENTE DE LAS VESTALES, LOMAS DE TECAMACHALCO 22, Naucalpan, Estado De México",339 m² construidos,,3 baños,https://departamento.mercadolibre.com.mx/MLM-2886649697-tecamachalco-fuente-de-las-vestales-en-venta-_JM,https://http2.mlstatic.com/D_NQ_NP_2X_625119-MLM112019319922_062026-E.webp,NAUCALPAN
"Penthouse En Cunmbres De La Herradura, Naucalpan Edo. De Mexico",7990000,MXN,"Camino Arenero 150, Río Hondo, Naucalpan, Estado De México",148 m² construidos,4 recámaras,3 baños,https://departamento.mercadolibre.com.mx/MLM-5491050198-penthouse-en-cunmbres-de-la-herradura-naucalpan-edo-de-mexico-_JM,https://http2.mlstatic.com/D_NQ_NP_2X_985624-MLM113100109661_062026-E.webp,NAUCALPAN
"Departamento En Lomas Manuel Avila Camacho, Naucalpan De Juárez Con 3 Recámaras, 158 M², Id: 151493",6000000,MXN,"Avenida Paseo Del Pipila, Naucalpan, Estado De México",158 m² construidos,3 recámaras,3 baños,https://departamento.mercadolibre.com.mx/MLM-3068375829-departamento-en-lomas-manuel-avila-camacho-naucalpan-de-juarez-con-3-recamaras-158-m-id-151493-_JM,https://http2.mlstatic.com/D_NQ_NP_2X_862458-MLM112790141866_072026-E.webp,NAUCALPAN
"Venta De Departamento En Fuente De Pirámides, Lomas De Tecamachalco",9200000,MXN,"Lomas De Tecamachalco, Naucalpan, Estado De México",200 m² construidos,3 recámaras,3 baños,https://departamento.mercadolibre.com.mx/MLM-5036016750-venta-de-departamento-en-fuente-de-piramides-lomas-de-tecamachalco-_JM,https://http2.mlstatic.com/D_NQ_NP_2X_831530-MLM108252916374_032026-E.webp,NAUCALPAN
Departamento Capuchinas Naucalpan,2250000,MXN,"Capuchinas 53, Naucalpan, Estado De México",65 m² construidos,,1 baño,https://departamento.mercadolibre.com.mx/MLM-2979398473-departamento-capuchinas-naucalpan-_JM,https://http2.mlstatic.com/D_NQ_NP_2X_869157-MLM112706109041_062026-E.webp,NAUCALPAN
Departamento En Lomas De Tecamachalco,17000000,MXN,"Lomas De Tecamachalco, Naucalpan, Estado De México",310 m² construidos,3 recámaras,3 baños,https://departamento.mercadolibre.com.mx/MLM-5035991416-departamento-en-lomas-de-tecamachalco-_JM,https://http2.mlstatic.com/D_NQ_NP_2X_734524-MLM108252819966_032026-E.webp,NAUCALPAN
"Departamento En Venta En Colonia Santiago Occipaco, Naucalpan De Juárez, Estado De México",4300000,MXN,". 0, Santiago Occipaco, Naucalpan, Estado De México",119 m² construidos,3 recámaras,2 baños,https://departamento.mercadolibre.com.mx/MLM-3101654643-departamento-en-venta-en-colonia-santiago-occipaco-naucalpan-de-juarez-estado-de-mexico-_JM,https://http2.mlstatic.com/D_NQ_NP_2X_765471-MLM114290465699_072026-E.webp,NAUCALPAN
Departamento Satelite En Venta,5450000,MXN,"Circuito Medicos, Ciudad Satélite, Naucalpan, Estado De México",83 m² construidos,2 recámaras,2 baños,https://departamento.mercadolibre.com.mx/MLM-5833536300-departamento-satelite-en-venta-_JM,https://http2.mlstatic.com/D_NQ_NP_2X_674188-MLM113946770864_072026-E.webp,NAUCALPAN
Departamento En Venta En Tecamachalco,8350000,MXN,"Fuentes Del Pescador 0, Naucalpan, Estado De México",298 m² construidos,,3 baños,https://departamento.mercadolibre.com.mx/MLM-5236384288-departamento-en-venta-en-tecamachalco-_JM,https://http2.mlstatic.com/D_NQ_NP_2X_793424-MLM110816619779_042026-E.webp,NAUCALPAN
Departamento En Residencial  Cumbres De La Herradura,4750000,MXN,"Camino Arenero 150, San José Río Hondo, Naucalpan, Estado De México",107 m² construidos,3 recámaras,2 baños,https://departamento.mercadolibre.com.mx/MLM-5490790832-departamento-en-residencial-cumbres-de-la-herradura-_JM,https://http2.mlstatic.com/D_NQ_NP_2X_684305-MLM113097006651_062026-E.webp,NAUCALPAN
"Departamento En Venta, Nuevo Jardines De San Mateo. Tipo Loft. Cod. Dv1199",5743888,MXN,"Jardines De San Mateo, Naucalpan, Estado De México",107 m² construidos,3 recámaras,3 baños,https://departamento.mercadolibre.com.mx/MLM-5262360572-departamento-en-venta-nuevo-jardines-de-san-mateo-tipo-loft-cod-dv1199-_JM,https://http2.mlstatic.com/D_NQ_NP_2X_808292-MLM111038615209_042026-E.webp,NAUCALPAN
"Departamento En Venta, Naucalpan",4991000,MXN,"Av. México, Naucalpan 32, Naucalpan, Estado De México",139 m² construidos,,2 baños,https://departamento.mercadolibre.com.mx/MLM-5236334988-departamento-en-venta-naucalpan-_JM,https://http2.mlstatic.com/D_NQ_NP_2X_855101-MLM110816715963_042026-E.webp,NAUCALPAN
"Departamento En Venta En Lomas Verdes (conjunto Lomas Verdes), Naucalpan De Juárez, México",7850000,MXN,"S/C S/N, Lomas Verdes (Conjunto Lomas Verdes), Naucalpan, Estado De México",181 m² construidos,3 recámaras,2 baños,https://departamento.mercadolibre.com.mx/MLM-5625488254-departamento-en-venta-en-lomas-verdes-conjunto-lomas-verdes-naucalpan-de-juarez-mexico-_JM,https://http2.mlstatic.com/D_NQ_NP_2X_840883-MLM114067901357_072026-E.webp,NAUCALPAN
"Departamento En Venta En Lomas Verdes (conjunto Lomas Verdes), Naucalpan De Juárez, México",6490000,MXN,"Alta Vitta S/N, Lomas Verdes (Conjunto Lomas Verdes), Naucalpan, Estado De México",135 m² construidos,3 recámaras,2 baños,https://departamento.mercadolibre.com.mx/MLM-5625158336-departamento-en-venta-en-lomas-verdes-conjunto-lomas-verdes-naucalpan-de-juarez-mexico-_JM,https://http2.mlstatic.com/D_NQ_NP_2X_776831-MLM114065454037_072026-E.webp,NAUCALPAN
Hermosa Casa En Venta En Lomas Verdes,15800000,MXN,"Antonio De Haro Y Tamariz, Naucalpan De Juárez, Lomas Verdes 6a Sección, Naucalpan, Estado De México",680 m² construidos,4 recámaras,7 baños,https://departamento.mercadolibre.com.mx/MLM-2827134301-hermosa-casa-en-venta-en-lomas-verdes-_JM,https://http2.mlstatic.com/D_NQ_NP_2X_755664-MLM109701842063_032026-E.webp,NAUCALPAN
"Departamentos En Venta, Naucalpan",9490000,MXN,"Magnolias, Country Club, Naucalpan 44, Naucalpan, Estado De México",191 m² construidos,,3 baños,https://departamento.mercadolibre.com.mx/MLM-5236360598-departamentos-en-venta-naucalpan-_JM,https://http2.mlstatic.com/D_NQ_NP_2X_976548-MLM109914934468_042026-E.webp,NAUCALPAN
Departamento En Preventa Av. Lomas Verdes,6100000,MXN,"Av. Lomas Verdes 77, Santa Cruz Acatlan, Naucalpan, Estado De México",68 m² construidos,2 recámaras,2 baños,https://departamento.mercadolibre.com.mx/MLM-5490777592-departamento-en-preventa-av-lomas-verdes-_JM,https://http2.mlstatic.com/D_NQ_NP_2X_997960-MLM111968017702_062026-E.webp,NAUCALPAN
Venta Departamento Lomas De Chapultepec,19900000,MXN,"Venta Departamento Lomas DE Chapultepec, Lomas De Tecamachalco, Naucalpan, Estado De México",364 m² construidos,3 recámaras,3 baños,https://departamento.mercadolibre.com.mx/MLM-5187356868-venta-departamento-lomas-de-chapultepec-_JM,https://http2.mlstatic.com/D_NQ_NP_2X_868513-MLM102444899505_122025-E.webp,NAUCALPAN
"Departamento En Venta En Colonia Lomas De Tecamachalco, Naucalpan De Juárez, Estado De México",8178000,MXN,"Fuente De Las Flores 23, Lomas De Tecamachalco, Naucalpan, Estado De México",142 m² construidos,3 recámaras,3 baños,https://departamento.mercadolibre.com.mx/MLM-3126762901-departamento-en-venta-en-colonia-lomas-de-tecamachalco-naucalpan-de-juarez-estado-de-mexico-_JM,https://http2.mlstatic.com/D_NQ_NP_2X_772880-MLM114478875883_072026-E.webp,NAUCALPAN
Fuente De Acuario 3 Ultimos Departamentos En Venta,16000000,MXN,"FUENTE DE ACUARIO, LOMAS DE TECAMACHALCO 17, Naucalpan, Estado De México",367 m² construidos,,3 baños,https://departamento.mercadolibre.com.mx/MLM-5236359572-fuente-de-acuario-3-ultimos-departamentos-en-venta-_JM,https://http2.mlstatic.com/D_NQ_NP_2X_608296-MLM110816633915_042026-E.webp,NAUCALPAN
Departamento Venta Lomas De Tecamachalco,14790000,MXN,"Departamento Venta Tecamachalco, Lomas De Tecamachalco, Naucalpan, Estado De México",255 m² construidos,3 recámaras,3 baños,https://departamento.mercadolibre.com.mx/MLM-5187043556-departamento-venta-lomas-de-tecamachalco-_JM,https://http2.mlstatic.com/D_NQ_NP_2X_976971-MLM109560511713_032026-E.webp,NAUCALPAN
"Departamento En Venta En Naucalpan De Juarez, San Juan Totoltepec Cmb 26-1490.",3500000,MXN,"San Juan Totoltepec, Naucalpan De Juárez, San Juan Totoltepec, Naucalpan, Estado De México",196 m² construidos,2 recámaras,2 baños,https://departamento.mercadolibre.com.mx/MLM-3226264745-departamento-en-venta-en-naucalpan-de-juarez-san-juan-totoltepec-cmb-26-1490-_JM,https://http2.mlstatic.com/D_NQ_NP_2X_710813-MLM100012778164_122025-E.webp,NAUCALPAN
"Departamento En Venta En Colonia San Mateo Nopala, Naucalpan De Juárez, Estado De México",3285000,MXN,"Avenida San Mateo 184-B, San Mateo Nopala, Naucalpan, Estado De México",103 m² construidos,2 recámaras,2 baños,https://departamento.mercadolibre.com.mx/MLM-5869607158-departamento-en-venta-en-colonia-san-mateo-nopala-naucalpan-de-juarez-estado-de-mexico-_JM,https://http2.mlstatic.com/D_NQ_NP_2X_653170-MLM115423511229_082026-E.webp,NAUCALPAN
"Departamento En Venta En Colonia San Mateo Nopala, Naucalpan De Juárez, Estado De México",3440000,MXN,"Av. Camino Real A San Mateo Nopala 184B, San Mateo Nopala, Naucalpan, Estado De México",123 m² construidos,2 recámaras,2 baños,https://departamento.mercadolibre.com.mx/MLM-5869525982-departamento-en-venta-en-colonia-san-mateo-nopala-naucalpan-de-juarez-estado-de-mexico-_JM,https://http2.mlstatic.com/D_NQ_NP_2X_902250-MLM114097014856_082026-E.webp,NAUCALPAN
"Departamento En Venta En Colonia San Mateo Nopala, Naucalpan De Juárez, Estado De México",3550000,MXN,"Av. Camino Real A San Mateo Nopala 184B, San Mateo Nopala, Naucalpan, Estado De México",125 m² construidos,2 recámaras,2 baños,https://departamento.mercadolibre.com.mx/MLM-5869525850-departamento-en-venta-en-colonia-san-mateo-nopala-naucalpan-de-juarez-estado-de-mexico-_JM,https://http2.mlstatic.com/D_NQ_NP_2X_706416-MLM115422934209_082026-E.webp,NAUCALPAN
"Departamento En Venta En Colonia Las Américas, Naucalpan De Juárez, Estado De México",3500000,MXN,"Montreal 2, Las Américas, Naucalpan, Estado De México",100 m² construidos,3 recámaras,2 baños,https://departamento.mercadolibre.com.mx/MLM-5869600364-departamento-en-venta-en-colonia-las-americas-naucalpan-de-juarez-estado-de-mexico-_JM,https://http2.mlstatic.com/D_NQ_NP_2X_817474-MLM115422755583_082026-E.webp,NAUCALPAN
"Departamento En Venta En Lomas De Rio, Naucalpan De Juárez  Rah27149ref",6246774,MXN,"Naucalpan De Juárez, Lomas Del Río, Naucalpan, Estado De México",129 m² construidos,3 recámaras,3 baños,https://departamento.mercadolibre.com.mx/MLM-3240893827-departamento-en-venta-en-lomas-de-rio-naucalpan-de-juarez-rah27149ref-_JM,https://http2.mlstatic.com/D_NQ_NP_2X_763613-MLM115537973703_082026-E.webp,NAUCALPAN
"Departamento En Venta En Lomas Del Rio, Naucalpan De Juárez Rah27148ref",4574032,MXN,"Naucalpan De Juárez, Lomas Del Río, Naucalpan, Estado De México",94 m² construidos,2 recámaras,3 baños,https://departamento.mercadolibre.com.mx/MLM-5885235210-departamento-en-venta-en-lomas-del-rio-naucalpan-de-juarez-rah27148ref-_JM,https://http2.mlstatic.com/D_NQ_NP_2X_650376-MLM114204531030_082026-E.webp,NAUCALPAN
"Departamento En Venta En Lomas Del Rio, Naucalpan De Juárez",3067741,MXN,"Naucalpan De Juárez, Lomas Del Río, Naucalpan, Estado De México",63 m² construidos,1 recámara,2 baños,https://departamento.mercadolibre.com.mx/MLM-3241036221-departamento-en-venta-en-lomas-del-rio-naucalpan-de-juarez-_JM,https://http2.mlstatic.com/D_NQ_NP_2X_852727-MLM115540532697_082026-E.webp,NAUCALPAN
"Departamento En Venta, San Lucas Tepetlacalco, Benito Juárez  Mundo E",4580000,MXN,"BENITO JUÁREZ, San Lucas Tepetlacalco, Naucalpan, Estado De México",98 m² construidos,2 recámaras,2 baños,https://departamento.mercadolibre.com.mx/MLM-3215587519-departamento-en-venta-san-lucas-tepetlacalco-benito-juarez-mundo-e-_JM,https://http2.mlstatic.com/D_NQ_NP_2X_778564-MLM113991207560_072026-E.webp,NAUCALPAN
"Departamento En Venta En Naucalpan De Juarez, Lomas Verdes Mt 26-1581.",2684000,MXN,"Lomas Verdes, Naucalpan De Juárez, Lomas Verdes, Naucalpan, Estado De México",73 m² construidos,3 recámaras,1 baño,https://departamento.mercadolibre.com.mx/MLM-5704770654-departamento-en-venta-en-naucalpan-de-juarez-lomas-verdes-mt-26-1581-_JM,https://http2.mlstatic.com/D_NQ_NP_2X_724588-MLM101069650170_122025-E.webp,NAUCALPAN
Espectacular Penthouse  En Venta En Sexta Sección De Lomas Verdes,13450000,MXN,"Lomas Verdes 6a Sección, Naucalpan, Estado De México",367 m² construidos,4 recámaras,5 baños,https://departamento.mercadolibre.com.mx/MLM-2775912327-espectacular-penthouse-en-venta-en-sexta-seccion-de-lomas-verdes-_JM,https://http2.mlstatic.com/D_NQ_NP_2X_763572-MLM98666899224_112025-E.webp,NAUCALPAN
Casa En Venta En Lomas De Tecamachalco Con Pluma De Seguridad,16900000,MXN,"Casa En Venta En Lomas De Tecamachalco Con Pluma De Seguridad, Lomas De Tecamachalco, Naucalpan, Estado De México",582 m² de terreno,3 recámaras,3 baños,https://departamento.mercadolibre.com.mx/MLM-4761835952-casa-en-venta-en-lomas-de-tecamachalco-con-pluma-de-seguridad-_JM,https://http2.mlstatic.com/D_NQ_NP_2X_834957-MLM106831843059_022026-E.webp,NAUCALPAN
Departamento En Venta En Lomas De Tecamachalco,14950000,MXN,"PH En Torre Manhattan En Lomas De Tecamachalco, Naucalpan, Edomex, Lomas De Tecamachalco, Naucalpan, Estado De México",600 m² de terreno,3 recámaras,3 baños,https://departamento.mercadolibre.com.mx/MLM-4761898830-departamento-en-venta-en-lomas-de-tecamachalco-_JM,https://http2.mlstatic.com/D_NQ_NP_2X_986341-MLM106206928544_022026-E.webp,NAUCALPAN
Departamento En Venta En Lomas De Tecamachalco,12000000,MXN,"Av. De Los Bosques 214, Torre B. Lomas De Tecamachalco, Lomas De Tecamachalco, Naucalpan, Estado De México",214 m² construidos,3 recámaras,3 baños,https://departamento.mercadolibre.com.mx/MLM-4761861186-departamento-en-venta-en-lomas-de-tecamachalco-_JM,https://http2.mlstatic.com/D_NQ_NP_2X_607334-MLM106206916134_022026-E.webp,NAUCALPAN
Departamento En Venta En Lomas De Tecamachalco,9500000,MXN,"Amplio Departamento EN Fuente DE Molinos, Lomas DE Tecamachalco  (mv), Lomas De Tecamachalco, Naucalpan, Estado De México",335 m² de terreno,3 recámaras,2 baños,https://departamento.mercadolibre.com.mx/MLM-4761615538-departamento-en-venta-en-lomas-de-tecamachalco-_JM,https://http2.mlstatic.com/D_NQ_NP_2X_914425-MLM106206923732_022026-E.webp,NAUCALPAN
"Departamento En Fuente De Leones, Lomas De Tecamachalco",5200000,MXN,"Departamento En Fuente De Leones, Lomas De Tecamachalco, Lomas De Tecamachalco, Naucalpan, Estado De México",170 m² de terreno,3 recámaras,3 baños,https://departamento.mercadolibre.com.mx/MLM-4761771122-departamento-en-fuente-de-leones-lomas-de-tecamachalco-_JM,https://http2.mlstatic.com/D_NQ_NP_2X_830184-MLM106831829093_022026-E.webp,NAUCALPAN
"Departamento En Venta En Tecamachalco, Zona Boulevar De La Luz Con Pluma Y Seguridad",13599000,MXN,"Departamento En Venta En Tecamachalco, Zona Boulevar De La Luz CON Pluma Y Seguridad, Lomas De Tecamachalco, Naucalpan, Estado De México",252 m² de terreno,,,https://departamento.mercadolibre.com.mx/MLM-4761899036-departamento-en-venta-en-tecamachalco-zona-boulevar-de-la-luz-con-pluma-y-seguridad-_JM,https://http2.mlstatic.com/D_NQ_NP_2X_984751-MLM106831815435_022026-E.webp,NAUCALPAN
Departamento En Venta En Lomas De Tecamachalco,18800000,MXN,"Departamento EN Venta EN Fuente DE LAS Aguilas, Lomas DE Tecamachalco (mv), Lomas De Tecamachalco, Naucalpan, Estado De México",335 m² de terreno,3 recámaras,3 baños,https://departamento.mercadolibre.com.mx/MLM-4761770876-departamento-en-venta-en-lomas-de-tecamachalco-_JM,https://http2.mlstatic.com/D_NQ_NP_2X_803557-MLM106206925896_022026-E.webp,NAUCALPAN
Departamento - Lomas De Tecamachalco,9500000,MXN,"Departamento EN Lomas DE Tecamachalco 0, Lomas De Tecamachalco, Naucalpan, Estado De México",230 m² de terreno,3 recámaras,3 baños,https://departamento.mercadolibre.com.mx/MLM-5564489946-departamento-lomas-de-tecamachalco-_JM,https://http2.mlstatic.com/D_NQ_NP_2X_946505-MLM113690783029_062026-E.webp,NAUCALPAN
"Increíble Departamento En Venta En Residencial Tiara, Lomas De Tecamachalco",10650000,MXN,"Increíble Departamento En Venta En Residencial Tiara, Lomas De Tecamachalco, Lomas De Tecamachalco, Naucalpan, Estado De México",214 m² de terreno,3 recámaras,3 baños,https://departamento.mercadolibre.com.mx/MLM-4761564218-increible-departamento-en-venta-en-residencial-tiara-lomas-de-tecamachalco-_JM,https://http2.mlstatic.com/D_NQ_NP_2X_910407-MLM106831815811_022026-E.webp,NAUCALPAN
Departamento En Venta En Lomas De Tecamachalco Cmb 25 - 2635.,14545001,MXN,"Avenida De Las Fuentes 331, Lomas De Tecamachalco, Naucalpan De Juárez, Naucalpan, Estado De México",310 m² construidos,3 recámaras,3 baños,https://departamento.mercadolibre.com.mx/MLM-5704770252-departamento-en-venta-en-lomas-de-tecamachalco-cmb-25-2635-_JM,https://http2.mlstatic.com/D_NQ_NP_2X_708884-MLM93437499214_092025-E.webp,NAUCALPAN
"Departamento En Venta En Colonia San Mateo Nopala, Naucalpan De Juárez, Estado De México",3700000,MXN,"Av San Mateo 184B, San Mateo Nopala, Naucalpan, Estado De México",153 m² construidos,2 recámaras,2 baños,https://departamento.mercadolibre.com.mx/MLM-4841417280-departamento-en-venta-en-colonia-san-mateo-nopala-naucalpan-de-juarez-estado-de-mexico-_JM,https://http2.mlstatic.com/D_NQ_NP_2X_889167-MLM107744813045_022026-E.webp,NAUCALPAN
Departamento - Lomas De Tecamachalco,8200000,MXN,"Excelente Oportunidad En Lomas De Tecamachalco, Lomas De Tecamachalco, Naucalpan, Estado De México",300 m² de terreno,3 recámaras,3 baños,https://departamento.mercadolibre.com.mx/MLM-4761603116-departamento-lomas-de-tecamachalco-_JM,https://http2.mlstatic.com/D_NQ_NP_2X_840913-MLM106206963154_022026-E.webp,NAUCALPAN
"Departamento En Venta En Lomas De Tecamachalco,  Naucalpan De Juárez",13600000,MXN,"Tecamachalco, State Of Mexico, Naucalpan De Juárez, Lomas De Tecamachalco, Naucalpan, Estado De México",430 m² construidos,3 recámaras,3 baños,https://departamento.mercadolibre.com.mx/MLM-2899307979-departamento-en-venta-en-lomas-de-tecamachalco-naucalpan-de-juarez-_JM,https://http2.mlstatic.com/D_NQ_NP_2X_823755-MLM111043441591_042026-E.webp,NAUCALPAN
"Departamento En Venta En Naucalpan De Juarez, Lomas De Tecamachalco Cmb 26-2512.",10300000,MXN,"Tecamachalco, State Of Mexico, Naucalpan De Juárez, Lomas De Tecamachalco, Naucalpan, Estado De México",290 m² construidos,3 recámaras,4 baños,https://departamento.mercadolibre.com.mx/MLM-2821762839-departamento-en-venta-en-naucalpan-de-juarez-lomas-de-tecamachalco-cmb-26-2512-_JM,https://http2.mlstatic.com/D_NQ_NP_2X_760532-MLM109567441535_032026-E.webp,NAUCALPAN
"Departamento En Venta, San Lucas Tepetlacalco, Benito Juárez",4580000,MXN,"Benito Juárez, San Lucas Tepetlacalco, Naucalpan, Estado De México",98 m² construidos,2 recámaras,2 baños,https://departamento.mercadolibre.com.mx/MLM-3215599283-departamento-en-venta-san-lucas-tepetlacalco-benito-juarez-_JM,https://http2.mlstatic.com/D_NQ_NP_2X_721720-MLM115306998315_072026-E.webp,NAUCALPAN
Departamento En Venta En Lomas De Tecamachalco Cmb 25 - 3496.,7300000,MXN,"Calle Fuente De La Alegría 165, Lomas De Tecamachalco, Naucalpan De Juárez, Naucalpan, Estado De México",150 m² construidos,2 recámaras,3 baños,https://departamento.mercadolibre.com.mx/MLM-5704770288-departamento-en-venta-en-lomas-de-tecamachalco-cmb-25-3496-_JM,https://http2.mlstatic.com/D_NQ_NP_2X_729155-MLM93856853073_092025-E.webp,NAUCALPAN
"Departamento En Venta En Colonia San Mateo Nopala, Naucalpan De Juárez, Estado De México",3500000,MXN,"Av San Mateo 184, San Mateo Nopala, Naucalpan, Estado De México",94 m² construidos,2 recámaras,2 baños,https://departamento.mercadolibre.com.mx/MLM-4841584366-departamento-en-venta-en-colonia-san-mateo-nopala-naucalpan-de-juarez-estado-de-mexico-_JM,https://http2.mlstatic.com/D_NQ_NP_2X_640611-MLM107744796021_022026-E.webp,NAUCALPAN
Departamento En Venta En Lomas De Tecamachalco,13200000,MXN,"Platerías, Lomas De Tecamachalco, Naucalpan, Estado De México",260 m² de terreno,3 recámaras,3 baños,https://departamento.mercadolibre.com.mx/MLM-4761874136-departamento-en-venta-en-lomas-de-tecamachalco-_JM,https://http2.mlstatic.com/D_NQ_NP_2X_634033-MLM106206932806_022026-E.webp,NAUCALPAN
"Departamento En Venta En Av Bosques, Lomas De Tecamachalco, Naucalpan, Edomex",10750000,MXN,"Departamento En Venta En Av Bosques, Lomas De Tecamachalco, Naucalpan, Edomex, Lomas De Tecamachalco, Naucalpan, Estado De México",214 m² de terreno,3 recámaras,3 baños,https://departamento.mercadolibre.com.mx/MLM-4761628262-departamento-en-venta-en-av-bosques-lomas-de-tecamachalco-naucalpan-edomex-_JM,https://http2.mlstatic.com/D_NQ_NP_2X_744088-MLM106831750785_022026-E.webp,NAUCALPAN
Departamento En Venta En Lomas De Tecamachalco,10750000,MXN,"Fuente De Pirámides (lomas De Tecamachalco), Lomas De Tecamachalco, Naucalpan, Estado De México",330 m² construidos,3 recámaras,3 baños,https://departamento.mercadolibre.com.mx/MLM-4761563998-departamento-en-venta-en-lomas-de-tecamachalco-_JM,https://http2.mlstatic.com/D_NQ_NP_2X_763154-MLM106831756441_022026-E.webp,NAUCALPAN
"Departamento En Venta En Lomas De Tecamachalco, Naucalpan Estado De México",6000000,MXN,"Departamento En Lomas De Tecamachalco, Naucalpan Estado De México, Lomas De Tecamachalco, Naucalpan, Estado De México",143 m² de terreno,1 recámara,2 baños,https://departamento.mercadolibre.com.mx/MLM-4761551326-departamento-en-venta-en-lomas-de-tecamachalco-naucalpan-estado-de-mexico-_JM,https://http2.mlstatic.com/D_NQ_NP_2X_896974-MLM106206946418_022026-E.webp,NAUCALPAN
"Departamento En Venta En Colonia Lomas De Tecamachalco, Naucalpan De Juárez, Estado De México",9900000,MXN,"Fuente De Molinos 33, Lomas De Tecamachalco, Naucalpan, Estado De México",369 m² construidos,3 recámaras,3 baños,https://departamento.mercadolibre.com.mx/MLM-3060961843-departamento-en-venta-en-colonia-lomas-de-tecamachalco-naucalpan-de-juarez-estado-de-mexico-_JM,https://http2.mlstatic.com/D_NQ_NP_2X_845433-MLM113900596951_062026-E.webp,NAUCALPAN
"Departamento En Venta De Tres Recámaras Y Amenidades En Av. México, Naucalpan De Juárez, Cerca Del Parque Las Américas, Edomex #24-2793 Avc",5101030,MXN,"Av. México, Las Americas, Naucalpan De Juárez, Las Américas, Naucalpan, Estado De México",141 m² construidos,3 recámaras,3 baños,https://departamento.mercadolibre.com.mx/MLM-5550073062-departamento-en-venta-de-tres-recamaras-y-amenidades-en-av-mexico-naucalpan-de-juarez-cerca-del-parque-las-americas-edomex-24-2793-avc-_JM,https://http2.mlstatic.com/D_NQ_NP_2X_959773-MLM113599934665_062026-E.webp,NAUCALPAN
"Departamento En Venta En Lomas De Tecamachalco, Naucalpan De Juárez",17326470,MXN,"Tecamachalco, State Of Mexico, Naucalpan De Juárez, Lomas De Tecamachalco, Naucalpan, Estado De México",395 m² construidos,3 recámaras,3 baños,https://departamento.mercadolibre.com.mx/MLM-2929893121-departamento-en-venta-en-lomas-de-tecamachalco-naucalpan-de-juarez-_JM,https://http2.mlstatic.com/D_NQ_NP_2X_925221-MLM111660493455_052026-E.webp,NAUCALPAN
Departamento En Venta En Lomas De Tecamachalco,8300000,MXN,"Venta En Fuente De Las Piramides En Lomas De Tecamachalco A 5 Minutos De Palmas, Lomas De Tecamachalco, Naucalpan, Estado De México",240 m² de terreno,3 recámaras,3 baños,https://departamento.mercadolibre.com.mx/MLM-4761809614-departamento-en-venta-en-lomas-de-tecamachalco-_JM,https://http2.mlstatic.com/D_NQ_NP_2X_954900-MLM106206927416_022026-E.webp,NAUCALPAN
Departamento En Venta En  Las Americas Del Bosque Cmb 24 - 2793.,5101030,MXN,"Avenida Mexico, Las Américas, Naucalpan De Juárez, Naucalpan, Estado De México",144 m² construidos,3 recámaras,3 baños,https://departamento.mercadolibre.com.mx/MLM-5704770256-departamento-en-venta-en-las-americas-del-bosque-cmb-24-2793-_JM,https://http2.mlstatic.com/D_NQ_NP_2X_798822-MLM93856854301_092025-E.webp,NAUCALPAN
"Departamento En Venta En Lomas De Tecamachalco, Naucalpan De Juárez Rah263042ref",6554868,MXN,"Tecamachalco, State Of Mexico, Naucalpan De Juárez, Lomas De Tecamachalco, Naucalpan, Estado De México",150 m² construidos,3 recámaras,3 baños,https://departamento.mercadolibre.com.mx/MLM-5339870630-departamento-en-venta-en-lomas-de-tecamachalco-naucalpan-de-juarez-rah263042ref-_JM,https://http2.mlstatic.com/D_NQ_NP_2X_645309-MLM110708002848_052026-E.webp,NAUCALPAN
Departamento - Lomas De Tecamachalco,7800000,MXN,"Estrena Departamento En Lomas De Tecamachalco, Lomas De Tecamachalco, Naucalpan, Estado De México",193 m² de terreno,3 recámaras,3 baños,https://departamento.mercadolibre.com.mx/MLM-4761628726-departamento-lomas-de-tecamachalco-_JM,https://http2.mlstatic.com/D_NQ_NP_2X_645547-MLM106206968920_022026-E.webp,NAUCALPAN
"Departamento En Venta En Naucalpan De Juarez, Lomas Del Rio Cmb 27-147.",3067741,MXN,"Lomas Del Rio Pte., Buenavista, Naucalpan De Juárez, Lomas Del Río, Naucalpan, Estado De México",63 m² construidos,1 recámara,2 baños,https://departamento.mercadolibre.com.mx/MLM-5782279044-departamento-en-venta-en-naucalpan-de-juarez-lomas-del-rio-cmb-27-147-_JM,https://http2.mlstatic.com/D_NQ_NP_2X_842187-MLM113693963916_072026-E.webp,NAUCALPAN
"Departamento En Venta En Colonia Las Américas, Naucalpan De Juárez, Estado De México",5500000,MXN,"Montreal  2, Las Américas, Naucalpan, Estado De México",100 m² construidos,4 recámaras,3 baños,https://departamento.mercadolibre.com.mx/MLM-4837569480-departamento-en-venta-en-colonia-las-americas-naucalpan-de-juarez-estado-de-mexico-_JM,https://http2.mlstatic.com/D_NQ_NP_2X_703804-MLM107667565359_022026-E.webp,NAUCALPAN
"Departamento En Venta En Lomas De Tecamachalco, Naucalpan De Juárez",12196750,MXN,"Tecamachalco, State Of Mexico, Naucalpan De Juárez, Lomas De Tecamachalco, Naucalpan, Estado De México",272 m² construidos,3 recámaras,3 baños,https://departamento.mercadolibre.com.mx/MLM-2929877601-departamento-en-venta-en-lomas-de-tecamachalco-naucalpan-de-juarez-_JM,https://http2.mlstatic.com/D_NQ_NP_2X_627479-MLM110707606114_052026-E.webp,NAUCALPAN
Vive El Lujo: Departamento De 3 Recámaras Con Amenidades En Alta Vitta,8450000,MXN,"Naucalpan De Juárez, Lomas Verdes, Naucalpan, Estado De México",181 m² construidos,3 recámaras,3 baños,https://departamento.mercadolibre.com.mx/MLM-2811349217-vive-el-lujo-departamento-de-3-recamaras-con-amenidades-en-alta-vitta-_JM,https://http2.mlstatic.com/D_NQ_NP_2X_652749-MLM109288790049_032026-E.webp,NAUCALPAN
"Departamento En Venta Lomas De Anahuac,  Naucalpan De Juárez Rah253127ref",6800000,MXN,"Lomas De Anahuac, Naucalpan, Naucalpan De Juárez, Naucalpan, Estado De México",240 m² construidos,3 recámaras,3 baños,https://departamento.mercadolibre.com.mx/MLM-3129044631-departamento-en-venta-lomas-de-anahuac-naucalpan-de-juarez-rah253127ref-_JM,https://http2.mlstatic.com/D_NQ_NP_2X_899041-MLM93437849054_092025-E.webp,NAUCALPAN
"Departamento En Venta En Lomas De Tecamachalco,  Naucalpan De Juárez Rah252573ref",15950000,MXN,"Lomas De Tecamachalco, Lomas De Tecamachalco, Naucalpan De Juárez, Naucalpan, Estado De México",367 m² construidos,3 recámaras,3 baños,https://departamento.mercadolibre.com.mx/MLM-5704873970-departamento-en-venta-en-lomas-de-tecamachalco-naucalpan-de-juarez-rah252573ref-_JM,https://http2.mlstatic.com/D_NQ_NP_2X_829721-MLM93857266513_092025-E.webp,NAUCALPAN
Vive En Un Amplio Departamento Con Vista Panorámica En La Mejor Zona De Tecamachalco #26-2512,10300000,MXN,"Fuente De Diana, Tecamachalco, Naucalpan De Juárez, Lomas De Tecamachalco, Naucalpan, Estado De México",290 m² construidos,3 recámaras,3 baños,https://departamento.mercadolibre.com.mx/MLM-2821528863-vive-en-un-amplio-departamento-con-vista-panoramica-en-la-mejor-zona-de-tecamachalco-26-2512-_JM,https://http2.mlstatic.com/D_NQ_NP_2X_928546-MLM109558608281_032026-E.webp,NAUCALPAN
Venta Amplio Departamento Con Vista Panorámica En La Mejor Zona De Tecamachalco #26-2514,13600000,MXN,"Fuente De Diana, Tecamachalco, Naucalpan De Juárez, Lomas De Tecamachalco, Naucalpan, Estado De México",290 m² construidos,3 recámaras,3 baños,https://departamento.mercadolibre.com.mx/MLM-2821514961-venta-amplio-departamento-con-vista-panoramica-en-la-mejor-zona-de-tecamachalco-26-2514-_JM,https://http2.mlstatic.com/D_NQ_NP_2X_928546-MLM109558608281_032026-E.webp,NAUCALPAN
"Departamento En Venta En Naucalpan De Juarez,lomas De Tecamachalco Mt 26-2512.",10300000,MXN,"Tecamachalco, State Of Mexico, Naucalpan De Juárez, Lomas De Tecamachalco, Naucalpan, Estado De México",290 m² construidos,3 recámaras,4 baños,https://departamento.mercadolibre.com.mx/MLM-2821868691-departamento-en-venta-en-naucalpan-de-juarezlomas-de-tecamachalco-mt-26-2512-_JM,https://http2.mlstatic.com/D_NQ_NP_2X_760532-MLM109567441535_032026-E.webp,NAUCALPAN
"Departamento En Venta En Naucalpan De Juarez, Lomas De Tecamachalco Edlt 26-2512.",10300000,MXN,"Tecamachalco, State Of Mexico, Naucalpan De Juárez, Lomas De Tecamachalco, Naucalpan, Estado De México",290 m² construidos,3 recámaras,4 baños,https://departamento.mercadolibre.com.mx/MLM-5081315204-departamento-en-venta-en-naucalpan-de-juarez-lomas-de-tecamachalco-edlt-26-2512-_JM,https://http2.mlstatic.com/D_NQ_NP_2X_848665-MLM109567471681_032026-E.webp,NAUCALPAN
"Departamento En Venta En Lomas De Tecamachalco, Rah253496ref",8000000,MXN,"Lomas De Tecamachalco, Lomas De Tecamachalco, Naucalpan De Juárez, Naucalpan, Estado De México",150 m² construidos,2 recámaras,3 baños,https://departamento.mercadolibre.com.mx/MLM-5704873732-departamento-en-venta-en-lomas-de-tecamachalco-rah253496ref-_JM,https://http2.mlstatic.com/D_NQ_NP_2X_957101-MLM93437879666_092025-E.webp,NAUCALPAN
Venta Departamento Ph Nuevo Con Terraza Privada Con 2 Pisos En Lomas De Tecamachalco En Obra Negra Ch #26-2195,8000000,MXN,"Fuente De Las Pirámides 141, MZ 1 - 300, Lomas De Tecamachalco, Naucalpan De Juárez, Lomas De Tecamachalco, Naucalpan, Estado De México",117 m² construidos,3 recámaras,3 baños,https://departamento.mercadolibre.com.mx/MLM-5617944530-venta-departamento-ph-nuevo-con-terraza-privada-con-2-pisos-en-lomas-de-tecamachalco-en-obra-negra-ch-26-2195-_JM,https://http2.mlstatic.com/D_NQ_NP_2X_750694-MLM112823249208_072026-E.webp,NAUCALPAN
Departamento En Venta En Lomas De Tecamachalco Rah251451ref,8425600,MXN,"Lomas De Tecamachalco, Lomas De Tecamachalco, Naucalpan De Juárez, Naucalpan, Estado De México",166 m² construidos,3 recámaras,2 baños,https://departamento.mercadolibre.com.mx/MLM-5704770348-departamento-en-venta-en-lomas-de-tecamachalco-rah251451ref-_JM,https://http2.mlstatic.com/D_NQ_NP_2X_987156-MLM93857186763_092025-E.webp,NAUCALPAN
Departamento En Venta En Lomas De Tecamachalco Rah26274ref,7490000,MXN,"Lomas De Tecamachalco, Lomas De Tecamachalco, Naucalpan De Juárez, Naucalpan, Estado De México",138 m² construidos,3 recámaras,2 baños,https://departamento.mercadolibre.com.mx/MLM-5704770340-departamento-en-venta-en-lomas-de-tecamachalco-rah26274ref-_JM,https://http2.mlstatic.com/D_NQ_NP_2X_907868-MLM93857149249_092025-E.webp,NAUCALPAN
"Departamento En Venta En Naucalpan De Juarez ,lomas Del Rio Cmb 27-149..",6246774,MXN,"Lomas Del Rio Pte., Buenavista, Naucalpan De Juárez, Lomas Del Río, Naucalpan, Estado De México",129 m² construidos,3 recámaras,3 baños,https://departamento.mercadolibre.com.mx/MLM-5802754986-departamento-en-venta-en-naucalpan-de-juarez-lomas-del-rio-cmb-27-149-_JM,https://http2.mlstatic.com/D_NQ_NP_2X_885375-MLM113791898430_072026-E.webp,NAUCALPAN
Departamento En Lomas Verdes | Primer Piso (solo 6 Escalones) | Vigilancia 24/7 | Estacionamiento Propio | Cocina Nueva | 3 Recámaras | 2 Baños | 80 M² | Vista Abierta Al Parque | Listo Para Escritura,2590000,MXN,"P.º De España 15, MZ 022, Lomas Verdes 3ra Secc, Naucalpan De Juárez, Lomas Verdes 3a Secc., Naucalpan, Estado De México",80 m² construidos,3 recámaras,2 baños,https://departamento.mercadolibre.com.mx/MLM-3176961761-departamento-en-lomas-verdes-primer-piso-solo-6-escalones-vigilancia-247-estacionamiento-propio-cocina-nueva-3-recamaras-2-banos-80-m-vista-abierta-al-parque-listo-para-escritura-_JM,https://http2.mlstatic.com/D_NQ_NP_2X_738932-MLM112371259418_062026-E.webp,NAUCALPAN
Departamento En Venta En Lomas Verdes | Bosques De Lomas Verdes | Amenidades Tipo Club Deportivo,7350000,MXN,"Avenida Lomas Verdes 760, Lomas Verdes 1ra Secc, Naucalpan De Juárez, Lomas Verdes, Naucalpan, Estado De México",171 m² construidos,3 recámaras,3 baños,https://departamento.mercadolibre.com.mx/MLM-3183251991-departamento-en-venta-en-lomas-verdes-bosques-de-lomas-verdes-amenidades-tipo-club-deportivo-_JM,https://http2.mlstatic.com/D_NQ_NP_2X_755774-MLM113901588724_072026-E.webp,NAUCALPAN
Gran Oportunidad En Nua Interlomas,6804000,MXN,"Av. Lomas Anáhuac 80, Bosque De Las Palmas, 52786 Naucalpan De Juárez, Méx., Mexico, La Herradura, Naucalpan, Estado De México",81 m² construidos,2 recámaras,2 baños,https://departamento.mercadolibre.com.mx/MLM-3113968581-gran-oportunidad-en-nua-interlomas-_JM,https://http2.mlstatic.com/D_NQ_NP_2X_643433-MLM103877913559_012026-E.webp,NAUCALPAN
Excelente Departamento Cerca Del Hipódromo,5100000,MXN,"Av. Damián Carmona 37, MZ 014, Manuel Avila Camacho, Naucalpan De Juárez, Gral. Manuel Avila Camacho, Naucalpan, Estado De México",114 m² construidos,2 recámaras,2 baños,https://departamento.mercadolibre.com.mx/MLM-3103129381-excelente-departamento-cerca-del-hipodromo-_JM,https://http2.mlstatic.com/D_NQ_NP_2X_875893-MLM101710961541_122025-E.webp,NAUCALPAN
Departamentos Nuevos En Satélite Desde 140.6m2,5750540,MXN,"Av Sta Cruz Del Monte 95, MZ 1 - 300, Santa Cruz Del Monte, Naucalpan De Juárez, Santa Cruz Del Monte, Naucalpan, Estado De México",140 m² construidos,3 recámaras,2 baños,https://departamento.mercadolibre.com.mx/MLM-3207948379-departamentos-nuevos-en-satelite-desde-1406m2-_JM,https://http2.mlstatic.com/D_NQ_NP_2X_675532-MLM115252575041_072026-E.webp,NAUCALPAN
"Departamento En Venta En Vivenza, Piso 4",7200000,MXN,"Lomas Verdes 1 - 300ta Secc., Naucalpan De Juárez, Lomas Verdes 6a Sección, Naucalpan, Estado De México",160 m² construidos,3 recámaras,2 baños,https://departamento.mercadolibre.com.mx/MLM-5767939378-departamento-en-venta-en-vivenza-piso-4-_JM,https://http2.mlstatic.com/D_NQ_NP_2X_673249-MLM113627890834_072026-E.webp,NAUCALPAN
"3 Recámaras. 2 Baños Completos. Sala Y Comedor. Cuarto De Lavado. 3 Cajones De Estacionamiento. 3er Piso (por Escaleras) Y Acceso A La Azotea Para Adaptar Pequeño Roof Mant $1,700 Vigilancia 24/7",4500000,MXN,"Prolongacion Alamos 102, Los Alamos, 53100 - 53400 Naucalpan De Juárez, Méx., Mexico, La Florida Occipaco, Naucalpan, Estado De México",110 m² construidos,3 recámaras,2 baños,https://departamento.mercadolibre.com.mx/MLM-3130279783-3-recamaras-2-banos-completos-sala-y-comedor-cuarto-de-lavado-3-cajones-de-estacionamiento-3er-piso-por-escaleras-y-acceso-a-la-azotea-para-adaptar-pequeno-roof-mant-1700-vigilancia-247-_JM,https://http2.mlstatic.com/D_NQ_NP_2X_830790-MLM114504767773_072026-E.webp,NAUCALPAN
"Remate - Departamento Residencial En Venta En Colonia San Rafael Chamapa I, Naucalpan De Juárez, Estado De México - Aut1183",695000,MXN,"Remate - Departamento Residencial En Venta En Colonia San Rafael Chamapa I, Naucalpan De Juárez, Estado De México - Aut1183, Naucalpan, Estado De México",59 m² construidos,2 recámaras,1 baño,https://departamento.mercadolibre.com.mx/MLM-5178674054-remate-departamento-residencial-en-venta-en-colonia-san-rafael-chamapa-i-naucalpan-de-juarez-estado-de-mexico-aut1183-_JM,https://http2.mlstatic.com/D_NQ_NP_2X_666038-MLM109519179740_042026-E.webp,NAUCALPAN
"Departamento Venta En Fuente De Molinos 48, Tecamachalco,rdv685965",7900000,MXN,"Lomas De Tecamachalco, Naucalpan, Estado De México",240 m² construidos,3 recámaras,3 baños,https://departamento.mercadolibre.com.mx/MLM-3255138265-departamento-venta-en-fuente-de-molinos-48-tecamachalcordv685965-_JM,https://http2.mlstatic.com/D_NQ_NP_2X_761231-MLM115679574363_082026-E.webp,NAUCALPAN
Departamento En Venta Tecamachalco,6650000,MXN,"Fuente De Templanza, Lomas De Tecamachalco, Naucalpan, Estado De México",225 m² construidos,2 recámaras,2 baños,https://departamento.mercadolibre.com.mx/MLM-3254815085-departamento-en-venta-tecamachalco-_JM,https://http2.mlstatic.com/D_NQ_NP_2X_857548-MLM115670785731_082026-E.webp,NAUCALPAN
Departamento En Venta En Bosque Real,6100000,MXN,"Av. Del Silencio, Bosque Real, Naucalpan De Juárez, Naucalpan, Estado De México",120 m² construidos,2 recámaras,2 baños,https://departamento.mercadolibre.com.mx/MLM-4766504756-departamento-en-venta-en-bosque-real-_JM,https://http2.mlstatic.com/D_NQ_NP_2X_635405-MLM89006824234_082025-E.webp,NAUCALPAN
Vendo Departamento En Tiara Tecamachalco,10200000,MXN,"Lomas De Tecamachalco, Naucalpan, Estado De México",214 m² construidos,3 recámaras,3 baños,https://departamento.mercadolibre.com.mx/MLM-5259016868-vendo-departamento-en-tiara-tecamachalco-_JM,https://http2.mlstatic.com/D_NQ_NP_2X_915971-MLM111005632011_042026-E.webp,NAUCALPAN
Fuente Del Pescador 274,19000000,MXN,"Lomas De Tecamachalco, Naucalpan, Estado De México",462 m² construidos,4 recámaras,4 baños,https://departamento.mercadolibre.com.mx/MLM-5615924176-fuente-del-pescador-274-_JM,https://http2.mlstatic.com/D_NQ_NP_2X_992831-MLM114008801339_072026-E.webp,NAUCALPAN
Venta Pre Venta Departamentos San Mateo Naucalpan,4700000,MXN,"Anexo Jardines De San Mateo, Naucalpan, Estado De México",125 m² construidos,3 recámaras,3 baños,https://departamento.mercadolibre.com.mx/MLM-5655973376-venta-pre-venta-departamentos-san-mateo-naucalpan-_JM,https://http2.mlstatic.com/D_NQ_NP_2X_908478-MLM114250552883_072026-E.webp,NAUCALPAN
"Departamento En Venta, Col. Lomas De Tecamachalco Naucalpan",13780000,MXN,"Fuente De Ceres 36, Col. Lomas De Tecamachalco, Lomas De Tecamachalco, Naucalpan, Estado De México",376 m² construidos,3 recámaras,3 baños,https://departamento.mercadolibre.com.mx/MLM-5252370962-departamento-en-venta-col-lomas-de-tecamachalco-naucalpan-_JM,https://http2.mlstatic.com/D_NQ_NP_2X_797759-MLM110042482240_042026-E.webp,NAUCALPAN
"Departamento Muy Bien Ubicado En Fraccionamiento Cerrado Zona Herradura A Un Muy Buen Precio, 3 Rec",5950000,MXN,"Av Lomas Del Rio Ote 82, MZ 1 - 300, Independencia, Naucalpan De Juárez, La Herradura, Naucalpan, Estado De México",165 m² construidos,3 recámaras,2 baños,https://departamento.mercadolibre.com.mx/MLM-5707344960-departamento-muy-bien-ubicado-en-fraccionamiento-cerrado-zona-herradura-a-un-muy-buen-precio-3-rec-_JM,https://http2.mlstatic.com/D_NQ_NP_2X_643574-MLM114506466051_072026-E.webp,NAUCALPAN
"Departamento Amplio Con Gran Potencial De Remodelación. Ubicado En Tecamachalco, Fuente De Molinos, A 10 Minutos Caminando De Paseo De Las Palmas.",8500000,MXN,"Fuente De Molinos 33, MZ 023, Lomas De San Isidro, Naucalpan De Juárez, Lomas De Tecamachalco Secc. Fuentes, Naucalpan, Estado De México",369 m² construidos,3 recámaras,3 baños,https://departamento.mercadolibre.com.mx/MLM-4420218662-departamento-amplio-con-gran-potencial-de-remodelacion-ubicado-en-tecamachalco-fuente-de-molinos-a-10-minutos-caminando-de-paseo-de-las-palmas-_JM,https://http2.mlstatic.com/D_NQ_NP_2X_693971-MLM99507351255_112025-E.webp,NAUCALPAN
"Vive En El Corazon De Ciudad Satelite Y Disfruta De Este Amplio Departamento Ubicado En Circuito Novelistas, Una Calle Tranquila, Arbolada Y Silenciosa",5300000,MXN,"Cto. Novelistas, Cd. Satélite, Naucalpan De Juárez, Ciudad Satélite, Naucalpan, Estado De México",145 m² construidos,3 recámaras,2 baños,https://departamento.mercadolibre.com.mx/MLM-3014939155-vive-en-el-corazon-de-ciudad-satelite-y-disfruta-de-este-amplio-departamento-ubicado-en-circuito-novelistas-una-calle-tranquila-arbolada-y-silenciosa-_JM,https://http2.mlstatic.com/D_NQ_NP_2X_967280-MLM113324307265_062026-E.webp,NAUCALPAN
"Departamento En Venta, Manuel Ávila Camacho Excelente Opción Para Actualizar",5800000,MXN,"Excelente Opción Para Actualizar, Naucalpan, Estado De México",180 m² construidos,3 recámaras,2 baños,https://departamento.mercadolibre.com.mx/MLM-5823262984-departamento-en-venta-manuel-avila-camacho-excelente-opcion-para-actualizar-_JM,https://http2.mlstatic.com/D_NQ_NP_2X_644581-MLM115204837889_072026-E.webp,NAUCALPAN
Departamento En Nueva Herradura,4500000,MXN,"Showroom Ventas, Cam. Arenero 1 - 300, La Nueva Herradura, Naucalpan De Juárez, La Herradura, Naucalpan, Estado De México",76 m² construidos,2 recámaras,2 baños,https://departamento.mercadolibre.com.mx/MLM-3062872011-departamento-en-nueva-herradura-_JM,https://http2.mlstatic.com/D_NQ_NP_2X_937733-MLM113918490953_062026-E.webp,NAUCALPAN
Venta Departamento 3 Ambientes Lomas Verdes (conjunto Lomas Verdes),9250000,MXN,"BOSQUES DE LOMAS VERDES RESIDENCIAL, 125, Lomas Verdes (Conjunto Lomas Verdes), Naucalpan, Estado De México",228 m² construidos,3 recámaras,3 baños,https://departamento.mercadolibre.com.mx/MLM-5893104532-venta-departamento-3-ambientes-lomas-verdes-conjunto-lomas-verdes-_JM,https://http2.mlstatic.com/D_NQ_NP_2X_799844-MLM114254158446_082026-E.webp,NAUCALPAN
Venta Departamento 2 Ambientes Bosque Alto,6800000,MXN,"Praderas De San Mateo 90, 155, Bosque Alto, Naucalpan, Estado De México",160 m² construidos,2 recámaras,3 baños,https://departamento.mercadolibre.com.mx/MLM-3240485067-venta-departamento-2-ambientes-bosque-alto-_JM,https://http2.mlstatic.com/D_NQ_NP_2X_608925-MLM114204193452_082026-E.webp,NAUCALPAN
Venta Departamento 2 Ambientes Praderas De San Mateo,6800000,MXN,"Camino A Praderas De San Mateo, 125, Praderas De San Mateo, Naucalpan, Estado De México",157 m² construidos,2 recámaras,2 baños,https://departamento.mercadolibre.com.mx/MLM-5884686622-venta-departamento-2-ambientes-praderas-de-san-mateo-_JM,https://http2.mlstatic.com/D_NQ_NP_2X_988206-MLM114204102770_082026-E.webp,NAUCALPAN
Departamento En Venta,2850000,MXN,"De Los Purépechas 8, Santa Cruz Acatlan, Naucalpan, Estado De México",70 m² de terreno,3 recámaras,2 baños,https://departamento.mercadolibre.com.mx/MLM-4832136774-departamento-en-venta-_JM,https://http2.mlstatic.com/D_NQ_NP_2X_744564-MLM107582505551_022026-E.webp,NAUCALPAN
"Departamento En Venta En Naucalpan De Juarez, Lomas Verdes Gis 26-2271",2100000,MXN,"Departamento En Venta En Naucalpan De Juarez, Lomas Verdes GIS 26-2271, Naucalpan, Estado De México",78 m² construidos,2 recámaras,1 baño,https://departamento.mercadolibre.com.mx/MLM-5064025458-departamento-en-venta-en-naucalpan-de-juarez-lomas-verdes-gis-26-2271-_JM,https://http2.mlstatic.com/D_NQ_NP_2X_601568-MLM111866238493_052026-E.webp,NAUCALPAN
Departamento En Venta En Lomas Verdes Hermoso,7350000,MXN,"Avenida Lomas Verdes 760, Lomas Verdes 1ra Secc, Naucalpan De Juárez, Lomas Verdes, Naucalpan, Estado De México",171 m² construidos,3 recámaras,3 baños,https://departamento.mercadolibre.com.mx/MLM-5693285968-departamento-en-venta-en-lomas-verdes-hermoso-_JM,https://http2.mlstatic.com/D_NQ_NP_2X_739189-MLM112731971412_062026-E.webp,NAUCALPAN
"Departamento En Venta En La Concordia, Lomas Verdes, Naucalpan",2400000,MXN,"Capuchinas 0, Lomas Verdes 5a Sección (La Concordia), Naucalpan, Estado De México",70 m² construidos,3 recámaras,1 baño,https://departamento.mercadolibre.com.mx/MLM-5390273734-departamento-en-venta-en-la-concordia-lomas-verdes-naucalpan-_JM,https://http2.mlstatic.com/D_NQ_NP_2X_647718-MLM111083219966_052026-E.webp,NAUCALPAN
"Departamento En Venta, Ubicado A 2 Cuadras De Periférico, Muy Buena Oportunidad.",2950000,MXN,"Lazaro Cardenas, Naucalpan De Juárez, Estado De México, Naucalpan",69 m² construidos,2 recámaras,1 baño,https://departamento.mercadolibre.com.mx/MLM-2847966011-departamento-en-venta-ubicado-a-2-cuadras-de-periferico-muy-buena-oportunidad-_JM,https://http2.mlstatic.com/D_NQ_NP_2X_940072-MLM109277689104_042026-E.webp,NAUCALPAN
"Departamento En Venta Cerca Del Periférico En Naucalpan De Juárez, México",2800000,MXN,"Cerrada Del Pirul 0, Jardines De San Mateo, Naucalpan, Estado De México",90 m² construidos,3 recámaras,2 baños,https://departamento.mercadolibre.com.mx/MLM-4690563182-departamento-en-venta-cerca-del-periferico-en-naucalpan-de-juarez-mexico-_JM,https://http2.mlstatic.com/D_NQ_NP_2X_780664-MLM104799998812_012026-E.webp,NAUCALPAN
Departamento En Venta Lomas Del Río,2917780,MXN,"Lomas Del Río, Naucalpan, Estado De México",63 m² construidos,1 recámara,1 baño,https://departamento.mercadolibre.com.mx/MLM-5241314996-departamento-en-venta-lomas-del-rio-_JM,https://http2.mlstatic.com/D_NQ_NP_2X_877217-MLM114613184875_072026-E.webp,NAUCALPAN
"Townhouse Con Doble Altura En Venta En Lomas Del Río, Naucalpan, Edo De Mex",10500000,MXN,"Lomas Del Río, Naucalpan, Estado De México",283 m² construidos,3 recámaras,3 baños,https://departamento.mercadolibre.com.mx/MLM-4809087254-townhouse-con-doble-altura-en-venta-en-lomas-del-rio-naucalpan-edo-de-mex-_JM,https://http2.mlstatic.com/D_NQ_NP_2X_691416-MLM106751531348_022026-E.webp,NAUCALPAN
Departamento Venta Lomas Verdes Residencial Bosques De Lomas Verdes Lindo,7350000,MXN,"Avenida Lomas Verdes 760, Lomas Verdes 1ra Secc, Naucalpan De Juárez, Lomas Verdes 1a Secc., Naucalpan, Estado De México",171 m² construidos,3 recámaras,3 baños,https://departamento.mercadolibre.com.mx/MLM-5693314474-departamento-venta-lomas-verdes-residencial-bosques-de-lomas-verdes-lindo-_JM,https://http2.mlstatic.com/D_NQ_NP_2X_975983-MLM113037092938_072026-E.webp,NAUCALPAN
Departamento En Venta En Lomas Verdes,4990000,MXN,"JOSE MARIA LUIS MORA Lt 7 Mz 2, Lomas Verdes 6a Sección, Naucalpan De Juárez, Naucalpan, Estado De México",100 m² construidos,2 recámaras,2 baños,https://departamento.mercadolibre.com.mx/MLM-4829882332-departamento-en-venta-en-lomas-verdes-_JM,https://http2.mlstatic.com/D_NQ_NP_2X_675029-MLM107523530963_022026-E.webp,NAUCALPAN
Moderno Departamento De 3 Niveles Super Ubicado. Interlomas,5550000,MXN,"Parque De Alcázar, Palo Solo, Naucalpan De Juárez, Estado De México, Naucalpan",200 m² construidos,3 recámaras,3 baños,https://departamento.mercadolibre.com.mx/MLM-2979686571-moderno-departamento-de-3-niveles-super-ubicado-interlomas-_JM,https://http2.mlstatic.com/D_NQ_NP_2X_643208-MLM112712427031_062026-E.webp,NAUCALPAN
"Departamento En Venta En Lomas Verdes, La Concordia",4200000,MXN,"Lomas Verdes 01, Lomas Verdes 5a Sección (La Concordia), Naucalpan, Estado De México",110 m² construidos,2 recámaras,2 baños,https://departamento.mercadolibre.com.mx/MLM-5262365794-departamento-en-venta-en-lomas-verdes-la-concordia-_JM,https://http2.mlstatic.com/D_NQ_NP_2X_749091-MLM110121759642_042026-E.webp,NAUCALPAN
"Departamento En Venta En Lomas Verdes 5a Sección (la Concordia), Naucalpan De Juárez, México",2550000,MXN,"Sabadoñas 0, Lomas Verdes 5a Sección (La Concordia), Naucalpan, Estado De México",65 m² construidos,2 recámaras,1 baño,https://departamento.mercadolibre.com.mx/MLM-3183963561-departamento-en-venta-en-lomas-verdes-5a-seccion-la-concordia-naucalpan-de-juarez-mexico-_JM,https://http2.mlstatic.com/D_NQ_NP_2X_655197-MLM115036541701_072026-E.webp,NAUCALPAN
Ven A Vivir A Bosque Real. Seguridad Y Lujo En Un Solo Lugar! Con 26 Desarrollos Para Elegir.,8140150,MXN,"Bosque Real Country Club, Naucalpan De Juárez, San Mateo Nopala, Naucalpan, Estado De México",115 m² construidos,2 recámaras,2 baños,https://departamento.mercadolibre.com.mx/MLM-5205162164-ven-a-vivir-a-bosque-real-seguridad-y-lujo-en-un-solo-lugar-con-26-desarrollos-para-elegir-_JM,https://http2.mlstatic.com/D_NQ_NP_2X_940766-MLM110569806557_042026-E.webp,NAUCALPAN
Departamento En Venta En Naucalpan En Ciudad De México,3300000,MXN,"Sin Calle, El Mirador, Naucalpan, Estado De México",115 m² construidos,3 recámaras,2 baños,https://departamento.mercadolibre.com.mx/MLM-2661489931-departamento-en-venta-en-naucalpan-en-ciudad-de-mexico-_JM,https://http2.mlstatic.com/D_NQ_NP_2X_647392-MLM104702260993_012026-E.webp,NAUCALPAN
"Residencial Bosques De Lomas Verdes, Lomas Verdes Naucalpan",9300000,MXN,"Avenida Lomas Verdes 780, Lomas Verdes, Naucalpan De Juárez, Lomas Verdes, Naucalpan, Estado De México",220 m² construidos,3 recámaras,4 baños,https://departamento.mercadolibre.com.mx/MLM-5770106408-residencial-bosques-de-lomas-verdes-lomas-verdes-naucalpan-_JM,https://http2.mlstatic.com/D_NQ_NP_2X_722728-MLM114920893497_072026-E.webp,NAUCALPAN
Magnifico Departamento Prolongacion Alamos Tm,4290000,MXN,"Prolongacion Alamos, Santiago Occipaco, Naucalpan De Juárez, Santiago Occipaco, Naucalpan, Estado De México",122 m² construidos,2 recámaras,2 baños,https://departamento.mercadolibre.com.mx/MLM-3202322055-magnifico-departamento-prolongacion-alamos-tm-_JM,https://http2.mlstatic.com/D_NQ_NP_2X_819188-MLM115213929417_072026-E.webp,NAUCALPAN
Departamento A 15 Minutos De Las Torres De Satelite Excelente Precio Con 3 Recamaras Y 2 Estacionamientos,4403000,MXN,"Perif. Blvd. Manuel Ávila Camacho 1903, Cd. Satélite, 53100 Naucalpan De Juárez, Méx., Mexico, Ciudad Satélite, Naucalpan, Estado De México",100 m² construidos,3 recámaras,2 baños,https://departamento.mercadolibre.com.mx/MLM-3136191787-departamento-a-15-minutos-de-las-torres-de-satelite-excelente-precio-con-3-recamaras-y-2-estacionamientos-_JM,https://http2.mlstatic.com/D_NQ_NP_2X_885226-MLM110133315793_042026-E.webp,NAUCALPAN
Departamento Nuevo En Venta Con 3 Recamaras Y 2 Estacionamientos Cerca De Plaza Satelite,4403000,MXN,"Cto. Historiadores 5, Cd. Satélite, 53100 Naucalpan De Juárez, Méx., Mexico, Adolfo López Mateos, Naucalpan, Estado De México",100 m² construidos,3 recámaras,2 baños,https://departamento.mercadolibre.com.mx/MLM-3136191835-departamento-nuevo-en-venta-con-3-recamaras-y-2-estacionamientos-cerca-de-plaza-satelite-_JM,https://http2.mlstatic.com/D_NQ_NP_2X_916625-MLM110591791320_052026-E.webp,NAUCALPAN
Departamento En Venta En Lomas Verdes | Bosques De Lomas Verdes | Amenidades Tipo Club Deportivo,7350000,MXN,"Bosques De Lomas Verdes 125, MZ 001, Lomas Verdes 1ra Secc, Naucalpan De Juárez, Lomas Verdes, Naucalpan, Estado De México",171 m² construidos,3 recámaras,3 baños,https://departamento.mercadolibre.com.mx/MLM-5823403520-departamento-en-venta-en-lomas-verdes-bosques-de-lomas-verdes-amenidades-tipo-club-deportivo-_JM,https://http2.mlstatic.com/D_NQ_NP_2X_785132-MLM115204253429_072026-E.webp,NAUCALPAN
"Departamento Nuevo En Vía Residences, Interlomas  Entrega Inmediata",6800000,MXN,"Blvd. F.M. 13, Colina Del Sur, Naucalpan De Juárez, Cerrada FM13, Naucalpan, Estado De México",84 m² construidos,2 recámaras,2 baños,https://departamento.mercadolibre.com.mx/MLM-5159289082-departamento-nuevo-en-via-residences-interlomas-entrega-inmediata-_JM,https://http2.mlstatic.com/D_NQ_NP_2X_611905-MLM110516193119_042026-E.webp,NAUCALPAN
Departamento Residencial En Tecamachalco,12999000,MXN,"Fuente De La Juventud 23, Lomas De Tecamachalco, Naucalpan, Estado De México",315 m² construidos,3 recámaras,4 baños,https://departamento.mercadolibre.com.mx/MLM-2559458631-departamento-residencial-en-tecamachalco-_JM,https://http2.mlstatic.com/D_NQ_NP_2X_616973-MLM97652960602_112025-E.webp,NAUCALPAN
Departamento En Venta En Lomas De Tecamachalco,16000000,MXN,"Fuente De Las Águilas 0, Lomas De Tecamachalco, Naucalpan, Estado De México",392 m² construidos,3 recámaras,3 baños,https://departamento.mercadolibre.com.mx/MLM-5412815004-departamento-en-venta-en-lomas-de-tecamachalco-_JM,https://http2.mlstatic.com/D_NQ_NP_2X_896538-MLM112334785649_052026-E.webp,NAUCALPAN
Departamento En Venta En Lomas De Tecamachalco,11980000,MXN,"Fuente De Molinos 0, Lomas De Tecamachalco, Naucalpan, Estado De México",370 m² construidos,3 recámaras,3 baños,https://departamento.mercadolibre.com.mx/MLM-5316081606-departamento-en-venta-en-lomas-de-tecamachalco-_JM,https://http2.mlstatic.com/D_NQ_NP_2X_781253-MLM110539219774_052026-E.webp,NAUCALPAN
"Venta De Departamento Penthouse En Lomas Verdes, Bosques De Lomas Verdes",9750000,MXN,"Lomas Verdes 1a Secc., Naucalpan, Estado De México",284 m² construidos,3 recámaras,3 baños,https://departamento.mercadolibre.com.mx/MLM-4830977680-venta-de-departamento-penthouse-en-lomas-verdes-bosques-de-lomas-verdes-_JM,https://http2.mlstatic.com/D_NQ_NP_2X_781139-MLM106853535450_022026-E.webp,NAUCALPAN
"Exclusivo Ph En Lomas Del Río, Naucalpan | 3 Recámaras Con Baño | Balcones",9900000,MXN,"Lomas Del Río, Naucalpan, Naucalpan, Estado De México",260 m² construidos,3 recámaras,3 baños,https://departamento.mercadolibre.com.mx/MLM-2870798535-exclusivo-ph-en-lomas-del-rio-naucalpan-3-recamaras-con-bano-balcones-_JM,https://http2.mlstatic.com/D_NQ_NP_2X_818554-MLM114908823883_072026-E.webp,NAUCALPAN
Departamento En Venta En Cumbres Herradura Colonia Miramar Naucalpan,5900000,MXN,"Cam. Arenero 150, MZ 049, Miramar, Naucalpan De Juárez, Naucalpan, Estado De México",97 m² construidos,3 recámaras,2 baños,https://departamento.mercadolibre.com.mx/MLM-5644605698-departamento-en-venta-en-cumbres-herradura-colonia-miramar-naucalpan-_JM,https://http2.mlstatic.com/D_NQ_NP_2X_814416-MLM114168171007_072026-E.webp,NAUCALPAN
Departamento En Parque Residencial Los Azulejos,3800000,MXN,"San Mateo Nopala, Naucalpan, Estado De México",136 m² construidos,2 recámaras,2 baños,https://departamento.mercadolibre.com.mx/MLM-5743882000-departamento-en-parque-residencial-los-azulejos-_JM,https://http2.mlstatic.com/D_NQ_NP_2X_757452-MLM114761160941_072026-E.webp,NAUCALPAN
Venta P. H. Con Roof Garden Privado 96 M2 + 2 Autos Techados  Vive En San Juan Totoltepec,3700000,MXN,"Cda. Olivo 7, San Juan Totoltepec, Naucalpan De Juárez, San Juan Totoltepec, Naucalpan, Estado De México",96 m² construidos,2 recámaras,2 baños,https://departamento.mercadolibre.com.mx/MLM-2755970955-venta-p-h-con-roof-garden-privado-96-m2-2-autos-techados-vive-en-san-juan-totoltepec-_JM,https://http2.mlstatic.com/D_NQ_NP_2X_615315-MLM107127622460_022026-E.webp,NAUCALPAN
"Departamento En Venta En Colonia El Parque, Naucalpan De Juárez, Cdmx.",2850000,MXN,"El Parque, Naucalpan, Estado De México",62 m² construidos,1 recámara,1 baño,https://departamento.mercadolibre.com.mx/MLM-5281775034-departamento-en-venta-en-colonia-el-parque-naucalpan-de-juarez-cdmx-_JM,https://http2.mlstatic.com/D_NQ_NP_2X_884193-MLM97794970118_112025-E.webp,NAUCALPAN
Departamentos Nuevos En Venta En La Cúspide,6885037,MXN,"Bosque Alto 195, La Cúspide, Naucalpan, Estado De México",205 m² construidos,3 recámaras,3 baños,https://departamento.mercadolibre.com.mx/MLM-5058812886-departamentos-nuevos-en-venta-en-la-cuspide-_JM,https://http2.mlstatic.com/D_NQ_NP_2X_611575-MLM108497477178_032026-E.webp,NAUCALPAN
Departamento En Venta En Nua Interlomas Bosque De Las Palmas,14750000,MXN,"Blvd Interlomas 1, Bosque De Los Remedios, Naucalpan, Estado De México",192 m² construidos,3 recámaras,3 baños,https://departamento.mercadolibre.com.mx/MLM-3006588259-departamento-en-venta-en-nua-interlomas-bosque-de-las-palmas-_JM,https://http2.mlstatic.com/D_NQ_NP_2X_959870-MLM113173808351_062026-E.webp,NAUCALPAN
Departamento En Venta  Herradura,4500000,MXN,"Miramar, Naucalpan, Estado De México",82 m² construidos,3 recámaras,2 baños,https://departamento.mercadolibre.com.mx/MLM-4977930692-departamento-en-venta-herradura-_JM,https://http2.mlstatic.com/D_NQ_NP_2X_798469-MLM108431337609_032026-E.webp,NAUCALPAN
Departamento En Venta Lomas De Tecamachalco,8750000,MXN,"Lomas De Tecamachalco, Naucalpan, Estado De México",286 m² construidos,3 recámaras,3 baños,https://departamento.mercadolibre.com.mx/MLM-2858437723-departamento-en-venta-lomas-de-tecamachalco-_JM,https://http2.mlstatic.com/D_NQ_NP_2X_890368-MLM96318070774_102025-E.webp,NAUCALPAN
"Departamento En Venta En Alta Vitta, Lomas Verdes 6a Sec., Con Excelente Vista",8200000,MXN,"Lomas Verdes 6a Sección, Naucalpan, Estado De México",180 m² construidos,3 recámaras,3 baños,https://departamento.mercadolibre.com.mx/MLM-5347926338-departamento-en-venta-en-alta-vitta-lomas-verdes-6a-sec-con-excelente-vista-_JM,https://http2.mlstatic.com/D_NQ_NP_2X_737280-MLM110757700934_052026-E.webp,NAUCALPAN
"Venta Departamento A Estrenar En Fuente De Las Vestales, Tecamachalco",12900000,MXN,"Lomas De Tecamachalco, Naucalpan, Estado De México",340 m² construidos,3 recámaras,3 baños,https://departamento.mercadolibre.com.mx/MLM-2985345215-venta-departamento-a-estrenar-en-fuente-de-las-vestales-tecamachalco-_JM,https://http2.mlstatic.com/D_NQ_NP_2X_918725-MLM112817688267_062026-E.webp,NAUCALPAN
"Departamento Venta A Estrenar, Fuente De Diana Tecamachalco",13000000,MXN,"Lomas De Tecamachalco, Naucalpan, Estado De México",270 m² construidos,3 recámaras,3 baños,https://departamento.mercadolibre.com.mx/MLM-2985333113-departamento-venta-a-estrenar-fuente-de-diana-tecamachalco-_JM,https://http2.mlstatic.com/D_NQ_NP_2X_604482-MLM113513799954_072026-E.webp,NAUCALPAN
Venta Departamento Torre Manhattan Lomas De Tecamachalco,9800000,MXN,"Av De Las Fuentes, Lomas De Tecamachalco, Naucalpan De Juárez, Lomas De Tecamachalco, Naucalpan, Estado De México",296 m² construidos,3 recámaras,2 baños,https://departamento.mercadolibre.com.mx/MLM-4055942742-venta-departamento-torre-manhattan-lomas-de-tecamachalco-_JM,https://http2.mlstatic.com/D_NQ_NP_2X_890377-MLM82147700854_022025-E.webp,NAUCALPAN
"Departamento Para Remodelar En Venta, Tecamachalco, Primera Seccion",8500000,MXN,"Fuente De Molinos 43, Lomas De Tecamachalco, Naucalpan, Estado De México",337 m² construidos,3 recámaras,3 baños,https://departamento.mercadolibre.com.mx/MLM-3066095599-departamento-para-remodelar-en-venta-tecamachalco-primera-seccion-_JM,https://http2.mlstatic.com/D_NQ_NP_2X_716375-MLM112764051242_062026-E.webp,NAUCALPAN
Departamentos En Venta  Fuente De Molinos,9450000,MXN,"Reforma Social (Lomas De San Isidro), Naucalpan, Estado De México",190 m² construidos,3 recámaras,3 baños,https://departamento.mercadolibre.com.mx/MLM-3009372613-departamentos-en-venta-fuente-de-molinos-_JM,https://http2.mlstatic.com/D_NQ_NP_2X_817034-MLM95540574470_102025-E.webp,NAUCALPAN
"Departamento En Venta En Buenavista, Naucalpan De Juárez, México",6790000,MXN,"Fracc Lomas Del Rio Mirabella III 000, Buenavista, Naucalpan, Estado De México",164 m² construidos,3 recámaras,4 baños,https://departamento.mercadolibre.com.mx/MLM-5051394402-departamento-en-venta-en-buenavista-naucalpan-de-juarez-mexico-_JM,https://http2.mlstatic.com/D_NQ_NP_2X_797505-MLM89242254086_082025-E.webp,NAUCALPAN
Se Vende Departamento En La Enramada,9940000,MXN,"Country Club, Naucalpan, Estado De México",240 m² construidos,3 recámaras,3 baños,https://departamento.mercadolibre.com.mx/MLM-2907643771-se-vende-departamento-en-la-enramada-_JM,https://http2.mlstatic.com/D_NQ_NP_2X_888483-MLM111198832227_052026-E.webp,NAUCALPAN
Departamentos En Preventa En Bosque Real,19920000,MXN,"Bosque Real, Avenida Corporativa, Naucalpan, Estado De México",332 m² construidos,2 recámaras,2 baños,https://departamento.mercadolibre.com.mx/MLM-5578320934-departamentos-en-preventa-en-bosque-real-_JM,https://http2.mlstatic.com/D_NQ_NP_2X_701697-MLM113778613805_062026-E.webp,NAUCALPAN
"Departamento Pent House En Venta Lomas Del Rio, Con Roof Top Privado",8500000,MXN,"Lomas Del Río Poniente 36, Lomas Del Río, Naucalpan, Estado De México",352 m² construidos,2 recámaras,2 baños,https://departamento.mercadolibre.com.mx/MLM-3065984201-departamento-pent-house-en-venta-lomas-del-rio-con-roof-top-privado-_JM,https://http2.mlstatic.com/D_NQ_NP_2X_610309-MLM112764056058_062026-E.webp,NAUCALPAN
Garden One | Preventa En Lomas Del Río.,9811000,MXN,"C. Emilio G. Baz, Independencia, Naucalpan De Juárez, Lomas Del Río, Naucalpan, Estado De México",211 m² construidos,3 recámaras,3 baños,https://departamento.mercadolibre.com.mx/MLM-2776143183-garden-one-preventa-en-lomas-del-rio-_JM,https://http2.mlstatic.com/D_NQ_NP_2X_758154-MLM108438578147_032026-E.webp,NAUCALPAN
Venta Departamentos Tecamachalco Con Terrazas Nuevos (r),14545000,MXN,"Lomas De Tecamachalco, Naucalpan, Estado De México",315 m² construidos,3 recámaras,3 baños,https://departamento.mercadolibre.com.mx/MLM-5747050206-venta-departamentos-tecamachalco-con-terrazas-nuevos-r-_JM,https://http2.mlstatic.com/D_NQ_NP_2X_634231-MLM88307149644_072025-E.webp,NAUCALPAN
"Departamento En Venta En La Nueva Herradura, Naucalpan, Edo. México",5499000,MXN,"La Nueva Herradura, Naucalpan Edo. México, Naucalpan, Estado De México",109 m² construidos,3 recámaras,2 baños,https://departamento.mercadolibre.com.mx/MLM-5706443700-departamento-en-venta-en-la-nueva-herradura-naucalpan-edo-mexico-_JM,https://http2.mlstatic.com/D_NQ_NP_2X_735710-MLM113263185872_072026-E.webp,NAUCALPAN
Departamentos En  Venta  Lomas Verdes 6ta Secc,11150000,MXN,"Lomas Verdes 6a Sección, Naucalpan, Estado De México",285 m² construidos,3 recámaras,2 baños,https://departamento.mercadolibre.com.mx/MLM-4830225208-departamentos-en-venta-lomas-verdes-6ta-secc-_JM,https://http2.mlstatic.com/D_NQ_NP_2X_838308-MLM106850758860_022026-E.webp,NAUCALPAN
Departamentos En Venta En Naucalpan De Juárez,4599000,MXN,"Ricardo Flores Magón, Naucalpan, Estado De México",88 m² construidos,2 recámaras,2 baños,https://departamento.mercadolibre.com.mx/MLM-4965375282-departamentos-en-venta-en-naucalpan-de-juarez-_JM,https://http2.mlstatic.com/D_NQ_NP_2X_657553-MLM114038287106_072026-E.webp,NAUCALPAN
"Apartamentos En Venta En Lomas Del Huizachal, Naucalpan De Juárez Con Altas Prestaciones",5300000,MXN,"Sin Calle, Lomas Del Huizachal, Naucalpan, Estado De México",108 m² construidos,3 recámaras,2 baños,https://departamento.mercadolibre.com.mx/MLM-5106775674-apartamentos-en-venta-en-lomas-del-huizachal-naucalpan-de-juarez-con-altas-prestaciones-_JM,https://http2.mlstatic.com/D_NQ_NP_2X_650625-MLM109881006907_032026-E.webp,NAUCALPAN
¡espectacular Departamento En Venta En Fuente De Pirámides!,4900000,MXN,"Lomas De Tecamachalco, Naucalpan, Estado De México",100 m² construidos,2 recámaras,1 baño,https://departamento.mercadolibre.com.mx/MLM-5029711308-espectacular-departamento-en-venta-en-fuente-de-piramides-_JM,https://http2.mlstatic.com/D_NQ_NP_2X_832140-MLM108958650925_032026-E.webp,NAUCALPAN
Fuente De Pirámides 10 Excelente Departamento A La Venta !,6800000,MXN,"Lomas De Tecamachalco, Naucalpan, Estado De México",160 m² construidos,3 recámaras,2 baños,https://departamento.mercadolibre.com.mx/MLM-5511477380-fuente-de-piramides-10-excelente-departamento-a-la-venta--_JM,https://http2.mlstatic.com/D_NQ_NP_2X_765319-MLM113314625085_062026-E.webp,NAUCALPAN
"Departamento En Venta, Con Mucho Potencial En Tecamachalco",8500000,MXN,"Fuente De Molinos 43, Lomas De Tecamachalco, Naucalpan, Estado De México",337 m² construidos,3 recámaras,3 baños,https://departamento.mercadolibre.com.mx/MLM-3066094247-departamento-en-venta-con-mucho-potencial-en-tecamachalco-_JM,https://http2.mlstatic.com/D_NQ_NP_2X_901141-MLM112763839618_062026-E.webp,NAUCALPAN
"Departamento En Lomas Del Río, Naucalpan De Juárez - Oportunidad De Venta",6000000,MXN,"Av. Bosque De Minas 59, Lomas Del Río, Naucalpan, Estado De México",164 m² construidos,3 recámaras,2 baños,https://departamento.mercadolibre.com.mx/MLM-3034278579-departamento-en-lomas-del-rio-naucalpan-de-juarez-oportunidad-de-venta-_JM,https://http2.mlstatic.com/D_NQ_NP_2X_938783-MLM113568089751_062026-E.webp,NAUCALPAN
"Departamento Tipo Lofts En Venta, Interlomas",3300000,MXN,"Country Club, Naucalpan, Estado De México",47 m² construidos,1 recámara,1 baño,https://departamento.mercadolibre.com.mx/MLM-3087777823-departamento-tipo-lofts-en-venta-interlomas-_JM,https://http2.mlstatic.com/D_NQ_NP_2X_896151-MLM112967376396_072026-E.webp,NAUCALPAN
"Venta  Departamentos  Tecamachalco, Nuevos De De Lujo(r)",13199000,MXN,"Lomas De Tecamachalco, Naucalpan, Estado De México",375 m² construidos,3 recámaras,3 baños,https://departamento.mercadolibre.com.mx/MLM-3153963973-venta-departamentos-tecamachalco-nuevos-de-de-lujor-_JM,https://http2.mlstatic.com/D_NQ_NP_2X_861479-MLM88651785415_072025-E.webp,NAUCALPAN
"Departamento En Venta En La Nueva Herradura, Naucalpan, Edo. México",4899000,MXN,"La Nueva Herradura, Naucalpan Edo. México, Naucalpan, Estado De México",84 m² construidos,2 recámaras,2 baños,https://departamento.mercadolibre.com.mx/MLM-5706452642-departamento-en-venta-en-la-nueva-herradura-naucalpan-edo-mexico-_JM,https://http2.mlstatic.com/D_NQ_NP_2X_903134-MLM114503950943_072026-E.webp,NAUCALPAN
Departamento En Venta En Tecamachalco,15000000,MXN,"Lomas De Tecamachalco, Naucalpan, Estado De México",306 m² construidos,3 recámaras,3 baños,https://departamento.mercadolibre.com.mx/MLM-3113497925-departamento-en-venta-en-tecamachalco-_JM,https://http2.mlstatic.com/D_NQ_NP_2X_642230-MLM113147465318_072026-E.webp,NAUCALPAN
Departamento En Venta En La Concordia | 3 Recámaras + 3 Estacionamientos Tech,4385000,MXN,"Lomas Verdes 5a Sección (La Concordia), Naucalpan, Estado De México",92 m² construidos,3 recámaras,2 baños,https://departamento.mercadolibre.com.mx/MLM-2978503453-departamento-en-venta-en-la-concordia-3-recamaras-3-estacionamientos-tech-_JM,https://http2.mlstatic.com/D_NQ_NP_2X_724727-MLM112686336439_062026-E.webp,NAUCALPAN
Venta De Departamento Nuevo Al Poniente,4499000,MXN,"Jorullo 22a, Ricardo Flores Magon, 53820 Naucalpan De Juárez, Méx., Mexico, La Herradura, Naucalpan, Estado De México",76 m² construidos,2 recámaras,2 baños,https://departamento.mercadolibre.com.mx/MLM-2775982635-venta-de-departamento-nuevo-al-poniente-_JM,https://http2.mlstatic.com/D_NQ_NP_2X_664051-MLM108433828325_032026-E.webp,NAUCALPAN
Oportunidad! Hermoso Departamento En Venta En Residencial Santa Cruz,5515000,MXN,"Cruz De La Florida, Santa Cruz Del Monte, Naucalpan De Juárez, Santa Cruz Del Monte, Naucalpan, Estado De México",111 m² construidos,3 recámaras,2 baños,https://departamento.mercadolibre.com.mx/MLM-5357308864-oportunidad-hermoso-departamento-en-venta-en-residencial-santa-cruz-_JM,https://http2.mlstatic.com/D_NQ_NP_2X_629606-MLM110837935074_052026-E.webp,NAUCALPAN
Departamento En Venta En Bosque De Lomas Verdes,7250000,MXN,"Lomas Verdes, Naucalpan De Juárez, Lomas Verdes, Naucalpan, Estado De México",148 m² construidos,3 recámaras,3 baños,https://departamento.mercadolibre.com.mx/MLM-2635212301-departamento-en-venta-en-bosque-de-lomas-verdes-_JM,https://http2.mlstatic.com/D_NQ_NP_2X_803952-MLM101998896639_122025-E.webp,NAUCALPAN
"Departamentos En Venta En Lomas Del Huizachal, Naucalpan De Juárez",4900000,MXN,"Camino Arenero  1 - 300, Lomas Del Huizachal, Naucalpan, Estado De México",84 m² construidos,2 recámaras,2 baños,https://departamento.mercadolibre.com.mx/MLM-5106886244-departamentos-en-venta-en-lomas-del-huizachal-naucalpan-de-juarez-_JM,https://http2.mlstatic.com/D_NQ_NP_2X_819148-MLM109880981375_032026-E.webp,NAUCALPAN
Venta De Departamentos.  Fuente De La Jubentud 74 Excelente Ubicación,9850000,MXN,"FUENTE DE JUVENTUD 74, Lomas De Tecamachalco, Naucalpan, Estado De México",186 m² construidos,3 recámaras,3 baños,https://departamento.mercadolibre.com.mx/MLM-2993165033-venta-de-departamentos-fuente-de-la-jubentud-74-excelente-ubicacion-_JM,https://http2.mlstatic.com/D_NQ_NP_2X_659148-MLM112949807421_062026-E.webp,NAUCALPAN
Amplio Y Luminoso Departamento En Venta En La 6a Sección De Lomas Verdes,7700000,MXN,"Del Volador  #x, Lomas Verdes 6a Sección, Naucalpan, Estado De México",222 m² construidos,3 recámaras,3 baños,https://departamento.mercadolibre.com.mx/MLM-4961070426-amplio-y-luminoso-departamento-en-venta-en-la-6a-seccion-de-lomas-verdes-_JM,https://http2.mlstatic.com/D_NQ_NP_2X_997010-MLM108264357987_032026-E.webp,NAUCALPAN
Exclusivo Penthouse Con Vista Panorámica En Venta En Lomas Verdes Tercera Sección.,9500000,MXN,"Paseo De Las Americas  25, Naucalpan, Estado De México",218 m² construidos,3 recámaras,3 baños,https://departamento.mercadolibre.com.mx/MLM-2748627439-exclusivo-penthouse-con-vista-panoramica-en-venta-en-lomas-verdes-tercera-seccion-_JM,https://http2.mlstatic.com/D_NQ_NP_2X_844793-MLM107519563197_022026-E.webp,NAUCALPAN
"Bosques Lomas Verdes, Vigilancia 24 Hrs, Amenidades, Bodega , Cerca Pista",6550000,MXN,"Avenida Lomas Verdes 780, Lomas Verdes, Naucalpan De Juárez, Lomas Verdes 1a Secc., Naucalpan, Estado De México",154 m² construidos,3 recámaras,3 baños,https://departamento.mercadolibre.com.mx/MLM-3176298653-bosques-lomas-verdes-vigilancia-24-hrs-amenidades-bodega-cerca-pista-_JM,https://http2.mlstatic.com/D_NQ_NP_2X_961886-MLM114975460115_072026-E.webp,NAUCALPAN
"Lomas Verdes, Residencial Bosques, Departamento 194 Mts, Amenidades, Vigilancia",7000000,MXN,"Avenida Lomas Verdes 760, Lomas Verdes 1ra Secc, Naucalpan De Juárez, Lomas Verdes 1a Secc., Naucalpan, Estado De México",194 m² construidos,3 recámaras,3 baños,https://departamento.mercadolibre.com.mx/MLM-5843637126-lomas-verdes-residencial-bosques-departamento-194-mts-amenidades-vigilancia-_JM,https://http2.mlstatic.com/D_NQ_NP_2X_735197-MLM115298191167_072026-E.webp,NAUCALPAN
Venta De Bonito Departamento En Los Álamos Agp,4290000,MXN,"Los Álamos, Los Alamos, Naucalpan, Estado De México",122 m² construidos,2 recámaras,2 baños,https://departamento.mercadolibre.com.mx/MLM-3202747369-venta-de-bonito-departamento-en-los-alamos-agp-_JM,https://http2.mlstatic.com/D_NQ_NP_2X_735563-MLM115217481091_072026-E.webp,NAUCALPAN
Departamento En Venta En Lomas Del Olivo En Ciudad De México,5000000,MXN,"Sin Calle, El Olivar, Naucalpan, Estado De México",155 m² construidos,3 recámaras,2 baños,https://departamento.mercadolibre.com.mx/MLM-2661925751-departamento-en-venta-en-lomas-del-olivo-en-ciudad-de-mexico-_JM,https://http2.mlstatic.com/D_NQ_NP_2X_951553-MLM111400662211_052026-E.webp,NAUCALPAN
Departamento En Renta Bosque Real,5590000,MXN,"Venta De Departamento En Bosque Real, 52774 Naucalpan De Juárez, Méx., Naucalpan, Estado De México",100 m² construidos,2 recámaras,3 baños,https://departamento.mercadolibre.com.mx/MLM-3222481849-departamento-en-renta-bosque-real-_JM,https://http2.mlstatic.com/D_NQ_NP_2X_796891-MLM114035735614_072026-E.webp,NAUCALPAN
Departamento En Venta - Naucalpan,6850000,MXN,"Naucalpan, Estado De México",213 m² construidos,3 recámaras,3 baños,https://departamento.mercadolibre.com.mx/MLM-2669375511-departamento-en-venta-naucalpan-_JM,https://http2.mlstatic.com/D_NQ_NP_2X_773991-MLM108254384653_032026-E.webp,NAUCALPAN
"Departamento En Venta, Lomas Verdes, 2 Recamaras.",2450000,MXN,"Lomas Verdes 5a Sección (La Concordia), Naucalpan, Estado De México",75 m² construidos,2 recámaras,1 baño,https://departamento.mercadolibre.com.mx/MLM-5893622194-departamento-en-venta-lomas-verdes-2-recamaras-_JM,https://http2.mlstatic.com/D_NQ_NP_2X_811843-MLM114258299928_082026-E.webp,NAUCALPAN
"Departamento En Venta, Mirabella Iii, 3 Recámaras",7000000,MXN,"Lomas Del Río, Naucalpan, Estado De México",164 m² construidos,3 recámaras,3 baños,https://departamento.mercadolibre.com.mx/MLM-5178842128-departamento-en-venta-mirabella-iii-3-recamaras-_JM,https://http2.mlstatic.com/D_NQ_NP_2X_884926-MLM109520505158_042026-E.webp,NAUCALPAN
"Departamento En Venta, Zereniti Residencial, 3 Recamaras",15000000,MXN,"Country Club, Naucalpan, Estado De México",305 m² construidos,3 recámaras,3 baños,https://departamento.mercadolibre.com.mx/MLM-2750059123-departamento-en-venta-zereniti-residencial-3-recamaras-_JM,https://http2.mlstatic.com/D_NQ_NP_2X_958880-MLM107592468203_022026-E.webp,NAUCALPAN
"Venta De Departamento De 4 Recámaras, Con Roof Garden Privado, Cerca De Campo De Golf De Chapultepec, Colonia Country Club, Cerca De La Herradura Y Conscripto, Naucalpan, Cdmx, Mexico",10190505,MXN,"C. Magnolias 44, MZ 018, Heroes De La Revolucion, Naucalpan De Juárez, Héroes De La Revolución, Naucalpan, Estado De México",201 m² construidos,4 recámaras,5 baños,https://departamento.mercadolibre.com.mx/MLM-2831498141-venta-de-departamento-de-4-recamaras-con-roof-garden-privado-cerca-de-campo-de-golf-de-chapultepec-colonia-country-club-cerca-de-la-herradura-y-conscripto-naucalpan-cdmx-mexico-_JM,https://http2.mlstatic.com/D_NQ_NP_2X_927091-MLM89751775809_082025-E.webp,NAUCALPAN
"Departamento En Venta, Lomas Verdes , 3 Recamaras",14400000,MXN,"Lomas Verdes (Conjunto Lomas Verdes), Naucalpan, Estado De México",263 m² construidos,3 recámaras,3 baños,https://departamento.mercadolibre.com.mx/MLM-2865179401-departamento-en-venta-lomas-verdes-3-recamaras-_JM,https://http2.mlstatic.com/D_NQ_NP_2X_611630-MLM109559340440_042026-E.webp,NAUCALPAN
"Naucalpan, Santa Cruz De La Concepción",4500000,MXN,"Santa Cruz Del Monte, Naucalpan, Estado De México",101 m² construidos,2 recámaras,2 baños,https://departamento.mercadolibre.com.mx/MLM-5609271590-naucalpan-santa-cruz-de-la-concepcion-_JM,https://http2.mlstatic.com/D_NQ_NP_2X_886795-MLM112773478788_062026-E.webp,NAUCALPAN
Venta Departamento Santa Cruz,5515000000,MXN,"Santa Cruz Del Monte, Naucalpan, Estado De México",111 m² construidos,3 recámaras,2 baños,https://departamento.mercadolibre.com.mx/MLM-5609238016-venta-departamento-santa-cruz-_JM,https://http2.mlstatic.com/D_NQ_NP_2X_669026-MLM112773481832_062026-E.webp,NAUCALPAN
Departamento En Venta Lomas De Tecamachalco,12000000,MXN,"Lomas De Tecamachalco, Naucalpan, Estado De México",300 m² construidos,3 recámaras,3 baños,https://departamento.mercadolibre.com.mx/MLM-5159143108-departamento-en-venta-lomas-de-tecamachalco-_JM,https://http2.mlstatic.com/D_NQ_NP_2X_652229-MLM114980920469_072026-E.webp,NAUCALPAN
Venta Departamento Santa Cruz,5800000,MXN,"Santa Cruz Del Monte, Naucalpan, Estado De México",111 m² construidos,3 recámaras,2 baños,https://departamento.mercadolibre.com.mx/MLM-3066764981-venta-departamento-santa-cruz-_JM,https://http2.mlstatic.com/D_NQ_NP_2X_885472-MLM112773508144_062026-E.webp,NAUCALPAN
Departamento / Venta / Lomas De Tecamachalco / Naucalpan,14800000,MXN,"Lomas De Tecamachalco, Naucalpan, Estado De México",220 m² construidos,3 recámaras,3 baños,https://departamento.mercadolibre.com.mx/MLM-5510749462-departamento-venta-lomas-de-tecamachalco-naucalpan-_JM,https://http2.mlstatic.com/D_NQ_NP_2X_722981-MLM114606251787_072026-E.webp,NAUCALPAN
Departamento En Venta En Tecamachalco,8900000,MXN,"Lomas De Tecamachalco, Naucalpan, Estado De México",242 m² construidos,3 recámaras,3 baños,https://departamento.mercadolibre.com.mx/MLM-5159168728-departamento-en-venta-en-tecamachalco-_JM,https://http2.mlstatic.com/D_NQ_NP_2X_926860-MLM114899549697_072026-E.webp,NAUCALPAN
Departamento En Venta En Lomas Country Club,26400000,MXN,"Country Club, Naucalpan, Estado De México",388 m² construidos,4 recámaras,3 baños,https://departamento.mercadolibre.com.mx/MLM-5159155360-departamento-en-venta-en-lomas-country-club-_JM,https://http2.mlstatic.com/D_NQ_NP_2X_769111-MLM114979342341_072026-E.webp,NAUCALPAN
"Departamento En Venta En Lomas De Tecamachalco,  Naucalpan De Juárez",10300000,MXN,"Tecamachalco, State Of Mexico, Naucalpan De Juárez, Lomas De Tecamachalco, Naucalpan, Estado De México",290 m² construidos,3 recámaras,3 baños,https://departamento.mercadolibre.com.mx/MLM-5263908278-departamento-en-venta-en-lomas-de-tecamachalco-naucalpan-de-juarez-_JM,https://http2.mlstatic.com/D_NQ_NP_2X_762453-MLM111041317683_042026-E.webp,NAUCALPAN
Departamento En Venta En Lomas De Tecamachalco Estado De Mexico,16000000,MXN,"Lomas De Tecamachalco, Naucalpan, Estado De México",438 m² construidos,3 recámaras,3 baños,https://departamento.mercadolibre.com.mx/MLM-5902656632-departamento-en-venta-en-lomas-de-tecamachalco-estado-de-mexico-_JM,https://http2.mlstatic.com/D_NQ_NP_2X_914534-MLM114322242094_082026-E.webp,NAUCALPAN
Preventa De Lujosos Departamentos En Lomas Anáhuac,9960000,MXN,"Sin Calle, Lomas De Tecamachalco, Naucalpan, Estado De México",255 m² construidos,3 recámaras,3 baños,https://departamento.mercadolibre.com.mx/MLM-5866583982-preventa-de-lujosos-departamentos-en-lomas-anahuac-_JM,https://http2.mlstatic.com/D_NQ_NP_2X_964344-MLM115402868551_072026-E.webp,NAUCALPAN
Venta Departamento En Bosque De Lomas Verdes,7000000,MXN,"Lomas Verdes 1a Secc., Naucalpan, Estado De México",192 m² construidos,4 recámaras,2 baños,https://departamento.mercadolibre.com.mx/MLM-3242896873-venta-departamento-en-bosque-de-lomas-verdes-_JM,https://http2.mlstatic.com/D_NQ_NP_2X_850438-MLM114226080904_082026-E.webp,NAUCALPAN
Departamento En Torre Manhattan Tecamachalco Venta,10000000,MXN,"Sin Calle, Lomas De Tecamachalco, Naucalpan, Estado De México",285 m² construidos,3 recámaras,2 baños,https://departamento.mercadolibre.com.mx/MLM-5866583984-departamento-en-torre-manhattan-tecamachalco-venta-_JM,https://http2.mlstatic.com/D_NQ_NP_2X_627762-MLM115402894589_072026-E.webp,NAUCALPAN
Departamento De Un Solo Piso Con Opcion De Dividir En Venta En Tecamachalco,12000000,MXN,"Sin Calle, Lomas De Tecamachalco, Naucalpan, Estado De México",290 m² construidos,4 recámaras,4 baños,https://departamento.mercadolibre.com.mx/MLM-5866596310-departamento-de-un-solo-piso-con-opcion-de-dividir-en-venta-en-tecamachalco-_JM,https://http2.mlstatic.com/D_NQ_NP_2X_640223-MLM115402860867_072026-E.webp,NAUCALPAN
Departamento En Venta En Ciudad Satélite,4580000,MXN,"Calle Benito Juárez 93, Ciudad Satélite, Naucalpan, Estado De México",98 m² construidos,2 recámaras,2 baños,https://departamento.mercadolibre.com.mx/MLM-4995459670-departamento-en-venta-en-ciudad-satelite-_JM,https://http2.mlstatic.com/D_NQ_NP_2X_612273-MLM107885246866_032026-E.webp,NAUCALPAN
Departamento En Venta En Ciudad Satélite,5515000,MXN,"Cruz De La Florida, Ciudad Satélite, Naucalpan, Estado De México",111 m² construidos,3 recámaras,2 baños,https://departamento.mercadolibre.com.mx/MLM-5488223958-departamento-en-venta-en-ciudad-satelite-_JM,https://http2.mlstatic.com/D_NQ_NP_2X_724367-MLM113075175363_062026-E.webp,NAUCALPAN
Departamento En Renta En Bosque Real,43000,MXN,"Privada Del Romance 27, Minas Palacio, Naucalpan, Estado De México",154 m² construidos,2 recámaras,2 baños,https://departamento.mercadolibre.com.mx/MLM-2930606417-departamento-en-renta-en-bosque-real-_JM,https://http2.mlstatic.com/D_NQ_NP_2X_912663-MLM112955311335_062026-E.webp,NAUCALPAN
Departamento En Venta En Lomas Verdes 5a Sección,11150000,MXN,"General Miguel Miramon, Lomas Verdes 5a Sección (La Concordia), Naucalpan, Estado De México",285 m² construidos,3 recámaras,3 baños,https://departamento.mercadolibre.com.mx/MLM-4761767720-departamento-en-venta-en-lomas-verdes-5a-seccion-_JM,https://http2.mlstatic.com/D_NQ_NP_2X_689552-MLM106830353331_022026-E.webp,NAUCALPAN
Departamento En Venta En Lomas Verdes,11700000,MXN,"Bosques De Lomas Verdes, Lomas Verdes, Naucalpan, Estado De México",300 m² construidos,3 recámaras,4 baños,https://departamento.mercadolibre.com.mx/MLM-4761819724-departamento-en-venta-en-lomas-verdes-_JM,https://http2.mlstatic.com/D_NQ_NP_2X_840027-MLM108393976011_032026-E.webp,NAUCALPAN
"Departamento En Venta |praderas De San Mateo, Naucalpan, Estado De México",3365000,MXN,"Praderas De San Mateo S/N, Naucalpan, Estado De México",117 m² construidos,2 recámaras,3 baños,https://departamento.mercadolibre.com.mx/MLM-5823879980-departamento-en-venta-praderas-de-san-mateo-naucalpan-estado-de-mexico-_JM,https://http2.mlstatic.com/D_NQ_NP_2X_712636-MLM115395773525_072026-E.webp,NAUCALPAN
Departamento En Venta En Bosque Real,15287800,MXN,"Avenida Vista Real Número 15, Real Del Bosque, Naucalpan, Estado De México",317 m² construidos,3 recámaras,3 baños,https://departamento.mercadolibre.com.mx/MLM-2984750419-departamento-en-venta-en-bosque-real-_JM,https://http2.mlstatic.com/D_NQ_NP_2X_845011-MLM112803813627_062026-E.webp,NAUCALPAN
Departamento En Venta En Bosque Real,10800000,MXN,"Residencial Green 0, Real Del Bosque, Naucalpan, Estado De México",260 m² construidos,3 recámaras,3 baños,https://departamento.mercadolibre.com.mx/MLM-4761808482-departamento-en-venta-en-bosque-real-_JM,https://http2.mlstatic.com/D_NQ_NP_2X_803167-MLM106831512963_022026-E.webp,NAUCALPAN
Departamento En Venta En Bosque Real,13250000,MXN,"Avenida Loma Alta, La Mancha, Naucalpan, Estado De México",315 m² construidos,3 recámaras,3 baños,https://departamento.mercadolibre.com.mx/MLM-4761832514-departamento-en-venta-en-bosque-real-_JM,https://http2.mlstatic.com/D_NQ_NP_2X_994316-MLM106830349939_022026-E.webp,NAUCALPAN
Departamento En Venta En Bosque Real,28179100,MXN,"Avenida Vista Real 0, Real Del Bosque, Naucalpan, Estado De México",582 m² construidos,3 recámaras,3 baños,https://departamento.mercadolibre.com.mx/MLM-2984775101-departamento-en-venta-en-bosque-real-_JM,https://http2.mlstatic.com/D_NQ_NP_2X_733732-MLM112086692602_062026-E.webp,NAUCALPAN
Departamento En Venta En Bosque Real,8490000,MXN,"Avenida Loma Alta, La Mancha, Naucalpan, Estado De México",200 m² construidos,3 recámaras,3 baños,https://departamento.mercadolibre.com.mx/MLM-4995471282-departamento-en-venta-en-bosque-real-_JM,https://http2.mlstatic.com/D_NQ_NP_2X_894514-MLM107885162234_032026-E.webp,NAUCALPAN
Departamento En Venta En Lomas De Tecamachalco,8500000,MXN,"Fuente De La Juventud, Lomas De Tecamachalco, Naucalpan, Estado De México",244 m² construidos,3 recámaras,3 baños,https://departamento.mercadolibre.com.mx/MLM-4761588552-departamento-en-venta-en-lomas-de-tecamachalco-_JM,https://http2.mlstatic.com/D_NQ_NP_2X_845731-MLM106206715434_022026-E.webp,NAUCALPAN
Departamento En Venta En Lomas De Tecamachalco,14545000,MXN,"Av De Las Fuentes Null, Lomas De Tecamachalco, Naucalpan, Estado De México",310 m² construidos,3 recámaras,3 baños,https://departamento.mercadolibre.com.mx/MLM-4761638514-departamento-en-venta-en-lomas-de-tecamachalco-_JM,https://http2.mlstatic.com/D_NQ_NP_2X_800307-MLM106205767152_022026-E.webp,NAUCALPAN
Departamento En Venta En Miramar,8799000,MXN,"Camino Arenero, Naucalpan, Estado De México",217 m² construidos,3 recámaras,2 baños,https://departamento.mercadolibre.com.mx/MLM-5823434240-departamento-en-venta-en-miramar-_JM,https://http2.mlstatic.com/D_NQ_NP_2X_811133-MLM115205354087_072026-E.webp,NAUCALPAN
Se Vende Departamento En Tecamachalco,8500000,MXN,"Fuente De Molinos Sn, Reforma Social (Lomas De San Isidro), Naucalpan, Estado De México",236 m² construidos,3 recámaras,3 baños,https://departamento.mercadolibre.com.mx/MLM-5561005742-se-vende-departamento-en-tecamachalco-_JM,https://http2.mlstatic.com/D_NQ_NP_2X_652058-MLM112502863290_062026-E.webp,NAUCALPAN
Departamento En Venta En Ciudad Satélite,7000000,MXN,"Cto. Circunvalacion Pte., Ciudad Satélite, Naucalpan, Estado De México",123 m² construidos,2 recámaras,2 baños,https://departamento.mercadolibre.com.mx/MLM-4995492752-departamento-en-venta-en-ciudad-satelite-_JM,https://http2.mlstatic.com/D_NQ_NP_2X_788586-MLM108640510097_032026-E.webp,NAUCALPAN
Departamento En Venta En San José Río Hondo (río Hondo),5890000,MXN,"Camino Arenero 150, San José Río Hondo, Naucalpan, Estado De México",160 m² construidos,3 recámaras,2 baños,https://departamento.mercadolibre.com.mx/MLM-4761690244-departamento-en-venta-en-san-jose-rio-hondo-rio-hondo-_JM,https://http2.mlstatic.com/D_NQ_NP_2X_847859-MLM106205802550_022026-E.webp,NAUCALPAN
Departamento En Venta En Green House,15493600,MXN,"Avenida Vista Real 15, Country Club, Naucalpan, Estado De México",312 m² construidos,3 recámaras,3 baños,https://departamento.mercadolibre.com.mx/MLM-2984750421-departamento-en-venta-en-green-house-_JM,https://http2.mlstatic.com/D_NQ_NP_2X_824497-MLM112803813829_062026-E.webp,NAUCALPAN
Departamento En Venta En Bosque Real,8300000,MXN,"BR Five - Torre A, Real Del Bosque, Naucalpan, Estado De México",210 m² construidos,3 recámaras,3 baños,https://departamento.mercadolibre.com.mx/MLM-2984761987-departamento-en-venta-en-bosque-real-_JM,https://http2.mlstatic.com/D_NQ_NP_2X_960839-MLM112803749893_062026-E.webp,NAUCALPAN
Departamento En Venta En Bosque Real,17468472,MXN,"Privada Del Jardin 43, La Mancha II, Naucalpan, Estado De México",311 m² construidos,3 recámaras,3 baños,https://departamento.mercadolibre.com.mx/MLM-2784802015-departamento-en-venta-en-bosque-real-_JM,https://http2.mlstatic.com/D_NQ_NP_2X_937840-MLM107885199806_032026-E.webp,NAUCALPAN
Departamento En Venta En Bosque Real,10390000,MXN,"Privada Del Romance 27-v, Minas Palacio, Naucalpan, Estado De México",177 m² construidos,2 recámaras,2 baños,https://departamento.mercadolibre.com.mx/MLM-2784656383-departamento-en-venta-en-bosque-real-_JM,https://http2.mlstatic.com/D_NQ_NP_2X_750316-MLM107885239840_032026-E.webp,NAUCALPAN
Departamento En Venta En Bosque Real,12800000,MXN,"Privada Del Jardin 43 - 700, La Mancha, Naucalpan, Estado De México",277 m² construidos,3 recámaras,3 baños,https://departamento.mercadolibre.com.mx/MLM-4761550102-departamento-en-venta-en-bosque-real-_JM,https://http2.mlstatic.com/D_NQ_NP_2X_853755-MLM106831485297_022026-E.webp,NAUCALPAN
Departamento En Venta En Santa Cruz Ácatlán,4800000,MXN,"Avenida Lomas Verdes 0, Santa Cruz Acatlan, Naucalpan, Estado De México",68 m² construidos,2 recámaras,2 baños,https://departamento.mercadolibre.com.mx/MLM-4761692112-departamento-en-venta-en-santa-cruz-acatlan-_JM,https://http2.mlstatic.com/D_NQ_NP_2X_876583-MLM106831516571_022026-E.webp,NAUCALPAN
Departamento En Venta En Santa Cruz Ácatlán,6800000,MXN,"Avenida Lomas Verdes 0, Santa Cruz Acatlan, Naucalpan, Estado De México",94 m² construidos,3 recámaras,2 baños,https://departamento.mercadolibre.com.mx/MLM-4761897756-departamento-en-venta-en-santa-cruz-acatlan-_JM,https://http2.mlstatic.com/D_NQ_NP_2X_789205-MLM106831516973_022026-E.webp,NAUCALPAN
Departamento En Venta En Bosque Real,7800000,MXN,"BR Five - Torre A, Real Del Bosque, Naucalpan, Estado De México",202 m² construidos,3 recámaras,3 baños,https://departamento.mercadolibre.com.mx/MLM-3049627717-departamento-en-venta-en-bosque-real-_JM,https://http2.mlstatic.com/D_NQ_NP_2X_751499-MLM112596073860_062026-E.webp,NAUCALPAN
Departamento En Venta En Lomas De Tecamachalco,15730000,MXN,"Fuente De Las Águilas 100, Lomas De Tecamachalco, Naucalpan, Estado De México",332 m² construidos,3 recámaras,3 baños,https://departamento.mercadolibre.com.mx/MLM-5446730026-departamento-en-venta-en-lomas-de-tecamachalco-_JM,https://http2.mlstatic.com/D_NQ_NP_2X_786979-MLM111595298314_062026-E.webp,NAUCALPAN
Departamento En Venta En Bosque Real,9676311,MXN,"Privada Del Romance 27-v, Minas Palacio, Naucalpan, Estado De México",154 m² construidos,2 recámaras,2 baños,https://departamento.mercadolibre.com.mx/MLM-4761780274-departamento-en-venta-en-bosque-real-_JM,https://http2.mlstatic.com/D_NQ_NP_2X_674893-MLM106830350245_022026-E.webp,NAUCALPAN
"Departamento En Venta, Lomas Country Club",15493200,MXN,"Country Club, Naucalpan, Estado De México",275 m² construidos,3 recámaras,3 baños,https://departamento.mercadolibre.com.mx/MLM-5132938466-departamento-en-venta-lomas-country-club-_JM,https://http2.mlstatic.com/D_NQ_NP_2X_831421-MLM95395266098_102025-E.webp,NAUCALPAN
Departamento En Venta En Miramar,5099000,MXN,"Camino Arenero 150-mz 0, Naucalpan, Estado De México",96 m² construidos,3 recámaras,2 baños,https://departamento.mercadolibre.com.mx/MLM-3198238313-departamento-en-venta-en-miramar-_JM,https://http2.mlstatic.com/D_NQ_NP_2X_712217-MLM113875627594_072026-E.webp,NAUCALPAN
"Departamento En Venta, Lomas Country Club",9609100,MXN,"Country Club, Naucalpan, Estado De México",167 m² construidos,2 recámaras,2 baños,https://departamento.mercadolibre.com.mx/MLM-2843525373-departamento-en-venta-lomas-country-club-_JM,https://http2.mlstatic.com/D_NQ_NP_2X_754499-MLM95395294458_102025-E.webp,NAUCALPAN
"Departamento En Venta, Lomas Country Club",13506500,MXN,"Country Club, Naucalpan, Estado De México",167 m² construidos,3 recámaras,3 baños,https://departamento.mercadolibre.com.mx/MLM-5132926912-departamento-en-venta-lomas-country-club-_JM,https://http2.mlstatic.com/D_NQ_NP_2X_857361-MLM95395292872_102025-E.webp,NAUCALPAN
Departamento En Venta En Lomas De Tecamachalco,16485500,MXN,"Fuente De Las Águilas 100, Lomas De Tecamachalco, Naucalpan, Estado De México",321 m² construidos,3 recámaras,3 baños,https://departamento.mercadolibre.com.mx/MLM-5827507636-departamento-en-venta-en-lomas-de-tecamachalco-_JM,https://http2.mlstatic.com/D_NQ_NP_2X_602752-MLM115225743363_072026-E.webp,NAUCALPAN
Departamento En Venta En Santa Cruz Ácatlán,5526000,MXN,"Avenida Lomas Verdes, Las Misiones, Naucalpan, Estado De México",69 m² construidos,2 recámaras,2 baños,https://departamento.mercadolibre.com.mx/MLM-4761575642-departamento-en-venta-en-santa-cruz-acatlan-_JM,https://http2.mlstatic.com/D_NQ_NP_2X_970266-MLM106206678162_022026-E.webp,NAUCALPAN
"Pre Venta Departamento En Santa Cruz Del Monte, Cerca Sátelite",5380000,MXN,"Santa Cruz Del Monte, Naucalpan, Estado De México",110 m² construidos,3 recámaras,2 baños,https://departamento.mercadolibre.com.mx/MLM-5694956746-pre-venta-departamento-en-santa-cruz-del-monte-cerca-satelite-_JM,https://http2.mlstatic.com/D_NQ_NP_2X_707361-MLM82376185555_022025-E.webp,NAUCALPAN
Departamento En Venta En Lomas Hipódromo,5900000,MXN,"16 De Septiembre 38 - B, Lomas Hipódromo, Naucalpan, Estado De México",172 m² construidos,3 recámaras,2 baños,https://departamento.mercadolibre.com.mx/MLM-2902843777-departamento-en-venta-en-lomas-hipodromo-_JM,https://http2.mlstatic.com/D_NQ_NP_2X_901501-MLM110188743770_052026-E.webp,NAUCALPAN
Departamento En Venta En Lomas De Tecamachalco,9000000,MXN,"Lomas De Tecamachalco, Naucalpan, Estado De México",236 m² construidos,3 recámaras,2 baños,https://departamento.mercadolibre.com.mx/MLM-2924534645-departamento-en-venta-en-lomas-de-tecamachalco-_JM,https://http2.mlstatic.com/D_NQ_NP_2X_985140-MLM110623681140_052026-E.webp,NAUCALPAN
Departamento Nuevo En La 6a Seccion De Lomas Verdes Freixido,8650000,MXN,"Lomas Verdes 6a Sección, Naucalpan, Estado De México",267 m² construidos,3 recámaras,2 baños,https://departamento.mercadolibre.com.mx/MLM-4965140350-departamento-nuevo-en-la-6a-seccion-de-lomas-verdes-freixido-_JM,https://http2.mlstatic.com/D_NQ_NP_2X_935069-MLM107577679036_032026-E.webp,NAUCALPAN
Departamento En Venta Avenida Vista Real  Lomas Country Club,15250000,MXN,"Country Club, Naucalpan, Estado De México",248 m² construidos,3 recámaras,4 baños,https://departamento.mercadolibre.com.mx/MLM-2976423127-departamento-en-venta-avenida-vista-real-lomas-country-club-_JM,https://http2.mlstatic.com/D_NQ_NP_2X_604092-MLM114322416254_082026-E.webp,NAUCALPAN
"Departamentos En Venta En Jesús Del Monte, Interlomas, Estado De México",7400000,MXN,"Country Club, Naucalpan, Estado De México",148 m² construidos,3 recámaras,3 baños,https://departamento.mercadolibre.com.mx/MLM-5445165702-departamentos-en-venta-en-jesus-del-monte-interlomas-estado-de-mexico-_JM,https://http2.mlstatic.com/D_NQ_NP_2X_933872-MLM114322485356_082026-E.webp,NAUCALPAN
Departamento En Venta En Lomas De Tecamachalco,15154500,MXN,"Av De Las Fuentes 3333, Lomas De Tecamachalco, Naucalpan, Estado De México",281 m² construidos,3 recámaras,3 baños,https://departamento.mercadolibre.com.mx/MLM-4761741828-departamento-en-venta-en-lomas-de-tecamachalco-_JM,https://http2.mlstatic.com/D_NQ_NP_2X_863697-MLM106205784130_022026-E.webp,NAUCALPAN
Departamento En Venta En Lomas Verdes 6ta Sección,11150000,MXN,"Residencial FREIXIDO, Lomas Verdes 5a Secc., Naucalpan, Estado De México",285 m² construidos,3 recámaras,2 baños,https://departamento.mercadolibre.com.mx/MLM-5488134348-departamento-en-venta-en-lomas-verdes-6ta-seccion-_JM,https://http2.mlstatic.com/D_NQ_NP_2X_771234-MLM113075203471_062026-E.webp,NAUCALPAN
Departamento En Venta En Miramar,4849000,MXN,"Camino Arenero 100, Naucalpan, Estado De México",88 m² construidos,2 recámaras,2 baños,https://departamento.mercadolibre.com.mx/MLM-5316246436-departamento-en-venta-en-miramar-_JM,https://http2.mlstatic.com/D_NQ_NP_2X_696502-MLM110539231450_052026-E.webp,NAUCALPAN
"Departamento Con Terraza En Residencial Tiara, Lomas De Tecamachalco",14000000,MXN,"Lomas De Tecamachalco, Naucalpan, Estado De México",244 m² construidos,3 recámaras,3 baños,https://departamento.mercadolibre.com.mx/MLM-5672724472-departamento-con-terraza-en-residencial-tiara-lomas-de-tecamachalco-_JM,https://http2.mlstatic.com/D_NQ_NP_2X_611206-MLM113103274090_072026-E.webp,NAUCALPAN
"Departamento En Venta, Ahuehuetes Nte, Bosques De Las Lomas",14800000,MXN,"Lomas De Tecamachalco, Naucalpan, Estado De México",225 m² construidos,3 recámaras,3 baños,https://departamento.mercadolibre.com.mx/MLM-3006241839-departamento-en-venta-ahuehuetes-nte-bosques-de-las-lomas-_JM,https://http2.mlstatic.com/D_NQ_NP_2X_742125-MLM112029173328_062026-E.webp,NAUCALPAN
Departamento En Venta En Lomas Verdes 6ta Sección,7500000,MXN,"Francisco Javier Miranda 0, Lomas Verdes 5a Secc., Naucalpan, Estado De México",230 m² construidos,2 recámaras,2 baños,https://departamento.mercadolibre.com.mx/MLM-4761806526-departamento-en-venta-en-lomas-verdes-6ta-seccion-_JM,https://http2.mlstatic.com/D_NQ_NP_2X_634808-MLM106205773880_022026-E.webp,NAUCALPAN
Departamento En Venta En Lomas De Tecamachalco,19345500,MXN,"Avenida De Las Fuentes 300, Lomas De Tecamachalco, Naucalpan, Estado De México",474 m² construidos,3 recámaras,3 baños,https://departamento.mercadolibre.com.mx/MLM-4761588562-departamento-en-venta-en-lomas-de-tecamachalco-_JM,https://http2.mlstatic.com/D_NQ_NP_2X_943254-MLM106206699878_022026-E.webp,NAUCALPAN
Departamento En Venta En Lomas De Tecamachalco,15950000,MXN,"Avenida De Las Fuentes 300, Lomas De Tecamachalco, Naucalpan, Estado De México",367 m² construidos,3 recámaras,3 baños,https://departamento.mercadolibre.com.mx/MLM-4761640516-departamento-en-venta-en-lomas-de-tecamachalco-_JM,https://http2.mlstatic.com/D_NQ_NP_2X_924332-MLM106206699940_022026-E.webp,NAUCALPAN
Departamento En Venta En Lomas De Tecamachalco,19345500,MXN,"Av De Las Fuentes 3333, Lomas De Tecamachalco, Naucalpan, Estado De México",493 m² construidos,3 recámaras,3 baños,https://departamento.mercadolibre.com.mx/MLM-4761691986-departamento-en-venta-en-lomas-de-tecamachalco-_JM,https://http2.mlstatic.com/D_NQ_NP_2X_855904-MLM106831485395_022026-E.webp,NAUCALPAN
"Venta De  Ph Con Roof Garden, Herradura",10500000,MXN,"Naucalpan, Estado De México",390 m² construidos,4 recámaras,4 baños,https://departamento.mercadolibre.com.mx/MLM-5809950238-venta-de-ph-con-roof-garden-herradura-_JM,https://http2.mlstatic.com/D_NQ_NP_2X_809852-MLM113839424868_072026-E.webp,NAUCALPAN
Venta Departamento Lomas Country Interlomas,10600000,MXN,"Country Club, Naucalpan, Estado De México",280 m² construidos,3 recámaras,3 baños,https://departamento.mercadolibre.com.mx/MLM-3136567691-venta-departamento-lomas-country-interlomas-_JM,https://http2.mlstatic.com/D_NQ_NP_2X_765730-MLM114564118097_072026-E.webp,NAUCALPAN
Departamento En Venta En Lomas De Tecamachalco,15500000,MXN,"Avenida Vista Real 0, Lomas De Tecamachalco, Naucalpan, Estado De México",287 m² construidos,3 recámaras,3 baños,https://departamento.mercadolibre.com.mx/MLM-4761703002-departamento-en-venta-en-lomas-de-tecamachalco-_JM,https://http2.mlstatic.com/D_NQ_NP_2X_665284-MLM106205844368_022026-E.webp,NAUCALPAN
"Departamento A La Venta En Bosque Real, Huixquilucan, Edomex",11500000,MXN,"Priv. De La Cumbre 20, MZ 1 - 300, Bosque Real, Naucalpan De Juárez, Bosque Alto, Naucalpan, Estado De México",360 m² construidos,3 recámaras,3 baños,https://departamento.mercadolibre.com.mx/MLM-5030251652-departamento-a-la-venta-en-bosque-real-huixquilucan-edomex-_JM,https://http2.mlstatic.com/D_NQ_NP_2X_733020-MLM108181380920_032026-E.webp,NAUCALPAN
"Departamento En Venta  Bosque Real, Naucalpan De Juarez, Edo De Mexico.",11745000,MXN,"Bosque Alto, Naucalpan, Estado De México",215 m² construidos,3 recámaras,3 baños,https://departamento.mercadolibre.com.mx/MLM-2976422917-departamento-en-venta-bosque-real-naucalpan-de-juarez-edo-de-mexico-_JM,https://http2.mlstatic.com/D_NQ_NP_2X_687693-MLM114322400222_082026-E.webp,NAUCALPAN
Departamento En Venta En Bosque Real En Naucalpan De Juarez En Edo De Mexico,11125000,MXN,"Bosque Alto, Naucalpan, Estado De México",203 m² construidos,3 recámaras,3 baños,https://departamento.mercadolibre.com.mx/MLM-5445165212-departamento-en-venta-en-bosque-real-en-naucalpan-de-juarez-en-edo-de-mexico-_JM,https://http2.mlstatic.com/D_NQ_NP_2X_854712-MLM114322352184_082026-E.webp,NAUCALPAN
Departamento En Venta En Lomas Country Interlomas,18600000,MXN,"Country Club, Naucalpan, Estado De México",355 m² construidos,3 recámaras,3 baños,https://departamento.mercadolibre.com.mx/MLM-5445177192-departamento-en-venta-en-lomas-country-interlomas-_JM,https://http2.mlstatic.com/D_NQ_NP_2X_651104-MLM115663523423_082026-E.webp,NAUCALPAN
"Departamentos En Venta En Camino Arenero, La Herradura Naucalpan",4849000,MXN,"CAMINO ARENERO 150, Naucalpan, Estado De México",88 m² construidos,2 recámaras,2 baños,https://departamento.mercadolibre.com.mx/MLM-3029728073-departamentos-en-venta-en-camino-arenero-la-herradura-naucalpan-_JM,https://http2.mlstatic.com/D_NQ_NP_2X_893696-MLM112322950736_062026-E.webp,NAUCALPAN
Departamento En Venta En Lomas Country Club,12600000,MXN,"Avenida De Las Flores 0, Loma Linda, Naucalpan, Estado De México",277 m² construidos,3 recámaras,3 baños,https://departamento.mercadolibre.com.mx/MLM-5507199714-departamento-en-venta-en-lomas-country-club-_JM,https://http2.mlstatic.com/D_NQ_NP_2X_829830-MLM113271784335_062026-E.webp,NAUCALPAN
"Penthouse En Venta, En Residencial Del Bosque Ii",14400000,MXN,"Country Club, Naucalpan, Estado De México",430 m² construidos,3 recámaras,3 baños,https://departamento.mercadolibre.com.mx/MLM-5132938452-penthouse-en-venta-en-residencial-del-bosque-ii-_JM,https://http2.mlstatic.com/D_NQ_NP_2X_621739-MLM95832391599_102025-E.webp,NAUCALPAN
Departamento En Venta En Miramar,3649000,MXN,"Camino Arenero 100, Miramar, Naucalpan, Estado De Mexico, Miramar, Naucalpan, Estado De México",61 m² construidos,1 recámara,1 baño,https://departamento.mercadolibre.com.mx/MLM-5523549366-departamento-en-venta-en-miramar-_JM,https://http2.mlstatic.com/D_NQ_NP_2X_925052-MLM113384263421_062026-E.webp,NAUCALPAN
Venta De Departamento Ph En Lomas De Tecamachalco,16000000,MXN,"Lomas De Tecamachalco, Naucalpan, Estado De México",462 m² construidos,4 recámaras,4 baños,https://departamento.mercadolibre.com.mx/MLM-5497707718-venta-de-departamento-ph-en-lomas-de-tecamachalco-_JM,https://http2.mlstatic.com/D_NQ_NP_2X_628463-MLM112029064656_062026-E.webp,NAUCALPAN
Departamento En Venta En Lomas De Tecamachalco Estado De Mexico,19000000,MXN,"Lomas De Tecamachalco, Naucalpan, Estado De México",462 m² construidos,3 recámaras,3 baños,https://departamento.mercadolibre.com.mx/MLM-5445164694-departamento-en-venta-en-lomas-de-tecamachalco-estado-de-mexico-_JM,https://http2.mlstatic.com/D_NQ_NP_2X_726837-MLM114322290338_082026-E.webp,NAUCALPAN
Departae¿mentos En Venta Tecamachalco (fuente Del Pescador 123),9289000,MXN,"Fuente Del Pescador 123, Lomas De Tecamachalco, Naucalpan, Estado De México",205 m² construidos,3 recámaras,3 baños,https://departamento.mercadolibre.com.mx/MLM-3085263139-departaementos-en-venta-tecamachalco-fuente-del-pescador-123-_JM,https://http2.mlstatic.com/D_NQ_NP_2X_889027-MLM112948962582_072026-E.webp,NAUCALPAN
"Departamentos En Venta En Bosque Real, Naucalpan Juárez, Estado De Mexico.",16666666,MXN,"Bosque Alto, Naucalpan, Estado De México",438 m² construidos,3 recámaras,3 baños,https://departamento.mercadolibre.com.mx/MLM-5445127856-departamentos-en-venta-en-bosque-real-naucalpan-juarez-estado-de-mexico-_JM,https://http2.mlstatic.com/D_NQ_NP_2X_787477-MLM114322350524_082026-E.webp,NAUCALPAN
Departamento En Venta En Lomas De Tecamachalco,7900000,MXN,"Fuente De La Alegría, Lomas De Tecamachalco, Naucalpan, Estado De México",180 m² construidos,2 recámaras,3 baños,https://departamento.mercadolibre.com.mx/MLM-5412815228-departamento-en-venta-en-lomas-de-tecamachalco-_JM,https://http2.mlstatic.com/D_NQ_NP_2X_979612-MLM112334849329_052026-E.webp,NAUCALPAN
Venta Departamentos Nuevos. Amenidades De Lujo,8930000,MXN,"Petroquímica Lomas Verdes, Naucalpan, Estado De México",260 m² construidos,3 recámaras,3 baños,https://departamento.mercadolibre.com.mx/MLM-2999820017-venta-departamentos-nuevos-amenidades-de-lujo-_JM,https://http2.mlstatic.com/D_NQ_NP_2X_790723-MLM113059622385_062026-E.webp,NAUCALPAN
Amplio Departamento A La Venta En Lomas De Tecamachalco,7400000,MXN,"Lomas De Tecamachalco, Naucalpan, Estado De México",230 m² construidos,3 recámaras,2 baños,https://departamento.mercadolibre.com.mx/MLM-5504783420-amplio-departamento-a-la-venta-en-lomas-de-tecamachalco-_JM,https://http2.mlstatic.com/D_NQ_NP_2X_665399-MLM114255002934_082026-E.webp,NAUCALPAN
Departamento En Venta En Bosque Real,12500000,MXN,"IVY By Grupo Bosque Real, La Mancha, Naucalpan, Estado De México",277 m² construidos,3 recámaras,3 baños,https://departamento.mercadolibre.com.mx/MLM-2984762171-departamento-en-venta-en-bosque-real-_JM,https://http2.mlstatic.com/D_NQ_NP_2X_899226-MLM112803808395_062026-E.webp,NAUCALPAN
Departamento En Venta En Lomas De Tecamachalco,11500000,MXN,"Fuente De Acueducto 0, Lomas De Tecamachalco, Naucalpan, Estado De México",320 m² construidos,3 recámaras,3 baños,https://departamento.mercadolibre.com.mx/MLM-2924534649-departamento-en-venta-en-lomas-de-tecamachalco-_JM,https://http2.mlstatic.com/D_NQ_NP_2X_934939-MLM111634848922_062026-E.webp,NAUCALPAN
Departamento En Venta En Lomas De Tecamachalco,15950000,MXN,"Av De Las Fuentes Null, Lomas De Tecamachalco, Naucalpan, Estado De México",367 m² construidos,3 recámaras,3 baños,https://departamento.mercadolibre.com.mx/MLM-4761717374-departamento-en-venta-en-lomas-de-tecamachalco-_JM,https://http2.mlstatic.com/D_NQ_NP_2X_647127-MLM106831485543_022026-E.webp,NAUCALPAN
Departamento En Venta En Lomas De Tecamachalco,17000000,MXN,"Fuente Del Pescador 274, Lomas De Tecamachalco, Naucalpan, Estado De México",438 m² construidos,3 recámaras,3 baños,https://departamento.mercadolibre.com.mx/MLM-2855292393-departamento-en-venta-en-lomas-de-tecamachalco-_JM,https://http2.mlstatic.com/D_NQ_NP_2X_672982-MLM110273481791_042026-E.webp,NAUCALPAN
Departamento De Lujo En Venta En Lomas Country Club Estado De México De Lujo,12324000,MXN,"Country Club, Naucalpan, Estado De México",199 m² construidos,3 recámaras,4 baños,https://departamento.mercadolibre.com.mx/MLM-5445128662-departamento-de-lujo-en-venta-en-lomas-country-club-estado-de-mexico-de-lujo-_JM,https://http2.mlstatic.com/D_NQ_NP_2X_638647-MLM114322509028_082026-E.webp,NAUCALPAN
Departamento  Cerca Del Colegio Irlandés,7000000,MXN,"Lomas De Tecamachalco, Naucalpan, Estado De México",180 m² construidos,3 recámaras,3 baños,https://departamento.mercadolibre.com.mx/MLM-5777939346-departamento-cerca-del-colegio-irlandes-_JM,https://http2.mlstatic.com/D_NQ_NP_2X_793729-MLM114963244979_072026-E.webp,NAUCALPAN
Ph De 330m2 Con Roof Garden Privado,10500000,MXN,"Lomas De Tecamachalco, Naucalpan, Estado De México",330 m² construidos,3 recámaras,3 baños,https://departamento.mercadolibre.com.mx/MLM-3025940501-ph-de-330m2-con-roof-garden-privado-_JM,https://http2.mlstatic.com/D_NQ_NP_2X_635255-MLM112265498680_062026-E.webp,NAUCALPAN
Departamento En Venta En Lomas De Tecamachalco,14746000,MXN,"Av De Las Fuentes Null, Lomas De Tecamachalco, Naucalpan, Estado De México",383 m² construidos,3 recámaras,3 baños,https://departamento.mercadolibre.com.mx/MLM-4761819606-departamento-en-venta-en-lomas-de-tecamachalco-_JM,https://http2.mlstatic.com/D_NQ_NP_2X_701467-MLM106205767240_022026-E.webp,NAUCALPAN
"Departamento Gh En Venta, Fuente De Acuario, Tecamachalco",16000000,MXN,"Lomas De Tecamachalco, Naucalpan, Estado De México",367 m² construidos,3 recámaras,3 baños,https://departamento.mercadolibre.com.mx/MLM-5497707384-departamento-gh-en-venta-fuente-de-acuario-tecamachalco-_JM,https://http2.mlstatic.com/D_NQ_NP_2X_820673-MLM113165284209_062026-E.webp,NAUCALPAN
"Departamento En Venta Entrega Inmediata Zereniti, Jesús Del Monte",12675000,MXN,"Country Club, Naucalpan, Estado De México",285 m² construidos,3 recámaras,3 baños,https://departamento.mercadolibre.com.mx/MLM-5617149498-departamento-en-venta-entrega-inmediata-zereniti-jesus-del-monte-_JM,https://http2.mlstatic.com/D_NQ_NP_2X_744448-MLM113534394084_072026-E.webp,NAUCALPAN
Departamento Nuevo Listo Para Personalizar Y Crear El Hogar De Tus Sueños,14000000,MXN,"Lomas De Tecamachalco, Naucalpan, Estado De México",339 m² construidos,3 recámaras,3 baños,https://departamento.mercadolibre.com.mx/MLM-5497707382-departamento-nuevo-listo-para-personalizar-y-crear-el-hogar-de-tus-suenos-_JM,https://http2.mlstatic.com/D_NQ_NP_2X_982273-MLM113165268057_062026-E.webp,NAUCALPAN
Departamento En Venta En Lomas De Tecamachalco,15474000,MXN,"Avenida De Las Fuentes 300, Lomas De Tecamachalco, Naucalpan, Estado De México",313 m² construidos,3 recámaras,3 baños,https://departamento.mercadolibre.com.mx/MLM-4761832702-departamento-en-venta-en-lomas-de-tecamachalco-_JM,https://http2.mlstatic.com/D_NQ_NP_2X_754364-MLM106830482479_022026-E.webp,NAUCALPAN
Departamento En Venta En Lomas De Tecamachalco,11800000,MXN,"Fuente De Diana 0, Lomas De Tecamachalco, Naucalpan, Estado De México",283 m² construidos,3 recámaras,3 baños,https://departamento.mercadolibre.com.mx/MLM-2924605209-departamento-en-venta-en-lomas-de-tecamachalco-_JM,https://http2.mlstatic.com/D_NQ_NP_2X_634665-MLM114506935609_072026-E.webp,NAUCALPAN
Departamento En Venta En Lomas De Tecamachalco,14746000,MXN,"Avenida De Las Fuentes 300, Lomas De Tecamachalco, Naucalpan, Estado De México",305 m² construidos,3 recámaras,3 baños,https://departamento.mercadolibre.com.mx/MLM-4761690310-departamento-en-venta-en-lomas-de-tecamachalco-_JM,https://http2.mlstatic.com/D_NQ_NP_2X_887372-MLM106205865268_022026-E.webp,NAUCALPAN
Departamento Cerca Del Colegio Irlandés,7000000,MXN,"Lomas De Tecamachalco, Naucalpan, Estado De México",180 m² construidos,3 recámaras,3 baños,https://departamento.mercadolibre.com.mx/MLM-3174361143-departamento-cerca-del-colegio-irlandes-_JM,https://http2.mlstatic.com/D_NQ_NP_2X_621192-MLM113677703300_072026-E.webp,NAUCALPAN
Departamento En Venta En Lomas De Tecamachalco,14454000,MXN,"Avenida De Las Fuentes 300, Lomas De Tecamachalco, Naucalpan, Estado De México",310 m² construidos,3 recámaras,3 baños,https://departamento.mercadolibre.com.mx/MLM-2950227511-departamento-en-venta-en-lomas-de-tecamachalco-_JM,https://http2.mlstatic.com/D_NQ_NP_2X_952594-MLM112056828085_052026-E.webp,NAUCALPAN
Departamento En Venta En Bosque Real,10350000,MXN,"Avenida Loma Alta 700, La Mancha, Naucalpan, Estado De México",194 m² construidos,3 recámaras,3 baños,https://departamento.mercadolibre.com.mx/MLM-4761702922-departamento-en-venta-en-bosque-real-_JM,https://http2.mlstatic.com/D_NQ_NP_2X_743356-MLM106830410841_022026-E.webp,NAUCALPAN
"Departamento En Venta En Colonia Escandón I Sección, Naucalpan De Juárez, Estado De México",4800000,MXN,"Camino Arenero 150, Naucalpan, Estado De México",101 m² construidos,3 recámaras,2 baños,https://departamento.mercadolibre.com.mx/MLM-2755666447-departamento-en-venta-en-colonia-escandon-i-seccion-naucalpan-de-juarez-estado-de-mexico-_JM,https://http2.mlstatic.com/D_NQ_NP_2X_722532-MLM107118694356_022026-E.webp,NAUCALPAN
Departamento En Venta En Miramar,4849000,MXN,"Camino Arenero 100, Miramar, Naucalpan, Estado De Mexico, Miramar, Naucalpan, Estado De México",88 m² construidos,2 recámaras,2 baños,https://departamento.mercadolibre.com.mx/MLM-5523524758-departamento-en-venta-en-miramar-_JM,https://http2.mlstatic.com/D_NQ_NP_2X_989403-MLM113384263231_062026-E.webp,NAUCALPAN
Departamento En Venta En Bosques De Las Palmas Naucalpan De Juárez,12925000,MXN,"Otros, Naucalpan, Estado De México",172 m² construidos,3 recámaras,2 baños,https://departamento.mercadolibre.com.mx/MLM-2976422581-departamento-en-venta-en-bosques-de-las-palmas-naucalpan-de-juarez-_JM,https://http2.mlstatic.com/D_NQ_NP_2X_610221-MLM114322301996_082026-E.webp,NAUCALPAN
Departamento En Venta En Molinos Reforma Social Naucalpan,12000000,MXN,"Reforma Social (Lomas De San Isidro), Naucalpan, Estado De México",515 m² construidos,4 recámaras,5 baños,https://departamento.mercadolibre.com.mx/MLM-5445178240-departamento-en-venta-en-molinos-reforma-social-naucalpan-_JM,https://http2.mlstatic.com/D_NQ_NP_2X_719424-MLM115663801767_082026-E.webp,NAUCALPAN
Departamento En Venta En Bosques De Las Palmas Naucalpan De Juárez,6992000,MXN,"Otros, Naucalpan, Estado De México",66 m² construidos,1 recámara,1 baño,https://departamento.mercadolibre.com.mx/MLM-5445177032-departamento-en-venta-en-bosques-de-las-palmas-naucalpan-de-juarez-_JM,https://http2.mlstatic.com/D_NQ_NP_2X_723699-MLM115663478797_082026-E.webp,NAUCALPAN
Departamento En Venta En Lomas De Tecamachalco,12300000,MXN,"Fuente De Molinos 0, Lomas De Tecamachalco, Naucalpan, Estado De México",320 m² construidos,3 recámaras,3 baños,https://departamento.mercadolibre.com.mx/MLM-2924605217-departamento-en-venta-en-lomas-de-tecamachalco-_JM,https://http2.mlstatic.com/D_NQ_NP_2X_952946-MLM110623657158_052026-E.webp,NAUCALPAN
Departamento En Venta En Bosques De Las Palmas Naucalpan De Juárez,8500000,MXN,"Otros, Naucalpan, Estado De México",121 m² construidos,2 recámaras,2 baños,https://departamento.mercadolibre.com.mx/MLM-2976422575-departamento-en-venta-en-bosques-de-las-palmas-naucalpan-de-juarez-_JM,https://http2.mlstatic.com/D_NQ_NP_2X_842356-MLM115663505261_082026-E.webp,NAUCALPAN
Departamento En Venta En Bosque Real,15600000,MXN,"Av. Loma Alta 700, La Mancha, Naucalpan, Estado De México",315 m² construidos,3 recámaras,3 baños,https://departamento.mercadolibre.com.mx/MLM-4761895798-departamento-en-venta-en-bosque-real-_JM,https://http2.mlstatic.com/D_NQ_NP_2X_642652-MLM106830418275_022026-E.webp,NAUCALPAN
Departamento De Lujo En Tecamachalco,20000000,MXN,"Av. De Los Bosques, Tecamachalco, Naucalpan De Juárez, Lomas De Tecamachalco, Naucalpan, Estado De México",328 m² construidos,2 recámaras,2 baños,https://departamento.mercadolibre.com.mx/MLM-3062503703-departamento-de-lujo-en-tecamachalco-_JM,https://http2.mlstatic.com/D_NQ_NP_2X_655410-MLM113914947571_062026-E.webp,NAUCALPAN
Departamento En Venta En Lomas De Tecamachalco,9599000,MXN,"Fuente De Diana 300, Lomas De Tecamachalco, Naucalpan, Estado De México",230 m² construidos,3 recámaras,3 baños,https://departamento.mercadolibre.com.mx/MLM-5328122992-departamento-en-venta-en-lomas-de-tecamachalco-_JM,https://http2.mlstatic.com/D_NQ_NP_2X_896198-MLM111572457167_052026-E.webp,NAUCALPAN
Hermoso Departamento En Av Club De Golf,9600000,MXN,"Lomas De Tecamachalco, Naucalpan, Estado De México",220 m² construidos,3 recámaras,3 baños,https://departamento.mercadolibre.com.mx/MLM-3149122511-hermoso-departamento-en-av-club-de-golf-_JM,https://http2.mlstatic.com/D_NQ_NP_2X_821456-MLM113476116988_072026-E.webp,NAUCALPAN
Departamento En Venta En Bilú Bosque Real,9901978,MXN,"Adolfo López Mateos, Naucalpan, Estado De México",168 m² construidos,2 recámaras,2 baños,https://departamento.mercadolibre.com.mx/MLM-2843525385-departamento-en-venta-en-bilu-bosque-real-_JM,https://http2.mlstatic.com/D_NQ_NP_2X_645139-MLM95395310260_102025-E.webp,NAUCALPAN
Departamento En Venta En Lomas Verdes 6ta Sección,5250000,MXN,"San José Del Real 0, Lomas Verdes 5a Secc., Naucalpan, Estado De México",135 m² construidos,2 recámaras,2 baños,https://departamento.mercadolibre.com.mx/MLM-4761808550-departamento-en-venta-en-lomas-verdes-6ta-seccion-_JM,https://http2.mlstatic.com/D_NQ_NP_2X_992529-MLM106206704450_022026-E.webp,NAUCALPAN
"Residencial Altavitta, Excelente Desarrollo, Areas Comunes",6800000,MXN,"Lomas Verdes 6a Sección, Naucalpan, Estado De México",140 m² construidos,3 recámaras,2 baños,https://departamento.mercadolibre.com.mx/MLM-3029725175-residencial-altavitta-excelente-desarrollo-areas-comunes-_JM,https://http2.mlstatic.com/D_NQ_NP_2X_992308-MLM112319949986_062026-E.webp,NAUCALPAN
Departamento En Venta En Lomas De Tecamachalco,5780000,MXN,"NUA Interlomas, Lomas De Tecamachalco, Naucalpan, Estado De México",55 m² construidos,1 recámara,1 baño,https://departamento.mercadolibre.com.mx/MLM-4761806616-departamento-en-venta-en-lomas-de-tecamachalco-_JM,https://http2.mlstatic.com/D_NQ_NP_2X_903110-MLM106205839954_022026-E.webp,NAUCALPAN
Departamento En Venta En Lomas De Tecamachalco,13500000,MXN,"Fuente De Diana 0, Lomas De Tecamachalco, Naucalpan, Estado De México",363 m² construidos,3 recámaras,3 baños,https://departamento.mercadolibre.com.mx/MLM-2924605231-departamento-en-venta-en-lomas-de-tecamachalco-_JM,https://http2.mlstatic.com/D_NQ_NP_2X_829181-MLM112711068287_062026-E.webp,NAUCALPAN
"Departamentos Preventa En Tecamachalco, Fuente De Templanza Con Terraza",9600395,MXN,"Lomas De Tecamachalco, Naucalpan, Estado De México",181 m² construidos,3 recámaras,3 baños,https://departamento.mercadolibre.com.mx/MLM-5617149962-departamentos-preventa-en-tecamachalco-fuente-de-templanza-con-terraza-_JM,https://http2.mlstatic.com/D_NQ_NP_2X_826674-MLM114015378619_072026-E.webp,NAUCALPAN
Departamento Nuevo Junto A La Cuspide,9100000,MXN,"Petroquímica Lomas Verdes, Naucalpan, Estado De México",262 m² construidos,3 recámaras,3 baños,https://departamento.mercadolibre.com.mx/MLM-5487306244-departamento-nuevo-junto-a-la-cuspide-_JM,https://http2.mlstatic.com/D_NQ_NP_2X_980950-MLM111940211206_062026-E.webp,NAUCALPAN
"Departamento En Venta En Tecamachalco, Fuente De Pirámides",6500000,MXN,"Lomas De Tecamachalco, Naucalpan, Estado De México",140 m² construidos,3 recámaras,2 baños,https://departamento.mercadolibre.com.mx/MLM-3043018949-departamento-en-venta-en-tecamachalco-fuente-de-piramides-_JM,https://http2.mlstatic.com/D_NQ_NP_2X_993604-MLM113694432629_062026-E.webp,NAUCALPAN
"Departamento Nuevo Venta, Fuente De Acuario",16000000,MXN,"Lomas De Tecamachalco, Naucalpan, Estado De México",367 m² construidos,3 recámaras,3 baños,https://departamento.mercadolibre.com.mx/MLM-5497707388-departamento-nuevo-venta-fuente-de-acuario-_JM,https://http2.mlstatic.com/D_NQ_NP_2X_917739-MLM113165213983_062026-E.webp,NAUCALPAN
Departamento En Venta En Bosque Real,9930000,MXN,"Avenida Loma Alta 700, La Mancha, Naucalpan, Estado De México",194 m² construidos,2 recámaras,2 baños,https://departamento.mercadolibre.com.mx/MLM-4761561156-departamento-en-venta-en-bosque-real-_JM,https://http2.mlstatic.com/D_NQ_NP_2X_933248-MLM106830418055_022026-E.webp,NAUCALPAN
Departamento En Venta En Bosque Real,10000000,MXN,"Privada De Las Plazas 0, Real Del Bosque, Naucalpan, Estado De México",255 m² construidos,3 recámaras,3 baños,https://departamento.mercadolibre.com.mx/MLM-4761638704-departamento-en-venta-en-bosque-real-_JM,https://http2.mlstatic.com/D_NQ_NP_2X_966039-MLM106205877786_022026-E.webp,NAUCALPAN
Departamento En Venta En Miramar,4749000,MXN,"Cumbres Herradura, Naucalpan, Estado De México",88 m² construidos,2 recámaras,2 baños,https://departamento.mercadolibre.com.mx/MLM-4773811152-departamento-en-venta-en-miramar-_JM,https://http2.mlstatic.com/D_NQ_NP_2X_830444-MLM106411634612_022026-E.webp,NAUCALPAN
"Se Venden Departamentos En Preventa En Paseo Interlomas, Greenhouse.",6200000,MXN,"Country Club, Naucalpan, Estado De México",108 m² construidos,2 recámaras,2 baños,https://departamento.mercadolibre.com.mx/MLM-3208433175-se-venden-departamentos-en-preventa-en-paseo-interlomas-greenhouse-_JM,https://http2.mlstatic.com/D_NQ_NP_2X_899596-MLM113947630524_072026-E.webp,NAUCALPAN
Venta Penthouse En Tecamachalco Obra Negra,7800000,MXN,"Lomas De Tecamachalco, Naucalpan, Estado De México",293 m² construidos,3 recámaras,3 baños,https://departamento.mercadolibre.com.mx/MLM-3063189649-venta-penthouse-en-tecamachalco-obra-negra-_JM,https://http2.mlstatic.com/D_NQ_NP_2X_617488-MLM112736513796_062026-E.webp,NAUCALPAN
Departamento En Venta En Naucalpan,4627000,MXN,"Boulevard Toluca 0, San Andrés Atoto, Naucalpan, Estado De México",90 m² construidos,2 recámaras,2 baños,https://departamento.mercadolibre.com.mx/MLM-4761808524-departamento-en-venta-en-naucalpan-_JM,https://http2.mlstatic.com/D_NQ_NP_2X_727899-MLM106206717118_022026-E.webp,NAUCALPAN
Departamento En Venta En Lomas De Tecamachalco,15400000,MXN,"Fuente De Diana 0, Lomas De Tecamachalco, Naucalpan, Estado De México",367 m² construidos,4 recámaras,4 baños,https://departamento.mercadolibre.com.mx/MLM-5827253646-departamento-en-venta-en-lomas-de-tecamachalco-_JM,https://http2.mlstatic.com/D_NQ_NP_2X_748061-MLM115225687749_072026-E.webp,NAUCALPAN
Venta Departamentos Nuevos Lomas Verdes. Amenidades Premium,6800000,MXN,"Petroquímica Lomas Verdes, Naucalpan, Estado De México",205 m² construidos,3 recámaras,3 baños,https://departamento.mercadolibre.com.mx/MLM-2999738691-venta-departamentos-nuevos-lomas-verdes-amenidades-premium-_JM,https://http2.mlstatic.com/D_NQ_NP_2X_648950-MLM111933241618_062026-E.webp,NAUCALPAN
Departamento En Venta En Lomas De Tecamachalco,8350000,MXN,"Fuente Del Pescador 0, Lomas De Tecamachalco, Naucalpan, Estado De México",315 m² construidos,3 recámaras,3 baños,https://departamento.mercadolibre.com.mx/MLM-5446755724-departamento-en-venta-en-lomas-de-tecamachalco-_JM,https://http2.mlstatic.com/D_NQ_NP_2X_683371-MLM111595299012_062026-E.webp,NAUCALPAN
Práctico Departamento En Venta,6900000,MXN,"Héroes De La Revolución, Naucalpan, Estado De México",195 m² construidos,2 recámaras,2 baños,https://departamento.mercadolibre.com.mx/MLM-5625328140-practico-departamento-en-venta-_JM,https://http2.mlstatic.com/D_NQ_NP_2X_696468-MLM112864172870_072026-E.webp,NAUCALPAN
Departamento En Venta En Miramar,8799000,MXN,"Cumbres Herradura, Naucalpan, Estado De México",217 m² construidos,3 recámaras,3 baños,https://departamento.mercadolibre.com.mx/MLM-5823433586-departamento-en-venta-en-miramar-_JM,https://http2.mlstatic.com/D_NQ_NP_2X_819964-MLM113899300180_072026-E.webp,NAUCALPAN
Departamento En Venta En Xocoyahualco,6435868,MXN,"Av. Del Cristo 0, Naucalpan, Estado De México",110 m² construidos,3 recámaras,2 baños,https://departamento.mercadolibre.com.mx/MLM-5133180446-departamento-en-venta-en-xocoyahualco-_JM,https://http2.mlstatic.com/D_NQ_NP_2X_902681-MLM109203352268_042026-E.webp,NAUCALPAN
Departamento En Venta En Lomas De Tecamachalco,8425600,MXN,"Avenida Fuente De Los Leones 0, Lomas De Tecamachalco, Naucalpan, Estado De México",166 m² construidos,3 recámaras,2 baños,https://departamento.mercadolibre.com.mx/MLM-5823397052-departamento-en-venta-en-lomas-de-tecamachalco-_JM,https://http2.mlstatic.com/D_NQ_NP_2X_740142-MLM113899297696_072026-E.webp,NAUCALPAN
"Departamento En Venta En Colonia Lomas De Tecamachalco, Naucalpan De Juárez, Estado De México",14099000,MXN,"Residencial Fuente De Plateria 18, Lomas De Tecamachalco, Naucalpan, Estado De México",255 m² construidos,3 recámaras,3 baños,https://departamento.mercadolibre.com.mx/MLM-4847031398-departamento-en-venta-en-colonia-lomas-de-tecamachalco-naucalpan-de-juarez-estado-de-mexico-_JM,https://http2.mlstatic.com/D_NQ_NP_2X_619839-MLM107119878406_022026-E.webp,NAUCALPAN
Estrena Tu Propio Ph Con Roof Privado En Tecamachalco,12999000,MXN,"Fuente De La Juventud 23, Lomas De Tecamachalco, Naucalpan, Estado De México",315 m² construidos,3 recámaras,3 baños,https://departamento.mercadolibre.com.mx/MLM-2613332845-estrena-tu-propio-ph-con-roof-privado-en-tecamachalco-_JM,https://http2.mlstatic.com/D_NQ_NP_2X_977115-MLM100859177173_122025-E.webp,NAUCALPAN
"Departamento En Venta, En La Nueva Herradura",5099000,MXN,"Camino Arenero, 150, Naucalpan, Estado De México",97 m² construidos,3 recámaras,2 baños,https://departamento.mercadolibre.com.mx/MLM-5822910126-departamento-en-venta-en-la-nueva-herradura-_JM,https://http2.mlstatic.com/D_NQ_NP_2X_663000-MLM115201915489_072026-E.webp,NAUCALPAN
Departamentos En Venta En Tecamachalco Con Terraza Y Roof Top,13699000,MXN,"Fuente De Las Platerías 0, Lomas De Tecamachalco, Naucalpan, Estado De México",255 m² construidos,3 recámaras,3 baños,https://departamento.mercadolibre.com.mx/MLM-5479120540-departamentos-en-venta-en-tecamachalco-con-terraza-y-roof-top-_JM,https://http2.mlstatic.com/D_NQ_NP_2X_840724-MLM111873343194_062026-E.webp,NAUCALPAN
"Tecamachalco, Departamento Garden En Venta",12999000,MXN,"Fuente De La Juventud, Benito Juárez, Naucalpan, Estado De México",294 m² construidos,3 recámaras,3 baños,https://departamento.mercadolibre.com.mx/MLM-4789111558-tecamachalco-departamento-garden-en-venta-_JM,https://http2.mlstatic.com/D_NQ_NP_2X_929490-MLM107349589075_022026-E.webp,NAUCALPAN
"Departamento En Venta En Colonia Lomas De Tecamachalco, Naucalpan De Juárez, Estado De México",9800000,MXN,"Fuente De Acueducto 39, Lomas De Tecamachalco, Naucalpan, Estado De México",187 m² construidos,3 recámaras,3 baños,https://departamento.mercadolibre.com.mx/MLM-4847031276-departamento-en-venta-en-colonia-lomas-de-tecamachalco-naucalpan-de-juarez-estado-de-mexico-_JM,https://http2.mlstatic.com/D_NQ_NP_2X_641756-MLM107814428719_022026-E.webp,NAUCALPAN
Departamento Terminando En Venta En Bosque Real  La Reserva,10350000,MXN,"Bosque Alto, Naucalpan, Estado De México",194 m² construidos,3 recámaras,3 baños,https://departamento.mercadolibre.com.mx/MLM-3227543351-departamento-terminando-en-venta-en-bosque-real-la-reserva-_JM,https://http2.mlstatic.com/D_NQ_NP_2X_898781-MLM115399803383_072026-E.webp,NAUCALPAN
Departamento Obra Blanca En Bosque Real  La Reserva,9930000,MXN,"Bosque Alto, Naucalpan, Estado De México",194 m² construidos,2 recámaras,2 baños,https://departamento.mercadolibre.com.mx/MLM-3227555167-departamento-obra-blanca-en-bosque-real-la-reserva-_JM,https://http2.mlstatic.com/D_NQ_NP_2X_978981-MLM115399797713_072026-E.webp,NAUCALPAN
Departamento Terminado En Bosque Real  La Reserva,9930000,MXN,"Bosque Alto, Naucalpan, Estado De México",194 m² construidos,2 recámaras,2 baños,https://departamento.mercadolibre.com.mx/MLM-3227555205-departamento-terminado-en-bosque-real-la-reserva-_JM,https://http2.mlstatic.com/D_NQ_NP_2X_739898-MLM114076118934_072026-E.webp,NAUCALPAN
Planta Jardín En Bosque Real  La Reserva,15600000,MXN,"Bosque Alto, Naucalpan, Estado De México",315 m² construidos,3 recámaras,3 baños,https://departamento.mercadolibre.com.mx/MLM-3227555145-planta-jardin-en-bosque-real-la-reserva-_JM,https://http2.mlstatic.com/D_NQ_NP_2X_789777-MLM114076118218_072026-E.webp,NAUCALPAN
Departamento En Venta En Bosque Real  La Reserva,15600000,MXN,"Bosque Alto, Naucalpan, Estado De México",315 m² construidos,3 recámaras,3 baños,https://departamento.mercadolibre.com.mx/MLM-3227568157-departamento-en-venta-en-bosque-real-la-reserva-_JM,https://http2.mlstatic.com/D_NQ_NP_2X_601133-MLM114076120176_072026-E.webp,NAUCALPAN
Venta Deptos. En Obra Negra Balcón/terraza Country Club Naucalpan Apa_5330 Cm/yi,15424200,MXN,"Country Club, Naucalpan, Estado De México",305 m² construidos,3 recámaras,3 baños,https://departamento.mercadolibre.com.mx/MLM-5892920728-venta-deptos-en-obra-negra-balconterraza-country-club-naucalpan-apa5330-cmyi-_JM,https://http2.mlstatic.com/D_NQ_NP_2X_732728-MLM115588839477_082026-E.webp,NAUCALPAN
"Departamento En Venta En Colonia Santa Cruz Del Monte, Naucalpan De Juárez, Estado De México",4600000,MXN,"C. Cruz Del Rio 4, Santa Cruz Del Monte, Naucalpan, Estado De México",140 m² construidos,4 recámaras,3 baños,https://departamento.mercadolibre.com.mx/MLM-5869508156-departamento-en-venta-en-colonia-santa-cruz-del-monte-naucalpan-de-juarez-estado-de-mexico-_JM,https://http2.mlstatic.com/D_NQ_NP_2X_990596-MLM115422144655_082026-E.webp,NAUCALPAN
Venta De Departamento En Fuente De Piramides,12000000,MXN,"Lomas De Tecamachalco, Naucalpan, Estado De México",308 m² construidos,3 recámaras,3 baños,https://departamento.mercadolibre.com.mx/MLM-3219423319-venta-de-departamento-en-fuente-de-piramides-_JM,https://http2.mlstatic.com/D_NQ_NP_2X_665798-MLM115337971283_072026-E.webp,NAUCALPAN
Amplio Departamento De 335 M2 Con 3 Recámaras Tecamachalco,9500000,MXN,"Fuente De Molinos, Lomas De Tecamachalco, Naucalpan De Juárez, Lomas De Tecamachalco, Naucalpan, Estado De México",335 m² construidos,3 recámaras,2 baños,https://departamento.mercadolibre.com.mx/MLM-3227110739-amplio-departamento-de-335-m2-con-3-recamaras-tecamachalco-_JM,https://http2.mlstatic.com/D_NQ_NP_2X_720937-MLM114070607996_072026-E.webp,NAUCALPAN
Departamento En Venta En  Tecamachalco 658074,7450000,MXN,"Fuente De Petroleos, San Miguel Tecamachalco, Naucalpan, Estado De México",171 m² construidos,3 recámaras,2 baños,https://departamento.mercadolibre.com.mx/MLM-3222371287-departamento-en-venta-en-tecamachalco-658074-_JM,https://http2.mlstatic.com/D_NQ_NP_2X_939949-MLM115354535383_072026-E.webp,NAUCALPAN
Preventa Lomas Verdes A Una Cuadra De Periférico Agosto 2025,6302524,MXN,"Lomas Verdes (Conjunto Lomas Verdes), Naucalpan, Estado De México",105 m² construidos,3 recámaras,2 baños,https://departamento.mercadolibre.com.mx/MLM-3249819065-preventa-lomas-verdes-a-una-cuadra-de-periferico-agosto-2025-_JM,https://http2.mlstatic.com/D_NQ_NP_2X_698418-MLM115629214185_082026-E.webp,NAUCALPAN
Venta Departamento En Bosque De Lomas Verdes,7000000,MXN,"Lomas Verdes, Naucalpan De Juárez, Lomas Verdes 1a Secc., Naucalpan, Estado De México",192 m² construidos,4 recámaras,2 baños,https://departamento.mercadolibre.com.mx/MLM-3246319295-venta-departamento-en-bosque-de-lomas-verdes-_JM,https://http2.mlstatic.com/D_NQ_NP_2X_806536-MLM114252937708_082026-E.webp,NAUCALPAN
Preventa Lomas Verdes A Una Cuadra De Periférico Agosto 2025,5336452,MXN,"Lomas Verdes (Conjunto Lomas Verdes), Naucalpan, Estado De México",89 m² construidos,2 recámaras,2 baños,https://departamento.mercadolibre.com.mx/MLM-3249793577-preventa-lomas-verdes-a-una-cuadra-de-periferico-agosto-2025-_JM,https://http2.mlstatic.com/D_NQ_NP_2X_902322-MLM115629185673_082026-E.webp,NAUCALPAN
Preventa Lomas Verdes A Una Cuadra De Periférico Agosto 2025,8748465,MXN,"Lomas Verdes (Conjunto Lomas Verdes), Naucalpan, Estado De México",199 m² construidos,3 recámaras,3 baños,https://departamento.mercadolibre.com.mx/MLM-3249819037-preventa-lomas-verdes-a-una-cuadra-de-periferico-agosto-2025-_JM,https://http2.mlstatic.com/D_NQ_NP_2X_604188-MLM115629184805_082026-E.webp,NAUCALPAN
Departamento Venta  Lomas Country Finestre,6840000,MXN,"Country Club, Naucalpan, Estado De México",200 m² construidos,3 recámaras,3 baños,https://departamento.mercadolibre.com.mx/MLM-3246610405-departamento-venta-lomas-country-finestre-_JM,https://http2.mlstatic.com/D_NQ_NP_2X_677686-MLM115597940489_082026-E.webp,NAUCALPAN
Departamento En Venta En Vista Real San Miguel Tecamachalco 665565,5450000,MXN,"Huitlapexco Conjunto Habitaciónal Vista Real, San Miguel Tecamachalco, Naucalpan, Estado De México",133 m² construidos,2 recámaras,2 baños,https://departamento.mercadolibre.com.mx/MLM-3222371489-departamento-en-venta-en-vista-real-san-miguel-tecamachalco-665565-_JM,https://http2.mlstatic.com/D_NQ_NP_2X_935120-MLM114034443042_072026-E.webp,NAUCALPAN
"Venta De Departamentos En Juana De Arco, Lomas De Tecamachalco",6200000,MXN,"Lomas De Tecamachalco, Naucalpan, Estado De México",170 m² construidos,3 recámaras,4 baños,https://departamento.mercadolibre.com.mx/MLM-3254376393-venta-de-departamentos-en-juana-de-arco-lomas-de-tecamachalco-_JM,https://http2.mlstatic.com/D_NQ_NP_2X_950001-MLM115666229685_082026-E.webp,NAUCALPAN
"Casita Pequeña En Calle Cerrada, Santa Cruz Del Monte, Naucalpan, Terreno = 102 M2, 2 Autos, $3,400,000.-",3400000,MXN,"Cjon. Del Atardecer 10, MZ 019, Santa Cruz Del Monte, Naucalpan De Juárez, Santa Cruz Del Monte, Naucalpan, Estado De México",96 m² construidos,2 recámaras,1 baño,https://departamento.mercadolibre.com.mx/MLM-2830998589-casita-pequena-en-calle-cerrada-santa-cruz-del-monte-naucalpan-terreno-102-m2-2-autos-3400000--_JM,https://http2.mlstatic.com/D_NQ_NP_2X_709682-MLM109795025133_032026-E.webp,NAUCALPAN
Departamento En Venta En Calacoaya,2600000,MXN,"Residencial Santa Cruz, Naucalpan, Estado De México",89 m² construidos,3 recámaras,2 baños,https://departamento.mercadolibre.com.mx/MLM-2924969023-departamento-en-venta-en-calacoaya-_JM,https://http2.mlstatic.com/D_NQ_NP_2X_805309-MLM110630683948_052026-E.webp,NAUCALPAN
Departamento En Venta En Satelite (m2d3079),4500000,MXN,"Santa Cruz Del Monte, Naucalpan, Estado De México",100 m² construidos,3 recámaras,2 baños,https://departamento.mercadolibre.com.mx/MLM-2904775861-departamento-en-venta-en-satelite-m2d3079-_JM,https://http2.mlstatic.com/D_NQ_NP_2X_691866-MLM98502518375_112025-E.webp,NAUCALPAN
Departamento En Venta Lomas Verdes Sexta Seccion (m2d3644),5300000,MXN,"Lomas Verdes 6a Sección, Naucalpan, Estado De México",133 m² construidos,2 recámaras,2 baños,https://departamento.mercadolibre.com.mx/MLM-5357407238-departamento-en-venta-lomas-verdes-sexta-seccion-m2d3644-_JM,https://http2.mlstatic.com/D_NQ_NP_2X_874633-MLM100199868517_122025-E.webp,NAUCALPAN
"Departamentos Nuevos En Venta San Lucas Tepetlacalco (satélite) $4´300,000",4300000,MXN,"BEnito Juarez, San Lucas Tepetlacalco, Naucalpan, Estado De México",98 m² construidos,2 recámaras,2 baños,https://departamento.mercadolibre.com.mx/MLM-5716029060-departamentos-nuevos-en-venta-san-lucas-tepetlacalco-satelite-4300000-_JM,https://http2.mlstatic.com/D_NQ_NP_2X_621191-MLM113307900726_072026-E.webp,NAUCALPAN
Departamento En Venta En Tecamachalco (m2d3678),13000000,MXN,"Lomas De Tecamachalco, Naucalpan, Estado De México",480 m² construidos,3 recámaras,3 baños,https://departamento.mercadolibre.com.mx/MLM-3154005661-departamento-en-venta-en-tecamachalco-m2d3678-_JM,https://http2.mlstatic.com/D_NQ_NP_2X_872908-MLM114609336921_072026-E.webp,NAUCALPAN
"Departamento En Venta En Fuente De La Juventud, Lomas De Tecamachalco",12647000,MXN,"Lomas De Tecamachalco, Naucalpan, Estado De México",328 m² construidos,3 recámaras,3 baños,https://departamento.mercadolibre.com.mx/MLM-2904711915-departamento-en-venta-en-fuente-de-la-juventud-lomas-de-tecamachalco-_JM,https://http2.mlstatic.com/D_NQ_NP_2X_822527-MLM98261406319_112025-E.webp,NAUCALPAN
Departamento En Venta En Naucalpan Residencial Altezza Central Gh (m2d2348),4600000,MXN,"San Francisco Cuautlalpan, Naucalpan, Estado De México",77 m² construidos,2 recámaras,2 baños,https://departamento.mercadolibre.com.mx/MLM-2904775825-departamento-en-venta-en-naucalpan-residencial-altezza-central-gh-m2d2348-_JM,https://http2.mlstatic.com/D_NQ_NP_2X_774406-MLM114614636109_072026-E.webp,NAUCALPAN
Departamento En Venta En Tecamachalco (m2d3367),7300000,MXN,"Lomas De Tecamachalco, Naucalpan, Estado De México",230 m² construidos,3 recámaras,2 baños,https://departamento.mercadolibre.com.mx/MLM-5281621594-departamento-en-venta-en-tecamachalco-m2d3367-_JM,https://http2.mlstatic.com/D_NQ_NP_2X_696545-MLM98502565573_112025-E.webp,NAUCALPAN
Departamento En Venta En Naucalpan Residencial Altezza Central (m2d2359),4900000,MXN,"San Francisco Cuautlalpan, Naucalpan, Estado De México",90 m² construidos,2 recámaras,2 baños,https://departamento.mercadolibre.com.mx/MLM-5281775658-departamento-en-venta-en-naucalpan-residencial-altezza-central-m2d2359-_JM,https://http2.mlstatic.com/D_NQ_NP_2X_619384-MLM114614639521_072026-E.webp,NAUCALPAN
Departamento En Venta En Naucalpan Residencial Altezza Central (m2d2360),7000000,MXN,"San Francisco Cuautlalpan, Naucalpan, Estado De México",130 m² construidos,2 recámaras,2 baños,https://departamento.mercadolibre.com.mx/MLM-5281647380-departamento-en-venta-en-naucalpan-residencial-altezza-central-m2d2360-_JM,https://http2.mlstatic.com/D_NQ_NP_2X_800002-MLM113363077012_072026-E.webp,NAUCALPAN
Departamento En Venta Para Inversionista En Lomas De Tecamachalco.,9400000,MXN,"Lomas De Tecamachalco, Naucalpan, Estado De México",250 m² construidos,3 recámaras,3 baños,https://departamento.mercadolibre.com.mx/MLM-5281775036-departamento-en-venta-para-inversionista-en-lomas-de-tecamachalco-_JM,https://http2.mlstatic.com/D_NQ_NP_2X_788794-MLM98261446861_112025-E.webp,NAUCALPAN
Departamento En Venta En Lomas De Tecamachalco (m2d3321),9999000,MXN,"Lomas De Tecamachalco, Naucalpan, Estado De México",335 m² construidos,3 recámaras,2 baños,https://departamento.mercadolibre.com.mx/MLM-2904775957-departamento-en-venta-en-lomas-de-tecamachalco-m2d3321-_JM,https://http2.mlstatic.com/D_NQ_NP_2X_843661-MLM98032062018_112025-E.webp,NAUCALPAN
Departamento En Pre-venta En Proyecto Residencial Dentro De Bosque Real. Edomex,9748000,MXN,"Loma De Canteras (Lomas De Cantera), Naucalpan, Estado De México",150 m² construidos,2 recámaras,2 baños,https://departamento.mercadolibre.com.mx/MLM-5186838140-departamento-en-pre-venta-en-proyecto-residencial-dentro-de-bosque-real-edomex-_JM,https://http2.mlstatic.com/D_NQ_NP_2X_793357-MLM107603408157_022026-E.webp,NAUCALPAN
"Departamento En Venta, Central Park Bosque Real",8600000,MXN,"Country Club, Naucalpan, Estado De México",190 m² construidos,3 recámaras,3 baños,https://departamento.mercadolibre.com.mx/MLM-5480195496-departamento-en-venta-central-park-bosque-real-_JM,https://http2.mlstatic.com/D_NQ_NP_2X_618988-MLM112996570983_062026-E.webp,NAUCALPAN
Departamento En Venta Para Inversionista En Lomas De Tecamachalco.,9400000,MXN,"Lomas De Tecamachalco, Naucalpan, Estado De México",250 m² construidos,3 recámaras,3 baños,https://departamento.mercadolibre.com.mx/MLM-5758911730-departamento-en-venta-para-inversionista-en-lomas-de-tecamachalco-_JM,https://http2.mlstatic.com/D_NQ_NP_2X_851018-MLM113585345094_072026-E.webp,NAUCALPAN
Departamento En Venta En Lomas De Tecamachalco (m2d3375),13500000,MXN,"Lomas De Tecamachalco, Naucalpan, Estado De México",420 m² construidos,3 recámaras,3 baños,https://departamento.mercadolibre.com.mx/MLM-2904775891-departamento-en-venta-en-lomas-de-tecamachalco-m2d3375-_JM,https://http2.mlstatic.com/D_NQ_NP_2X_625057-MLM98032067878_112025-E.webp,NAUCALPAN
Departamento En Venta En Tecamachalco Loft Uno Seis (m2d3276),10500000,MXN,"Lomas De Tecamachalco, Naucalpan, Estado De México",237 m² construidos,3 recámaras,3 baños,https://departamento.mercadolibre.com.mx/MLM-5281775616-departamento-en-venta-en-tecamachalco-loft-uno-seis-m2d3276-_JM,https://http2.mlstatic.com/D_NQ_NP_2X_891118-MLM98502546101_112025-E.webp,NAUCALPAN
Departamento En Venta En Lomas De Tecamachalco (m2d3753),11980000,MXN,"Lomas De Tecamachalco, Naucalpan, Estado De México",320 m² construidos,3 recámaras,3 baños,https://departamento.mercadolibre.com.mx/MLM-5385252454-departamento-en-venta-en-lomas-de-tecamachalco-m2d3753-_JM,https://http2.mlstatic.com/D_NQ_NP_2X_853997-MLM112014188247_052026-E.webp,NAUCALPAN
Departamentos En Venta Tecamachalco,14746000,MXN,"Lomas De Tecamachalco, Naucalpan, Estado De México",305 m² construidos,3 recámaras,3 baños,https://departamento.mercadolibre.com.mx/MLM-2904775851-departamentos-en-venta-tecamachalco-_JM,https://http2.mlstatic.com/D_NQ_NP_2X_840690-MLM98032153686_112025-E.webp,NAUCALPAN
Departamento En Venta En Lomas De Tecamachalco (m2d2987),14545000,MXN,"Lomas De Tecamachalco, Naucalpan, Estado De México",310 m² construidos,3 recámaras,3 baños,https://departamento.mercadolibre.com.mx/MLM-5281775742-departamento-en-venta-en-lomas-de-tecamachalco-m2d2987-_JM,https://http2.mlstatic.com/D_NQ_NP_2X_939412-MLM98031880274_112025-E.webp,NAUCALPAN
Departamento En Venta En Lomas De Tecamachalco  (m2d2988),14746000,MXN,"Lomas De Tecamachalco, Naucalpan, Estado De México",305 m² construidos,3 recámaras,3 baños,https://departamento.mercadolibre.com.mx/MLM-5281775672-departamento-en-venta-en-lomas-de-tecamachalco-m2d2988-_JM,https://http2.mlstatic.com/D_NQ_NP_2X_895734-MLM98031880154_112025-E.webp,NAUCALPAN
Departamento En Venta En Tecamachalco Con Roof Garden (m2d3339),14099000,MXN,"Lomas De Tecamachalco, Naucalpan, Estado De México",383 m² construidos,3 recámaras,3 baños,https://departamento.mercadolibre.com.mx/MLM-2904775701-departamento-en-venta-en-tecamachalco-con-roof-garden-m2d3339-_JM,https://http2.mlstatic.com/D_NQ_NP_2X_728084-MLM98031880018_112025-E.webp,NAUCALPAN
"Departamento En Venta En Fuente De La Juventud, Lomas De Tecamachalco",12647000,MXN,"Lomas De Tecamachalco, Naucalpan, Estado De México",328 m² construidos,3 recámaras,3 baños,https://departamento.mercadolibre.com.mx/MLM-5759034592-departamento-en-venta-en-fuente-de-la-juventud-lomas-de-tecamachalco-_JM,https://http2.mlstatic.com/D_NQ_NP_2X_667672-MLM113585352484_072026-E.webp,NAUCALPAN
Departamento En Venta En Tecamachalco 3r/3.5b/2e - Balcón - Amenidades - 300m2,12900000,MXN,"Lomas De Tecamachalco, Naucalpan, Estado De México",300 m² construidos,3 recámaras,3 baños,https://departamento.mercadolibre.com.mx/MLM-2996646753-departamento-en-venta-en-tecamachalco-3r35b2e-balcon-amenidades-300m2-_JM,https://http2.mlstatic.com/D_NQ_NP_2X_996054-MLM111883951010_062026-E.webp,NAUCALPAN
Departamento En Venta En Lomas De Tecamachalco  (m2d3560),15374000,MXN,"Lomas De Tecamachalco, Naucalpan, Estado De México",313 m² construidos,3 recámaras,3 baños,https://departamento.mercadolibre.com.mx/MLM-5281647386-departamento-en-venta-en-lomas-de-tecamachalco-m2d3560-_JM,https://http2.mlstatic.com/D_NQ_NP_2X_673494-MLM98031880096_112025-E.webp,NAUCALPAN
"Departamento En Venta En Lomas Del Río, Naucalpan",7250000,MXN,"Lomas Del Río, Naucalpan, Estado De México",170 m² construidos,3 recámaras,2 baños,https://departamento.mercadolibre.com.mx/MLM-2984775395-departamento-en-venta-en-lomas-del-rio-naucalpan-_JM,https://http2.mlstatic.com/D_NQ_NP_2X_714415-MLM114021956570_072026-E.webp,NAUCALPAN
Lomas Verdes. Departamento En Venta,6799000,MXN,"Lomas Verdes. Departamento En Venta, Naucalpan, Estado De México",160 m² de terreno,3 recámaras,2 baños,https://departamento.mercadolibre.com.mx/MLM-2973762235-lomas-verdes-departamento-en-venta-_JM,https://http2.mlstatic.com/D_NQ_NP_2X_937655-MLM112593348177_062026-E.webp,NAUCALPAN
Departamento En Venta En Tecamachalco (m2d3593),8500000,MXN,"Lomas De Tecamachalco, Naucalpan, Estado De México",189 m² construidos,3 recámaras,2 baños,https://departamento.mercadolibre.com.mx/MLM-5281775600-departamento-en-venta-en-tecamachalco-m2d3593-_JM,https://http2.mlstatic.com/D_NQ_NP_2X_805851-MLM98502456951_112025-E.webp,NAUCALPAN
Departamento En Venta En Lomas De Tecamachalco Con Terraza (m2d2854),8320000,MXN,"Lomas De Tecamachalco, Naucalpan, Estado De México",237 m² construidos,3 recámaras,3 baños,https://departamento.mercadolibre.com.mx/MLM-2904776075-departamento-en-venta-en-lomas-de-tecamachalco-con-terraza-m2d2854-_JM,https://http2.mlstatic.com/D_NQ_NP_2X_779468-MLM98502524305_112025-E.webp,NAUCALPAN
Departamento En Venta En Lomas De Tecamachalco Con Terraza (m2d2853),7800000,MXN,"Lomas De Tecamachalco, Naucalpan, Estado De México",237 m² construidos,3 recámaras,3 baños,https://departamento.mercadolibre.com.mx/MLM-5281647494-departamento-en-venta-en-lomas-de-tecamachalco-con-terraza-m2d2853-_JM,https://http2.mlstatic.com/D_NQ_NP_2X_975078-MLM98031945946_112025-E.webp,NAUCALPAN
Departamento En Venta En Tecamachalco (m2d3488),7125000,MXN,"Lomas De Tecamachalco, Naucalpan, Estado De México",226 m² construidos,3 recámaras,2 baños,https://departamento.mercadolibre.com.mx/MLM-2904775989-departamento-en-venta-en-tecamachalco-m2d3488-_JM,https://http2.mlstatic.com/D_NQ_NP_2X_916619-MLM98031988048_112025-E.webp,NAUCALPAN
Departamento En  Venta En Lomas De Tecamachalco Gh (m2d3796),9800000,MXN,"Lomas De Tecamachalco, Naucalpan, Estado De México",240 m² construidos,3 recámaras,3 baños,https://departamento.mercadolibre.com.mx/MLM-3201923201-departamento-en-venta-en-lomas-de-tecamachalco-gh-m2d3796-_JM,https://http2.mlstatic.com/D_NQ_NP_2X_691798-MLM115208949355_072026-E.webp,NAUCALPAN
Altezza Central,4100000,MXN,"Industrial Alce Blanco, Naucalpan, Estado De México",77 m² construidos,2 recámaras,2 baños,https://departamento.mercadolibre.com.mx/MLM-5480661220-altezza-central-_JM,https://http2.mlstatic.com/D_NQ_NP_2X_781370-MLM111886168356_062026-E.webp,NAUCALPAN
Departamento En Venta En Bosques De La Herradura (m2d2743),9700000,MXN,"Independencia, Naucalpan, Estado De México",200 m² construidos,3 recámaras,3 baños,https://departamento.mercadolibre.com.mx/MLM-5281621586-departamento-en-venta-en-bosques-de-la-herradura-m2d2743-_JM,https://http2.mlstatic.com/D_NQ_NP_2X_797537-MLM98502733413_112025-E.webp,NAUCALPAN
Departamento En  Venta En Lomas De Tecamachalco Ph (m2d3692),10300000,MXN,"Lomas De Tecamachalco, Naucalpan, Estado De México",302 m² construidos,3 recámaras,3 baños,https://departamento.mercadolibre.com.mx/MLM-3201923283-departamento-en-venta-en-lomas-de-tecamachalco-ph-m2d3692-_JM,https://http2.mlstatic.com/D_NQ_NP_2X_875123-MLM115208951561_072026-E.webp,NAUCALPAN
Departamento En  Venta En Lomas De Tecamachalco Gh (m2d3691),9900000,MXN,"Lomas De Tecamachalco, Naucalpan, Estado De México",273 m² construidos,3 recámaras,3 baños,https://departamento.mercadolibre.com.mx/MLM-5823725370-departamento-en-venta-en-lomas-de-tecamachalco-gh-m2d3691-_JM,https://http2.mlstatic.com/D_NQ_NP_2X_686621-MLM115208895825_072026-E.webp,NAUCALPAN
Departamento En Pre-venta En Proyecto Residencial Dentro De Bosque Real. Edomex.,9700000,MXN,"Country Club, Naucalpan, Estado De México",150 m² construidos,2 recámaras,2 baños,https://departamento.mercadolibre.com.mx/MLM-5186837014-departamento-en-pre-venta-en-proyecto-residencial-dentro-de-bosque-real-edomex-_JM,https://http2.mlstatic.com/D_NQ_NP_2X_612999-MLM106921927182_022026-E.webp,NAUCALPAN
Departamento  En Venta En Bosque  Real Ivy,21969025,MXN,"Naucalpan, Estado De México",676 m² construidos,3 recámaras,3 baños,https://departamento.mercadolibre.com.mx/MLM-4819459802-departamento-en-venta-en-bosque-real-ivy-_JM,https://http2.mlstatic.com/D_NQ_NP_2X_611742-MLM107433858911_022026-E.webp,NAUCALPAN
Departamento En Venta En Bosques De La Herradura (m2d3060),9200000,MXN,"Independencia, Naucalpan, Estado De México",200 m² construidos,3 recámaras,3 baños,https://departamento.mercadolibre.com.mx/MLM-5281621528-departamento-en-venta-en-bosques-de-la-herradura-m2d3060-_JM,https://http2.mlstatic.com/D_NQ_NP_2X_796329-MLM98032177066_112025-E.webp,NAUCALPAN
Departamento En Venta En Lomas De Tecamachalco  (m2d3799),12000000,MXN,"Lomas De Tecamachalco, Naucalpan, Estado De México",311 m² construidos,3 recámaras,3 baños,https://departamento.mercadolibre.com.mx/MLM-3201927167-departamento-en-venta-en-lomas-de-tecamachalco-m2d3799-_JM,https://http2.mlstatic.com/D_NQ_NP_2X_639945-MLM113903093702_072026-E.webp,NAUCALPAN
"Venta De Departamento, Residencial Fuente De Platerias, Lomas De Tecamachalco.",14099000,MXN,"Lomas De Tecamachalco, Naucalpan, Estado De México",383 m² construidos,3 recámaras,3 baños,https://departamento.mercadolibre.com.mx/MLM-2919719571-venta-de-departamento-residencial-fuente-de-platerias-lomas-de-tecamachalco-_JM,https://http2.mlstatic.com/D_NQ_NP_2X_663664-MLM85879759317_062025-E.webp,NAUCALPAN
Increíble Penthouse De 2 Niveles En Alta Vitta Lomas Verdes,14400000,MXN,"Alta Vitta, Lomas Verdes, Naucalpan, Estado De México",264 m² construidos,3 recámaras,4 baños,https://departamento.mercadolibre.com.mx/MLM-5456351870-increible-penthouse-de-2-niveles-en-alta-vitta-lomas-verdes-_JM,https://http2.mlstatic.com/D_NQ_NP_2X_882239-MLM111689049234_062026-E.webp,NAUCALPAN
Departamento En Venta En Tecamachalco Ph Con Terraza (m2d3793),10700000,MXN,"Lomas De Tecamachalco, Naucalpan, Estado De México",262 m² construidos,3 recámaras,3 baños,https://departamento.mercadolibre.com.mx/MLM-5823724970-departamento-en-venta-en-tecamachalco-ph-con-terraza-m2d3793-_JM,https://http2.mlstatic.com/D_NQ_NP_2X_613159-MLM115208876901_072026-E.webp,NAUCALPAN
"Venta De Ph Con Roof Garden, Herradura, Naucalpan De Juarez, Estado De México.",11490000,MXN,"Naucalpan, Estado De México",356 m² construidos,4 recámaras,4 baños,https://departamento.mercadolibre.com.mx/MLM-5594244434-venta-de-ph-con-roof-garden-herradura-naucalpan-de-juarez-estado-de-mexico-_JM,https://http2.mlstatic.com/D_NQ_NP_2X_983605-MLM115299752433_072026-E.webp,NAUCALPAN
Exclusivos Departamentos En Preventa En Lomas Del Rio,9056800,MXN,"Lomas Del Río, Naucalpan, Estado De México",210 m² construidos,3 recámaras,3 baños,https://departamento.mercadolibre.com.mx/MLM-4955937100-exclusivos-departamentos-en-preventa-en-lomas-del-rio-_JM,https://http2.mlstatic.com/D_NQ_NP_2X_983965-MLM108197682779_032026-E.webp,NAUCALPAN
Departamento En Venta En Lomas De Sotelo 2 Recámaras,3141500,MXN,"Lomas De Sotelo, Naucalpan, Estado De México",63 m² construidos,2 recámaras,2 baños,https://departamento.mercadolibre.com.mx/MLM-3102182749-departamento-en-venta-en-lomas-de-sotelo-2-recamaras-_JM,https://http2.mlstatic.com/D_NQ_NP_2X_908910-MLM113580315258_072026-E.webp,NAUCALPAN
Departamento En Venta En Tecamachalco Con Terraza (m2d3795),9900000,MXN,"Lomas De Tecamachalco, Naucalpan, Estado De México",252 m² construidos,3 recámaras,3 baños,https://departamento.mercadolibre.com.mx/MLM-5823724944-departamento-en-venta-en-tecamachalco-con-terraza-m2d3795-_JM,https://http2.mlstatic.com/D_NQ_NP_2X_900422-MLM113902501162_072026-E.webp,NAUCALPAN
Departamento En Venta En Tecamachalco Garden (m2d3794),10800000,MXN,"Lomas De Tecamachalco, Naucalpan, Estado De México",317 m² construidos,3 recámaras,3 baños,https://departamento.mercadolibre.com.mx/MLM-5823724960-departamento-en-venta-en-tecamachalco-garden-m2d3794-_JM,https://http2.mlstatic.com/D_NQ_NP_2X_924949-MLM113902502076_072026-E.webp,NAUCALPAN
Exclusivos Departamentos En Preventa En Lomas Del Rio,9811250,MXN,"Lomas Del Río, Naucalpan, Estado De México",313 m² construidos,3 recámaras,3 baños,https://departamento.mercadolibre.com.mx/MLM-2765569671-exclusivos-departamentos-en-preventa-en-lomas-del-rio-_JM,https://http2.mlstatic.com/D_NQ_NP_2X_769356-MLM108197582839_032026-E.webp,NAUCALPAN
Departamento  En Venta En Lomas De Tecamachalco (m2d2528),10222200,MXN,"Lomas De Tecamachalco, Naucalpan, Estado De México",227 m² construidos,3 recámaras,3 baños,https://departamento.mercadolibre.com.mx/MLM-5281621632-departamento-en-venta-en-lomas-de-tecamachalco-m2d2528-_JM,https://http2.mlstatic.com/D_NQ_NP_2X_617173-MLM98502729153_112025-E.webp,NAUCALPAN
Departamento  En Venta En Lomas De Tecamachalco (m2d2529),12091000,MXN,"Lomas De Tecamachalco, Naucalpan, Estado De México",268 m² construidos,3 recámaras,3 baños,https://departamento.mercadolibre.com.mx/MLM-5281647396-departamento-en-venta-en-lomas-de-tecamachalco-m2d2529-_JM,https://http2.mlstatic.com/D_NQ_NP_2X_752003-MLM98502729131_112025-E.webp,NAUCALPAN
Departamento En Venta,2050000,MXN,"Lomas Verdes, Lomas Verdes (Conjunto Lomas Verdes), Naucalpan, Estado De México",60 m² construidos,2 recámaras,1 baño,https://departamento.mercadolibre.com.mx/MLM-5485737358-departamento-en-venta-_JM,https://http2.mlstatic.com/D_NQ_NP_2X_966978-MLM111925773412_062026-E.webp,NAUCALPAN
Departamento En Venta Lomas De  Tecamachalco,10000000,MXN,"Lomas De Tecamachalco, Naucalpan, Estado De México",310 m² construidos,3 recámaras,3 baños,https://departamento.mercadolibre.com.mx/MLM-2904775685-departamento-en-venta-lomas-de-tecamachalco-_JM,https://http2.mlstatic.com/D_NQ_NP_2X_622387-MLM98502698577_112025-E.webp,NAUCALPAN
Departamento  En Venta En Lomas De Tecamachalco (m2d2531),15956000,MXN,"Lomas De Tecamachalco, Naucalpan, Estado De México",455 m² construidos,3 recámaras,3 baños,https://departamento.mercadolibre.com.mx/MLM-5281647394-departamento-en-venta-en-lomas-de-tecamachalco-m2d2531-_JM,https://http2.mlstatic.com/D_NQ_NP_2X_906529-MLM98502729441_112025-E.webp,NAUCALPAN
Departamento  En Venta En Lomas De Tecamachalco (m2d2530),14731000,MXN,"Lomas De Tecamachalco, Naucalpan, Estado De México",327 m² construidos,3 recámaras,3 baños,https://departamento.mercadolibre.com.mx/MLM-5281775556-departamento-en-venta-en-lomas-de-tecamachalco-m2d2530-_JM,https://http2.mlstatic.com/D_NQ_NP_2X_847482-MLM98502738347_112025-E.webp,NAUCALPAN
"Vendo Departamento Exterior En Colonia El Parque, Naucalpan De Juárez, Cdmx.",3150000,MXN,"El Parque, Naucalpan, Estado De México",63 m² construidos,2 recámaras,2 baños,https://departamento.mercadolibre.com.mx/MLM-2904775239-vendo-departamento-exterior-en-colonia-el-parque-naucalpan-de-juarez-cdmx-_JM,https://http2.mlstatic.com/D_NQ_NP_2X_721316-MLM106846213988_022026-E.webp,NAUCALPAN
Venta De Departamento,3500000,MXN,"La Cuspide, La Cúspide, Naucalpan, Estado De México",120 m² construidos,2 recámaras,3 baños,https://departamento.mercadolibre.com.mx/MLM-2878040249-venta-de-departamento-_JM,https://http2.mlstatic.com/D_NQ_NP_2X_712184-MLM109778237826_042026-E.webp,NAUCALPAN
Departamento En Venta En Lomas De Tecamachalco Con Terraza (m2d2663),17000000,MXN,"Lomas De Tecamachalco, Naucalpan, Estado De México",310 m² construidos,3 recámaras,3 baños,https://departamento.mercadolibre.com.mx/MLM-2904775679-departamento-en-venta-en-lomas-de-tecamachalco-con-terraza-m2d2663-_JM,https://http2.mlstatic.com/D_NQ_NP_2X_912531-MLM98502731821_112025-E.webp,NAUCALPAN
Nuevo Satélite Preventa Departamento,4960000,MXN,"Ciudad Satélite, Naucalpan, Estado De México",85 m² construidos,3 recámaras,2 baños,https://departamento.mercadolibre.com.mx/MLM-5113841212-nuevo-satelite-preventa-departamento-_JM,https://http2.mlstatic.com/D_NQ_NP_2X_883521-MLM109099577124_042026-E.webp,NAUCALPAN
Departamento En Venta,2250000,MXN,"Capuchinas, Lomas Verdes 5a Sección (La Concordia), Naucalpan, Estado De México",65 m² construidos,2 recámaras,1 baño,https://departamento.mercadolibre.com.mx/MLM-5215981680-departamento-en-venta-_JM,https://http2.mlstatic.com/D_NQ_NP_2X_694436-MLM109771603828_042026-E.webp,NAUCALPAN
"Departamento Altezza Muy Cerca Polanco Amenidades Acepto Creditos, Torre Nueva",3990000,MXN,"Blvd. Toluca 30, San Francisco Cuautlalpan, 53370 Naucalpan De Juárez, Méx., Mexico, San Francisco Cuautlalpan, Naucalpan, Estado De México",92 m² construidos,2 recámaras,2 baños,https://departamento.mercadolibre.com.mx/MLM-2869642829-departamento-altezza-muy-cerca-polanco-amenidades-acepto-creditos-torre-nueva-_JM,https://http2.mlstatic.com/D_NQ_NP_2X_611143-MLM90865028837_082025-E.webp,NAUCALPAN
Departamento En Venta Ciudad Satelite,5300000,MXN,"Circuito Novelistas, Ciudad Satélite, Naucalpan, Estado De México",145 m² construidos,3 recámaras,2 baños,https://departamento.mercadolibre.com.mx/MLM-2855875279-departamento-en-venta-ciudad-satelite-_JM,https://http2.mlstatic.com/D_NQ_NP_2X_978552-MLM109420430234_042026-E.webp,NAUCALPAN
Departamento Nuevo En Venta En Satélite,5750000,MXN,"Arquitectos 12, Ciudad Satélite, Naucalpan, Estado De México",87 m² construidos,2 recámaras,2 baños,https://departamento.mercadolibre.com.mx/MLM-2624658051-departamento-nuevo-en-venta-en-satelite-_JM,https://http2.mlstatic.com/D_NQ_NP_2X_653978-MLM101468612297_122025-E.webp,NAUCALPAN
Venta Departamento En San Mateo Nopala A 3 Minutos De Lomas Verdes,3900000,MXN,"Santiago Occipaco, Naucalpan, Estado De México",143 m² construidos,3 recámaras,2 baños,https://departamento.mercadolibre.com.mx/MLM-2903129223-venta-departamento-en-san-mateo-nopala-a-3-minutos-de-lomas-verdes-_JM,https://http2.mlstatic.com/D_NQ_NP_2X_994293-MLM110193451206_052026-E.webp,NAUCALPAN
Green Vista En Fuentes De Satelite,5750540,MXN,"Santa Cruz Del Monte, Naucalpan, Estado De México",140 m² construidos,3 recámaras,2 baños,https://departamento.mercadolibre.com.mx/MLM-5402149572-green-vista-en-fuentes-de-satelite-_JM,https://http2.mlstatic.com/D_NQ_NP_2X_963550-MLM113895733696_072026-E.webp,NAUCALPAN
Los Azulejos En San Mateo Nopala,3550000,MXN,"San Mateo Nopala, Naucalpan, Estado De México",96 m² construidos,2 recámaras,2 baños,https://departamento.mercadolibre.com.mx/MLM-2970348605-los-azulejos-en-san-mateo-nopala-_JM,https://http2.mlstatic.com/D_NQ_NP_2X_670891-MLM104560595606_012026-E.webp,NAUCALPAN
Hermoso Departamento En 6a Lomas Verdes,7500000,MXN,"Francisco Javier Miranda 7, Ciudad De México, Lomas Verdes 6a Sección, Naucalpan, Estado De México",228 m² construidos,3 recámaras,3 baños,https://departamento.mercadolibre.com.mx/MLM-2983401121-hermoso-departamento-en-6a-lomas-verdes-_JM,https://http2.mlstatic.com/D_NQ_NP_2X_630662-MLM91747148664_092025-E.webp,NAUCALPAN
"Departamento En Venta, En Lomas Del Río, Naucalpan De Juárez, Edo. De México",6200000,MXN,"Fraccionamiento Lomas Del Río, Lomas Del Río, Naucalpan, Estado De México",167 m² construidos,3 recámaras,3 baños,https://departamento.mercadolibre.com.mx/MLM-2776227317-departamento-en-venta-en-lomas-del-rio-naucalpan-de-juarez-edo-de-mexico-_JM,https://http2.mlstatic.com/D_NQ_NP_2X_977603-MLM80557947977_112024-E.webp,NAUCALPAN
Departamento En Venta,2200000,MXN,"Lomas Verdes, Lomas Verdes (Conjunto Lomas Verdes), Naucalpan, Estado De México",60 m² construidos,2 recámaras,1 baño,https://departamento.mercadolibre.com.mx/MLM-5485981196-departamento-en-venta-_JM,https://http2.mlstatic.com/D_NQ_NP_2X_789856-MLM111927171258_062026-E.webp,NAUCALPAN
Exclusivos Ph De Lujo En Venta Zona Poniente Cdmx,4449000,MXN,"Ricardo Flores Magón, Naucalpan, Estado De México",150 m² construidos,3 recámaras,2 baños,https://departamento.mercadolibre.com.mx/MLM-5178982190-exclusivos-ph-de-lujo-en-venta-zona-poniente-cdmx-_JM,https://http2.mlstatic.com/D_NQ_NP_2X_612699-MLM107753336179_022026-E.webp,NAUCALPAN
"Venta Departamento En, Alce Blanco, Toreo, Periferico Norte",4514000,MXN,"Industrial Alce Blanco, Naucalpan, Estado De México",90 m² construidos,2 recámaras,2 baños,https://departamento.mercadolibre.com.mx/MLM-3058402035-venta-departamento-en-alce-blanco-toreo-periferico-norte-_JM,https://http2.mlstatic.com/D_NQ_NP_2X_741969-MLM114660188135_072026-E.webp,NAUCALPAN
Departamento En Venta Con Terraza En Santa Cruz Del Monte,5300000,MXN,"Santa Cruz Del Monte, Naucalpan, Estado De México",175 m² construidos,3 recámaras,2 baños,https://departamento.mercadolibre.com.mx/MLM-5037371630-departamento-en-venta-con-terraza-en-santa-cruz-del-monte-_JM,https://http2.mlstatic.com/D_NQ_NP_2X_834035-MLM108265923422_032026-E.webp,NAUCALPAN
Loma Cuspide Alto Residencial,6892341,MXN,"Petroquímica Lomas Verdes, Naucalpan, Estado De México",205 m² construidos,3 recámaras,3 baños,https://departamento.mercadolibre.com.mx/MLM-5568583432-loma-cuspide-alto-residencial-_JM,https://http2.mlstatic.com/D_NQ_NP_2X_804817-MLM114068870614_072026-E.webp,NAUCALPAN
Desarrollo Sta Cruz Residencial,5515000,MXN,"Santa Cruz Del Monte, Naucalpan, Estado De México",110 m² construidos,3 recámaras,2 baños,https://departamento.mercadolibre.com.mx/MLM-5147801634-desarrollo-sta-cruz-residencial-_JM,https://http2.mlstatic.com/D_NQ_NP_2X_964767-MLM114864381485_072026-E.webp,NAUCALPAN
Se Renta Casa Remodelada En Tecamachalco (l),46900,MXN,"SE Renta Casa Remodelada EN Tecamachalco (L), Lomas De Tecamachalco, Naucalpan, Estado De México",450 m² de terreno,3 recámaras,4 baños,https://departamento.mercadolibre.com.mx/MLM-5375634790-se-renta-casa-remodelada-en-tecamachalco-l-_JM,https://http2.mlstatic.com/D_NQ_NP_2X_876913-MLM110978225242_052026-E.webp,NAUCALPAN
"Departamento Moderno Con Terraza Y Roof Privado En Fuentes De Pisa, Tecamachalco",14890000,MXN,"Lomas De Tecamachalco, Naucalpan, Estado De México",265 m² construidos,3 recámaras,3 baños,https://departamento.mercadolibre.com.mx/MLM-5147729528-departamento-moderno-con-terraza-y-roof-privado-en-fuentes-de-pisa-tecamachalco-_JM,https://http2.mlstatic.com/D_NQ_NP_2X_813094-MLM110688147270_052026-E.webp,NAUCALPAN
"Venta Departamento A Estrenar Fuente De Diana, Tecamachalco",7500000,MXN,"Lomas De Tecamachalco, Naucalpan, Estado De México",230 m² construidos,3 recámaras,3 baños,https://departamento.mercadolibre.com.mx/MLM-2985332971-venta-departamento-a-estrenar-fuente-de-diana-tecamachalco-_JM,https://http2.mlstatic.com/D_NQ_NP_2X_891827-MLM115299840673_072026-E.webp,NAUCALPAN
Exclusivos Departamentos De Lujo En Venta Zona Poniente Cdmx,4649000,MXN,"Ricardo Flores Magón, Naucalpan, Estado De México",98 m² construidos,3 recámaras,2 baños,https://departamento.mercadolibre.com.mx/MLM-2862514779-exclusivos-departamentos-de-lujo-en-venta-zona-poniente-cdmx-_JM,https://http2.mlstatic.com/D_NQ_NP_2X_895554-MLM107753336967_022026-E.webp,NAUCALPAN
Venta Departamento Nuevo 3er Piso En Santa Cruz Del Monte,6000000,MXN,"Santa Cruz Del Monte, Naucalpan, Estado De México",110 m² construidos,3 recámaras,2 baños,https://departamento.mercadolibre.com.mx/MLM-5147801638-venta-departamento-nuevo-3er-piso-en-santa-cruz-del-monte-_JM,https://http2.mlstatic.com/D_NQ_NP_2X_688312-MLM114864381563_072026-E.webp,NAUCALPAN
"Venta Departamento, Puerta Grande, La Herradura, Naucalpan, Estado De México",3519479,MXN,"Lomas Del Río, Naucalpan, Estado De México",63 m² construidos,1 recámara,1 baño,https://departamento.mercadolibre.com.mx/MLM-3096932737-venta-departamento-puerta-grande-la-herradura-naucalpan-estado-de-mexico-_JM,https://http2.mlstatic.com/D_NQ_NP_2X_925652-MLM113037338364_072026-E.webp,NAUCALPAN
"Venta Departamento Residencial Raíces, Lomas Country Club",35000000,MXN,"Country Club, Naucalpan, Estado De México",497 m² construidos,3 recámaras,3 baños,https://departamento.mercadolibre.com.mx/MLM-2985344931-venta-departamento-residencial-raices-lomas-country-club-_JM,https://http2.mlstatic.com/D_NQ_NP_2X_788099-MLM113864362588_072026-E.webp,NAUCALPAN
Se Vende Hermoso Departamento En Fuente De Molinos (v),9000000,MXN,"Lomas De Tecamachalco, Naucalpan, Estado De México",242 m² construidos,3 recámaras,2 baños,https://departamento.mercadolibre.com.mx/MLM-5811405622-se-vende-hermoso-departamento-en-fuente-de-molinos-v-_JM,https://http2.mlstatic.com/D_NQ_NP_2X_673091-MLM96666062730_112025-E.webp,NAUCALPAN
"Se  Vende Departamento Para Remodelar En Tecamachalco, Fuente De Molinos (l)",8950000,MXN,"SE  Vende O Renta Departamento Para Remodelar EN Tecamachalco, Fuente DE Molinos (L), Lomas De Tecamachalco, Naucalpan, Estado De México",420 m² construidos,3 recámaras,3 baños,https://departamento.mercadolibre.com.mx/MLM-4979966040-se-vende-departamento-para-remodelar-en-tecamachalco-fuente-de-molinos-l-_JM,https://http2.mlstatic.com/D_NQ_NP_2X_610453-MLM107706892904_032026-E.webp,NAUCALPAN
Departamento En Venta En La Herradura,9000000,MXN,"Héroes De La Revolución, Naucalpan, Estado De México",187 m² construidos,3 recámaras,2 baños,https://departamento.mercadolibre.com.mx/MLM-3075620423-departamento-en-venta-en-la-herradura-_JM,https://http2.mlstatic.com/D_NQ_NP_2X_876679-MLM112853601706_072026-E.webp,NAUCALPAN
Departamento Con Terraza En Venta En Lomas Verdes 6a Seccion,8800000,MXN,"Lomas Verdes 6a Sección, Naucalpan, Estado De México",267 m² construidos,3 recámaras,2 baños,https://departamento.mercadolibre.com.mx/MLM-2992812349-departamento-con-terraza-en-venta-en-lomas-verdes-6a-seccion-_JM,https://http2.mlstatic.com/D_NQ_NP_2X_819585-MLM112939872955_062026-E.webp,NAUCALPAN
Vendo Ph En Tecamachalco,12000000,MXN,"Lomas De Tecamachalco, Naucalpan, Estado De México",600 m² construidos,3 recámaras,4 baños,https://departamento.mercadolibre.com.mx/MLM-5258979956-vendo-ph-en-tecamachalco-_JM,https://http2.mlstatic.com/D_NQ_NP_2X_664271-MLM110090830696_042026-E.webp,NAUCALPAN
Venta Departamento Nuevo En Santa Cruz Del Monte,5515000,MXN,"Santa Cruz Del Monte, Naucalpan, Estado De México",110 m² construidos,3 recámaras,2 baños,https://departamento.mercadolibre.com.mx/MLM-2848186015-venta-departamento-nuevo-en-santa-cruz-del-monte-_JM,https://http2.mlstatic.com/D_NQ_NP_2X_638078-MLM113589318790_072026-E.webp,NAUCALPAN
"Departamento De 636 M2, Family Room, Cine, Spa, Juegos Para",24000000,MXN,"DCM221-4, Minas Palacio, Naucalpan, Estado De México",636 m² construidos,3 recámaras,3 baños,https://departamento.mercadolibre.com.mx/MLM-2880823883-departamento-de-636-m2-family-room-cine-spa-juegos-para-_JM,https://http2.mlstatic.com/D_NQ_NP_2X_621019-MLM72824130596_112023-E.webp,NAUCALPAN
Exclusivos Departamentos De Lujo En Venta Zona Poniente Cdmx,4799000,MXN,"Ricardo Flores Magón, Naucalpan, Estado De México",109 m² construidos,3 recámaras,2 baños,https://departamento.mercadolibre.com.mx/MLM-5178847298-exclusivos-departamentos-de-lujo-en-venta-zona-poniente-cdmx-_JM,https://http2.mlstatic.com/D_NQ_NP_2X_837764-MLM105974276776_022026-E.webp,NAUCALPAN
Departamento Para Remodelar En Molinos,9900000,MXN,"Lomas De Tecamachalco, Naucalpan, Estado De México",500 m² construidos,4 recámaras,4 baños,https://departamento.mercadolibre.com.mx/MLM-5616990998-departamento-para-remodelar-en-molinos-_JM,https://http2.mlstatic.com/D_NQ_NP_2X_622335-MLM112817707734_072026-E.webp,NAUCALPAN
"Venta Ph En Lomas Country Club, Interlomas",18888800,MXN,"Country Club, Naucalpan, Estado De México",634 m² construidos,4 recámaras,4 baños,https://departamento.mercadolibre.com.mx/MLM-2985345171-venta-ph-en-lomas-country-club-interlomas-_JM,https://http2.mlstatic.com/D_NQ_NP_2X_980519-MLM113864318982_072026-E.webp,NAUCALPAN
"Vendo Departamento En Lomas Country Club, Naucalpan De Juárez",7500000,MXN,"Country Club, Naucalpan, Estado De México",280 m² construidos,3 recámaras,3 baños,https://departamento.mercadolibre.com.mx/MLM-5413289232-vendo-departamento-en-lomas-country-club-naucalpan-de-juarez-_JM,https://http2.mlstatic.com/D_NQ_NP_2X_636210-MLM111307632600_052026-E.webp,NAUCALPAN
Departamento En Venta,9500000,MXN,"Lomas De Tecamachalco, Naucalpan, Estado De México",230 m² construidos,3 recámaras,2 baños,https://departamento.mercadolibre.com.mx/MLM-2911211623-departamento-en-venta-_JM,https://http2.mlstatic.com/D_NQ_NP_2X_646118-MLM114058454177_072026-E.webp,NAUCALPAN
