titulo,precio,moneda,ubicacion,superficie,recamaras,banos,link,imagen,municipio
"Venta Y Preventa De Departamentos, En Lindavista, Av. Politécnico Nacional. Cdmx",4813900,MXN,"Av Instituto Politécnico Nacional 1800 - 2100, Lindavista Nte., Ciudad De México, Lindavista, Gustavo A. Madero, Distrito Federal",65 - 76 m² construidos,2 recámaras,2 baños,https://departamento.mercadolibre.com.mx/MLM-5455762350-venta-y-preventa-de-departamentos-en-lindavista-av-politecnico-nacional-cdmx-_JM,https://http2.mlstatic.com/D_NQ_NP_2X_682657-MLM112761628827_062026-E.webp,GUSTAVO A MADERO
Departamento En Dm Nacional 2 Habitaciones Remodelado,1899997,MXN,"DM Nacional, Mexico City, DM Nacional, Gustavo A. Madero, Distrito Federal",55 m² construidos,2 recámaras,1 baño,https://departamento.mercadolibre.com.mx/MLM-5586830600-departamento-en-dm-nacional-2-habitaciones-remodelado-_JM,https://http2.mlstatic.com/D_NQ_NP_2X_639873-MLM112647677958_062026-E.webp,GUSTAVO A MADERO
Departamentos En Venta En Aragón,1920000,MXN,"San Juan De Aragón I Sección, Gustavo A. Madero, Distrito Federal",40 m² construidos,1 recámara,1 baño,https://departamento.mercadolibre.com.mx/MLM-3829176052-departamentos-en-venta-en-aragon-_JM,https://http2.mlstatic.com/D_NQ_NP_2X_675382-MLM104247608264_012026-E.webp,GUSTAVO A MADERO
"Vivienda De Interes Social, Preventa, Vallejo. Gustavo A. Madero",350000,MXN,"Abundio Martínez, Vallejo, Ciudad De México, Vallejo, Gustavo A. Madero, Distrito Federal",63 m² construidos,3 recámaras,1 baño,https://departamento.mercadolibre.com.mx/MLM-2933131665-vivienda-de-interes-social-preventa-vallejo-gustavo-a-madero-_JM,https://http2.mlstatic.com/D_NQ_NP_2X_646658-MLM111099309691_052026-E.webp,GUSTAVO A MADERO
Departamento En Venta En Santa Isabel Tola,2643334,MXN,"Av. Acueducto De Guadalupe 511, Santa Isabel Tola, Gustavo A. Madero, Distrito Federal",68 m² construidos,2 recámaras,1 baño,https://departamento.mercadolibre.com.mx/MLM-4995492040-departamento-en-venta-en-santa-isabel-tola-_JM,https://http2.mlstatic.com/D_NQ_NP_2X_622408-MLM107885294948_032026-E.webp,GUSTAVO A MADERO
Departamento En Venta En Lindavista,7995000,MXN,"Pernambuco 800, Gustavo A. Madero, Distrito Federal",127 m² construidos,3 recámaras,3 baños,https://departamento.mercadolibre.com.mx/MLM-4995470604-departamento-en-venta-en-lindavista-_JM,https://http2.mlstatic.com/D_NQ_NP_2X_829579-MLM108640310027_032026-E.webp,GUSTAVO A MADERO
"Lindavista Loft En Preventa, Sobre Av. Insurgentes, Solo 16 Departamentos Tipo Boutique, Facilidades.",2850000,MXN,"Av. Insurgentes Nte. 1938, Lindavista, Gustavo A. Madero, 07300 Ciudad De México, CDMX, Mexico, Lindavista, Gustavo A. Madero, Distrito Federal",49 m² construidos,1 recámara,1 baño,https://departamento.mercadolibre.com.mx/MLM-5563747754-lindavista-loft-en-preventa-sobre-av-insurgentes-solo-16-departamentos-tipo-boutique-facilidades-_JM,https://http2.mlstatic.com/D_NQ_NP_2X_885180-MLM96078447105_102025-E.webp,GUSTAVO A MADERO
"Mozaiko Lindavista Residencial, Departamento 2 Recámaras Con Amenidades",4219616,MXN,"Cienfuegos 1077, Residencial Zacatenco, Ciudad De México, Residencial Zacatenco, Gustavo A. Madero, Distrito Federal",75 m² construidos,2 recámaras,1 baño,https://departamento.mercadolibre.com.mx/MLM-3039046689-mozaiko-lindavista-residencial-departamento-2-recamaras-con-amenidades-_JM,https://http2.mlstatic.com/D_NQ_NP_2X_637156-MLM95632783416_102025-E.webp,GUSTAVO A MADERO
"Departamento En Venta, En Zona Escolar Gam",1894903,MXN,"Tenayuca Chalmita 551 Edif C, Zona Escolar, Gustavo A. Madero, Distrito Federal",55 m² construidos,3 recámaras,1 baño,https://departamento.mercadolibre.com.mx/MLM-5413687622-departamento-en-venta-en-zona-escolar-gam-_JM,https://http2.mlstatic.com/D_NQ_NP_2X_865087-MLM112347416695_052026-E.webp,GUSTAVO A MADERO
Departamento En Venta En Santa Isabel Tola,3072688,MXN,"Av. Acueducto De Guadalupe 511, Santa Isabel Tola, Gustavo A. Madero, Distrito Federal",76 m² construidos,2 recámaras,1 baño,https://departamento.mercadolibre.com.mx/MLM-4995505478-departamento-en-venta-en-santa-isabel-tola-_JM,https://http2.mlstatic.com/D_NQ_NP_2X_748719-MLM107885390718_032026-E.webp,GUSTAVO A MADERO
Venta De Departamento En Vallejo,2000000,MXN,"Progreso Nacional, Gustavo A. Madero, Distrito Federal",60 m² construidos,3 recámaras,1 baño,https://departamento.mercadolibre.com.mx/MLM-5743882274-venta-de-departamento-en-vallejo-_JM,https://http2.mlstatic.com/D_NQ_NP_2X_813416-MLM114761148103_072026-E.webp,GUSTAVO A MADERO
"Excelente Departamento Con Iluminación Y Ventilación Natural, Con Tres Recámaras, Baño Completo, Cocina Y Área De Servicio, Un Lugar De Estacionamiento.",2600000,MXN,"Miguel Bernard 31, La Purísima Ticoman, Ciudad De México, La Purísima Ticoman, Gustavo A. Madero, Distrito Federal",70 m² construidos,3 recámaras,1 baño,https://departamento.mercadolibre.com.mx/MLM-5858797128-excelente-departamento-con-iluminacion-y-ventilacion-natural-con-tres-recamaras-bano-completo-cocina-y-area-de-servicio-un-lugar-de-estacionamiento-_JM,https://http2.mlstatic.com/D_NQ_NP_2X_951663-MLM115362255059_072026-E.webp,GUSTAVO A MADERO
Departamento En Venta En Av. Congreso De La Unión Con Balcón Y Un Cajón Fijo,2400000,MXN,"7 De Noviembre, Gustavo A. Madero, Distrito Federal",63 m² construidos,2 recámaras,2 baños,https://departamento.mercadolibre.com.mx/MLM-5368473650-departamento-en-venta-en-av-congreso-de-la-union-con-balcon-y-un-cajon-fijo-_JM,https://http2.mlstatic.com/D_NQ_NP_2X_691874-MLM110931519132_052026-E.webp,GUSTAVO A MADERO
Departamento En Venta En Unidad Habitacional,1748500,MXN,"Santa Rosa, Gustavo A. Madero, Distrito Federal",60 m² construidos,2 recámaras,1 baño,https://departamento.mercadolibre.com.mx/MLM-2718608817-departamento-en-venta-en-unidad-habitacional-_JM,https://http2.mlstatic.com/D_NQ_NP_2X_653578-MLM105499671608_012026-E.webp,GUSTAVO A MADERO
Departamento En Venta Col. Bondojito,2895000,MXN,"Ote. 107 3370, Bondojito, Ciudad De México, Bondojito, Gustavo A. Madero, Distrito Federal",60 m² construidos,2 recámaras,2 baños,https://departamento.mercadolibre.com.mx/MLM-2907464873-departamento-en-venta-col-bondojito-_JM,https://http2.mlstatic.com/D_NQ_NP_2X_697413-MLM110265062750_052026-E.webp,GUSTAVO A MADERO
Departamento Recién Remodelado En Guadalupe Insurgentes De 72 M² -2 Hab,2850000,MXN,"Guadalupe Insurgentes, Gustavo A. Madero, Distrito Federal",72 m² construidos,2 recámaras,1 baño,https://departamento.mercadolibre.com.mx/MLM-3097441393-departamento-recien-remodelado-en-guadalupe-insurgentes-de-72-m-2-hab-_JM,https://http2.mlstatic.com/D_NQ_NP_2X_705530-MLM114157993076_082026-E.webp,GUSTAVO A MADERO
"Departamento Venta, Panorama Lindavista",4813900,MXN,"Lindavista Norte, Gustavo A. Madero, Distrito Federal",65 m² construidos,2 recámaras,2 baños,https://departamento.mercadolibre.com.mx/MLM-3081812227-departamento-venta-panorama-lindavista-_JM,https://http2.mlstatic.com/D_NQ_NP_2X_769337-MLM112928935056_072026-E.webp,GUSTAVO A MADERO
"Departamento En Preventa, Panorama Lindavista",6037500,MXN,"Lindavista Norte, Gustavo A. Madero, Distrito Federal",91 m² construidos,2 recámaras,2 baños,https://departamento.mercadolibre.com.mx/MLM-2985332809-departamento-en-preventa-panorama-lindavista-_JM,https://http2.mlstatic.com/D_NQ_NP_2X_796460-MLM112817648521_062026-E.webp,GUSTAVO A MADERO
Departamento En Venta Ph En Calzada San Juan De Aragon,3300000,MXN,"Calz. San Juan De Aragón 322, Constitución De La República, Ciudad De México, Ampliación San Juan De Aragón, Gustavo A. Madero, Distrito Federal",64 m² construidos,3 recámaras,2 baños,https://departamento.mercadolibre.com.mx/MLM-5569358478-departamento-en-venta-ph-en-calzada-san-juan-de-aragon-_JM,https://http2.mlstatic.com/D_NQ_NP_2X_799178-MLM113723043903_062026-E.webp,GUSTAVO A MADERO
Departamento Enfrente Del Politécnico Nal,4671600,MXN,"Av Instituto Politécnico Nacional 1923A, Lindavista, Ciudad De México, Lindavista, Gustavo A. Madero, Distrito Federal",65 m² construidos,2 recámaras,2 baños,https://departamento.mercadolibre.com.mx/MLM-2897293329-departamento-enfrente-del-politecnico-nal-_JM,https://http2.mlstatic.com/D_NQ_NP_2X_876038-MLM110090665434_042026-E.webp,GUSTAVO A MADERO
Venta Departamento 2 Ambientes San Pedro Zacatenco,1749000,MXN,"Acueducto Poniente, 603, San Pedro Zacatenco, Gustavo A. Madero, Distrito Federal",60 m² construidos,2 recámaras,1 baño,https://departamento.mercadolibre.com.mx/MLM-5884584370-venta-departamento-2-ambientes-san-pedro-zacatenco-_JM,https://http2.mlstatic.com/D_NQ_NP_2X_874651-MLM115535380999_082026-E.webp,GUSTAVO A MADERO
Venta Departamento 2 Ambientes Vallejo,2383500,MXN,"Calle Schumann, 180, Vallejo, Gustavo A. Madero, Distrito Federal",58 m² construidos,2 recámaras,1 baño,https://departamento.mercadolibre.com.mx/MLM-5867120238-venta-departamento-2-ambientes-vallejo-_JM,https://http2.mlstatic.com/D_NQ_NP_2X_768478-MLM115477778577_082026-E.webp,GUSTAVO A MADERO
Departamentos Del Invi En La Gustavo A. Madero Cdmx.,800000,MXN,"Sara 4625, Colonia, Guadalupe Tepeyac, Ciudad De México, Guadalupe Tepeyac, Gustavo A. Madero, Distrito Federal",60 m² construidos,2 recámaras,1 baño,https://departamento.mercadolibre.com.mx/MLM-2943511729-departamentos-del-invi-en-la-gustavo-a-madero-cdmx-_JM,https://http2.mlstatic.com/D_NQ_NP_2X_952218-MLM111920006389_052026-E.webp,GUSTAVO A MADERO
Departamento En Preventa En Gam Con Recursos Propios,1198750,MXN,"Borodin 3, Vallejo, Ciudad De México, Vallejo, Gustavo A. Madero, Distrito Federal",54 m² construidos,2 recámaras,1 baño,https://departamento.mercadolibre.com.mx/MLM-2590807827-departamento-en-preventa-en-gam-con-recursos-propios-_JM,https://http2.mlstatic.com/D_NQ_NP_2X_865376-MLM99254097958_112025-E.webp,GUSTAVO A MADERO
"Depa En Venta Col Vallejo 1 Rec, 1 Baño, Recién Remodelado",1090000,MXN,"Donizetti 87, Vallejo, Ciudad De México, Vallejo, Gustavo A. Madero, Distrito Federal",40 m² construidos,1 recámara,1 baño,https://departamento.mercadolibre.com.mx/MLM-5153842400-depa-en-venta-col-vallejo-1-rec-1-bano-recien-remodelado-_JM,https://http2.mlstatic.com/D_NQ_NP_2X_987816-MLM83649783522_042025-E.webp,GUSTAVO A MADERO
"Departamento En Venta Para Remodelar Col. Vasco De Quiroga, Gustavo A. Madero",1250000,MXN,"Vasco De Quiroga, Gustavo A. Madero, Distrito Federal",60 m² construidos,2 recámaras,1 baño,https://departamento.mercadolibre.com.mx/MLM-5704809604-departamento-en-venta-para-remodelar-col-vasco-de-quiroga-gustavo-a-madero-_JM,https://http2.mlstatic.com/D_NQ_NP_2X_942707-MLM113251931818_072026-E.webp,GUSTAVO A MADERO
Departamento En Venta En San Juan De Aragón En La Gam,1650000,MXN,"Puerto Oporto, San Juan De Aragón, Gustavo A. Madero, Distrito Federal",51 m² construidos,2 recámaras,1 baño,https://departamento.mercadolibre.com.mx/MLM-5178859272-departamento-en-venta-en-san-juan-de-aragon-en-la-gam-_JM,https://http2.mlstatic.com/D_NQ_NP_2X_859480-MLM111680947650_062026-E.webp,GUSTAVO A MADERO
Bonito Departamento Excelente Ubicacion En Frente De La Central Camionera Del Norte,2650000,MXN,"Pte 116 16, Panamericana, Gustavo A. Madero, 07770 Ciudad De México, CDMX, Mexico, Magdalena De Las Salinas, Gustavo A. Madero, Distrito Federal",60 m² construidos,2 recámaras,2 baños,https://departamento.mercadolibre.com.mx/MLM-2847955771-bonito-departamento-excelente-ubicacion-en-frente-de-la-central-camionera-del-norte-_JM,https://http2.mlstatic.com/D_NQ_NP_2X_724728-MLM92893371205_092025-E.webp,GUSTAVO A MADERO
"Departamento En Venta En Lindavista, Gustavo A. Madero",3620000,MXN,"Insurgentes Nte., Ciudad De México, Colonia Lindavista Norte, Gustavo A. Madero, Distrito Federal",63 m² construidos,2 recámaras,2 baños,https://departamento.mercadolibre.com.mx/MLM-2737583677-departamento-en-venta-en-lindavista-gustavo-a-madero-_JM,https://http2.mlstatic.com/D_NQ_NP_2X_652042-MLM106928342427_022026-E.webp,GUSTAVO A MADERO
"Venta Departamentos, Guadalupe Tepeyac, Gustavo A Madero, Cdmx",3197762,MXN,"Sara, Guadalupe Tepeyac, Ciudad De México, Guadalupe Tepeyac, Gustavo A. Madero, Distrito Federal",54 m² construidos,3 recámaras,2 baños,https://departamento.mercadolibre.com.mx/MLM-5465673856-venta-departamentos-guadalupe-tepeyac-gustavo-a-madero-cdmx-_JM,https://http2.mlstatic.com/D_NQ_NP_2X_615776-MLM112856757739_062026-E.webp,GUSTAVO A MADERO
"Departamento En Venta Con Excelente Iluminación Natural En Residencial Zacatenco, A Unos Pasos De Plaza Vista Norte Y Con Fácil Acceso A Restaurantes, Gimnasio, Tiendas Y Supermercado.",3400000,MXN,"Av. Acueducto, Residencial Zacatenco, Ciudad De México, Residencial Zacatenco, Gustavo A. Madero, Distrito Federal",75 m² construidos,3 recámaras,2 baños,https://departamento.mercadolibre.com.mx/MLM-3161580851-departamento-en-venta-con-excelente-iluminacion-natural-en-residencial-zacatenco-a-unos-pasos-de-plaza-vista-norte-y-con-facil-acceso-a-restaurantes-gimnasio-tiendas-y-supermercado-_JM,https://http2.mlstatic.com/D_NQ_NP_2X_958336-MLM110668953981_042026-E.webp,GUSTAVO A MADERO
"Pent-house En Exclusivo Desarrollo, Solo 6 Departementos, Listo Para Entrega.",3750000,MXN,"Saul 56, Guadalupe Tepeyac, Ciudad De México, Guadalupe Tepeyac, Gustavo A. Madero, Distrito Federal",73 m² construidos,2 recámaras,2 baños,https://departamento.mercadolibre.com.mx/MLM-3093407133-pent-house-en-exclusivo-desarrollo-solo-6-departementos-listo-para-entrega-_JM,https://http2.mlstatic.com/D_NQ_NP_2X_928293-MLM114228246719_072026-E.webp,GUSTAVO A MADERO
"Departamento En Venta En Aragón, Gustavo A. Madero",1590000,MXN,"Puerto Oporto 64, Pueblo De San Juan De Aragón, Ciudad De México, Aragón, Gustavo A. Madero, Distrito Federal",55 m² construidos,2 recámaras,1 baño,https://departamento.mercadolibre.com.mx/MLM-5699747252-departamento-en-venta-en-aragon-gustavo-a-madero-_JM,https://http2.mlstatic.com/D_NQ_NP_2X_809649-MLM115464053401_082026-E.webp,GUSTAVO A MADERO
"Venta Departamento Luis De La Rosa, Constitución De La República",1992500,MXN,"Constitución De La República, Gustavo A. Madero, Distrito Federal",51 m² construidos,2 recámaras,1 baño,https://departamento.mercadolibre.com.mx/MLM-5091433572-venta-departamento-luis-de-la-rosa-constitucion-de-la-republica-_JM,https://http2.mlstatic.com/D_NQ_NP_2X_999301-MLM80213035177_102024-E.webp,GUSTAVO A MADERO
"* Venta Departamento Luis De La Rosa, Constitución De La República",2172400,MXN,"Constitución De La República, Gustavo A. Madero, Distrito Federal",51 m² construidos,2 recámaras,1 baño,https://departamento.mercadolibre.com.mx/MLM-2678832833--venta-departamento-luis-de-la-rosa-constitucion-de-la-republica-_JM,https://http2.mlstatic.com/D_NQ_NP_2X_666319-MLM82217446497_022025-E.webp,GUSTAVO A MADERO
Departamentos En Venta Oniquina  Col. Tres Estrellas Gustavo A Madero,2775000,MXN,"Tres Estrellas, Gustavo A. Madero, Distrito Federal",72 m² construidos,2 recámaras,1 baño,https://departamento.mercadolibre.com.mx/MLM-4873946886-departamentos-en-venta-oniquina-col-tres-estrellas-gustavo-a-madero-_JM,https://http2.mlstatic.com/D_NQ_NP_2X_876080-MLM91729839750_092025-E.webp,GUSTAVO A MADERO
"Preventa De Departamento Cerca De Lindavista, Cdmx",2176000,MXN,"Av. Acueducto 835, Candelaria Ticoman, Ciudad De México, Ticoman, Gustavo A. Madero, Distrito Federal",50 m² construidos,2 recámaras,1 baño,https://departamento.mercadolibre.com.mx/MLM-2689310789-preventa-de-departamento-cerca-de-lindavista-cdmx-_JM,https://http2.mlstatic.com/D_NQ_NP_2X_799209-MLM113655225506_072026-E.webp,GUSTAVO A MADERO
"Departamento En Venta - Colonia En Milagro, Gustavo A. Madreo Planta Baja Ch#26-2948",1600000,MXN,"Nte. 94-A 8519, Milagro, Ciudad De México, El Milagro, Gustavo A. Madero, Distrito Federal",54 m² construidos,2 recámaras,1 baño,https://departamento.mercadolibre.com.mx/MLM-2916817603-departamento-en-venta-colonia-en-milagro-gustavo-a-madreo-planta-baja-ch26-2948-_JM,https://http2.mlstatic.com/D_NQ_NP_2X_813073-MLM111404354425_052026-E.webp,GUSTAVO A MADERO
Departamento En Preventa A Pasos De Parque Tepeyac,2580000,MXN,"Julieta 56, Guadalupe Tepeyac, Ciudad De México, Guadalupe Tepeyac, Gustavo A. Madero, Distrito Federal",54 m² construidos,2 recámaras,1 baño,https://departamento.mercadolibre.com.mx/MLM-3039001203-departamento-en-preventa-a-pasos-de-parque-tepeyac-_JM,https://http2.mlstatic.com/D_NQ_NP_2X_987060-MLM109055546847_032026-E.webp,GUSTAVO A MADERO
En Venta De Hermoso Departamento,3650000,MXN,"San Bartolo Atepehuacan, Mexico City, San Bartolo Atepehuacan, Gustavo A. Madero, Distrito Federal",110 m² construidos,3 recámaras,2 baños,https://departamento.mercadolibre.com.mx/MLM-2483998391-en-venta-de-hermoso-departamento-_JM,https://http2.mlstatic.com/D_NQ_NP_2X_964268-MLM94206968011_102025-E.webp,GUSTAVO A MADERO
Departamento En Venta En Gustavo A. Madero,3650000,MXN,"Huahuete  SN, Gustavo A. Madero, Distrito Federal",110 m² construidos,3 recámaras,1 baño,https://departamento.mercadolibre.com.mx/MLM-4833782240-departamento-en-venta-en-gustavo-a-madero-_JM,https://http2.mlstatic.com/D_NQ_NP_2X_602499-MLM87003486405_062025-E.webp,GUSTAVO A MADERO
"Departamento En Venta  Vallejo, Gustavo A. Madero",2498500,MXN,"Sin Calle, Vallejo, Gustavo A. Madero, Distrito Federal",58 m² construidos,2 recámaras,1 baño,https://departamento.mercadolibre.com.mx/MLM-5538914592-departamento-en-venta-vallejo-gustavo-a-madero-_JM,https://http2.mlstatic.com/D_NQ_NP_2X_642576-MLM112361378788_062026-E.webp,GUSTAVO A MADERO
Departamento En Venta En Lindavista Norte,5100000,MXN,"Lindavista Nte., Mexico City, Colonia Lindavista Norte, Gustavo A. Madero, Distrito Federal",90 m² construidos,3 recámaras,2 baños,https://departamento.mercadolibre.com.mx/MLM-5658287286-departamento-en-venta-en-lindavista-norte-_JM,https://http2.mlstatic.com/D_NQ_NP_2X_920413-MLM103763121887_012026-E.webp,GUSTAVO A MADERO
Departamento En Venta Unidad Bugambilias De Ticoman,1200000,MXN,"Av Cuautepec, Jorge Negrete, Ciudad De México, Jorge Negrete, Gustavo A. Madero, Distrito Federal",43 m² construidos,2 recámaras,1 baño,https://departamento.mercadolibre.com.mx/MLM-3114499803-departamento-en-venta-unidad-bugambilias-de-ticoman-_JM,https://http2.mlstatic.com/D_NQ_NP_2X_749029-MLM113157020864_072026-E.webp,GUSTAVO A MADERO
Departamento En Venta Emiliano Zapata 12 Santiago Atepetlac.,1300000,MXN,"Calle Emiliano Zapata 12, Santiago Atepetlac, Ciudad De México, Santiago Atepetlac, Gustavo A. Madero, Distrito Federal",60 m² construidos,3 recámaras,1 baño,https://departamento.mercadolibre.com.mx/MLM-5456033814-departamento-en-venta-emiliano-zapata-12-santiago-atepetlac-_JM,https://http2.mlstatic.com/D_NQ_NP_2X_614386-MLM106319956277_012026-E.webp,GUSTAVO A MADERO
"Venta De Departamento En San Juan De Aragón, Cerca De Avenidas Canal De San Juan De Aragón Y Eduardo Molina, Gustavo A. Madero, Cdmx",1670000,MXN,"Calz. San Juan De Aragón 516, DM Nacional, Preparatoria 3, Ciudad De México, DM Nacional, Gustavo A. Madero, Distrito Federal",65 m² construidos,2 recámaras,1 baño,https://departamento.mercadolibre.com.mx/MLM-3076553177-venta-de-departamento-en-san-juan-de-aragon-cerca-de-avenidas-canal-de-san-juan-de-aragon-y-eduardo-molina-gustavo-a-madero-cdmx-_JM,https://http2.mlstatic.com/D_NQ_NP_2X_706119-MLM112861631380_072026-E.webp,GUSTAVO A MADERO
"Departamentos En Venta_entrega Inmediata / Vallejo - Gam, Cdmx",2141606,MXN,"Vallejo, Gustavo A. Madero, Distrito Federal",50 m² construidos,2 recámaras,1 baño,https://departamento.mercadolibre.com.mx/MLM-5246081432-departamentos-en-ventaentrega-inmediata-vallejo-gam-cdmx-_JM,https://http2.mlstatic.com/D_NQ_NP_2X_619063-MLM96207017668_102025-E.webp,GUSTAVO A MADERO
Departamento En Venta Dm Nacional,1450000,MXN,"Otro Sin Referencia 30, DM Nacional, José María Morelos Y Pavón II, Gustavo A. Madero, 07450 Ciudad De México, CDMX, Mexico, DM Nacional, Gustavo A. Madero, Distrito Federal",56 m² construidos,2 recámaras,1 baño,https://departamento.mercadolibre.com.mx/MLM-5366186000-departamento-en-venta-dm-nacional-_JM,https://http2.mlstatic.com/D_NQ_NP_2X_650688-MLM88573330140_072025-E.webp,GUSTAVO A MADERO
Hermoso Departamento En Vista Norte Cm,3950000,MXN,"Residencial Zacatenco, Mexico City, Residencial Zacatenco, Gustavo A. Madero, Distrito Federal",74 m² construidos,3 recámaras,2 baños,https://departamento.mercadolibre.com.mx/MLM-3201921041-hermoso-departamento-en-vista-norte-cm-_JM,https://http2.mlstatic.com/D_NQ_NP_2X_899330-MLM113900952212_072026-E.webp,GUSTAVO A MADERO
Departamento En Venta En Constitución De La República,2031100,MXN,"Av. Luis De La Rosa 16, Constitución De La República, Gustavo A. Madero, Distrito Federal",50 m² construidos,2 recámaras,1 baño,https://departamento.mercadolibre.com.mx/MLM-4794700462-departamento-en-venta-en-constitucion-de-la-republica-_JM,https://http2.mlstatic.com/D_NQ_NP_2X_639731-MLM106735217884_022026-E.webp,GUSTAVO A MADERO
Se Vende Departamento Excelente Muy Centrico,3690000,MXN,"Calz. De Los Misterios 330, Vallejo, Ciudad De México, Guadalupe Tepeyac, Gustavo A. Madero, Distrito Federal",84 m² construidos,3 recámaras,2 baños,https://departamento.mercadolibre.com.mx/MLM-5440771812-se-vende-departamento-excelente-muy-centrico-_JM,https://http2.mlstatic.com/D_NQ_NP_2X_784554-MLM112595008073_062026-E.webp,GUSTAVO A MADERO
Departamento En Venta En Pueblo San Juan De Aragon,2432700,MXN,"Calz. San Juan De Aragón 533, Fovissste Aragón, Ciudad De México, Aragón Fovissste, Gustavo A. Madero, Distrito Federal",77 m² construidos,3 recámaras,1 baño,https://departamento.mercadolibre.com.mx/MLM-4841682898-departamento-en-venta-en-pueblo-san-juan-de-aragon-_JM,https://http2.mlstatic.com/D_NQ_NP_2X_677489-MLM107059612566_022026-E.webp,GUSTAVO A MADERO
"Departamento En Preventa, Panorama Lindavista.",4272000,MXN,"Lindavista Norte, Gustavo A. Madero, Distrito Federal",67 m² construidos,2 recámaras,2 baños,https://departamento.mercadolibre.com.mx/MLM-2985321009-departamento-en-preventa-panorama-lindavista-_JM,https://http2.mlstatic.com/D_NQ_NP_2X_938074-MLM112817645361_062026-E.webp,GUSTAVO A MADERO
"Departamento En Preventa, Panorama Lindavista",7966100,MXN,"Lindavista Norte, Gustavo A. Madero, Distrito Federal",120 m² construidos,3 recámaras,2 baños,https://departamento.mercadolibre.com.mx/MLM-2985332807-departamento-en-preventa-panorama-lindavista-_JM,https://http2.mlstatic.com/D_NQ_NP_2X_931575-MLM112817648419_062026-E.webp,GUSTAVO A MADERO
"Departamento Venta, Panorama Lindavista",4833000,MXN,"Lindavista Norte, Gustavo A. Madero, Distrito Federal",65 m² construidos,2 recámaras,2 baños,https://departamento.mercadolibre.com.mx/MLM-2985332811-departamento-venta-panorama-lindavista-_JM,https://http2.mlstatic.com/D_NQ_NP_2X_818384-MLM111729075582_062026-E.webp,GUSTAVO A MADERO
"Departamento En Venta En Lindavista, Gustavo A. Madero, Cdmx",4531400,MXN,"Departamento En Venta En Lindavista, Gustavo A. Madero, Cdmx, Gustavo A. Madero, Distrito Federal",65 m² construidos,2 recámaras,2 baños,https://departamento.mercadolibre.com.mx/MLM-5706443662-departamento-en-venta-en-lindavista-gustavo-a-madero-cdmx-_JM,https://http2.mlstatic.com/D_NQ_NP_2X_704530-MLM114503951487_072026-E.webp,GUSTAVO A MADERO
"Departamento En Vallejo, Gustavo A Madero",2383500,MXN,"Schumann, Vallejo, Gustavo A Madero, Vallejo, Gustavo A. Madero, Distrito Federal",58 m² construidos,2 recámaras,1 baño,https://departamento.mercadolibre.com.mx/MLM-3157413439-departamento-en-vallejo-gustavo-a-madero-_JM,https://http2.mlstatic.com/D_NQ_NP_2X_674429-MLM114821925801_072026-E.webp,GUSTAVO A MADERO
Departamento En Venta Gustavo A Madero,2900000,MXN,"La Escalera, Gustavo A. Madero, Distrito Federal",70 m² construidos,3 recámaras,1 baño,https://departamento.mercadolibre.com.mx/MLM-3215990577-departamento-en-venta-gustavo-a-madero-_JM,https://http2.mlstatic.com/D_NQ_NP_2X_721880-MLM115311300225_072026-E.webp,GUSTAVO A MADERO
"Departamento En Venta En Vallejo , Se Acepta Crédito Infonavit, Crédito Bancario Y Efectivo, Informes 55 8642 76048",2383500,MXN,"Vallejo, Mexico City, Vallejo, Gustavo A. Madero, Distrito Federal",58 m² construidos,2 recámaras,1 baño,https://departamento.mercadolibre.com.mx/MLM-4973709406-departamento-en-venta-en-vallejo-se-acepta-credito-infonavit-credito-bancario-y-efectivo-informes-55-8642-76048-_JM,https://http2.mlstatic.com/D_NQ_NP_2X_651047-MLM108386148371_032026-E.webp,GUSTAVO A MADERO
"Preventa Departamentos 50m2, Metro Martin Carrera",2031100,MXN,"Luis De La Rosa, Constitución De La República, Ciudad De México, Constitución De La República, Gustavo A. Madero, Distrito Federal",50 m² construidos,2 recámaras,1 baño,https://departamento.mercadolibre.com.mx/MLM-2798265229-preventa-departamentos-50m2-metro-martin-carrera-_JM,https://http2.mlstatic.com/D_NQ_NP_2X_865190-MLM108188785848_032026-E.webp,GUSTAVO A MADERO
"Departamento En Aragón La Villa(aragón), Gustavo A. Madero",2780000,MXN,"Alberto Herrera , Aragón La Villa(aragón), Gustavo A. Madero, Aragón La Villa, Gustavo A. Madero, Distrito Federal",38 m² construidos,1 recámara,1 baño,https://departamento.mercadolibre.com.mx/MLM-5642170992-departamento-en-aragon-la-villaaragon-gustavo-a-madero-_JM,https://http2.mlstatic.com/D_NQ_NP_2X_945646-MLM112961937432_072026-E.webp,GUSTAVO A MADERO
"Departamento En Venta Col. Aragón La Villa, Gustavo A. Madero",2724999,MXN,"Aragón La Villa, Gustavo A. Madero, Distrito Federal",48 m² construidos,2 recámaras,2 baños,https://departamento.mercadolibre.com.mx/MLM-5716384820-departamento-en-venta-col-aragon-la-villa-gustavo-a-madero-_JM,https://http2.mlstatic.com/D_NQ_NP_2X_751022-MLM114558151507_072026-E.webp,GUSTAVO A MADERO
Departamento A Estrenar En Colonia Guadalupe Insurgentes,3460000,MXN,"Ing. Braulio Martínez  #x, Guadalupe Insurgentes, Gustavo A. Madero, Distrito Federal",50 m² construidos,2 recámaras,1 baño,https://departamento.mercadolibre.com.mx/MLM-4961019566-departamento-a-estrenar-en-colonia-guadalupe-insurgentes-_JM,https://http2.mlstatic.com/D_NQ_NP_2X_649877-MLM108264448359_032026-E.webp,GUSTAVO A MADERO
Bonito Departamento En Venta - Col. Nueva Industrial Vallejo,2750000,MXN,"Margarita Maza De Juárez 1045, Nueva Industrial Vallejo, Ciudad De México, Nueva Industrial Vallejo, Gustavo A. Madero, Distrito Federal",84 m² construidos,2 recámaras,2 baños,https://departamento.mercadolibre.com.mx/MLM-2720500639-bonito-departamento-en-venta-col-nueva-industrial-vallejo-_JM,https://http2.mlstatic.com/D_NQ_NP_2X_913431-MLM105599074050_012026-E.webp,GUSTAVO A MADERO
"¡estrena Departamentos Muy Bien Ubicados, En La Gustavo A. Madero!",3153000,MXN,"Av. Acueducto De Guadalupe, Santa Isabel Tola, Ciudad De México, Acueducto De Guadalupe, Gustavo A. Madero, Distrito Federal",70 m² construidos,2 recámaras,2 baños,https://departamento.mercadolibre.com.mx/MLM-3182316739-estrena-departamentos-muy-bien-ubicados-en-la-gustavo-a-madero-_JM,https://http2.mlstatic.com/D_NQ_NP_2X_892297-MLM115019031983_072026-E.webp,GUSTAVO A MADERO
Departamento En Venta En Rinconada San Gabriel,1790000,MXN,"Calz. San Juan De Aragón 439, DM Nacional, Granjas Modernas, Ciudad De México, DM Nacional, Gustavo A. Madero, Distrito Federal",60 m² construidos,2 recámaras,1 baño,https://departamento.mercadolibre.com.mx/MLM-2720804853-departamento-en-venta-en-rinconada-san-gabriel-_JM,https://http2.mlstatic.com/D_NQ_NP_2X_822176-MLM106188920099_012026-E.webp,GUSTAVO A MADERO
Departamento En Venta En Lindavista,4804035,MXN,"Insurgentes Norte Al 1346, Magdalena De Las Salinas, Gustavo A. Madero, Distrito Federal",75 m² construidos,2 recámaras,2 baños,https://departamento.mercadolibre.com.mx/MLM-4972125892-departamento-en-venta-en-lindavista-_JM,https://http2.mlstatic.com/D_NQ_NP_2X_735871-MLM108378704031_032026-E.webp,GUSTAVO A MADERO
"Departamento En  Venta En Insurgentes Norte, Magdalena De Las Salinas",5607000,MXN,"Insurgentes Norte 1346, Magdalena De Las Salinas, Gustavo A. Madero, Distrito Federal",75 m² construidos,2 recámaras,2 baños,https://departamento.mercadolibre.com.mx/MLM-3103684735-departamento-en-venta-en-insurgentes-norte-magdalena-de-las-salinas-_JM,https://http2.mlstatic.com/D_NQ_NP_2X_777542-MLM114310253569_072026-E.webp,GUSTAVO A MADERO
"Departamento En  Venta En Insurgentes Norte, Magdalena De Las Salinas",4871000,MXN,"Insurgentes Norte 1346, Magdalena De Las Salinas, Gustavo A. Madero, Distrito Federal",75 m² construidos,2 recámaras,2 baños,https://departamento.mercadolibre.com.mx/MLM-3115850121-departamento-en-venta-en-insurgentes-norte-magdalena-de-las-salinas-_JM,https://http2.mlstatic.com/D_NQ_NP_2X_743999-MLM114399076947_072026-E.webp,GUSTAVO A MADERO
Departamento Nuevo Al Norte De La Cdmx,2350000,MXN,"Sin Calle, Bondojito, Gustavo A. Madero, Distrito Federal",50 m² construidos,2 recámaras,1 baño,https://departamento.mercadolibre.com.mx/MLM-5071770954-departamento-nuevo-al-norte-de-la-cdmx-_JM,https://http2.mlstatic.com/D_NQ_NP_2X_627563-MLM109469177913_032026-E.webp,GUSTAVO A MADERO
+++venta De Departamento En Vasco De Quiroga+++,1526000,MXN,"Eduardo Molina 1720, Vasco De Quiroga, Gustavo A. Madero, Distrito Federal",60 m² construidos,2 recámaras,1 baño,https://departamento.mercadolibre.com.mx/MLM-5603594002-venta-de-departamento-en-vasco-de-quiroga-_JM,https://http2.mlstatic.com/D_NQ_NP_2X_811818-MLM113928151207_062026-E.webp,GUSTAVO A MADERO
"Departamento En  Venta En Insurgentes Norte, Magdalena De Las Salinas",8427915,MXN,"Insurgentes Norte 1346, Magdalena De Las Salinas, Gustavo A. Madero, Distrito Federal",100 m² construidos,2 recámaras,2 baños,https://departamento.mercadolibre.com.mx/MLM-2921389331-departamento-en-venta-en-insurgentes-norte-magdalena-de-las-salinas-_JM,https://http2.mlstatic.com/D_NQ_NP_2X_973548-MLM111509286877_052026-E.webp,GUSTAVO A MADERO
+++venta De Departamento En San Juan De Aragon+++,2432700,MXN,"Calzada San Juan Aragon S/N, Gustavo A. Madero, Distrito Federal",77 m² construidos,3 recámaras,1 baño,https://departamento.mercadolibre.com.mx/MLM-3018854777-venta-de-departamento-en-san-juan-de-aragon-_JM,https://http2.mlstatic.com/D_NQ_NP_2X_964542-MLM112216408612_062026-E.webp,GUSTAVO A MADERO
+++bonito Departamento En Vallejo +++,2383500,MXN,"Schumann 117, Vallejo, Gustavo A. Madero, Distrito Federal",58 m² construidos,2 recámaras,1 baño,https://departamento.mercadolibre.com.mx/MLM-5781021054-bonito-departamento-en-vallejo--_JM,https://http2.mlstatic.com/D_NQ_NP_2X_938063-MLM114977290759_072026-E.webp,GUSTAVO A MADERO
Departamento En Venta En Colonia Vallejo,3050000,MXN,"Misterios 218 ,vallejo, Vallejo, Gustavo A. Madero, Distrito Federal",60 m² de terreno,2 recámaras,2 baños,https://departamento.mercadolibre.com.mx/MLM-5205809252-departamento-en-venta-en-colonia-vallejo-_JM,https://http2.mlstatic.com/D_NQ_NP_2X_678588-MLM110578148821_042026-E.webp,GUSTAVO A MADERO
Departamento Sobre Cuitlahuac A Pasos De Insurgentes Norte,2200000,MXN,"Av. Cuitláhuac, Guadalupe Victoria II, Ciudad De México, Guadalupe Victoria, Gustavo A. Madero, Distrito Federal",64 m² construidos,2 recámaras,1 baño,https://departamento.mercadolibre.com.mx/MLM-5438433910-departamento-sobre-cuitlahuac-a-pasos-de-insurgentes-norte-_JM,https://http2.mlstatic.com/D_NQ_NP_2X_935825-MLM111518487512_062026-E.webp,GUSTAVO A MADERO
Departamento En Planta Baja Frente A Cablebus La Patera,1620000,MXN,"Virginia Fábregas 167, Arbolillo II, Gustavo A. Madero, 07239 Ciudad De México, CDMX, Mexico, Jorge Negrete, Gustavo A. Madero, Distrito Federal",52 m² construidos,2 recámaras,1 baño,https://departamento.mercadolibre.com.mx/MLM-2907197885-departamento-en-planta-baja-frente-a-cablebus-la-patera-_JM,https://http2.mlstatic.com/D_NQ_NP_2X_608775-MLM111187195327_052026-E.webp,GUSTAVO A MADERO
Departamento En Venta En Calzada La Villa A 5 Minutos De Parque Tepeyac,1896000,MXN,"Zona Escolar, Mexico City, Zona Escolar Oriente, Gustavo A. Madero, Distrito Federal",55 m² construidos,3 recámaras,1 baño,https://departamento.mercadolibre.com.mx/MLM-5438428726-departamento-en-venta-en-calzada-la-villa-a-5-minutos-de-parque-tepeyac-_JM,https://http2.mlstatic.com/D_NQ_NP_2X_619266-MLM111517593380_062026-E.webp,GUSTAVO A MADERO
"Depto. 3 Rec + Estudio, 57 M2 Ubicado En Acueducto De Guadalupe. Acepta Crédito Hipotecario",1637000,MXN,"And. 38 Del Temoluco 32, Acueducto De Guadalupe, Gustavo A. Madero, 07279 Ciudad De México, CDMX, Mexico, Acueducto De Guadalupe, Gustavo A. Madero, Distrito Federal",57 m² construidos,3 recámaras,1 baño,https://departamento.mercadolibre.com.mx/MLM-5705668282-depto-3-rec-estudio-57-m2-ubicado-en-acueducto-de-guadalupe-acepta-credito-hipotecario-_JM,https://http2.mlstatic.com/D_NQ_NP_2X_689123-MLM114495035181_072026-E.webp,GUSTAVO A MADERO
Nuevo Departamento En Venta Ubicado En Vallejo,2141606,MXN,"MEYERBEER 1, Nueva Vallejo, Gustavo A. Madero, Distrito Federal",50 m² construidos,2 recámaras,1 baño,https://departamento.mercadolibre.com.mx/MLM-5865653414-nuevo-departamento-en-venta-ubicado-en-vallejo-_JM,https://http2.mlstatic.com/D_NQ_NP_2X_938091-MLM115396927831_072026-E.webp,GUSTAVO A MADERO
Departamento En Venta En Col. Vasco De Quiroga,1648500,MXN,"Vasco De Quiroga, Gustavo A. Madero, Distrito Federal",60 m² construidos,2 recámaras,1 baño,https://departamento.mercadolibre.com.mx/MLM-3227626497-departamento-en-venta-en-col-vasco-de-quiroga-_JM,https://http2.mlstatic.com/D_NQ_NP_2X_632921-MLM115401467121_072026-E.webp,GUSTAVO A MADERO
"Departamento En Venta, En Pueblo Santiago Atzacoalco",2040000,MXN,"Av. Centenario, 1966 B 203, Gustavo A. Madero, Distrito Federal",49 m² construidos,2 recámaras,1 baño,https://departamento.mercadolibre.com.mx/MLM-5879112666-departamento-en-venta-en-pueblo-santiago-atzacoalco-_JM,https://http2.mlstatic.com/D_NQ_NP_2X_941293-MLM115488484481_082026-E.webp,GUSTAVO A MADERO
Departamento En Venta En Gustavo A. Madero,1395000,MXN,"Zona De Estacionamiento Edif. 71 Depto 302 Zona 2, Jorge Negrete, Gustavo A. Madero, Distrito Federal",62 m² construidos,3 recámaras,1 baño,https://departamento.mercadolibre.com.mx/MLM-2821699455-departamento-en-venta-en-gustavo-a-madero-_JM,https://http2.mlstatic.com/D_NQ_NP_2X_844487-MLM109566913145_032026-E.webp,GUSTAVO A MADERO
"Departamento En Venta  San Juan De Aragón, Cdmx",2432700,MXN,"Calz. San Juan De Aragón 533, Gustavo A. Madero, Distrito Federal",77 m² construidos,3 recámaras,1 baño,https://departamento.mercadolibre.com.mx/MLM-4971136862-departamento-en-venta-san-juan-de-aragon-cdmx-_JM,https://http2.mlstatic.com/D_NQ_NP_2X_907180-MLM107637808442_032026-E.webp,GUSTAVO A MADERO
Departamento En Venta En Santa Isabel Tola,2755817,MXN,"Av. Acueducto De Guadalupe 511, Santa Isabel Tola, Gustavo A. Madero, Distrito Federal",70 m² construidos,2 recámaras,1 baño,https://departamento.mercadolibre.com.mx/MLM-2784668511-departamento-en-venta-en-santa-isabel-tola-_JM,https://http2.mlstatic.com/D_NQ_NP_2X_845344-MLM108640507769_032026-E.webp,GUSTAVO A MADERO
Departamento En Venta En Santa Isabel Tola,3070028,MXN,"Av. Acueducto De Guadalupe 511, Santa Isabel Tola, Gustavo A. Madero, Distrito Federal",76 m² construidos,2 recámaras,1 baño,https://departamento.mercadolibre.com.mx/MLM-4995472436-departamento-en-venta-en-santa-isabel-tola-_JM,https://http2.mlstatic.com/D_NQ_NP_2X_682197-MLM108640506437_032026-E.webp,GUSTAVO A MADERO
Departamento En Venta En Santa Isabel Tola,3153688,MXN,"Av. Acueducto De Guadalupe 511, Santa Isabel Tola, Gustavo A. Madero, Distrito Federal",77 m² construidos,2 recámaras,1 baño,https://departamento.mercadolibre.com.mx/MLM-4995492710-departamento-en-venta-en-santa-isabel-tola-_JM,https://http2.mlstatic.com/D_NQ_NP_2X_643807-MLM108640508153_032026-E.webp,GUSTAVO A MADERO
Venta De Departamento En Eduardo Molina,1380000,MXN,"Vasco De Quiroga, Gustavo A. Madero, Distrito Federal",68 m² construidos,2 recámaras,1 baño,https://departamento.mercadolibre.com.mx/MLM-5759031178-venta-de-departamento-en-eduardo-molina-_JM,https://http2.mlstatic.com/D_NQ_NP_2X_849037-MLM113584910660_072026-E.webp,GUSTAVO A MADERO
Departamento En Venta En Bosque Real,480000,US$,"Blvrd. Bosque Real, Bosque Real, 52770 Huixquilucan, Edo De México., Progreso Nacional, Gustavo A. Madero, Distrito Federal",152 m² construidos,2 recámaras,3 baños,https://departamento.mercadolibre.com.mx/MLM-5495707780-departamento-en-venta-en-bosque-real-_JM,https://http2.mlstatic.com/D_NQ_NP_2X_624361-MLM113144351057_062026-E.webp,GUSTAVO A MADERO
Departamento En Venta En Lindavista,4833000,MXN,"Avenida Instituto Politécnico Nacional 1939, Gustavo A. Madero, Distrito Federal",65 m² construidos,2 recámaras,2 baños,https://departamento.mercadolibre.com.mx/MLM-5441745554-departamento-en-venta-en-lindavista-_JM,https://http2.mlstatic.com/D_NQ_NP_2X_741989-MLM111545214184_062026-E.webp,GUSTAVO A MADERO
Departamento En Venta En Nueva Industrial Vallejo,3200000,MXN,"Edit 68 Ent B Depto 300 Unidad Lindavista Vallejo, Gustavo A. Madero, Distrito Federal",104 m² construidos,3 recámaras,2 baños,https://departamento.mercadolibre.com.mx/MLM-5827253798-departamento-en-venta-en-nueva-industrial-vallejo-_JM,https://http2.mlstatic.com/D_NQ_NP_2X_951161-MLM113918131170_072026-E.webp,GUSTAVO A MADERO
Departamento En Venta En Residencial Zacatenco,4536000,MXN,"Av. Acueducto 650, San Pedro Zacatenco, Gustavo A. Madero, Distrito Federal",109 m² construidos,2 recámaras,2 baños,https://departamento.mercadolibre.com.mx/MLM-2605871735-departamento-en-venta-en-residencial-zacatenco-_JM,https://http2.mlstatic.com/D_NQ_NP_2X_665668-MLM100506931901_122025-E.webp,GUSTAVO A MADERO
Departamento En Venta En Nueva Industrial Vallejo,3167100,MXN,"Miguel Othón De Mendizabal Oriente 0, Gustavo A. Madero, Distrito Federal",60 m² construidos,2 recámaras,1 baño,https://departamento.mercadolibre.com.mx/MLM-5196120290-departamento-en-venta-en-nueva-industrial-vallejo-_JM,https://http2.mlstatic.com/D_NQ_NP_2X_640870-MLM109614969166_042026-E.webp,GUSTAVO A MADERO
¡¡¡elige Tu Nuevo Hogar :rio Consulado G.a.madero Cdmx /vanguardia/seguridad/cen,2911904,MXN,"Valle Del Tepeyac, Gustavo A. Madero, Distrito Federal",56 m² construidos,2 recámaras,1 baño,https://departamento.mercadolibre.com.mx/MLM-3021799121-elige-tu-nuevo-hogar-rio-consulado-gamadero-cdmx-vanguardiaseguridadcen-_JM,https://http2.mlstatic.com/D_NQ_NP_2X_853756-MLM113380330653_062026-E.webp,GUSTAVO A MADERO
Se Vende Departamento En Martin Carrera.,1600000,MXN,"15 De Agosto, Gustavo A. Madero, Distrito Federal",48 m² construidos,1 recámara,1 baño,https://departamento.mercadolibre.com.mx/MLM-5650576932-se-vende-departamento-en-martin-carrera-_JM,https://http2.mlstatic.com/D_NQ_NP_2X_733218-MLM113635610278_072026-E.webp,GUSTAVO A MADERO
"Lindavista Panorama, Apartamento En Venta.",4753800,MXN,"Av Instituto Politécnico Nacional 1939, Lindavista, Ciudad De México, CDMX, México, Lindavista Norte, Gustavo A. Madero, Distrito Federal",65 m² construidos,2 recámaras,2 baños,https://departamento.mercadolibre.com.mx/MLM-2996419711-lindavista-panorama-apartamento-en-venta-_JM,https://http2.mlstatic.com/D_NQ_NP_2X_884028-MLM112994707085_062026-E.webp,GUSTAVO A MADERO
"Departamento En Venta  San Juan De Aragón, Cdmx",2432700,MXN,"Calz. San Juan De Aragón, 533, Gustavo A. Madero, Distrito Federal",77 m² construidos,3 recámaras,1 baño,https://departamento.mercadolibre.com.mx/MLM-5832014282-departamento-en-venta-san-juan-de-aragon-cdmx-_JM,https://http2.mlstatic.com/D_NQ_NP_2X_972875-MLM115246680159_072026-E.webp,GUSTAVO A MADERO
"Departamento En Venta En Colonia Vallejo, Gustavo A Madero",2383500,MXN,"Schumann, 117, Gustavo A. Madero, Distrito Federal",58 m² construidos,2 recámaras,1 baño,https://departamento.mercadolibre.com.mx/MLM-3206825147-departamento-en-venta-en-colonia-vallejo-gustavo-a-madero-_JM,https://http2.mlstatic.com/D_NQ_NP_2X_810522-MLM115246664347_072026-E.webp,GUSTAVO A MADERO
"Departamento En Venta, En Zona Escolar Gam.",1894903,MXN,"Tenayuca Chalmita, 551 Edif C, Gustavo A. Madero, Distrito Federal",55 m² construidos,3 recámaras,1 baño,https://departamento.mercadolibre.com.mx/MLM-3206824071-departamento-en-venta-en-zona-escolar-gam-_JM,https://http2.mlstatic.com/D_NQ_NP_2X_666236-MLM115246562117_072026-E.webp,GUSTAVO A MADERO
Venta De Exclusivo Departamento En Col. Industrial,4569500,MXN,"Euzkaro 43 Depto.202, Industrial, Gustavo A. Madero, Distrito Federal",85 m² construidos,2 recámaras,2 baños,https://departamento.mercadolibre.com.mx/MLM-3246227575-venta-de-exclusivo-departamento-en-col-industrial-_JM,https://http2.mlstatic.com/D_NQ_NP_2X_820157-MLM114252628810_082026-E.webp,GUSTAVO A MADERO
Venta De Departamento En Lindavista,5990000,MXN,"CALI 627, Lindavista, Gustavo A. Madero, Distrito Federal",138 m² construidos,6 recámaras,3 baños,https://departamento.mercadolibre.com.mx/MLM-3220823911-venta-de-departamento-en-lindavista-_JM,https://http2.mlstatic.com/D_NQ_NP_2X_726441-MLM114025448228_072026-E.webp,GUSTAVO A MADERO
Departamento En Venta,2000000,MXN,"Calzada Vallejo 1485, Progreso Nacional, Gustavo A. Madero, Distrito Federal",60 m² construidos,3 recámaras,1 baño,https://departamento.mercadolibre.com.mx/MLM-5903201232-departamento-en-venta-_JM,https://http2.mlstatic.com/D_NQ_NP_2X_851922-MLM114327578016_082026-E.webp,GUSTAVO A MADERO
"Departamento En Venta En Torres Lindavista, Gustavo A. Madero, Cdmx",4350000,MXN,"Manuel Luis Stampa Ortigoza, Torres Lindavista, Gustavo A. Madero, Distrito Federal",104 m² construidos,3 recámaras,2 baños,https://departamento.mercadolibre.com.mx/MLM-5867128834-departamento-en-venta-en-torres-lindavista-gustavo-a-madero-cdmx-_JM,https://http2.mlstatic.com/D_NQ_NP_2X_992433-MLM114082471006_072026-E.webp,GUSTAVO A MADERO
Departamento Nuevo En Venta En Vallejo,1942500,MXN,"Vallejo, Gustavo A. Madero, Distrito Federal",50 m² construidos,2 recámaras,1 baño,https://departamento.mercadolibre.com.mx/MLM-5042655326-departamento-nuevo-en-venta-en-vallejo-_JM,https://http2.mlstatic.com/D_NQ_NP_2X_736739-MLM109123171837_032026-E.webp,GUSTAVO A MADERO
Departamento En Venta En San Pedro Zacatenco,1750000,MXN,"San Pedro Zacatenco, Gustavo A. Madero, Distrito Federal",68 m² construidos,3 recámaras,1 baño,https://departamento.mercadolibre.com.mx/MLM-5723728936-departamento-en-venta-en-san-pedro-zacatenco-_JM,https://http2.mlstatic.com/D_NQ_NP_2X_621255-MLM113357891442_072026-E.webp,GUSTAVO A MADERO
Departamento En Venta,1526500,MXN,"Avenida Ingeniero Eduardo Molina 1720, Tablas De San Agustín, Gustavo A. Madero, Distrito Federal",60 m² construidos,2 recámaras,1 baño,https://departamento.mercadolibre.com.mx/MLM-2996389493-departamento-en-venta-_JM,https://http2.mlstatic.com/D_NQ_NP_2X_696753-MLM112992513497_062026-E.webp,GUSTAVO A MADERO
"Departamento En Venta-av. Montiel, Lindavista, Gustavo A Madero, Cdmx, Recursos Propios",3464968,MXN,"Lindavista, Mexico City, Lindavista, Gustavo A. Madero, Distrito Federal",135 m² construidos,3 recámaras,2 baños,https://departamento.mercadolibre.com.mx/MLM-5511537338-departamento-en-venta-av-montiel-lindavista-gustavo-a-madero-cdmx-recursos-propios-_JM,https://http2.mlstatic.com/D_NQ_NP_2X_682523-MLM113315789411_062026-E.webp,GUSTAVO A MADERO
Departamento En Venta En Aragón La Villa 2 Recámaras,2670999,MXN,"Aragón La Villa, Gustavo A. Madero, Distrito Federal",48 m² construidos,2 recámaras,2 baños,https://departamento.mercadolibre.com.mx/MLM-3102182763-departamento-en-venta-en-aragon-la-villa-2-recamaras-_JM,https://http2.mlstatic.com/D_NQ_NP_2X_980366-MLM113478628432_072026-E.webp,GUSTAVO A MADERO
"Departamento En Venta En Aragón La Villa, Gustavo A. Madero, Cdmx",2140000,MXN,"Moctezuma, Aragón La Villa, Gustavo A. Madero, Distrito Federal",75 m² construidos,3 recámaras,1 baño,https://departamento.mercadolibre.com.mx/MLM-2811109471-departamento-en-venta-en-aragon-la-villa-gustavo-a-madero-cdmx-_JM,https://http2.mlstatic.com/D_NQ_NP_2X_618566-MLM108487916264_032026-E.webp,GUSTAVO A MADERO
"Departamento En Venta En Vasco De Quiroga, Se Acepta Credito Infonavit, Bancario Y Efectivo",1526500,MXN,"Gustavo A. Madero, Mexico City, Vasco De Quiroga, Gustavo A. Madero, Distrito Federal",60 m² construidos,2 recámaras,1 baño,https://departamento.mercadolibre.com.mx/MLM-5529016664-departamento-en-venta-en-vasco-de-quiroga-se-acepta-credito-infonavit-bancario-y-efectivo-_JM,https://http2.mlstatic.com/D_NQ_NP_2X_855387-MLM111959640221_052026-E.webp,GUSTAVO A MADERO
"Departamento En Venta En Col. Linda Vista Norte-gam, Cdmx.",3793900,MXN,"Lindavista Norte, Gustavo A. Madero, Distrito Federal",66 m² construidos,2 recámaras,2 baños,https://departamento.mercadolibre.com.mx/MLM-5430041502-departamento-en-venta-en-col-linda-vista-norte-gam-cdmx-_JM,https://http2.mlstatic.com/D_NQ_NP_2X_737387-MLM114046062234_072026-E.webp,GUSTAVO A MADERO
Departamento En Preventa En Acueducto Cercano Al Ipn.,2309000,MXN,"Departamento En Preventa En Acueducto Cercano Al Ipn., La Laguna Ticoman, Gustavo A. Madero, Distrito Federal",50 m² de terreno,2 recámaras,1 baño,https://departamento.mercadolibre.com.mx/MLM-5479462734-departamento-en-preventa-en-acueducto-cercano-al-ipn-_JM,https://http2.mlstatic.com/D_NQ_NP_2X_999793-MLM112991629135_062026-E.webp,GUSTAVO A MADERO
Departamento En Venta | Uh Lindavista Vallejo | Gustavo A. Madero | Eje Central,2130000,MXN,"Unidad Habitacional Lindavista Vallejo Edif. 32B, Lindavista Vallejo, Gustavo A. Madero, Distrito Federal",73 m² construidos,3 recámaras,2 baños,https://departamento.mercadolibre.com.mx/MLM-3085525495-departamento-en-venta-uh-lindavista-vallejo-gustavo-a-madero-eje-central-_JM,https://http2.mlstatic.com/D_NQ_NP_2X_782812-MLM112952163544_072026-E.webp,GUSTAVO A MADERO
"Comodidad, Funcionalidad Y Excelente Ubicación En Vallejo",2448500,MXN,"Schumann, Vallejo, Ciudad De México, Industrial Vallejo, Gustavo A. Madero, Distrito Federal",58 m² de terreno,2 recámaras,1 baño,https://departamento.mercadolibre.com.mx/MLM-3096732367-comodidad-funcionalidad-y-excelente-ubicacion-en-vallejo-_JM,https://http2.mlstatic.com/D_NQ_NP_2X_918857-MLM113037118332_072026-E.webp,GUSTAVO A MADERO
Departamento En Venta Frente Al Ipn Zacatenco Pb Cdmx,3250000,MXN,"La Escalera, Gustavo A. Madero, Distrito Federal",75 m² construidos,3 recámaras,1 baño,https://departamento.mercadolibre.com.mx/MLM-3076553791-departamento-en-venta-frente-al-ipn-zacatenco-pb-cdmx-_JM,https://http2.mlstatic.com/D_NQ_NP_2X_903502-MLM112865846200_072026-E.webp,GUSTAVO A MADERO
Departamento En Venta - Lindavista,4794000,MXN,"Residencial Zacatenco, Gustavo A. Madero, Distrito Federal",125 m² construidos,3 recámaras,2 baños,https://departamento.mercadolibre.com.mx/MLM-2865186093-departamento-en-venta-lindavista-_JM,https://http2.mlstatic.com/D_NQ_NP_2X_627363-MLM107603400097_022026-E.webp,GUSTAVO A MADERO
"Departamento En Venta En Industrial, Gustavo A. Madero, Cdmx",3200000,MXN,"Fundidora De Monterrey, Industrial, Gustavo A. Madero, Distrito Federal",81 m² construidos,2 recámaras,1 baño,https://departamento.mercadolibre.com.mx/MLM-2913887259-departamento-en-venta-en-industrial-gustavo-a-madero-cdmx-_JM,https://http2.mlstatic.com/D_NQ_NP_2X_664317-MLM111761135525_052026-E.webp,GUSTAVO A MADERO
"Departamento De Entrega Inmediata En Av. Politécnico Nacional, Colonia Lindavista. Cdmx",4753800,MXN,"Av Instituto Politécnico Nacional 1800 - 2100, Lindavista, Ciudad De México, Colonia Lindavista Norte, Gustavo A. Madero, Distrito Federal",65 m² construidos,2 recámaras,2 baños,https://departamento.mercadolibre.com.mx/MLM-5617800410-departamento-de-entrega-inmediata-en-av-politecnico-nacional-colonia-lindavista-cdmx-_JM,https://http2.mlstatic.com/D_NQ_NP_2X_869850-MLM114018759785_072026-E.webp,GUSTAVO A MADERO
"Departamento En Venta, Col. Lindavista Gustavo A Madero",6210000,MXN,"Av Politécnico Nacional, Col. Lindavista, Gustavo A. Madero, Distrito Federal",119 m² construidos,3 recámaras,2 baños,https://departamento.mercadolibre.com.mx/MLM-2907994781-departamento-en-venta-col-lindavista-gustavo-a-madero-_JM,https://http2.mlstatic.com/D_NQ_NP_2X_876014-MLM110281659770_052026-E.webp,GUSTAVO A MADERO
"Departamentos En Venta Lindavista Desde $5,520,000.00",5520000,MXN,"Lindavista Norte, Gustavo A. Madero, Distrito Federal",125 m² construidos,3 recámaras,3 baños,https://departamento.mercadolibre.com.mx/MLM-5715357036-departamentos-en-venta-lindavista-desde-552000000-_JM,https://http2.mlstatic.com/D_NQ_NP_2X_827491-MLM113303762522_072026-E.webp,GUSTAVO A MADERO
"Departamento En Preventa, Panaorama Lindavista",5487800,MXN,"Lindavista Norte, Gustavo A. Madero, Distrito Federal",128 m² construidos,2 recámaras,2 baños,https://departamento.mercadolibre.com.mx/MLM-2985321071-departamento-en-preventa-panaorama-lindavista-_JM,https://http2.mlstatic.com/D_NQ_NP_2X_693966-MLM112817648457_062026-E.webp,GUSTAVO A MADERO
"Departamento En Venta En Lindavista Norte, Gustavo A. Madero, Ciudad De México",4165500,MXN,"CIENFUEGOS, Lindavista Norte, Gustavo A. Madero, Distrito Federal",73 m² construidos,2 recámaras,2 baños,https://departamento.mercadolibre.com.mx/MLM-3184017537-departamento-en-venta-en-lindavista-norte-gustavo-a-madero-ciudad-de-mexico-_JM,https://http2.mlstatic.com/D_NQ_NP_2X_646358-MLM115037152917_072026-E.webp,GUSTAVO A MADERO
"Departamento En Venta En Lindavista Norte, Gustavo A. Madero, Ciudad De México",4833000,MXN,"AV INSTITUTO POLITECNICO NACIONAL, Lindavista Norte, Gustavo A. Madero, Distrito Federal",65 m² construidos,2 recámaras,2 baños,https://departamento.mercadolibre.com.mx/MLM-3183805199-departamento-en-venta-en-lindavista-norte-gustavo-a-madero-ciudad-de-mexico-_JM,https://http2.mlstatic.com/D_NQ_NP_2X_698232-MLM113743012024_072026-E.webp,GUSTAVO A MADERO
"Departamento En Preventa, Panorama Lindavista",5458500,MXN,"Lindavista Norte, Gustavo A. Madero, Distrito Federal",77 m² construidos,2 recámaras,2 baños,https://departamento.mercadolibre.com.mx/MLM-2985355555-departamento-en-preventa-panorama-lindavista-_JM,https://http2.mlstatic.com/D_NQ_NP_2X_872516-MLM111729075594_062026-E.webp,GUSTAVO A MADERO
Departamento En Venta En Vallejo,2383500,MXN,"Schumann 117, Colonia Lindavista Vallejo III Sección, Gustavo A. Madero, Distrito Federal",58 m² construidos,2 recámaras,1 baño,https://departamento.mercadolibre.com.mx/MLM-5575406304-departamento-en-venta-en-vallejo-_JM,https://http2.mlstatic.com/D_NQ_NP_2X_663549-MLM112588657052_062026-E.webp,GUSTAVO A MADERO
"Departamento En Venta-av. Centenario 1966, Santiago Atzacoalco, Gam, Permite Que Tú Crédito Infonavit Pague Los Gastos Notariales.",2040000,MXN,"Av. Centenario 1966, Pueblo De Santiago Atzacoalco, Ciudad De México, Pueblo Santiago Atzacoalco, Gustavo A. Madero, Distrito Federal",49 m² construidos,2 recámaras,1 baño,https://departamento.mercadolibre.com.mx/MLM-5832373796-departamento-en-venta-av-centenario-1966-santiago-atzacoalco-gam-permite-que-tu-credito-infonavit-pague-los-gastos-notariales-_JM,https://http2.mlstatic.com/D_NQ_NP_2X_643789-MLM115249346285_072026-E.webp,GUSTAVO A MADERO
"Departamento En Venta En Guadalupe Tepeyac, Gustavo A. Madero, Ciudad De México",2680000,MXN,"JULIETA, Guadalupe Tepeyac, Gustavo A. Madero, Distrito Federal",54 m² construidos,2 recámaras,1 baño,https://departamento.mercadolibre.com.mx/MLM-3184018599-departamento-en-venta-en-guadalupe-tepeyac-gustavo-a-madero-ciudad-de-mexico-_JM,https://http2.mlstatic.com/D_NQ_NP_2X_753315-MLM115037423369_072026-E.webp,GUSTAVO A MADERO
"Departamento En Venta, Col. Lindavista Gustavo A Madero",5104500,MXN,"Av Politécnico, Col. Lindavista, Gustavo A. Madero, Distrito Federal",67 m² construidos,2 recámaras,2 baños,https://departamento.mercadolibre.com.mx/MLM-2908007511-departamento-en-venta-col-lindavista-gustavo-a-madero-_JM,https://http2.mlstatic.com/D_NQ_NP_2X_925400-MLM110281659970_052026-E.webp,GUSTAVO A MADERO
Loft En Pre-venta En Indios Verdes,2309000,MXN,"Acueducto De Ticoman 1044, Gustavo A. Madero, Distrito Federal",52 m² construidos,2 recámaras,1 baño,https://departamento.mercadolibre.com.mx/MLM-3081313593-loft-en-pre-venta-en-indios-verdes-_JM,https://http2.mlstatic.com/D_NQ_NP_2X_973955-MLM114129894953_072026-E.webp,GUSTAVO A MADERO
Venta Deptos. Y Penthouse Av. Cienfuegos Resid. Zacatenco Apa_4584 Am,4000000,MXN,"Residencial Zacatenco, Gustavo A. Madero, Distrito Federal",70 m² construidos,2 recámaras,2 baños,https://departamento.mercadolibre.com.mx/MLM-5715760290-venta-deptos-y-penthouse-av-cienfuegos-resid-zacatenco-apa4584-am-_JM,https://http2.mlstatic.com/D_NQ_NP_2X_694438-MLM114549859247_072026-E.webp,GUSTAVO A MADERO
Departamento En Venta En Zona Escolar,1894903,MXN,"Carretera Tenayuca Chalmita 551, Zona Escolar Oriente, Gustavo A. Madero, Distrito Federal",55 m² construidos,3 recámaras,1 baño,https://departamento.mercadolibre.com.mx/MLM-5479729706-departamento-en-venta-en-zona-escolar-_JM,https://http2.mlstatic.com/D_NQ_NP_2X_799113-MLM112993085217_062026-E.webp,GUSTAVO A MADERO
Departamento En Venta - Lindavista,3962000,MXN,"Residencial Zacatenco, Gustavo A. Madero, Distrito Federal",82 m² construidos,2 recámaras,2 baños,https://departamento.mercadolibre.com.mx/MLM-5186917264-departamento-en-venta-lindavista-_JM,https://http2.mlstatic.com/D_NQ_NP_2X_847219-MLM107603378193_022026-E.webp,GUSTAVO A MADERO
Departamento En Venta En Dm Nacional | San Juan De Aragón | Gran Canal,2550000,MXN,"Calzada San Juan De Aragón 439, Rinconada Don Blas Edificio B, DM Nacional, Gustavo A. Madero, Distrito Federal",55 m² construidos,2 recámaras,1 baño,https://departamento.mercadolibre.com.mx/MLM-5473729828-departamento-en-venta-en-dm-nacional-san-juan-de-aragon-gran-canal-_JM,https://http2.mlstatic.com/D_NQ_NP_2X_870848-MLM111833142682_062026-E.webp,GUSTAVO A MADERO
"Departamento En Venta En 15 De Agosto, Gustavo A. Madero, Ciudad De México",2600000,MXN,"Gral. Pedro Maria Anaya, 15 De Agosto, Gustavo A. Madero, Distrito Federal",60 m² construidos,2 recámaras,2 baños,https://departamento.mercadolibre.com.mx/MLM-3184027197-departamento-en-venta-en-15-de-agosto-gustavo-a-madero-ciudad-de-mexico-_JM,https://http2.mlstatic.com/D_NQ_NP_2X_618774-MLM113745737470_072026-E.webp,GUSTAVO A MADERO
"Departamento En Venta En Vasco De Quiroga, Gustavo A. Madero, Cdmx",1700000,MXN,"Padre Juan Bosco, Vasco De Quiroga, Gustavo A. Madero, Distrito Federal",49 m² construidos,2 recámaras,1 baño,https://departamento.mercadolibre.com.mx/MLM-2811229953-departamento-en-venta-en-vasco-de-quiroga-gustavo-a-madero-cdmx-_JM,https://http2.mlstatic.com/D_NQ_NP_2X_776084-MLM109288361921_032026-E.webp,GUSTAVO A MADERO
Departamento Sky Towers Linda Vista,4250000,MXN,"Magdalena De Las Salinas, Gustavo A. Madero, Distrito Federal",75 m² construidos,2 recámaras,2 baños,https://departamento.mercadolibre.com.mx/MLM-2848186047-departamento-sky-towers-linda-vista-_JM,https://http2.mlstatic.com/D_NQ_NP_2X_688250-MLM114864383323_072026-E.webp,GUSTAVO A MADERO
"Cerca Del Metro Martin Carrera , Sobre Avenida A Un Lado De Aurrera , Cerca De La Basilica De Guadalupe , Transporte A Pie De Edificio , Cerca Mercado Y Bancos",2600000,MXN,"Av. Centenario 1960, Pueblo De Santiago Atzacoalco, Ciudad De México, Pueblo Santiago Atzacoalco, Gustavo A. Madero, Distrito Federal",56 m² construidos,2 recámaras,2 baños,https://departamento.mercadolibre.com.mx/MLM-5844586490-cerca-del-metro-martin-carrera-sobre-avenida-a-un-lado-de-aurrera-cerca-de-la-basilica-de-guadalupe-transporte-a-pie-de-edificio-cerca-mercado-y-bancos-_JM,https://http2.mlstatic.com/D_NQ_NP_2X_846812-MLM113988572086_072026-E.webp,GUSTAVO A MADERO
"Departamento En Venta En Lindavista Norte, Gustavo A. Madero, Ciudad De México",4190000,MXN,"AV INSURGENTES NTE, Lindavista Norte, Gustavo A. Madero, Distrito Federal",63 m² construidos,2 recámaras,2 baños,https://departamento.mercadolibre.com.mx/MLM-5793810172-departamento-en-venta-en-lindavista-norte-gustavo-a-madero-ciudad-de-mexico-_JM,https://http2.mlstatic.com/D_NQ_NP_2X_612454-MLM115036661047_072026-E.webp,GUSTAVO A MADERO
Departamento En Venta / Av Edurado Molina.,2920000,MXN,"Av. Ing. Eduardo Molina, Salvador Díaz Mirón, Ciudad De México, Vasco De Quiroga, Gustavo A. Madero, Distrito Federal",59 m² construidos,2 recámaras,1 baño,https://departamento.mercadolibre.com.mx/MLM-5808864338-departamento-en-venta-av-edurado-molina-_JM,https://http2.mlstatic.com/D_NQ_NP_2X_922362-MLM113938162080_072026-E.webp,GUSTAVO A MADERO
"Departamento En Venta En Panamericana, Gustavo A. Madero, Ciudad De México",2200000,MXN,"Calle Norte 7 A, Panamericana, Gustavo A. Madero, Distrito Federal",46 m² construidos,2 recámaras,1 baño,https://departamento.mercadolibre.com.mx/MLM-5793811374-departamento-en-venta-en-panamericana-gustavo-a-madero-ciudad-de-mexico-_JM,https://http2.mlstatic.com/D_NQ_NP_2X_737744-MLM113744208094_072026-E.webp,GUSTAVO A MADERO
Departamento En Venta Planta Baja En Privada 1 Recamara Guadalupe Tepeyac Gustavo A. Madero Cdmx.,2100000,MXN,"Guadalupe Tepeyac, Mexico City, Guadalupe Tepeyac, Gustavo A. Madero, Distrito Federal",40 m² construidos,1 recámara,1 baño,https://departamento.mercadolibre.com.mx/MLM-3208177241-departamento-en-venta-planta-baja-en-privada-1-recamara-guadalupe-tepeyac-gustavo-a-madero-cdmx-_JM,https://http2.mlstatic.com/D_NQ_NP_2X_773897-MLM111599540809_052026-E.webp,GUSTAVO A MADERO
Departamento En Venta En Vallejo,3490000,MXN,"Vallejo, Colonia Lindavista Vallejo III Sección, Gustavo A. Madero, Distrito Federal",92 m² construidos,3 recámaras,2 baños,https://departamento.mercadolibre.com.mx/MLM-5485127564-departamento-en-venta-en-vallejo-_JM,https://http2.mlstatic.com/D_NQ_NP_2X_893686-MLM113044154481_062026-E.webp,GUSTAVO A MADERO
"Departamento En Venta Sobre Planos Lindavista, Gustavo A",3126999,MXN,"Lindavista Vallejo I Sección, Gustavo A. Madero, Distrito Federal",51 m² construidos,1 recámara,1 baño,https://departamento.mercadolibre.com.mx/MLM-3102169681-departamento-en-venta-sobre-planos-lindavista-gustavo-a-_JM,https://http2.mlstatic.com/D_NQ_NP_2X_900437-MLM114295773961_072026-E.webp,GUSTAVO A MADERO
"Departamento En Venta Sobre Planos Lindavista, Gustavo A",4103999,MXN,"Lindavista Vallejo I Sección, Gustavo A. Madero, Distrito Federal",85 m² construidos,2 recámaras,2 baños,https://departamento.mercadolibre.com.mx/MLM-3102169677-departamento-en-venta-sobre-planos-lindavista-gustavo-a-_JM,https://http2.mlstatic.com/D_NQ_NP_2X_829636-MLM113943818934_072026-E.webp,GUSTAVO A MADERO
"Departamento En Venta, Planta Baja Lindavista",5600000,MXN,"Salaverry, Ciudad De México, Lindavista Norte, Gustavo A. Madero, Distrito Federal",143 m² construidos,3 recámaras,2 baños,https://departamento.mercadolibre.com.mx/MLM-3094043997-departamento-en-venta-planta-baja-lindavista-_JM,https://http2.mlstatic.com/D_NQ_NP_2X_768566-MLM113031738036_072026-E.webp,GUSTAVO A MADERO
"Departamento En Venta En Unidad La Patera Vallejo, Gustavo A. Madero, Muy Cerca Del Eje Central Y El Ipn Zacatenco",2220000,MXN,"Miguel Othon De Mendizabal - Unidad Patera Vallejo, Nueva Industrial Vallejo, 07700 Ciudad De México, CDMX, Mexico, La Patera Vallejo, Gustavo A. Madero, Distrito Federal",76 m² construidos,3 recámaras,1 baño,https://departamento.mercadolibre.com.mx/MLM-5823272394-departamento-en-venta-en-unidad-la-patera-vallejo-gustavo-a-madero-muy-cerca-del-eje-central-y-el-ipn-zacatenco-_JM,https://http2.mlstatic.com/D_NQ_NP_2X_680482-MLM113897663172_072026-E.webp,GUSTAVO A MADERO
Departamento En Venta - Lindavista,4900000,MXN,"Residencial Zacatenco, Gustavo A. Madero, Distrito Federal",98 m² construidos,3 recámaras,2 baños,https://departamento.mercadolibre.com.mx/MLM-5186792292-departamento-en-venta-lindavista-_JM,https://http2.mlstatic.com/D_NQ_NP_2X_684428-MLM106921919362_022026-E.webp,GUSTAVO A MADERO
Departamento En Venta - Lindavista,5930000,MXN,"Lindavista Norte, Gustavo A. Madero, Distrito Federal",100 m² construidos,3 recámaras,2 baños,https://departamento.mercadolibre.com.mx/MLM-2865157803-departamento-en-venta-lindavista-_JM,https://http2.mlstatic.com/D_NQ_NP_2X_860925-MLM106921922632_022026-E.webp,GUSTAVO A MADERO
Departamento En Venta - Lindavista,4480000,MXN,"Lindavista Norte, Gustavo A. Madero, Distrito Federal",91 m² construidos,2 recámaras,2 baños,https://departamento.mercadolibre.com.mx/MLM-5187034478-departamento-en-venta-lindavista-_JM,https://http2.mlstatic.com/D_NQ_NP_2X_619455-MLM106921922654_022026-E.webp,GUSTAVO A MADERO
"Departamento En Venta En Colonia Bondojito, Gustavo A. Madero, Ciudad De México",3426400,MXN,"Ferrocarril Hidalgo  1375, Bondojito, Gustavo A. Madero, Distrito Federal",64 m² construidos,2 recámaras,1 baño,https://departamento.mercadolibre.com.mx/MLM-5861248650-departamento-en-venta-en-colonia-bondojito-gustavo-a-madero-ciudad-de-mexico-_JM,https://http2.mlstatic.com/D_NQ_NP_2X_870535-MLM115372898921_072026-E.webp,GUSTAVO A MADERO
"Departamento En Venta En Colonia Guadalupe Tepeyac, Gustavo A. Madero, Ciudad De México",2450000,MXN,"Alicia 38, Guadalupe Tepeyac, Gustavo A. Madero, Distrito Federal",63 m² construidos,2 recámaras,1 baño,https://departamento.mercadolibre.com.mx/MLM-5861272976-departamento-en-venta-en-colonia-guadalupe-tepeyac-gustavo-a-madero-ciudad-de-mexico-_JM,https://http2.mlstatic.com/D_NQ_NP_2X_786918-MLM114051528398_072026-E.webp,GUSTAVO A MADERO
Venta Departamentos Industrial T-df0215-0116,4560000,MXN,"AV. EUZKARO, Industrial, Gustavo A. Madero, Distrito Federal",85 m² construidos,2 recámaras,2 baños,https://departamento.mercadolibre.com.mx/MLM-3253249795-venta-departamentos-industrial-t-df0215-0116-_JM,https://http2.mlstatic.com/D_NQ_NP_2X_855814-MLM115654106583_082026-E.webp,GUSTAVO A MADERO
"Departamento En Venta En Colonia Villa De Aragón, Gustavo A. Madero, Ciudad De México",2855070,MXN,"Cuitlahuac 99, Villa De Aragón, Gustavo A. Madero, Distrito Federal",58 m² construidos,2 recámaras,1 baño,https://departamento.mercadolibre.com.mx/MLM-5861274656-departamento-en-venta-en-colonia-villa-de-aragon-gustavo-a-madero-ciudad-de-mexico-_JM,https://http2.mlstatic.com/D_NQ_NP_2X_672389-MLM115372880195_072026-E.webp,GUSTAVO A MADERO
Venta Departamentos Tepeyac Insurgentes T-df0215-0112,2790000,MXN,"ONIQUINA, Tepeyac Insurgentes, Gustavo A. Madero, Distrito Federal",58 m² construidos,2 recámaras,1 baño,https://departamento.mercadolibre.com.mx/MLM-3253275425-venta-departamentos-tepeyac-insurgentes-t-df0215-0112-_JM,https://http2.mlstatic.com/D_NQ_NP_2X_811998-MLM114313184038_082026-E.webp,GUSTAVO A MADERO
"Departamento En Venta En Lindavista, Gustavo Madero Jl 25-660.",4713900,MXN,"Gustavo Madero, Lindavista, Gustavo A. Madero, Distrito Federal",71 m² construidos,2 recámaras,2 baños,https://departamento.mercadolibre.com.mx/MLM-5863541134-departamento-en-venta-en-lindavista-gustavo-madero-jl-25-660-_JM,https://http2.mlstatic.com/D_NQ_NP_2X_911412-MLM114060906874_072026-E.webp,GUSTAVO A MADERO
Venta Departamentos Dm Nacional T-df0066-0787,2300000,MXN,"SAN JUAN DE ARAGON, DM Nacional, Gustavo A. Madero, Distrito Federal",60 m² construidos,2 recámaras,1 baño,https://departamento.mercadolibre.com.mx/MLM-5866605870-venta-departamentos-dm-nacional-t-df0066-0787-_JM,https://http2.mlstatic.com/D_NQ_NP_2X_612170-MLM115403876689_072026-E.webp,GUSTAVO A MADERO
Venta Departamentos Tepeyac Insurgentes T-df0215-0111,2790000,MXN,"ONIQUINA, Tepeyac Insurgentes, Gustavo A. Madero, Distrito Federal",57 m² construidos,2 recámaras,1 baño,https://departamento.mercadolibre.com.mx/MLM-3253275435-venta-departamentos-tepeyac-insurgentes-t-df0215-0111-_JM,https://http2.mlstatic.com/D_NQ_NP_2X_964526-MLM115654135381_082026-E.webp,GUSTAVO A MADERO
"Departamento En Venta En Lindavista,gustavo Madero Jl 25-659.",4534500,MXN,"Gustavo Madero ,lindavista, Gustavo A. Madero, Distrito Federal",65 m² construidos,2 recámaras,2 baños,https://departamento.mercadolibre.com.mx/MLM-5863541216-departamento-en-venta-en-lindavistagustavo-madero-jl-25-659-_JM,https://http2.mlstatic.com/D_NQ_NP_2X_849955-MLM115383165559_072026-E.webp,GUSTAVO A MADERO
"Departamento En Venta En Lindavista, Gustavo Madero Jl 25-661.",4667400,MXN,"Gustavo Madero ,lindavista, Gustavo A. Madero, Distrito Federal",65 m² construidos,2 recámaras,2 baños,https://departamento.mercadolibre.com.mx/MLM-5863528410-departamento-en-venta-en-lindavista-gustavo-madero-jl-25-661-_JM,https://http2.mlstatic.com/D_NQ_NP_2X_991003-MLM114060908158_072026-E.webp,GUSTAVO A MADERO
Venta Departamentos Vallejo T-df0236-0073,1850000,MXN,"ESTAÑO, Vallejo, Gustavo A. Madero, Distrito Federal",65 m² construidos,2 recámaras,1 baño,https://departamento.mercadolibre.com.mx/MLM-5885738530-venta-departamentos-vallejo-t-df0236-0073-_JM,https://http2.mlstatic.com/D_NQ_NP_2X_929846-MLM115542488079_082026-E.webp,GUSTAVO A MADERO
Venta Departamento 2 Ambientes Guadalupe Insurgentes,2450000,MXN,"Insurgentes Norte, 1249, Guadalupe Insurgentes, Gustavo A. Madero, Distrito Federal",50 m² construidos,2 recámaras,1 baño,https://departamento.mercadolibre.com.mx/MLM-5882274858-venta-departamento-2-ambientes-guadalupe-insurgentes-_JM,https://http2.mlstatic.com/D_NQ_NP_2X_764478-MLM114186833884_082026-E.webp,GUSTAVO A MADERO
Venta Departamentos Vallejo T-df0236-0066,1500000,MXN,"JUAN SEBASTIAN BACH, Vallejo, Gustavo A. Madero, Distrito Federal",32 m² construidos,1 recámara,1 baño,https://departamento.mercadolibre.com.mx/MLM-3241193805-venta-departamentos-vallejo-t-df0236-0066-_JM,https://http2.mlstatic.com/D_NQ_NP_2X_629222-MLM114208766924_082026-E.webp,GUSTAVO A MADERO
Departamento 39m2 De 1 Recamara Balcon Bodega En Aragon La Villa,1980000,MXN,"Aragón La Villa, Gustavo A. Madero, Distrito Federal",38 m² construidos,1 recámara,1 baño,https://departamento.mercadolibre.com.mx/MLM-3233319335-departamento-39m2-de-1-recamara-balcon-bodega-en-aragon-la-villa-_JM,https://http2.mlstatic.com/D_NQ_NP_2X_684452-MLM104599202289_012026-E.webp,GUSTAVO A MADERO
Departamento En Venta  Planta Baja Gustavo A. Madero,1999000,MXN,"Vasco De Quiroga, Gustavo A. Madero, Distrito Federal",62 m² construidos,3 recámaras,2 baños,https://departamento.mercadolibre.com.mx/MLM-2917168473-departamento-en-venta-planta-baja-gustavo-a-madero-_JM,https://http2.mlstatic.com/D_NQ_NP_2X_739963-MLM111416608073_052026-E.webp,GUSTAVO A MADERO
Venta Departamentos Industrial T-df0024-0426,2300000,MXN,"SANTA GERTRUDIS, Industrial, Gustavo A. Madero, Distrito Federal",86 m² construidos,1 recámara,1 baño,https://departamento.mercadolibre.com.mx/MLM-5338100142-venta-departamentos-industrial-t-df0024-0426-_JM,https://http2.mlstatic.com/D_NQ_NP_2X_842635-MLM111648126411_052026-E.webp,GUSTAVO A MADERO
"Departamento En Venta Torres De Quiroga, Gustavo A. Madero, Cdmx",1600000,MXN,"Av. Ingeniero Eduardo Molina 1720, Edf 16, Depto 112, Vasco De Quiroga, Gustavo A. Madero, Distrito Federal",59 m² construidos,2 recámaras,1 baño,https://departamento.mercadolibre.com.mx/MLM-2937030791-departamento-en-venta-torres-de-quiroga-gustavo-a-madero-cdmx-_JM,https://http2.mlstatic.com/D_NQ_NP_2X_775001-MLM110834353720_052026-E.webp,GUSTAVO A MADERO
Venta Departamentos Industrial T-df0215-0100,1690000,MXN,"AV. EUZKARO, Industrial, Gustavo A. Madero, Distrito Federal",55 m² construidos,2 recámaras,1 baño,https://departamento.mercadolibre.com.mx/MLM-5309650946-venta-departamentos-industrial-t-df0215-0100-_JM,https://http2.mlstatic.com/D_NQ_NP_2X_923696-MLM110461715854_052026-E.webp,GUSTAVO A MADERO
"Depto En Col.guadalupe Proletaria, Gam",1800000,MXN,"Guadalupe Proletaria, Gustavo A. Madero, Distrito Federal",65 m² construidos,3 recámaras,1 baño,https://departamento.mercadolibre.com.mx/MLM-2737846821-depto-en-colguadalupe-proletaria-gam-_JM,https://http2.mlstatic.com/D_NQ_NP_2X_936477-MLM106933592693_022026-E.webp,GUSTAVO A MADERO
Preventa Hacienda Acueducto Lindavista,2100000,MXN,"Ticoman, Gustavo A. Madero, Distrito Federal",48 m² construidos,2 recámaras,1 baño,https://departamento.mercadolibre.com.mx/MLM-4841450350-preventa-hacienda-acueducto-lindavista-_JM,https://http2.mlstatic.com/D_NQ_NP_2X_950023-MLM114613175641_072026-E.webp,GUSTAVO A MADERO
Venta Departamentos Guadalupe Tepeyac T-df0219-0104,2530000,MXN,"CARLOTA, Guadalupe Tepeyac, Gustavo A. Madero, Distrito Federal",78 m² construidos,2 recámaras,1 baño,https://departamento.mercadolibre.com.mx/MLM-5400670324-venta-departamentos-guadalupe-tepeyac-t-df0219-0104-_JM,https://http2.mlstatic.com/D_NQ_NP_2X_610954-MLM111188051994_052026-E.webp,GUSTAVO A MADERO
"Departamento En Venta En Col. El Arbolillo, Gustavo A. Madero, Cdmx.",1350000,MXN,"Unidad Habitacional El Arbolillo II 40 Edif 40 Depto 203, El Arbolillo, Gustavo A. Madero, Distrito Federal",51 m² construidos,2 recámaras,1 baño,https://departamento.mercadolibre.com.mx/MLM-2811202961-departamento-en-venta-en-col-el-arbolillo-gustavo-a-madero-cdmx-_JM,https://http2.mlstatic.com/D_NQ_NP_2X_601464-MLM108489266594_032026-E.webp,GUSTAVO A MADERO
Venta Departamentos Vallejo T-df0236-0064,870000,MXN,"FLORENCIO CONSTANTINO, Vallejo, Gustavo A. Madero, Distrito Federal",45 m² construidos,1 recámara,1 baño,https://departamento.mercadolibre.com.mx/MLM-5460425050-venta-departamentos-vallejo-t-df0236-0064-_JM,https://http2.mlstatic.com/D_NQ_NP_2X_739558-MLM111720053832_062026-E.webp,GUSTAVO A MADERO
"Departamento En Venta En  Vallejo, Gustavo A. Madero, Ciudad De México.",2415000,MXN,"Caruso 321, Industrial Vallejo, Gustavo A. Madero, Distrito Federal",63 m² construidos,2 recámaras,1 baño,https://departamento.mercadolibre.com.mx/MLM-2855931119-departamento-en-venta-en-vallejo-gustavo-a-madero-ciudad-de-mexico-_JM,https://http2.mlstatic.com/D_NQ_NP_2X_959808-MLM110288159047_042026-E.webp,GUSTAVO A MADERO
Departamento En Venta Frente Al Deportivo Bondogito,3050000,MXN,"Emiliano Zapata, Gustavo A. Madero, Distrito Federal",65 m² construidos,2 recámaras,1 baño,https://departamento.mercadolibre.com.mx/MLM-2750066849-departamento-en-venta-frente-al-deportivo-bondogito-_JM,https://http2.mlstatic.com/D_NQ_NP_2X_638921-MLM106908635360_022026-E.webp,GUSTAVO A MADERO
Venta Departamentos Nueva Industrial Vallejo T-df0257-0005,2150000,MXN,"MARGARITA MAZA DE JUAREZ, Nueva Industrial Vallejo, Gustavo A. Madero, Distrito Federal",51 m² construidos,2 recámaras,1 baño,https://departamento.mercadolibre.com.mx/MLM-2800904841-venta-departamentos-nueva-industrial-vallejo-t-df0257-0005-_JM,https://http2.mlstatic.com/D_NQ_NP_2X_620333-MLM110175975323_042026-E.webp,GUSTAVO A MADERO
Venta Departamento Cerca Terminal Del Norte,1700000,MXN,"Defensores De La República, Gustavo A. Madero, Distrito Federal",82 m² construidos,2 recámaras,2 baños,https://departamento.mercadolibre.com.mx/MLM-3026219189-venta-departamento-cerca-terminal-del-norte-_JM,https://http2.mlstatic.com/D_NQ_NP_2X_671090-MLM115080958205_072026-E.webp,GUSTAVO A MADERO
Departamento En Venta Santa Rosa Gustavo A. Madero Cdmx,1650000,MXN,"Joyas Vallejo, Santa Rosa, Gustavo A. Madero, Distrito Federal",64 m² construidos,2 recámaras,1 baño,https://departamento.mercadolibre.com.mx/MLM-3208176215-departamento-en-venta-santa-rosa-gustavo-a-madero-cdmx-_JM,https://http2.mlstatic.com/D_NQ_NP_2X_687322-MLM113945283298_072026-E.webp,GUSTAVO A MADERO
Departamento 64m2 Balcon 2 Recamaras Bodega En Aragon La Villa,2810000,MXN,"Aragón La Villa, Gustavo A. Madero, Distrito Federal",64 m² construidos,2 recámaras,2 baños,https://departamento.mercadolibre.com.mx/MLM-5192525738-departamento-64m2-balcon-2-recamaras-bodega-en-aragon-la-villa-_JM,https://http2.mlstatic.com/D_NQ_NP_2X_757221-MLM114714125955_072026-E.webp,GUSTAVO A MADERO
Venta Departamentos Vallejo T-df0236-0061,1480000,MXN,"ABUNDIO MARTINEZ, Vallejo, Gustavo A. Madero, Distrito Federal",44 m² construidos,2 recámaras,1 baño,https://departamento.mercadolibre.com.mx/MLM-2951149259-venta-departamentos-vallejo-t-df0236-0061-_JM,https://http2.mlstatic.com/D_NQ_NP_2X_993909-MLM112202174437_052026-E.webp,GUSTAVO A MADERO
"Departamento En Venta El Arbolillo 2, Gustavo A. Madero, Cdmex",1350000,MXN,"El Arbolillo 43, Arbolillo II, Gustavo A. Madero, 07239 Ciudad De México, CDMX Edificio 47 Departamento 203, El Arbolillo, Gustavo A. Madero, Distrito Federal",52 m² construidos,2 recámaras,1 baño,https://departamento.mercadolibre.com.mx/MLM-5030572072-departamento-en-venta-el-arbolillo-2-gustavo-a-madero-cdmex-_JM,https://http2.mlstatic.com/D_NQ_NP_2X_929516-MLM108186470898_032026-E.webp,GUSTAVO A MADERO
Venta Departamentos Ex Ejido San Juan De Aragon Sector 32 T-df0237-0015,1400000,MXN,"PUERTO OPORTO, San Juan De Aragón I Sección, Gustavo A. Madero, Distrito Federal",47 m² construidos,2 recámaras,1 baño,https://departamento.mercadolibre.com.mx/MLM-4789167488-venta-departamentos-ex-ejido-san-juan-de-aragon-sector-32-t-df0237-0015-_JM,https://http2.mlstatic.com/D_NQ_NP_2X_709180-MLM106682624738_022026-E.webp,GUSTAVO A MADERO
Departamento En  Venta Gustavo Madero Lindavista  Gis  25-660,4713000,MXN,"Departamento En  Venta Gustavo Madero Lindavista  GIS  25-660, Gustavo A. Madero, Distrito Federal",71 m² construidos,2 recámaras,2 baños,https://departamento.mercadolibre.com.mx/MLM-3160155217-departamento-en-venta-gustavo-madero-lindavista-gis-25-660-_JM,https://http2.mlstatic.com/D_NQ_NP_2X_632536-MLM114846679817_072026-E.webp,GUSTAVO A MADERO
Departamento En  Venta Gustavo Madero Lindavista  Gis 25-661,4538900,MXN,"Departamento En  Venta Gustavo Madero Lindavista  GIS  25-661, Gustavo A. Madero, Distrito Federal",65 m² construidos,2 recámaras,2 baños,https://departamento.mercadolibre.com.mx/MLM-5756664144-departamento-en-venta-gustavo-madero-lindavista-gis-25-661-_JM,https://http2.mlstatic.com/D_NQ_NP_2X_906621-MLM114846650425_072026-E.webp,GUSTAVO A MADERO
Departamento En  Venta Gustavo Madero Lindavista  Gis 25-659,4534500,MXN,"Departamento En  Venta Gustavo Madero Lindavista  GIS  25-659, Gustavo A. Madero, Distrito Federal",65 m² construidos,2 recámaras,2 baños,https://departamento.mercadolibre.com.mx/MLM-3160155219-departamento-en-venta-gustavo-madero-lindavista-gis-25-659-_JM,https://http2.mlstatic.com/D_NQ_NP_2X_955997-MLM114846652527_072026-E.webp,GUSTAVO A MADERO
Venta Departamentos Vallejo T-df0236-0046,1800000,MXN,"FELIPE VILLANUEVA, Vallejo, Gustavo A. Madero, Distrito Federal",57 m² construidos,2 recámaras,1 baño,https://departamento.mercadolibre.com.mx/MLM-2848241869-venta-departamentos-vallejo-t-df0236-0046-_JM,https://http2.mlstatic.com/D_NQ_NP_2X_717794-MLM110136716245_042026-E.webp,GUSTAVO A MADERO
Venta Departamentos Vallejo T-df0236-0030,3200000,MXN,"MINEROS METALURGICOS, Vallejo, Gustavo A. Madero, Distrito Federal",80 m² construidos,3 recámaras,2 baños,https://departamento.mercadolibre.com.mx/MLM-5460425068-venta-departamentos-vallejo-t-df0236-0030-_JM,https://http2.mlstatic.com/D_NQ_NP_2X_846379-MLM106396364086_022026-E.webp,GUSTAVO A MADERO
Venta Departamentos San Bartolo Atepehuacan T-df0217-0111,2900000,MXN,"EJE CENTRAL LAZARO CARDENAS, San Bartolo Atepehuacan, Gustavo A. Madero, Distrito Federal",94 m² construidos,3 recámaras,1 baño,https://departamento.mercadolibre.com.mx/MLM-5352903000-venta-departamentos-san-bartolo-atepehuacan-t-df0217-0111-_JM,https://http2.mlstatic.com/D_NQ_NP_2X_609223-MLM111764773441_052026-E.webp,GUSTAVO A MADERO
"Departamento En Venta En Colonia Guadalupe Tepeyac, Gustavo A. Madero, Ciudad De México",2984315,MXN,"SARA 4413, Guadalupe Tepeyac, Gustavo A. Madero, Distrito Federal",54 m² construidos,3 recámaras,2 baños,https://departamento.mercadolibre.com.mx/MLM-5042106658-departamento-en-venta-en-colonia-guadalupe-tepeyac-gustavo-a-madero-ciudad-de-mexico-_JM,https://http2.mlstatic.com/D_NQ_NP_2X_856986-MLM108324227444_032026-E.webp,GUSTAVO A MADERO
"Departamento En Venta Guadalupe Tepeyac, Gustavo A. Madero",3150000,MXN,"Guadalupe Tepeyac, Gustavo A. Madero, Distrito Federal",58 m² construidos,3 recámaras,2 baños,https://departamento.mercadolibre.com.mx/MLM-2834096543-departamento-en-venta-guadalupe-tepeyac-gustavo-a-madero-_JM,https://http2.mlstatic.com/D_NQ_NP_2X_721727-MLM109052212034_032026-E.webp,GUSTAVO A MADERO
Venta Departamentos Nueva Industrial Vallejo T-df0257-0018,2700000,MXN,"AV. MIGUEL OTHON DE MENDIZABAL, Nueva Industrial Vallejo, Gustavo A. Madero, Distrito Federal",89 m² construidos,3 recámaras,1 baño,https://departamento.mercadolibre.com.mx/MLM-5496969234-venta-departamentos-nueva-industrial-vallejo-t-df0257-0018-_JM,https://http2.mlstatic.com/D_NQ_NP_2X_709031-MLM112021110278_062026-E.webp,GUSTAVO A MADERO
Venta Departamentos San Juan De Aragon I Seccion T-df0237-0009,3360000,MXN,"AV OCEANIA, San Juan De Aragón I Sección, Gustavo A. Madero, Distrito Federal",112 m² construidos,3 recámaras,2 baños,https://departamento.mercadolibre.com.mx/MLM-5563259656-venta-departamentos-san-juan-de-aragon-i-seccion-t-df0237-0009-_JM,https://http2.mlstatic.com/D_NQ_NP_2X_842021-MLM106759790487_022026-E.webp,GUSTAVO A MADERO
"Departamento En Venta Siete Maravillas, Gustavo A. Madero",5850000,MXN,"Siete Maravillas, Gustavo A. Madero, Distrito Federal",185 m² construidos,3 recámaras,2 baños,https://departamento.mercadolibre.com.mx/MLM-5357408170-departamento-en-venta-siete-maravillas-gustavo-a-madero-_JM,https://http2.mlstatic.com/D_NQ_NP_2X_890701-MLM99736823765_112025-E.webp,GUSTAVO A MADERO
"Departamento En Venta En Colonia Nueva Industrial Vallejo, Gustavo A. Madero, Ciudad De México",2995000,MXN,"Eje Central Lazaro Cardenas 1040, Nueva Industrial Vallejo, Gustavo A. Madero, Distrito Federal",65 m² construidos,3 recámaras,1 baño,https://departamento.mercadolibre.com.mx/MLM-2797981893-departamento-en-venta-en-colonia-nueva-industrial-vallejo-gustavo-a-madero-ciudad-de-mexico-_JM,https://http2.mlstatic.com/D_NQ_NP_2X_750792-MLM108182835684_032026-E.webp,GUSTAVO A MADERO
Departamento En Venta En Ticoman Gustavo A Madero,2591700,MXN,"La Purísima Ticoman, Gustavo A. Madero, Distrito Federal",72 m² construidos,3 recámaras,2 baños,https://departamento.mercadolibre.com.mx/MLM-3050610335-departamento-en-venta-en-ticoman-gustavo-a-madero-_JM,https://http2.mlstatic.com/D_NQ_NP_2X_629239-MLM112599768850_062026-E.webp,GUSTAVO A MADERO
Venta De Departamentos En Residencial Zacatenco Gustavo A. Madero  Da557,4191000,MXN,"Residencial Zacatenco, Gustavo A. Madero, Distrito Federal",88 m² construidos,3 recámaras,2 baños,https://departamento.mercadolibre.com.mx/MLM-4948185854-venta-de-departamentos-en-residencial-zacatenco-gustavo-a-madero-da557-_JM,https://http2.mlstatic.com/D_NQ_NP_2X_649216-MLM107399199566_032026-E.webp,GUSTAVO A MADERO
"Joyas Vallejo, Metrobús Tenayuca",1748000,MXN,"Santa Rosa, Gustavo A. Madero, Distrito Federal",55 m² construidos,2 recámaras,1 baño,https://departamento.mercadolibre.com.mx/MLM-3153967925-joyas-vallejo-metrobus-tenayuca-_JM,https://http2.mlstatic.com/D_NQ_NP_2X_913219-MLM106199591615_012026-E.webp,GUSTAVO A MADERO
Depto En Venta,3120000,MXN,"FC Hidalgo 1404 Edificio ""2 B"", Villa Gustavo A. Madero, Gustavo A. Madero, Distrito Federal",74 m² construidos,3 recámaras,2 baños,https://departamento.mercadolibre.com.mx/MLM-3113654463-depto-en-venta-_JM,https://http2.mlstatic.com/D_NQ_NP_2X_808338-MLM114379275581_072026-E.webp,GUSTAVO A MADERO
Departamento 48m2 De 2 Recamaras 2 Baños Planta Baja En Aragon La Villa,2720000,MXN,"Aragón La Villa, Gustavo A. Madero, Distrito Federal",48 m² construidos,2 recámaras,2 baños,https://departamento.mercadolibre.com.mx/MLM-5545825750-departamento-48m2-de-2-recamaras-2-banos-planta-baja-en-aragon-la-villa-_JM,https://http2.mlstatic.com/D_NQ_NP_2X_666218-MLM104598989875_012026-E.webp,GUSTAVO A MADERO
Venta Departamentos Vallejo T-df0219-0101,2880000,MXN,"DVORAK, Vallejo, Gustavo A. Madero, Distrito Federal",87 m² construidos,2 recámaras,1 baño,https://departamento.mercadolibre.com.mx/MLM-5326407350-venta-departamentos-vallejo-t-df0219-0101-_JM,https://http2.mlstatic.com/D_NQ_NP_2X_771187-MLM111554876559_052026-E.webp,GUSTAVO A MADERO
Venta Departamentos Lindavista Norte T-df0085-0618,2900000,MXN,"INSURGENTES NORTE, Lindavista Norte, Gustavo A. Madero, Distrito Federal",65 m² construidos,2 recámaras,1 baño,https://departamento.mercadolibre.com.mx/MLM-5352886342-venta-departamentos-lindavista-norte-t-df0085-0618-_JM,https://http2.mlstatic.com/D_NQ_NP_2X_731112-MLM110802449946_052026-E.webp,GUSTAVO A MADERO
"Venta De Departamento En Lindavista Vallejo Ii Secc., Gustavo A. Madero, Cdmx",2250000,MXN,"Edif 32 Ent A Depto 501, Lindavista Vallejo II Sección, Gustavo A. Madero, Distrito Federal",88 m² construidos,3 recámaras,2 baños,https://departamento.mercadolibre.com.mx/MLM-2888996843-venta-de-departamento-en-lindavista-vallejo-ii-secc-gustavo-a-madero-cdmx-_JM,https://http2.mlstatic.com/D_NQ_NP_2X_957834-MLM110856834725_042026-E.webp,GUSTAVO A MADERO
Venta Departamentos Industrial T-df0024-0443,4800000,MXN,"AV ING BASILISO ROMO ANGUIANO, Industrial, Gustavo A. Madero, Distrito Federal",92 m² construidos,2 recámaras,2 baños,https://departamento.mercadolibre.com.mx/MLM-3108519517-venta-departamentos-industrial-t-df0024-0443-_JM,https://http2.mlstatic.com/D_NQ_NP_2X_723821-MLM114339829899_072026-E.webp,GUSTAVO A MADERO
"Departamento En Venta Zacatenco , Gustavo A. Madero",5400000,MXN,"Acueducto De Guadalupe, Gustavo A. Madero, Distrito Federal",97 m² construidos,3 recámaras,2 baños,https://departamento.mercadolibre.com.mx/MLM-5519111996-departamento-en-venta-zacatenco-gustavo-a-madero-_JM,https://http2.mlstatic.com/D_NQ_NP_2X_760907-MLM115671675407_082026-E.webp,GUSTAVO A MADERO
Venta Departamentos La Purisima Ticoman T-df0213-0052,1795000,MXN,"ESCUADRON 201, La Purísima Ticoman, Gustavo A. Madero, Distrito Federal",72 m² construidos,2 recámaras,1 baño,https://departamento.mercadolibre.com.mx/MLM-3202166517-venta-departamentos-la-purisima-ticoman-t-df0213-0052-_JM,https://http2.mlstatic.com/D_NQ_NP_2X_834851-MLM109556086447_032026-E.webp,GUSTAVO A MADERO
Departamento En Venta En Villa De Aragón Gustavo A. Madero Lc472,2900000,MXN,"Villa De Aragón, Gustavo A. Madero, Distrito Federal",60 m² construidos,2 recámaras,1 baño,https://departamento.mercadolibre.com.mx/MLM-4948122548-departamento-en-venta-en-villa-de-aragon-gustavo-a-madero-lc472-_JM,https://http2.mlstatic.com/D_NQ_NP_2X_860166-MLM108114937721_032026-E.webp,GUSTAVO A MADERO
Venta Departamentos Acueducto De Guadalupe T-df0085-0632,1150000,MXN,"ARBOLILLO, Acueducto De Guadalupe, Gustavo A. Madero, Distrito Federal",51 m² construidos,2 recámaras,1 baño,https://departamento.mercadolibre.com.mx/MLM-3128563949-venta-departamentos-acueducto-de-guadalupe-t-df0085-0632-_JM,https://http2.mlstatic.com/D_NQ_NP_2X_603189-MLM114491033665_072026-E.webp,GUSTAVO A MADERO
Venta Departamentos Tepeyac Insurgentes T-df0215-0107,3495000,MXN,"F. C. HIDALGO, Tepeyac Insurgentes, Gustavo A. Madero, Distrito Federal",75 m² construidos,3 recámaras,2 baños,https://departamento.mercadolibre.com.mx/MLM-2987649615-venta-departamentos-tepeyac-insurgentes-t-df0215-0107-_JM,https://http2.mlstatic.com/D_NQ_NP_2X_885374-MLM112857115909_062026-E.webp,GUSTAVO A MADERO
"Departamento En Venta, Colonia Nueva Vallejo, Gustavo A. Madero, Cdmx",2900000,MXN,"Calzada Vallejo, Nueva Vallejo, Gustavo A. Madero, Distrito Federal",59 m² construidos,2 recámaras,1 baño,https://departamento.mercadolibre.com.mx/MLM-2811217889-departamento-en-venta-colonia-nueva-vallejo-gustavo-a-madero-cdmx-_JM,https://http2.mlstatic.com/D_NQ_NP_2X_954315-MLM108489150820_032026-E.webp,GUSTAVO A MADERO
Departamentos En Preventa En Lindavista,4490400,MXN,"Departamentos En Preventa En Lindavista S/N, Lindavista Norte, Gustavo A. Madero, Distrito Federal",65 m² construidos,2 recámaras,2 baños,https://departamento.mercadolibre.com.mx/MLM-2745324507-departamentos-en-preventa-en-lindavista-_JM,https://http2.mlstatic.com/D_NQ_NP_2X_823246-MLM106711671722_022026-E.webp,GUSTAVO A MADERO
"Venta De Departamento En Nueva Atzacoalco, Gustavo A. Madero Ze202",3600000,MXN,"Nueva Atzacoalco, Gustavo A. Madero, Distrito Federal",110 m² construidos,3 recámaras,1 baño,https://departamento.mercadolibre.com.mx/MLM-5178985368-venta-de-departamento-en-nueva-atzacoalco-gustavo-a-madero-ze202-_JM,https://http2.mlstatic.com/D_NQ_NP_2X_604766-MLM110393430279_042026-E.webp,GUSTAVO A MADERO
Departamento En Venta En Vallejo Con Roof Garden Común,3700000,MXN,"Gustavo E. Campa Sn, Vallejo, Gustavo A. Madero, Distrito Federal",73 m² construidos,2 recámaras,1 baño,https://departamento.mercadolibre.com.mx/MLM-5657650274-departamento-en-venta-en-vallejo-con-roof-garden-comun-_JM,https://http2.mlstatic.com/D_NQ_NP_2X_715349-MLM114259447821_072026-E.webp,GUSTAVO A MADERO
Venta Departamentos Pradera Ii Seccion T-df0238-0056,1900000,MXN,"ESTADO DE NAYARIT, Pradera II Sección, Gustavo A. Madero, Distrito Federal",90 m² construidos,3 recámaras,2 baños,https://departamento.mercadolibre.com.mx/MLM-3114597799-venta-departamentos-pradera-ii-seccion-t-df0238-0056-_JM,https://http2.mlstatic.com/D_NQ_NP_2X_723070-MLM113648625462_072026-E.webp,GUSTAVO A MADERO
"Departamento En Venta En Vasco De Quiroga, Gustavo A. Madero, Cdmx",1495000,MXN,"Eduardo Molina 1320 Edif. 8 Dpto. 110, Vasco De Quiroga, Gustavo A. Madero, Distrito Federal",60 m² construidos,2 recámaras,1 baño,https://departamento.mercadolibre.com.mx/MLM-5842915450-departamento-en-venta-en-vasco-de-quiroga-gustavo-a-madero-cdmx-_JM,https://http2.mlstatic.com/D_NQ_NP_2X_786760-MLM115296402821_072026-E.webp,GUSTAVO A MADERO
"Departamento Con Roof Garden Privado, En Guadalupe Tepeyac, Cdmx",3950000,MXN,"Guadalupe Tepeyac, Gustavo A. Madero, Distrito Federal",105 m² construidos,2 recámaras,1 baño,https://departamento.mercadolibre.com.mx/MLM-5821342396-departamento-con-roof-garden-privado-en-guadalupe-tepeyac-cdmx-_JM,https://http2.mlstatic.com/D_NQ_NP_2X_704994-MLM113888742358_072026-E.webp,GUSTAVO A MADERO
Venta Departamentos Vallejo T-df0236-0068,4000000,MXN,"BORODIN, Vallejo, Gustavo A. Madero, Distrito Federal",89 m² construidos,3 recámaras,2 baños,https://departamento.mercadolibre.com.mx/MLM-3081798453-venta-departamentos-vallejo-t-df0236-0068-_JM,https://http2.mlstatic.com/D_NQ_NP_2X_849273-MLM112928698924_072026-E.webp,GUSTAVO A MADERO
Venta Departamentos Vallejo T-df0236-0069,2150000,MXN,"CIPRES, Vallejo, Gustavo A. Madero, Distrito Federal",53 m² construidos,2 recámaras,1 baño,https://departamento.mercadolibre.com.mx/MLM-3081798435-venta-departamentos-vallejo-t-df0236-0069-_JM,https://http2.mlstatic.com/D_NQ_NP_2X_962275-MLM112928678436_072026-E.webp,GUSTAVO A MADERO
Departamento En Venta En Martin Carrera Gustavo Madero Gis 25-352,2390000,MXN,"Martin Carrera Gustavo Madero, Martín Carrera, Gustavo A. Madero, Distrito Federal",60 m² construidos,2 recámaras,2 baños,https://departamento.mercadolibre.com.mx/MLM-3160155187-departamento-en-venta-en-martin-carrera-gustavo-madero-gis-25-352-_JM,https://http2.mlstatic.com/D_NQ_NP_2X_908228-MLM114846678679_072026-E.webp,GUSTAVO A MADERO
"Venta De Departamento En Nueva Atzacoalco, Gustavo A Madero Da558",3500000,MXN,"Nueva Atzacoalco, Gustavo A. Madero, Distrito Federal",75 m² construidos,3 recámaras,1 baño,https://departamento.mercadolibre.com.mx/MLM-2795002003-venta-de-departamento-en-nueva-atzacoalco-gustavo-a-madero-da558-_JM,https://http2.mlstatic.com/D_NQ_NP_2X_744530-MLM108885407143_032026-E.webp,GUSTAVO A MADERO
Departamento En Venta Planta Baja  Av.eduardo Molina 8140 Col. Vasco De Quiroga,1970000,MXN,"Av. Eduardo Molina 8140, Vasco De Quiroga, Gustavo A. Madero, Distrito Federal",65 m² construidos,2 recámaras,2 baños,https://departamento.mercadolibre.com.mx/MLM-5833448138-departamento-en-venta-planta-baja-aveduardo-molina-8140-col-vasco-de-quiroga-_JM,https://http2.mlstatic.com/D_NQ_NP_2X_823648-MLM115257049849_072026-E.webp,GUSTAVO A MADERO
"Departamento En San José Insurgentes, Benito Juárez, Ciudad De México - Ims-1303-de",7500000,MXN,"03900 Ciudad De México, CDMX, México, Gustavo A. Madero, Distrito Federal",177 m² construidos,3 recámaras,2 baños,https://departamento.mercadolibre.com.mx/MLM-2872474451-departamento-en-san-jose-insurgentes-benito-juarez-ciudad-de-mexico-ims-1303-de-_JM,https://http2.mlstatic.com/D_NQ_NP_2X_972243-MLM83382981934_042025-E.webp,GUSTAVO A MADERO
"Departamento En Venta Nueva Industrial Vallejo, Gustavo A. Madero",3600000,MXN,"Nueva Industrial Vallejo, Gustavo A. Madero, Distrito Federal",67 m² construidos,2 recámaras,1 baño,https://departamento.mercadolibre.com.mx/MLM-5518934816-departamento-en-venta-nueva-industrial-vallejo-gustavo-a-madero-_JM,https://http2.mlstatic.com/D_NQ_NP_2X_806707-MLM113365825823_062026-E.webp,GUSTAVO A MADERO
"Departamento En  Venta En Gustavo Madero, Lindavista Am. 25-661",4667400,MXN,"Departamento En  Venta En Gustavo Madero, Lindavista AM. 25-661, Gustavo A. Madero, Distrito Federal",65 m² construidos,3 recámaras,2 baños,https://departamento.mercadolibre.com.mx/MLM-5644779094-departamento-en-venta-en-gustavo-madero-lindavista-am-25-661-_JM,https://http2.mlstatic.com/D_NQ_NP_2X_651972-MLM112974036358_072026-E.webp,GUSTAVO A MADERO
Venta Departamentos Tablas De San Agustin T-df0207-0114,2900000,MXN,"HENRY FORD, Tablas De San Agustín, Gustavo A. Madero, Distrito Federal",67 m² construidos,2 recámaras,2 baños,https://departamento.mercadolibre.com.mx/MLM-5516352444-venta-departamentos-tablas-de-san-agustin-t-df0207-0114-_JM,https://http2.mlstatic.com/D_NQ_NP_2X_695865-MLM112209820714_062026-E.webp,GUSTAVO A MADERO
Venta Departamentos Acueducto De Guadalupe T-df0085-0631,1080000,MXN,"GABRIEL GUERRA, Acueducto De Guadalupe, Gustavo A. Madero, Distrito Federal",43 m² construidos,2 recámaras,1 baño,https://departamento.mercadolibre.com.mx/MLM-3128488639-venta-departamentos-acueducto-de-guadalupe-t-df0085-0631-_JM,https://http2.mlstatic.com/D_NQ_NP_2X_862642-MLM113250796716_072026-E.webp,GUSTAVO A MADERO
"Departamento En Bosques De Las Lomas, Cuajimalpa De Morelos, Ciudad De México - Task-15-de",11900000,MXN,"Ciudad De México, CDMX, México, Gustavo A. Madero, Distrito Federal",290 m² construidos,3 recámaras,4 baños,https://departamento.mercadolibre.com.mx/MLM-5204827702-departamento-en-bosques-de-las-lomas-cuajimalpa-de-morelos-ciudad-de-mexico-task-15-de-_JM,https://http2.mlstatic.com/D_NQ_NP_2X_782314-MLM83383049196_042025-E.webp,GUSTAVO A MADERO
Venta Departamentos Ex Ejido San Juan De Aragon Sector 33 T-df0237-0026,1300000,MXN,"NTE 92-A, Ex Ejido San Juan De Aragon Sector 33, Gustavo A. Madero, Distrito Federal",47 m² construidos,2 recámaras,1 baño,https://departamento.mercadolibre.com.mx/MLM-3148323845-venta-departamentos-ex-ejido-san-juan-de-aragon-sector-33-t-df0237-0026-_JM,https://http2.mlstatic.com/D_NQ_NP_2X_781149-MLM113451189650_072026-E.webp,GUSTAVO A MADERO
"Departamento En  Venta En Gustavo Madero, Lindavista Am. 25-660",4713900,MXN,"Gustavo Madero, Gustavo A. Madero, Distrito Federal",100 m² construidos,2 recámaras,2 baños,https://departamento.mercadolibre.com.mx/MLM-2746291943-departamento-en-venta-en-gustavo-madero-lindavista-am-25-660-_JM,https://http2.mlstatic.com/D_NQ_NP_2X_670641-MLM112291410215_052026-E.webp,GUSTAVO A MADERO
"Departamento En  Venta En Gustavo Madero, Lindavista Mg. 25-661",4538900,MXN,"Departamento En  Venta En Gustavo Madero, Lindavista AM. 25-661, Gustavo A. Madero, Distrito Federal",65 m² construidos,2 recámaras,2 baños,https://departamento.mercadolibre.com.mx/MLM-2947905913-departamento-en-venta-en-gustavo-madero-lindavista-mg-25-661-_JM,https://http2.mlstatic.com/D_NQ_NP_2X_780375-MLM111029715970_052026-E.webp,GUSTAVO A MADERO
Venta Departamentos Lindavista Norte T-df0085-0621,7500000,MXN,"BUENAVISTA, Lindavista Norte, Gustavo A. Madero, Distrito Federal",170 m² construidos,3 recámaras,3 baños,https://departamento.mercadolibre.com.mx/MLM-2979297147-venta-departamentos-lindavista-norte-t-df0085-0621-_JM,https://http2.mlstatic.com/D_NQ_NP_2X_891415-MLM112703527757_062026-E.webp,GUSTAVO A MADERO
Venta Departamentos Bondojito T-df0219-0106,1900000,MXN,"AV.HENRY FORD, Bondojito, Gustavo A. Madero, Distrito Federal",53 m² construidos,2 recámaras,1 baño,https://departamento.mercadolibre.com.mx/MLM-5666905284-venta-departamentos-bondojito-t-df0219-0106-_JM,https://http2.mlstatic.com/D_NQ_NP_2X_881335-MLM114301289157_072026-E.webp,GUSTAVO A MADERO
"Departamento En Pedregal De Carrasco, Coyoacán, Ciudad De México - Ims-1324-de",5100000,MXN,"Ciudad De México, CDMX, México, Gustavo A. Madero, Distrito Federal",88 m² construidos,2 recámaras,2 baños,https://departamento.mercadolibre.com.mx/MLM-2872475067-departamento-en-pedregal-de-carrasco-coyoacan-ciudad-de-mexico-ims-1324-de-_JM,https://http2.mlstatic.com/D_NQ_NP_2X_983908-MLM83382942202_042025-E.webp,GUSTAVO A MADERO
Venta Departamentos Vallejo T-df0236-0070,2300000,MXN,"SCHUMMAN, Vallejo, Gustavo A. Madero, Distrito Federal",58 m² construidos,2 recámaras,1 baño,https://departamento.mercadolibre.com.mx/MLM-5656222426-venta-departamentos-vallejo-t-df0236-0070-_JM,https://http2.mlstatic.com/D_NQ_NP_2X_730573-MLM114252143211_072026-E.webp,GUSTAVO A MADERO
"Departamento En Venta Vallejo, Gustavo A. Madero",3750000,MXN,"Vallejo, Gustavo A. Madero, Distrito Federal",80 m² construidos,3 recámaras,2 baños,https://departamento.mercadolibre.com.mx/MLM-3201843799-departamento-en-venta-vallejo-gustavo-a-madero-_JM,https://http2.mlstatic.com/D_NQ_NP_2X_959350-MLM113900966160_072026-E.webp,GUSTAVO A MADERO
"Venta De Departamento En Hacienda Margarita, Estado De Hidalgo",500000,MXN,"Hacienda San Antonio Xala 72, Torres De Quiroga, Gustavo A. Madero, Distrito Federal",34 m² construidos,2 recámaras,1 baño,https://departamento.mercadolibre.com.mx/MLM-3208819407-venta-de-departamento-en-hacienda-margarita-estado-de-hidalgo-_JM,https://http2.mlstatic.com/D_NQ_NP_2X_896941-MLM113951037444_072026-E.webp,GUSTAVO A MADERO
Departamento En Pre-venta En Colonia Tres Estrellas En Gustavo A Madero,2775000,MXN,"Oniquina, Tres Estrellas, Gustavo A. Madero, Distrito Federal",49 m² construidos,2 recámaras,1 baño,https://departamento.mercadolibre.com.mx/MLM-3215290453-departamento-en-pre-venta-en-colonia-tres-estrellas-en-gustavo-a-madero-_JM,https://http2.mlstatic.com/D_NQ_NP_2X_613696-MLM115303707925_072026-E.webp,GUSTAVO A MADERO
Venta Departamentos 7 De Noviembre T-df0219-0097,2150000,MXN,"PORTUGAL, 7 De Noviembre, Gustavo A. Madero, Distrito Federal",51 m² construidos,2 recámaras,1 baño,https://departamento.mercadolibre.com.mx/MLM-5188520022-venta-departamentos-7-de-noviembre-t-df0219-0097-_JM,https://http2.mlstatic.com/D_NQ_NP_2X_794555-MLM113937957196_072026-E.webp,GUSTAVO A MADERO
Departamento En Venta Cerca De Metro Potrero,3000000,MXN,"Condominio Grand Insurgentes, Av. Insurgentes Nte. 1260, Capultitlan, Ciudad De México, Capultitlán, Gustavo A. Madero, Distrito Federal",54 m² construidos,2 recámaras,2 baños,https://departamento.mercadolibre.com.mx/MLM-4154563176-departamento-en-venta-cerca-de-metro-potrero-_JM,https://http2.mlstatic.com/D_NQ_NP_2X_931109-MLM93994929919_102025-E.webp,GUSTAVO A MADERO
"Departamento En Venta En Capultitlan, Gustavo A. Madero",2550000,MXN,"Capultitlán, Gustavo A. Madero, Distrito Federal",58 m² construidos,2 recámaras,2 baños,https://departamento.mercadolibre.com.mx/MLM-3032448647-departamento-en-venta-en-capultitlan-gustavo-a-madero-_JM,https://http2.mlstatic.com/D_NQ_NP_2X_777817-MLM114661314525_072026-E.webp,GUSTAVO A MADERO
Venta Departamentos Bondojito T-df0219-0107,1900000,MXN,"AV.HENRY FORD, Bondojito, Gustavo A. Madero, Distrito Federal",53 m² construidos,2 recámaras,1 baño,https://departamento.mercadolibre.com.mx/MLM-5666905272-venta-departamentos-bondojito-t-df0219-0107-_JM,https://http2.mlstatic.com/D_NQ_NP_2X_950649-MLM114374552911_072026-E.webp,GUSTAVO A MADERO
Activo De Inversión En Ubicación Prime: 5 Departamentos + Local Comercial Con Us,10000000,MXN,"Tepeyac Insurgentes, Gustavo A. Madero, Distrito Federal",419 m² construidos,8 recámaras,5 baños,https://departamento.mercadolibre.com.mx/MLM-5868748862-activo-de-inversion-en-ubicacion-prime-5-departamentos-local-comercial-con-us-_JM,https://http2.mlstatic.com/D_NQ_NP_2X_616839-MLM115417142625_082026-E.webp,GUSTAVO A MADERO
Departamento Nuevo En Venta En Tepeyac Insurgentes 2 Recámaras Y Estacionamiento,2200000,MXN,"Arequipa 702, Tepeyac Insurgentes, Gustavo A. Madero, Distrito Federal",40 m² construidos,2 recámaras,1 baño,https://departamento.mercadolibre.com.mx/MLM-3227107393-departamento-nuevo-en-venta-en-tepeyac-insurgentes-2-recamaras-y-estacionamiento-_JM,https://http2.mlstatic.com/D_NQ_NP_2X_638110-MLM115393782977_072026-E.webp,GUSTAVO A MADERO
Departamento En Arcos Esmeralda / 44m2 / Acepta Creditos,1300000,MXN,"La Esmeralda, Gustavo A. Madero, Distrito Federal",44 m² construidos,2 recámaras,1 baño,https://departamento.mercadolibre.com.mx/MLM-5058300014-departamento-en-arcos-esmeralda-44m2-acepta-creditos-_JM,https://http2.mlstatic.com/D_NQ_NP_2X_728508-MLM109290520877_032026-E.webp,GUSTAVO A MADERO
Departamento En Col. 15 De Agosto / 60m2,2300000,MXN,"15 De Agosto, Gustavo A. Madero, Distrito Federal",60 m² construidos,2 recámaras,2 baños,https://departamento.mercadolibre.com.mx/MLM-5257027098-departamento-en-col-15-de-agosto-60m2-_JM,https://http2.mlstatic.com/D_NQ_NP_2X_836946-MLM111039200807_042026-E.webp,GUSTAVO A MADERO
"Departamento En Venta Vallejo, Gustavo A Madero Cdmx",1990000,MXN,"Tetrazzini, Vallejo, Gustavo A. Madero, Distrito Federal",52 m² construidos,2 recámaras,1 baño,https://departamento.mercadolibre.com.mx/MLM-5833441474-departamento-en-venta-vallejo-gustavo-a-madero-cdmx-_JM,https://http2.mlstatic.com/D_NQ_NP_2X_996910-MLM115257855687_072026-E.webp,GUSTAVO A MADERO
Departamentos Nuevos En Gam Preventa Con Gran Plusvalía Y Facilidades De Pago,2031105,MXN,"Union 134, Industrial, Gustavo A. Madero, Distrito Federal",45 m² construidos,2 recámaras,1 baño,https://departamento.mercadolibre.com.mx/MLM-5490968662-departamentos-nuevos-en-gam-preventa-con-gran-plusvalia-y-facilidades-de-pago-_JM,https://http2.mlstatic.com/D_NQ_NP_2X_761155-MLM111971892554_062026-E.webp,GUSTAVO A MADERO
Departamento En Venta Colonia Guadalupe Tepeyac,4900000,MXN,"Otilia, Guadalupe Tepeyac, Gustavo A. Madero, Distrito Federal",119 m² construidos,3 recámaras,2 baños,https://departamento.mercadolibre.com.mx/MLM-5030570096-departamento-en-venta-colonia-guadalupe-tepeyac-_JM,https://http2.mlstatic.com/D_NQ_NP_2X_711211-MLM108186323920_032026-E.webp,GUSTAVO A MADERO
"Departamento En Venta En Colonia Lindavista Norte, Gustavo A. Madero, Ciudad De México",4600000,MXN,"Av. Lindavista  S/N, Lindavista Norte, Gustavo A. Madero, Distrito Federal",120 m² construidos,2 recámaras,2 baños,https://departamento.mercadolibre.com.mx/MLM-2756606335-departamento-en-venta-en-colonia-lindavista-norte-gustavo-a-madero-ciudad-de-mexico-_JM,https://http2.mlstatic.com/D_NQ_NP_2X_714527-MLM107151921770_022026-E.webp,GUSTAVO A MADERO
Departamento En Venta Colonia San Bartolo Atepehuacan,4988000,MXN,"Lindavista, San Bartolo Atepehuacan, Gustavo A. Madero, Distrito Federal",119 m² construidos,3 recámaras,2 baños,https://departamento.mercadolibre.com.mx/MLM-2798123405-departamento-en-venta-colonia-san-bartolo-atepehuacan-_JM,https://http2.mlstatic.com/D_NQ_NP_2X_742949-MLM112761211365_062026-E.webp,GUSTAVO A MADERO
"Departamento En Venta El Arbolillo Croc, Gustavo A. Madero",1465000,MXN,"Calzada Chalma La Villa 50, Zona Escolar Oriente, Gustavo A. Madero, Distrito Federal",51 m² construidos,2 recámaras,1 baño,https://departamento.mercadolibre.com.mx/MLM-2901718117-departamento-en-venta-el-arbolillo-croc-gustavo-a-madero-_JM,https://http2.mlstatic.com/D_NQ_NP_2X_846830-MLM110169794106_042026-E.webp,GUSTAVO A MADERO
Departamento Nuevo En Complejo Residencial De Lindavista,4300000,MXN,"CIENFUEGOS, Residencial Zacatenco, Gustavo A. Madero, Distrito Federal",88 m² construidos,2 recámaras,2 baños,https://departamento.mercadolibre.com.mx/MLM-3002479213-departamento-nuevo-en-complejo-residencial-de-lindavista-_JM,https://http2.mlstatic.com/D_NQ_NP_2X_736150-MLM111967047894_062026-E.webp,GUSTAVO A MADERO
Departamento En Venta Colonia Residencial Zacatenco Enkasa Vista Norte,4600000,MXN,"Avenida Acueducto, Residencial La Escalera, Gustavo A. Madero, Distrito Federal",94 m² construidos,3 recámaras,2 baños,https://departamento.mercadolibre.com.mx/MLM-5030212546-departamento-en-venta-colonia-residencial-zacatenco-enkasa-vista-norte-_JM,https://http2.mlstatic.com/D_NQ_NP_2X_616151-MLM108182505074_032026-E.webp,GUSTAVO A MADERO
"Venta Departamento En Dos Plantas En La Colonia 7 De Noviembre, ¡impecable!",6500000,MXN,"7 De Noviembre, Gustavo A. Madero, Distrito Federal",101 m² construidos,3 recámaras,2 baños,https://departamento.mercadolibre.com.mx/MLM-2881201997-venta-departamento-en-dos-plantas-en-la-colonia-7-de-noviembre-impecable-_JM,https://http2.mlstatic.com/D_NQ_NP_2X_859624-MLM109828815410_042026-E.webp,GUSTAVO A MADERO
Bonito Departamento De 2 Recamaras Col. Insurgentes Tepeyac,3200000,MXN,"Lindavista Norte, Gustavo A. Madero, Distrito Federal",65 m² construidos,2 recámaras,1 baño,https://departamento.mercadolibre.com.mx/MLM-3102109973-bonito-departamento-de-2-recamaras-col-insurgentes-tepeyac-_JM,https://http2.mlstatic.com/D_NQ_NP_2X_990525-MLM115396844553_072026-E.webp,GUSTAVO A MADERO
"Departamento En  Venta En Insurgentes Norte, Magdalena De Las Salinas",4783000,MXN,"Insurgentes Norte 1346, Magdalena De Las Salinas, Gustavo A. Madero, Distrito Federal",75 m² construidos,2 recámaras,2 baños,https://departamento.mercadolibre.com.mx/MLM-5741087692-departamento-en-venta-en-insurgentes-norte-magdalena-de-las-salinas-_JM,https://http2.mlstatic.com/D_NQ_NP_2X_860817-MLM114742482617_072026-E.webp,GUSTAVO A MADERO
Venta Departamento La Escalera Lindavista,1750000,MXN,"La Escalera, Gustavo A. Madero, Distrito Federal",40 m² construidos,2 recámaras,1 baño,https://departamento.mercadolibre.com.mx/MLM-3178493859-venta-departamento-la-escalera-lindavista-_JM,https://http2.mlstatic.com/D_NQ_NP_2X_960083-MLM114996902217_072026-E.webp,GUSTAVO A MADERO
Departamento Moderno En Vida Victoria | Amenidades Premium,3003600,MXN,"Avenida Ferrocarril Hidalgo 1375, Bondojito, Gustavo A. Madero, Distrito Federal",49 m² construidos,2 recámaras,1 baño,https://departamento.mercadolibre.com.mx/MLM-3002723405-departamento-moderno-en-vida-victoria-amenidades-premium-_JM,https://http2.mlstatic.com/D_NQ_NP_2X_644738-MLM113101954257_062026-E.webp,GUSTAVO A MADERO
Departamento En Venta En San Juan De Aragón,1800000,MXN,"Av. San Juan De Aragón 600, Constitución De La República, Gustavo A. Madero, Distrito Federal",50 m² construidos,2 recámaras,1 baño,https://departamento.mercadolibre.com.mx/MLM-3002752439-departamento-en-venta-en-san-juan-de-aragon-_JM,https://http2.mlstatic.com/D_NQ_NP_2X_650678-MLM113102904771_062026-E.webp,GUSTAVO A MADERO
Departamentos Con Estacionamiento En Preventa | Gam,2775000,MXN,"Oniquina 6225, Aragón Inguaran, Gustavo A. Madero, Distrito Federal",72 m² construidos,2 recámaras,1 baño,https://departamento.mercadolibre.com.mx/MLM-3002736249-departamentos-con-estacionamiento-en-preventa-gam-_JM,https://http2.mlstatic.com/D_NQ_NP_2X_979418-MLM111972794528_062026-E.webp,GUSTAVO A MADERO
Tablas De San Agustín,8000000,MXN,"Norte 60-A, 5111, Tablas De San Agustín, Gustavo A. Madero, Distrito Federal",650 m² construidos,2 recámaras,1 baño,https://departamento.mercadolibre.com.mx/MLM-5510621012-tablas-de-san-agustin-_JM,https://http2.mlstatic.com/D_NQ_NP_2X_684174-MLM113307780295_062026-E.webp,GUSTAVO A MADERO
"Departamento En Venta Listo Para Habitar En Eduardo Molina, 2 Recs 60m²",1350000,MXN,"Gustavo A. Madero, Mexico City, Torres De Quiroga, Gustavo A. Madero, Distrito Federal",60 m² construidos,2 recámaras,2 baños,https://departamento.mercadolibre.com.mx/MLM-5058217478-departamento-en-venta-listo-para-habitar-en-eduardo-molina-2-recs-60m-_JM,https://http2.mlstatic.com/D_NQ_NP_2X_887169-MLM109286868433_032026-E.webp,GUSTAVO A MADERO
Departamento En Venta Listo Para Habitar En Eduardo Molina | 2 Recs 60m²,1350000,MXN,"Salvador Díaz Mirón, Gustavo A. Madero, Distrito Federal",60 m² construidos,2 recámaras,1 baño,https://departamento.mercadolibre.com.mx/MLM-5153852538-departamento-en-venta-listo-para-habitar-en-eduardo-molina-2-recs-60m-_JM,https://http2.mlstatic.com/D_NQ_NP_2X_851211-MLM110184916613_042026-E.webp,GUSTAVO A MADERO
"Se Vende Departamento En Dm Nacional, Gustavo A. Madero, Cdmx",2100000,MXN,"Clz. San Juan De Aragon  Edif. Malva Real 530, DM Nacional, Gustavo A. Madero, Distrito Federal",60 m² construidos,3 recámaras,2 baños,https://departamento.mercadolibre.com.mx/MLM-2798152043-se-vende-departamento-en-dm-nacional-gustavo-a-madero-cdmx-_JM,https://http2.mlstatic.com/D_NQ_NP_2X_775735-MLM108186977754_032026-E.webp,GUSTAVO A MADERO
Departamento En Venta Av Eduardo Molina Vasco De Quiroga Gustavo A. Madero,3604907,MXN,"Av. Ing. Eduardo Molina, Salvador Díaz Mirón, Gustavo A. Madero, Distrito Federal",75 m² construidos,3 recámaras,2 baños,https://departamento.mercadolibre.com.mx/MLM-3215587477-departamento-en-venta-av-eduardo-molina-vasco-de-quiroga-gustavo-a-madero-_JM,https://http2.mlstatic.com/D_NQ_NP_2X_878613-MLM115307111119_072026-E.webp,GUSTAVO A MADERO
Departamento En Venta Av Eduardo Molina Vasco De Quiroga Gustavo A. Madero,2916349,MXN,"Av. Ing. Eduardo Molina, Salvador Díaz Mirón, Gustavo A. Madero, Distrito Federal",59 m² construidos,2 recámaras,1 baño,https://departamento.mercadolibre.com.mx/MLM-3215587497-departamento-en-venta-av-eduardo-molina-vasco-de-quiroga-gustavo-a-madero-_JM,https://http2.mlstatic.com/D_NQ_NP_2X_757992-MLM113991207130_072026-E.webp,GUSTAVO A MADERO
Departamento En Venta Av Eduardo Molina Vasco De Quiroga Gustavo A. Madero,3572400,MXN,"Av. Ing. Eduardo Molina, Salvador Díaz Mirón, Gustavo A. Madero, Distrito Federal",71 m² construidos,2 recámaras,2 baños,https://departamento.mercadolibre.com.mx/MLM-3215600389-departamento-en-venta-av-eduardo-molina-vasco-de-quiroga-gustavo-a-madero-_JM,https://http2.mlstatic.com/D_NQ_NP_2X_913889-MLM113991207266_072026-E.webp,GUSTAVO A MADERO
Departamento En Venta Av Eduardo Molina Vasco De Quiroga Gustavo A. Madero,2741695,MXN,"Av. Ing. Eduardo Molina, Salvador Díaz Mirón, Gustavo A. Madero, Distrito Federal",57 m² construidos,2 recámaras,1 baño,https://departamento.mercadolibre.com.mx/MLM-3215600401-departamento-en-venta-av-eduardo-molina-vasco-de-quiroga-gustavo-a-madero-_JM,https://http2.mlstatic.com/D_NQ_NP_2X_705411-MLM115307111501_072026-E.webp,GUSTAVO A MADERO
Departamento En Venta Av Eduardo Molina Vasco De Quiroga Gustavo A. Madero,2969634,MXN,"Av. Ing. Eduardo Molina, Salvador Díaz Mirón, Gustavo A. Madero, Distrito Federal",52 m² construidos,2 recámaras,1 baño,https://departamento.mercadolibre.com.mx/MLM-3215587513-departamento-en-venta-av-eduardo-molina-vasco-de-quiroga-gustavo-a-madero-_JM,https://http2.mlstatic.com/D_NQ_NP_2X_770048-MLM113991156566_072026-E.webp,GUSTAVO A MADERO
Departamento En Venta Av Eduardo Molina Vasco De Quiroga Gustavo A. Madero,3592400,MXN,"Av. Ing. Eduardo Molina, Salvador Díaz Mirón, Gustavo A. Madero, Distrito Federal",71 m² construidos,2 recámaras,2 baños,https://departamento.mercadolibre.com.mx/MLM-3215574623-departamento-en-venta-av-eduardo-molina-vasco-de-quiroga-gustavo-a-madero-_JM,https://http2.mlstatic.com/D_NQ_NP_2X_674169-MLM113991156080_072026-E.webp,GUSTAVO A MADERO
Departamento En Venta Calle Norte Panamericana Gustavo A Madero,2295149,MXN,"Norte 7A, Panamericana, Gustavo A. Madero, Distrito Federal",46 m² construidos,2 recámaras,1 baño,https://departamento.mercadolibre.com.mx/MLM-3215574515-departamento-en-venta-calle-norte-panamericana-gustavo-a-madero-_JM,https://http2.mlstatic.com/D_NQ_NP_2X_958156-MLM113991154500_072026-E.webp,GUSTAVO A MADERO
Departamento En Venta Calle Norte Panamericana Gustavo A Madero,2031105,MXN,"Norte 7A, Panamericana, Gustavo A. Madero, Distrito Federal",46 m² construidos,2 recámaras,1 baño,https://departamento.mercadolibre.com.mx/MLM-3215600265-departamento-en-venta-calle-norte-panamericana-gustavo-a-madero-_JM,https://http2.mlstatic.com/D_NQ_NP_2X_907778-MLM113991154412_072026-E.webp,GUSTAVO A MADERO
"Departamento En Venta En Colonia Lindavista Norte, Gustavo A. Madero, Ciudad De México",4700000,MXN,"Chosica 655, Lindavista Norte, Gustavo A. Madero, Distrito Federal",194 m² construidos,2 recámaras,1 baño,https://departamento.mercadolibre.com.mx/MLM-4837300266-departamento-en-venta-en-colonia-lindavista-norte-gustavo-a-madero-ciudad-de-mexico-_JM,https://http2.mlstatic.com/D_NQ_NP_2X_961058-MLM106982965774_022026-E.webp,GUSTAVO A MADERO
"Departamento En Venta En Pb En La U. H. El Milagro, El Milagro, Gustavo A. Madero #26 - 2948 Avc",1600000,MXN,"Nte. 94-A, Milagro, Ciudad De México, El Milagro, Gustavo A. Madero, Distrito Federal",54 m² construidos,2 recámaras,1 baño,https://departamento.mercadolibre.com.mx/MLM-5289079758-departamento-en-venta-en-pb-en-la-u-h-el-milagro-el-milagro-gustavo-a-madero-26-2948-avc-_JM,https://http2.mlstatic.com/D_NQ_NP_2X_882812-MLM111212894697_052026-E.webp,GUSTAVO A MADERO
Departamento En Venta  De  3 Recámaras,2990000,MXN,"Av.  Gmo. Massieu Helguerra 177 Depto. 07320, La Purísima Ticoman, Gustavo A. Madero, Distrito Federal",81 m² construidos,3 recámaras,1 baño,https://departamento.mercadolibre.com.mx/MLM-5419486712-departamento-en-venta-de-3-recamaras-_JM,https://http2.mlstatic.com/D_NQ_NP_2X_602163-MLM111357651196_052026-E.webp,GUSTAVO A MADERO
Venta Departamento Ferrocarril Hidalgo G.a.m.,3000000,MXN,"Eje 1 Oriente FFCC Hidalgo 1321, Bondojito, Gustavo A. Madero, Distrito Federal",64 m² construidos,2 recámaras,2 baños,https://departamento.mercadolibre.com.mx/MLM-5781637060-venta-departamento-ferrocarril-hidalgo-gam-_JM,https://http2.mlstatic.com/D_NQ_NP_2X_774730-MLM114980999361_072026-E.webp,GUSTAVO A MADERO
"Departamento En Venta En Vasco De Quiroga, Gustavo A. Madero",2409267,MXN,"Av. Ing. Eduardo Molina, Salvador Díaz Mirón, Gustavo A. Madero, Distrito Federal",54 m² construidos,2 recámaras,1 baño,https://departamento.mercadolibre.com.mx/MLM-3215599535-departamento-en-venta-en-vasco-de-quiroga-gustavo-a-madero-_JM,https://http2.mlstatic.com/D_NQ_NP_2X_766269-MLM113991138374_072026-E.webp,GUSTAVO A MADERO
Departamento En Preventa En Colonia Tres Estrellas- Gustavo A. Madero,2775000,MXN,"ONIQUINA, Tres Estrellas, Gustavo A. Madero, Distrito Federal",49 m² construidos,2 recámaras,1 baño,https://departamento.mercadolibre.com.mx/MLM-5723723256-departamento-en-preventa-en-colonia-tres-estrellas-gustavo-a-madero-_JM,https://http2.mlstatic.com/D_NQ_NP_2X_674683-MLM114606545757_072026-E.webp,GUSTAVO A MADERO
"¡el Departamento Que Estabas Buscando Te Está Esperando!   Disfruta De Un Espacio Moderno, Cómodo Y Con Todas Las Amenidades Para Vivir Como Siempre Lo Imaginaste.   2 Amplias Recámaras  2 Baños",3100000,MXN,"FC Hidalgo 1200 - 1500, Tablas De San Agustín, Ciudad De México, Bondojito, Gustavo A. Madero, Distrito Federal",72 m² construidos,2 recámaras,2 baños,https://departamento.mercadolibre.com.mx/MLM-5857155022-el-departamento-que-estabas-buscando-te-esta-esperando-disfruta-de-un-espacio-moderno-comodo-y-con-todas-las-amenidades-para-vivir-como-siempre-lo-imaginaste-2-amplias-recamaras-2-banos-_JM,https://http2.mlstatic.com/D_NQ_NP_2X_867616-MLM114032588578_072026-E.webp,GUSTAVO A MADERO
Departamento En Venta Con Excelente Ubicación En Gustavo A. Madero,1950000,MXN,"DM Nacional, San Pedro El Chico, Mexico City, San Pedro El Chico, Gustavo A. Madero, Distrito Federal",60 m² construidos,2 recámaras,1 baño,https://departamento.mercadolibre.com.mx/MLM-5858082304-departamento-en-venta-con-excelente-ubicacion-en-gustavo-a-madero-_JM,https://http2.mlstatic.com/D_NQ_NP_2X_996635-MLM114037689690_072026-E.webp,GUSTAVO A MADERO
Hermoso Departamento Cerca De Via Vallejo Con Estacionamiento,2590000,MXN,"Lindavista Vallejo III Secc, Mexico City, Nueva Vallejo, Gustavo A. Madero, Distrito Federal",67 m² construidos,2 recámaras,1 baño,https://departamento.mercadolibre.com.mx/MLM-5885203300-hermoso-departamento-cerca-de-via-vallejo-con-estacionamiento-_JM,https://http2.mlstatic.com/D_NQ_NP_2X_653155-MLM111911105771_052026-E.webp,GUSTAVO A MADERO
Hermoso Departamento En Residencial Acueducto De Guadalupe.,2950000,MXN,"De La Borrasca 7, Acueducto De Guadalupe, Ciudad De México, Acueducto De Guadalupe, Gustavo A. Madero, Distrito Federal",84 m² construidos,2 recámaras,1 baño,https://departamento.mercadolibre.com.mx/MLM-5746237652-hermoso-departamento-en-residencial-acueducto-de-guadalupe-_JM,https://http2.mlstatic.com/D_NQ_NP_2X_660367-MLM109521050712_042026-E.webp,GUSTAVO A MADERO
"Departamento 80m2 Habitables,  Muy Bien Ubicado, Cerca Del Metro La Villa, Indios Verdes, 18 De Marzo, Mb 6 Y 7, Centros Comerciales, Zona De Hospitales, Escuelas Todos Niveles. Etc",3000000,MXN,"Calz. De Los Misterios, Tepeyac Insurgentes, Ciudad De México, Tepeyac Insurgentes, Gustavo A. Madero, Distrito Federal",80 m² construidos,3 recámaras,2 baños,https://departamento.mercadolibre.com.mx/MLM-3176766079-departamento-80m2-habitables-muy-bien-ubicado-cerca-del-metro-la-villa-indios-verdes-18-de-marzo-mb-6-y-7-centros-comerciales-zona-de-hospitales-escuelas-todos-niveles-etc-_JM,https://http2.mlstatic.com/D_NQ_NP_2X_839873-MLM113693961720_072026-E.webp,GUSTAVO A MADERO
Hermoso Departamento Al Norte De Cdmx,2300000,MXN,"Margarita Maza De Juárez, Nueva Industrial Vallejo, Ciudad De México, Nueva Industrial Vallejo, Gustavo A. Madero, Distrito Federal",54 m² construidos,2 recámaras,1 baño,https://departamento.mercadolibre.com.mx/MLM-5704696718-hermoso-departamento-al-norte-de-cdmx-_JM,https://http2.mlstatic.com/D_NQ_NP_2X_931690-MLM114491107947_072026-E.webp,GUSTAVO A MADERO
Departamento En Venta Frente Al Metrobus Gran Canal,1690000,MXN,"Cda. San Juan De Aragón 600, DM Nacional, Constitución De La República, Ciudad De México, Constitución De La República, Gustavo A. Madero, Distrito Federal",52 m² construidos,2 recámaras,1 baño,https://departamento.mercadolibre.com.mx/MLM-5724250594-departamento-en-venta-frente-al-metrobus-gran-canal-_JM,https://http2.mlstatic.com/D_NQ_NP_2X_707326-MLM113364948694_072026-E.webp,GUSTAVO A MADERO
"¡estrena Depa! 67 M2, 3er Piso Exterior Con Balcón, 2 Recámaras, 1 Baño, Cuarto De Servicio Y Estacionamiento. Ubicación Imbatible Frente Al Metro Y Cerca De Universidades. ¡ideal Para Vivir O Inverti",3200000,MXN,"Av. Insurgentes Nte. 1756, Lindavista, Gustavo A. Madero, 7200 - 7500 Ciudad De México, CDMX, Mexico, Colonia Lindavista Vallejo II Sección, Gustavo A. Madero, Distrito Federal",67 m² construidos,2 recámaras,1 baño,https://departamento.mercadolibre.com.mx/MLM-5845134356-estrena-depa-67-m2-3er-piso-exterior-con-balcon-2-recamaras-1-bano-cuarto-de-servicio-y-estacionamiento-ubicacion-imbatible-frente-al-metro-y-cerca-de-universidades-ideal-para-vivir-o-inverti-_JM,https://http2.mlstatic.com/D_NQ_NP_2X_975852-MLM113980885778_072026-E.webp,GUSTAVO A MADERO
"Departamento Recién Remodelado Listo Para Habitar, Excelente Vista, Cerca De Centro Comercial, Bien Comunicado, Excelente Oportunidad",1475000,MXN,"Av. De Las Brisas 300, Acueducto De Guadalupe, Ciudad De México, Acueducto De Guadalupe, Gustavo A. Madero, Distrito Federal",60 m² construidos,3 recámaras,1 baño,https://departamento.mercadolibre.com.mx/MLM-3113128679-departamento-recien-remodelado-listo-para-habitar-excelente-vista-cerca-de-centro-comercial-bien-comunicado-excelente-oportunidad-_JM,https://http2.mlstatic.com/D_NQ_NP_2X_879206-MLM113141681352_072026-E.webp,GUSTAVO A MADERO
"Departamento En El Tercer Nivel Cuenta Con Sala Cocina Baño Amplio Dos Recámaras, 60 Metros Cuadrados Está En Avenida Ferrocarril Hidalgo 174",1450000,MXN,"FC Hidalgo 174, Pueblo De Santiago Atzacoalco, Ciudad De México, Atzacoalco, Gustavo A. Madero, Distrito Federal",60 m² construidos,2 recámaras,1 baño,https://departamento.mercadolibre.com.mx/MLM-5746647172-departamento-en-el-tercer-nivel-cuenta-con-sala-cocina-bano-amplio-dos-recamaras-60-metros-cuadrados-esta-en-avenida-ferrocarril-hidalgo-174-_JM,https://http2.mlstatic.com/D_NQ_NP_2X_940016-MLM113513420456_072026-E.webp,GUSTAVO A MADERO
"Vive En El Corazón De La Ciudad! Descubre Parque Tepeyac En Gustavo A. Madero. Si Buscas Una Propiedad En Una Ubicación Estratégica, Con Acceso A Servicios, Entretenimiento Etc",2300000,MXN,"DM Nacional, Mexico City, DM Nacional, Gustavo A. Madero, Distrito Federal",60 m² construidos,2 recámaras,1 baño,https://departamento.mercadolibre.com.mx/MLM-3156256531-vive-en-el-corazon-de-la-ciudad-descubre-parque-tepeyac-en-gustavo-a-madero-si-buscas-una-propiedad-en-una-ubicacion-estrategica-con-acceso-a-servicios-entretenimiento-etc-_JM,https://http2.mlstatic.com/D_NQ_NP_2X_987319-MLM114806594537_072026-E.webp,GUSTAVO A MADERO
Departamento Cómodo,1200000,MXN,"Av. Ing. Eduardo Molina 1500 - 1800, Vasco De Quiroga, Tablas De San Agustín, Ciudad De México, Vasco De Quiroga, Gustavo A. Madero, Distrito Federal",60 m² construidos,2 recámaras,1 baño,https://departamento.mercadolibre.com.mx/MLM-5698851158-departamento-comodo-_JM,https://http2.mlstatic.com/D_NQ_NP_2X_936238-MLM113216763872_072026-E.webp,GUSTAVO A MADERO
Condominio De Interés Social,1800000,MXN,"Calz. San Juan De Aragón, Ciudad De México, DM Nacional, Gustavo A. Madero, Distrito Federal",68 m² construidos,2 recámaras,1 baño,https://departamento.mercadolibre.com.mx/MLM-5758664668-condominio-de-interes-social-_JM,https://http2.mlstatic.com/D_NQ_NP_2X_897811-MLM114857727327_072026-E.webp,GUSTAVO A MADERO
Departamento 3 Recamaras  2 Baños Completos Sala Comedor Cocina,2550000,MXN,"Vallejo, Mexico City, Colonia Lindavista Vallejo II Sección, Gustavo A. Madero, Distrito Federal",90 m² construidos,3 recámaras,2 baños,https://departamento.mercadolibre.com.mx/MLM-5794442568-departamento-3-recamaras-2-banos-completos-sala-comedor-cocina-_JM,https://http2.mlstatic.com/D_NQ_NP_2X_695220-MLM113749231390_072026-E.webp,GUSTAVO A MADERO
Departamento En Venta San Juan De Aragón,1650000,MXN,"San Juan De Aragón, DM Nacional, Gustavo A. Madero, Distrito Federal",57 m² construidos,2 recámaras,1 baño,https://departamento.mercadolibre.com.mx/MLM-3182948479-departamento-en-venta-san-juan-de-aragon-_JM,https://http2.mlstatic.com/D_NQ_NP_2X_915416-MLM113733245538_072026-E.webp,GUSTAVO A MADERO
Remate Bancario Acueducto De Guadalupe Sin Posesion,918400,MXN,"Acueducto De Guadalupe, Gustavo A. Madero, Distrito Federal",58 m² construidos,2 recámaras,1 baño,https://departamento.mercadolibre.com.mx/MLM-5438899746-remate-bancario-acueducto-de-guadalupe-sin-posesion-_JM,https://http2.mlstatic.com/D_NQ_NP_2X_608848-MLM112585710519_062026-E.webp,GUSTAVO A MADERO
"Recamaras Con Baño Completos Y Clóset, Área De Lavado Medio Baño Y Un Cuarto De Servicio Azador Con Barra En El Rous Garden Cisterna, Calentador Solar Cuenta Con Cámara G5 Fuera Del Depa",3500000,MXN,"Amatista, Esmeralda, Ciudad De México, Campestre Aragón, Gustavo A. Madero, Distrito Federal",220 m² construidos,4 recámaras,5 baños,https://departamento.mercadolibre.com.mx/MLM-5893108298-recamaras-con-bano-completos-y-closet-area-de-lavado-medio-bano-y-un-cuarto-de-servicio-azador-con-barra-en-el-rous-garden-cisterna-calentador-solar-cuenta-con-camara-g5-fuera-del-depa-_JM,https://http2.mlstatic.com/D_NQ_NP_2X_899284-MLM115587077279_082026-E.webp,GUSTAVO A MADERO
Departamento En Venta,2432700,MXN,"Ampliación San Juan De Aragón, Gustavo A. Madero, Distrito Federal",77 m² construidos,3 recámaras,1 baño,https://departamento.mercadolibre.com.mx/MLM-3255304767-departamento-en-venta-_JM,https://http2.mlstatic.com/D_NQ_NP_2X_640049-MLM115681301717_082026-E.webp,GUSTAVO A MADERO
