titulo,precio,moneda,ubicacion,superficie,recamaras,banos,link,imagen,municipio
Departamento En Venta Puerta Jardín,4050000,MXN,"Ampliación Del Gas, Azcapotzalco, Distrito Federal",81 m² construidos,3 recámaras,2 baños,https://departamento.mercadolibre.com.mx/MLM-5389851598-departamento-en-venta-puerta-jardin-_JM,https://http2.mlstatic.com/D_NQ_NP_2X_613194-MLM111080870536_052026-E.webp,AZCAPOTZALCO
Departamento En Venta En Juárez,12950000,MXN,"Berlín 19 BIS, Benito Juárez, Azcapotzalco, Distrito Federal",226 m² construidos,3 recámaras,3 baños,https://departamento.mercadolibre.com.mx/MLM-2944077775-departamento-en-venta-en-juarez-_JM,https://http2.mlstatic.com/D_NQ_NP_2X_903411-MLM110962005448_052026-E.webp,AZCAPOTZALCO
Departamento En Venta En Del Recreo,4300000,MXN,"Calle Floresta 100, Del Recreo, Azcapotzalco, Distrito Federal",91 m² construidos,2 recámaras,2 baños,https://departamento.mercadolibre.com.mx/MLM-5015904760-departamento-en-venta-en-del-recreo-_JM,https://http2.mlstatic.com/D_NQ_NP_2X_770069-MLM108816029769_032026-E.webp,AZCAPOTZALCO
Departamento En Venta En Del Gas,3363920,MXN,"Cerrada 0 Jardín, Del Gas Amp, Azcapotzalco, Distrito Federal",75 m² construidos,2 recámaras,2 baños,https://departamento.mercadolibre.com.mx/MLM-2988362371-departamento-en-venta-en-del-gas-_JM,https://http2.mlstatic.com/D_NQ_NP_2X_962259-MLM111775684462_062026-E.webp,AZCAPOTZALCO
Departamento En Venta En Juárez,10656000,MXN,"Havre 41, Benito Juárez, Azcapotzalco, Distrito Federal",151 m² construidos,2 recámaras,2 baños,https://departamento.mercadolibre.com.mx/MLM-4995459294-departamento-en-venta-en-juarez-_JM,https://http2.mlstatic.com/D_NQ_NP_2X_993469-MLM107885177732_032026-E.webp,AZCAPOTZALCO
Departamento En Venta En Valle Del Tepeyac,3532305,MXN,"Poniente 126 431, Coltongo, Azcapotzalco, Distrito Federal",67 m² construidos,2 recámaras,2 baños,https://departamento.mercadolibre.com.mx/MLM-4995462990-departamento-en-venta-en-valle-del-tepeyac-_JM,https://http2.mlstatic.com/D_NQ_NP_2X_829530-MLM108641280939_032026-E.webp,AZCAPOTZALCO
Departamento En Venta En Juárez,15266570,MXN,"Viena 10, Benito Juárez, Azcapotzalco, Distrito Federal",65 m² construidos,1 recámara,1 baño,https://departamento.mercadolibre.com.mx/MLM-4995493404-departamento-en-venta-en-juarez-_JM,https://http2.mlstatic.com/D_NQ_NP_2X_953297-MLM107885474270_032026-E.webp,AZCAPOTZALCO
Departamento En Venta En Juárez,16120608,MXN,"Viena 10, Benito Juárez, Azcapotzalco, Distrito Federal",77 m² construidos,1 recámara,1 baño,https://departamento.mercadolibre.com.mx/MLM-2784803655-departamento-en-venta-en-juarez-_JM,https://http2.mlstatic.com/D_NQ_NP_2X_692599-MLM107885474708_032026-E.webp,AZCAPOTZALCO
Departamento En Venta En Juárez,12508513,MXN,"Viena 10, Benito Juárez, Azcapotzalco, Distrito Federal",74 m² construidos,2 recámaras,2 baños,https://departamento.mercadolibre.com.mx/MLM-2784669307-departamento-en-venta-en-juarez-_JM,https://http2.mlstatic.com/D_NQ_NP_2X_886548-MLM107885493820_032026-E.webp,AZCAPOTZALCO
Departamento En Venta En Valle Del Tepeyac,3044927,MXN,"Poniente 126 431, Coltongo, Azcapotzalco, Distrito Federal",61 m² construidos,2 recámaras,1 baño,https://departamento.mercadolibre.com.mx/MLM-2988471923-departamento-en-venta-en-valle-del-tepeyac-_JM,https://http2.mlstatic.com/D_NQ_NP_2X_717199-MLM111775682668_062026-E.webp,AZCAPOTZALCO
Departamento En Venta En Juárez,17361932,MXN,"Viena 10, Benito Juárez, Azcapotzalco, Distrito Federal",74 m² construidos,2 recámaras,2 baños,https://departamento.mercadolibre.com.mx/MLM-2784803753-departamento-en-venta-en-juarez-_JM,https://http2.mlstatic.com/D_NQ_NP_2X_732112-MLM107885506230_032026-E.webp,AZCAPOTZALCO
Departamento En Venta En Juárez,44755865,MXN,"Viena 10, Benito Juárez, Azcapotzalco, Distrito Federal",196 m² construidos,3 recámaras,2 baños,https://departamento.mercadolibre.com.mx/MLM-2988373963-departamento-en-venta-en-juarez-_JM,https://http2.mlstatic.com/D_NQ_NP_2X_858480-MLM112872514915_062026-E.webp,AZCAPOTZALCO
Departamento En Venta En Juárez,26465006,MXN,"Viena 10, Benito Juárez, Azcapotzalco, Distrito Federal",143 m² construidos,3 recámaras,3 baños,https://departamento.mercadolibre.com.mx/MLM-2988471899-departamento-en-venta-en-juarez-_JM,https://http2.mlstatic.com/D_NQ_NP_2X_944350-MLM112872500155_062026-E.webp,AZCAPOTZALCO
Departamento En Venta En Juárez,7400000,MXN,"Londres 256, Benito Juárez, Azcapotzalco, Distrito Federal",75 m² construidos,2 recámaras,2 baños,https://departamento.mercadolibre.com.mx/MLM-2980081045-departamento-en-venta-en-juarez-_JM,https://http2.mlstatic.com/D_NQ_NP_2X_720268-MLM111644253856_062026-E.webp,AZCAPOTZALCO
Departamento En Venta En Del Gas,3173080,MXN,"Cerrada 4 Jardín 300, Del Gas Amp, Azcapotzalco, Distrito Federal",87 m² construidos,1 recámara,1 baño,https://departamento.mercadolibre.com.mx/MLM-2988362357-departamento-en-venta-en-del-gas-_JM,https://http2.mlstatic.com/D_NQ_NP_2X_731822-MLM111775725488_062026-E.webp,AZCAPOTZALCO
Departamento En Venta En Del Gas,4517615,MXN,"Cerrada 4 Jardín 300, Del Gas Amp, Azcapotzalco, Distrito Federal",73 m² construidos,2 recámaras,2 baños,https://departamento.mercadolibre.com.mx/MLM-2984750327-departamento-en-venta-en-del-gas-_JM,https://http2.mlstatic.com/D_NQ_NP_2X_614356-MLM111717164372_062026-E.webp,AZCAPOTZALCO
Departamento En Venta En Valle Del Tepeyac,3566600,MXN,"Poniente 126 431, Coltongo, Azcapotzalco, Distrito Federal",67 m² construidos,2 recámaras,2 baños,https://departamento.mercadolibre.com.mx/MLM-2988373991-departamento-en-venta-en-valle-del-tepeyac-_JM,https://http2.mlstatic.com/D_NQ_NP_2X_759095-MLM112872503511_062026-E.webp,AZCAPOTZALCO
Departamento En Venta En Juárez,3719022,MXN,"Londres 0, Benito Juárez, Azcapotzalco, Distrito Federal",40 m² construidos,1 recámara,1 baño,https://departamento.mercadolibre.com.mx/MLM-4761832402-departamento-en-venta-en-juarez-_JM,https://http2.mlstatic.com/D_NQ_NP_2X_852015-MLM106205679064_022026-E.webp,AZCAPOTZALCO
Departamento En Venta En Del Gas,4846220,MXN,"Cerrada 0 Jardín, Del Gas Amp, Azcapotzalco, Distrito Federal",131 m² construidos,2 recámaras,2 baños,https://departamento.mercadolibre.com.mx/MLM-2988471941-departamento-en-venta-en-del-gas-_JM,https://http2.mlstatic.com/D_NQ_NP_2X_691958-MLM111775728072_062026-E.webp,AZCAPOTZALCO
Departamento En Venta En San Francisco Xocotitla,3662177,MXN,"Poniente 94-A 54, Azcapotzalco, Distrito Federal",98 m² construidos,2 recámaras,2 baños,https://departamento.mercadolibre.com.mx/MLM-2988472141-departamento-en-venta-en-san-francisco-xocotitla-_JM,https://http2.mlstatic.com/D_NQ_NP_2X_659439-MLM112872642071_062026-E.webp,AZCAPOTZALCO
Departamento En Venta En Obrero Popular,3905000,MXN,"Avenida Cuitláhuac 3125, Obrero Popular, Azcapotzalco, Distrito Federal",92 m² construidos,1 recámara,1 baño,https://departamento.mercadolibre.com.mx/MLM-5823398292-departamento-en-venta-en-obrero-popular-_JM,https://http2.mlstatic.com/D_NQ_NP_2X_888596-MLM113917981756_072026-E.webp,AZCAPOTZALCO
Departamento En Venta En Juárez,4955957,MXN,"Londres 91, Benito Juárez, Azcapotzalco, Distrito Federal",43 m² construidos,,1 baño,https://departamento.mercadolibre.com.mx/MLM-2605872409-departamento-en-venta-en-juarez-_JM,https://http2.mlstatic.com/D_NQ_NP_2X_807334-MLM100017992058_122025-E.webp,AZCAPOTZALCO
Departamento En Venta En San Francisco Xocotitla,3809080,MXN,"Poniente 94-A 0, Azcapotzalco, Distrito Federal",103 m² construidos,2 recámaras,2 baños,https://departamento.mercadolibre.com.mx/MLM-2988362697-departamento-en-venta-en-san-francisco-xocotitla-_JM,https://http2.mlstatic.com/D_NQ_NP_2X_668441-MLM111775827146_062026-E.webp,AZCAPOTZALCO
Departamento En Venta En San Francisco Xocotitla,3597675,MXN,"Poniente 94-A 0, Azcapotzalco, Distrito Federal",98 m² construidos,2 recámaras,2 baños,https://departamento.mercadolibre.com.mx/MLM-2988472197-departamento-en-venta-en-san-francisco-xocotitla-_JM,https://http2.mlstatic.com/D_NQ_NP_2X_929380-MLM112872661801_062026-E.webp,AZCAPOTZALCO
Departamento En Venta En San Francisco Xocotitla,4248976,MXN,"Poniente 94-A 0, Azcapotzalco, Distrito Federal",111 m² construidos,2 recámaras,2 baños,https://departamento.mercadolibre.com.mx/MLM-2988362647-departamento-en-venta-en-san-francisco-xocotitla-_JM,https://http2.mlstatic.com/D_NQ_NP_2X_912946-MLM112872642255_062026-E.webp,AZCAPOTZALCO
Departamento En Venta En Juárez,6900000,MXN,"Avenida Paseo De La Reforma, Benito Juárez, Azcapotzalco, Distrito Federal",76 m² construidos,1 recámara,1 baño,https://departamento.mercadolibre.com.mx/MLM-2792143517-departamento-en-venta-en-juarez-_JM,https://http2.mlstatic.com/D_NQ_NP_2X_825254-MLM108816096347_032026-E.webp,AZCAPOTZALCO
Departamento En Venta En Clavería,3905000,MXN,"Avenida Cuitláhuac 3100, Clavería, Azcapotzalco, Distrito Federal",92 m² construidos,1 recámara,1 baño,https://departamento.mercadolibre.com.mx/MLM-4473085378-departamento-en-venta-en-claveria-_JM,https://http2.mlstatic.com/D_NQ_NP_2X_778534-MLM100507407681_122025-E.webp,AZCAPOTZALCO
"Departamento Ph En Venta Bosques Clavería, Azcapotzalco - Para Estrenar",3905000,MXN,"Clavería, Azcapotzalco, Distrito Federal",92 m² construidos,1 recámara,1 baño,https://departamento.mercadolibre.com.mx/MLM-3136230043-departamento-ph-en-venta-bosques-claveria-azcapotzalco-para-estrenar-_JM,https://http2.mlstatic.com/D_NQ_NP_2X_879774-MLM113309714684_072026-E.webp,AZCAPOTZALCO
"Venta De Hermoso Depto A Estrenar - Col. El Recreo, Alc. Azcapotzalco",4249000,MXN,"Del Recreo, Azcapotzalco, Distrito Federal",97 m² construidos,3 recámaras,2 baños,https://departamento.mercadolibre.com.mx/MLM-3239067181-venta-de-hermoso-depto-a-estrenar-col-el-recreo-alc-azcapotzalco-_JM,https://http2.mlstatic.com/D_NQ_NP_2X_887004-MLM114186480796_082026-E.webp,AZCAPOTZALCO
"Departamento En Venta De 60 M2, A Un Lado De La Uam Azcapotzalco",1650000,MXN,"Av San Pablo Xalpa 300 - 600, San Martin Xochinahuac, Ciudad De México, San Martín Xochináhuac, Azcapotzalco, Distrito Federal",60 m² construidos,2 recámaras,1 baño,https://departamento.mercadolibre.com.mx/MLM-2947784807-departamento-en-venta-de-60-m2-a-un-lado-de-la-uam-azcapotzalco-_JM,https://http2.mlstatic.com/D_NQ_NP_2X_731190-MLM111999154825_052026-E.webp,AZCAPOTZALCO
Departamentos En Preventa En Azcapotzalco Cdmx,3900000,MXN,"Col Del Gas, Mexico City, Del Gas, Azcapotzalco, Distrito Federal",95 m² construidos,3 recámaras,2 baños,https://departamento.mercadolibre.com.mx/MLM-2775932287-departamentos-en-preventa-en-azcapotzalco-cdmx-_JM,https://http2.mlstatic.com/D_NQ_NP_2X_849820-MLM107692989522_032026-E.webp,AZCAPOTZALCO
Venta De Departamento En San Isidro Azcapotzalco,4290000,MXN,"San Pedro Xalpa, Azcapotzalco, Distrito Federal",91 m² construidos,3 recámaras,2 baños,https://departamento.mercadolibre.com.mx/MLM-4808978680-venta-de-departamento-en-san-isidro-azcapotzalco-_JM,https://http2.mlstatic.com/D_NQ_NP_2X_813193-MLM106749002836_022026-E.webp,AZCAPOTZALCO
"Bonito Departamento En Venta En Azcapotzalco Con Elevador $2,347,000",2347000,MXN,"Centro De Azcapotzalco, Azcapotzalco, Distrito Federal",46 m² construidos,2 recámaras,1 baño,https://departamento.mercadolibre.com.mx/MLM-4485585722-bonito-departamento-en-venta-en-azcapotzalco-con-elevador-2347000-_JM,https://http2.mlstatic.com/D_NQ_NP_2X_843418-MLM100806543275_122025-E.webp,AZCAPOTZALCO
Venta De Departamento,2049000,MXN,"Avenida De Las Granjas 752, Santa Catarina, Azcapotzalco, Distrito Federal",49 m² construidos,2 recámaras,1 baño,https://departamento.mercadolibre.com.mx/MLM-5297003486-venta-de-departamento-_JM,https://http2.mlstatic.com/D_NQ_NP_2X_863235-MLM110357856490_052026-E.webp,AZCAPOTZALCO
"Pent House Moderno De Entrega Inmediata En Claveria, Azcapotzalco",3905000,MXN,"Clavería, Azcapotzalco, Distrito Federal",48 m² construidos,1 recámara,1 baño,https://departamento.mercadolibre.com.mx/MLM-2848258993-pent-house-moderno-de-entrega-inmediata-en-claveria-azcapotzalco-_JM,https://http2.mlstatic.com/D_NQ_NP_2X_847264-MLM110139019489_042026-E.webp,AZCAPOTZALCO
Venta Departamento Azcapotzalco Con Balcon,3195000,MXN,"Calz. San Isidro, Petrolera, Ciudad De México, San Isidro, Azcapotzalco, Distrito Federal",62 m² construidos,2 recámaras,2 baños,https://departamento.mercadolibre.com.mx/MLM-5209229250-venta-departamento-azcapotzalco-con-balcon-_JM,https://http2.mlstatic.com/D_NQ_NP_2X_814103-MLM110603631741_042026-E.webp,AZCAPOTZALCO
"Último Ph De Entrega Inmediata En Av Cuitláhuac, Claveria, Azcapotzalco",3905000,MXN,"Clavería, Azcapotzalco, Distrito Federal",48 m² construidos,1 recámara,1 baño,https://departamento.mercadolibre.com.mx/MLM-5148003244-ultimo-ph-de-entrega-inmediata-en-av-cuitlahuac-claveria-azcapotzalco-_JM,https://http2.mlstatic.com/D_NQ_NP_2X_884727-MLM109285564488_042026-E.webp,AZCAPOTZALCO
"Último Ph Con Amplio Roof Privado En Claveria, Azcapotzalco",4050000,MXN,"Clavería, Azcapotzalco, Distrito Federal",52 m² construidos,1 recámara,1 baño,https://departamento.mercadolibre.com.mx/MLM-5148022366-ultimo-ph-con-amplio-roof-privado-en-claveria-azcapotzalco-_JM,https://http2.mlstatic.com/D_NQ_NP_2X_997038-MLM110139019905_042026-E.webp,AZCAPOTZALCO
Departamento En Venta En San Isidro Azcapotzalco,3100000,MXN,"San Pedro Xalpa, Azcapotzalco, Distrito Federal",64 m² construidos,2 recámaras,2 baños,https://departamento.mercadolibre.com.mx/MLM-2758365011-departamento-en-venta-en-san-isidro-azcapotzalco-_JM,https://http2.mlstatic.com/D_NQ_NP_2X_989360-MLM85573955098_062025-E.webp,AZCAPOTZALCO
Departamento En Venta Azcapotzalco,3200000,MXN,"San Francisco Tetecala, Azcapotzalco, Distrito Federal",57 m² construidos,2 recámaras,1 baño,https://departamento.mercadolibre.com.mx/MLM-3081817843-departamento-en-venta-azcapotzalco-_JM,https://http2.mlstatic.com/D_NQ_NP_2X_939714-MLM114138201011_072026-E.webp,AZCAPOTZALCO
"Pent House Moderno Con Roof Y Bodega En Claveria, Azcapotzalco",3950000,MXN,"Clavería, Azcapotzalco, Distrito Federal",52 m² construidos,1 recámara,1 baño,https://departamento.mercadolibre.com.mx/MLM-5472419052-pent-house-moderno-con-roof-y-bodega-en-claveria-azcapotzalco-_JM,https://http2.mlstatic.com/D_NQ_NP_2X_841208-MLM112932408351_062026-E.webp,AZCAPOTZALCO
"Pent House De Entrega Inmediata En Av Cuitláhuac, Claveria, Azcapotzalco",3905000,MXN,"Clavería, Azcapotzalco, Distrito Federal",48 m² construidos,1 recámara,1 baño,https://departamento.mercadolibre.com.mx/MLM-5148047708-pent-house-de-entrega-inmediata-en-av-cuitlahuac-claveria-azcapotzalco-_JM,https://http2.mlstatic.com/D_NQ_NP_2X_662072-MLM110139067653_042026-E.webp,AZCAPOTZALCO
Cuitlahuac 3125,3905000,MXN,"Obrero Popular, Azcapotzalco, Distrito Federal",48 m² construidos,1 recámara,1 baño,https://departamento.mercadolibre.com.mx/MLM-3071326523-cuitlahuac-3125-_JM,https://http2.mlstatic.com/D_NQ_NP_2X_995783-MLM113684618366_072026-E.webp,AZCAPOTZALCO
"Departamento Seminuevo En Planta Baja En Nextengo, Azcapotzalco",2950000,MXN,"Av Azcapotzalco 402 Int A003 402, Nextengo, Azcapotzalco, Distrito Federal",50 m² construidos,2 recámaras,1 baño,https://departamento.mercadolibre.com.mx/MLM-2983259631-departamento-seminuevo-en-planta-baja-en-nextengo-azcapotzalco-_JM,https://http2.mlstatic.com/D_NQ_NP_2X_819040-MLM111695369630_062026-E.webp,AZCAPOTZALCO
"Departamento En Venta-oasis Residencial Azcapotzalco, Cosmopolita, Azcapotzalco",2988600,MXN,"Oasis Residencial Azcapotzalco, Av. Encarnación Ortiz 1860, Cosmopolita, Ciudad De México, Cosmopolita, Azcapotzalco, Distrito Federal",65 m² construidos,3 recámaras,2 baños,https://departamento.mercadolibre.com.mx/MLM-5781020822-departamento-en-venta-oasis-residencial-azcapotzalco-cosmopolita-azcapotzalco-_JM,https://http2.mlstatic.com/D_NQ_NP_2X_918699-MLM113688638368_072026-E.webp,AZCAPOTZALCO
Venta Departamento 2 Ambientes San Martín Xochinahuac,1807988,MXN,"Los Ángeles, 172, San Martín Xochináhuac, Azcapotzalco, Distrito Federal",50 m² construidos,2 recámaras,1 baño,https://departamento.mercadolibre.com.mx/MLM-5884676140-venta-departamento-2-ambientes-san-martin-xochinahuac-_JM,https://http2.mlstatic.com/D_NQ_NP_2X_619880-MLM115535387073_082026-E.webp,AZCAPOTZALCO
Venta Departamento 2 Ambientes Victoria De Las Democracias,2150000,MXN,"NARCISO, 111, Victoria De Las Democracias, Azcapotzalco, Distrito Federal",75 m² construidos,2 recámaras,1 baño,https://departamento.mercadolibre.com.mx/MLM-5867869526-venta-departamento-2-ambientes-victoria-de-las-democracias-_JM,https://http2.mlstatic.com/D_NQ_NP_2X_713190-MLM115411536375_072026-E.webp,AZCAPOTZALCO
"Departamento De 2 Recámaras En Venta, Col Petrolera, Azcapotzalco, Cdmx",1600000,MXN,"Petrolera, Azcapotzalco, Distrito Federal",50 m² construidos,2 recámaras,1 baño,https://departamento.mercadolibre.com.mx/MLM-2985501085-departamento-de-2-recamaras-en-venta-col-petrolera-azcapotzalco-cdmx-_JM,https://http2.mlstatic.com/D_NQ_NP_2X_913671-MLM114613742471_072026-E.webp,AZCAPOTZALCO
Precioso Departamento Minimalista Con Vista A La Ciudad Cerca De La Raza,3400000,MXN,"Ampliación Del Gas, Azcapotzalco, Distrito Federal",79 m² construidos,3 recámaras,2 baños,https://departamento.mercadolibre.com.mx/MLM-2943271017-precioso-departamento-minimalista-con-vista-a-la-ciudad-cerca-de-la-raza-_JM,https://http2.mlstatic.com/D_NQ_NP_2X_626362-MLM114683963945_072026-E.webp,AZCAPOTZALCO
Departamento En Venta En Azcapotzalco.,2425000,MXN,"Ampliación Del Gas, Azcapotzalco, Distrito Federal",48 m² construidos,1 recámara,1 baño,https://departamento.mercadolibre.com.mx/MLM-2755603811-departamento-en-venta-en-azcapotzalco-_JM,https://http2.mlstatic.com/D_NQ_NP_2X_640751-MLM114326722258_082026-E.webp,AZCAPOTZALCO
Lindo Departamento Sobre Av 16 De Septiembre A Una Cuadra Del Metro Aquiles Serdan,1300000,MXN,"Av. 16 De Septiembre 58, Pasteros, Ciudad De México, Pasteros, Azcapotzalco, Distrito Federal",50 m² construidos,2 recámaras,1 baño,https://departamento.mercadolibre.com.mx/MLM-3113970659-lindo-departamento-sobre-av-16-de-septiembre-a-una-cuadra-del-metro-aquiles-serdan-_JM,https://http2.mlstatic.com/D_NQ_NP_2X_698480-MLM114380416489_072026-E.webp,AZCAPOTZALCO
Venta Departamento Nuevo Clavería,4865000,MXN,"Clavería, Azcapotzalco, Distrito Federal",62 m² construidos,2 recámaras,2 baños,https://departamento.mercadolibre.com.mx/MLM-5091413456-venta-departamento-nuevo-claveria-_JM,https://http2.mlstatic.com/D_NQ_NP_2X_744149-MLM83781039104_042025-E.webp,AZCAPOTZALCO
"Departamento En Venta Con Roof Garden Privado O Terraza En Real De San Martín 103 Colonia Santa Barbara, Alcaldía Azcapotzalco, Cdmx",2850000,MXN,"Real De San Martín 103 -departamento En Venta Con Roof Garden Privado O Terraza En Real De San Martín 103 Colonia Santa Barbara, Alcaldía Azcapotzalco, Cdmx, Azcapotzalco, Distrito Federal",50 m² construidos,2 recámaras,1 baño,https://departamento.mercadolibre.com.mx/MLM-5178630210-departamento-en-venta-con-roof-garden-privado-o-terraza-en-real-de-san-martin-103-colonia-santa-barbara-alcaldia-azcapotzalco-cdmx-_JM,https://http2.mlstatic.com/D_NQ_NP_2X_865862-MLM110391050603_042026-E.webp,AZCAPOTZALCO
"Departamento En Venta Con Roof Garden Privado O Terraza En Real De San Martín 103 Colonia Santa Barbara, Alcaldía Azcapotzalco, Cdmx",2900000,MXN,"Real De San Martín 103 -departamento En Venta Con Roof Garden Privado O Terraza En Real De San Martín 103 Colonia Santa Barbara, Alcaldía Azcapotzalco, Cdmx, Azcapotzalco, Distrito Federal",50 m² construidos,2 recámaras,1 baño,https://departamento.mercadolibre.com.mx/MLM-2862307055-departamento-en-venta-con-roof-garden-privado-o-terraza-en-real-de-san-martin-103-colonia-santa-barbara-alcaldia-azcapotzalco-cdmx-_JM,https://http2.mlstatic.com/D_NQ_NP_2X_739829-MLM110391077051_042026-E.webp,AZCAPOTZALCO
"Departamento De Interes Social, En Cosmopolita. Azcapotzalco",250000,MXN,"Aldana 1 - 300, Cosmopolita, Ciudad De México, Cosmopolita, Azcapotzalco, Distrito Federal",60 m² construidos,2 recámaras,1 baño,https://departamento.mercadolibre.com.mx/MLM-5333969140-departamento-de-interes-social-en-cosmopolita-azcapotzalco-_JM,https://http2.mlstatic.com/D_NQ_NP_2X_910106-MLM110666008752_052026-E.webp,AZCAPOTZALCO
"Departamento En Venta  Sta Inés, Azcapotzalco",2815200,MXN,"Sin Calle, Santa Inés, Azcapotzalco, Distrito Federal",63 m² construidos,2 recámaras,1 baño,https://departamento.mercadolibre.com.mx/MLM-4698928888-departamento-en-venta-sta-ines-azcapotzalco-_JM,https://http2.mlstatic.com/D_NQ_NP_2X_851351-MLM105023639250_012026-E.webp,AZCAPOTZALCO
"Departamento En Venta  Santa Bárbara, Azcapotzalco",2110000,MXN,"Sin Calle, Santa Bárbara, Azcapotzalco, Distrito Federal",49 m² construidos,2 recámaras,1 baño,https://departamento.mercadolibre.com.mx/MLM-5528214090-departamento-en-venta-santa-barbara-azcapotzalco-_JM,https://http2.mlstatic.com/D_NQ_NP_2X_896053-MLM112272059636_062026-E.webp,AZCAPOTZALCO
"Departamento En Venta  Santa Bárbara, Azcapotzalco",2166500,MXN,"Sin Calle, Santa Bárbara, Azcapotzalco, Distrito Federal",49 m² construidos,2 recámaras,1 baño,https://departamento.mercadolibre.com.mx/MLM-5533119812-departamento-en-venta-santa-barbara-azcapotzalco-_JM,https://http2.mlstatic.com/D_NQ_NP_2X_958119-MLM113466831699_062026-E.webp,AZCAPOTZALCO
Departamento En Venta  Centro De Azcapotzalco,2078500,MXN,"Sin Calle, Centro De Azcapotzalco, Azcapotzalco, Distrito Federal",44 m² construidos,1 recámara,1 baño,https://departamento.mercadolibre.com.mx/MLM-3029105785-departamento-en-venta-centro-de-azcapotzalco-_JM,https://http2.mlstatic.com/D_NQ_NP_2X_936048-MLM113466060511_062026-E.webp,AZCAPOTZALCO
"Departamento, Azcapotzalco, Venta, Polanco Cerca",3680000,MXN,"Calz. San Isidro 143, Lazaro Cardenas, Ciudad De México, Ampliación Petrolera, Azcapotzalco, Distrito Federal",75 m² construidos,2 recámaras,2 baños,https://departamento.mercadolibre.com.mx/MLM-3135789657-departamento-azcapotzalco-venta-polanco-cerca-_JM,https://http2.mlstatic.com/D_NQ_NP_2X_675959-MLM114542382069_072026-E.webp,AZCAPOTZALCO
"Venta, Departamento, Nuevo, Terraza, Azcapotzalco",5750450,MXN,"Calz. Santo Tomás 196, Santo Tomas, Ciudad De México, Santo Tomas, Azcapotzalco, Distrito Federal",122 m² construidos,2 recámaras,2 baños,https://departamento.mercadolibre.com.mx/MLM-3108696645-venta-departamento-nuevo-terraza-azcapotzalco-_JM,https://http2.mlstatic.com/D_NQ_NP_2X_921668-MLM114338959821_072026-E.webp,AZCAPOTZALCO
"Venta, Departamento, Exclusivo, Azcapotzalco, Estrenar",3786500,MXN,"Calz. Santo Tomás 196, Santo Tomas, Ciudad De México, Santo Tomas, Azcapotzalco, Distrito Federal",67 m² construidos,2 recámaras,2 baños,https://departamento.mercadolibre.com.mx/MLM-3108522767-venta-departamento-exclusivo-azcapotzalco-estrenar-_JM,https://http2.mlstatic.com/D_NQ_NP_2X_657746-MLM113112707182_072026-E.webp,AZCAPOTZALCO
Departamento En Azcapotzalco · 2 Recámaras,2381700,MXN,"Azcapotzalco, Azcapotzalco, Ciudad De México, C.p. Al 2800, Obrero Popular, Azcapotzalco, Distrito Federal",58 m² construidos,2 recámaras,1 baño,https://departamento.mercadolibre.com.mx/MLM-3240051191-departamento-en-azcapotzalco-2-recamaras-_JM,https://http2.mlstatic.com/D_NQ_NP_2X_926035-MLM114196837594_082026-E.webp,AZCAPOTZALCO
Oportunidad De Inversión Departamento Para Remodelar  En Venta En Azcapotzalco,2190000,MXN,"San Pedro Xalpa, Mexico City, San Pedro Xalpa, Azcapotzalco, Distrito Federal",87 m² construidos,3 recámaras,1 baño,https://departamento.mercadolibre.com.mx/MLM-2878293885-oportunidad-de-inversion-departamento-para-remodelar-en-venta-en-azcapotzalco-_JM,https://http2.mlstatic.com/D_NQ_NP_2X_776482-MLM109783092882_042026-E.webp,AZCAPOTZALCO
Departamento En Venta En Azcapotzalco,3400000,MXN,"San Martín Xochináhuac, Azcapotzalco, Distrito Federal",72 m² construidos,3 recámaras,2 baños,https://departamento.mercadolibre.com.mx/MLM-3951179804-departamento-en-venta-en-azcapotzalco-_JM,https://http2.mlstatic.com/D_NQ_NP_2X_716233-MLM113205442539_062026-E.webp,AZCAPOTZALCO
Departamento En Azcapotzalco · 2 Recámaras,2544585,MXN,"El Jaguey, Azcapotzalco, Ciudad De México, C.p. Al 2500, El Jagüey, Azcapotzalco, Distrito Federal",55 m² construidos,2 recámaras,1 baño,https://departamento.mercadolibre.com.mx/MLM-3157413681-departamento-en-azcapotzalco-2-recamaras-_JM,https://http2.mlstatic.com/D_NQ_NP_2X_768210-MLM113550217506_072026-E.webp,AZCAPOTZALCO
Departamentos En Venta Con Terraza Propia,2497600,MXN,"Tabachín 31, Azcapotzalco, Distrito Federal",59 m² construidos,2 recámaras,1 baño,https://departamento.mercadolibre.com.mx/MLM-3208812559-departamentos-en-venta-con-terraza-propia-_JM,https://http2.mlstatic.com/D_NQ_NP_2X_698571-MLM115261494479_072026-E.webp,AZCAPOTZALCO
Departamentos En Venta En Azcapotzalco,2761500,MXN,"Tabachín 31, Azcapotzalco, Distrito Federal",79 m² construidos,2 recámaras,2 baños,https://departamento.mercadolibre.com.mx/MLM-5834156426-departamentos-en-venta-en-azcapotzalco-_JM,https://http2.mlstatic.com/D_NQ_NP_2X_864427-MLM115262748931_072026-E.webp,AZCAPOTZALCO
Departamentos En Venta En Azcapotzalco,2329600,MXN,"Tabachín 31, Azcapotzalco, Distrito Federal",60 m² construidos,2 recámaras,2 baños,https://departamento.mercadolibre.com.mx/MLM-3208808557-departamentos-en-venta-en-azcapotzalco-_JM,https://http2.mlstatic.com/D_NQ_NP_2X_805835-MLM113950288306_072026-E.webp,AZCAPOTZALCO
"Departamento En Colonia Santo Tomas, Azcapotzalco",2696178,MXN,"Av. De Las Granjas, Santo Tomas, Azcapotzalco, Azcapotzalco, Distrito Federal",47 m² construidos,2 recámaras,1 baño,https://departamento.mercadolibre.com.mx/MLM-3086946957-departamento-en-colonia-santo-tomas-azcapotzalco-_JM,https://http2.mlstatic.com/D_NQ_NP_2X_961742-MLM114174454719_072026-E.webp,AZCAPOTZALCO
"Departamento En Venta En Santa Bárbara, Azcapotzalco",2163000,MXN,"Av. Real De San Martín, Santa Barbara, Ciudad De México, Santa Bárbara, Azcapotzalco, Distrito Federal",49 m² construidos,2 recámaras,1 baño,https://departamento.mercadolibre.com.mx/MLM-3168481467-departamento-en-venta-en-santa-barbara-azcapotzalco-_JM,https://http2.mlstatic.com/D_NQ_NP_2X_912276-MLM114918824857_072026-E.webp,AZCAPOTZALCO
"Departamento En Venta En Clavería, Azcapotzalco, Cdmx",3905000,MXN,"Departamento  Con Roof Privado En Venta En Cuitláhuac, Azcapotzalco, Cdmx, Obrero Popular, Azcapotzalco, Distrito Federal",51 m² construidos,1 recámara,1 baño,https://departamento.mercadolibre.com.mx/MLM-5706452622-departamento-en-venta-en-claveria-azcapotzalco-cdmx-_JM,https://http2.mlstatic.com/D_NQ_NP_2X_757556-MLM114503930777_072026-E.webp,AZCAPOTZALCO
"Departamento En Venta (trabajadores Del Hierro) $3,250000",3249000,MXN,"Fundidores 89, Trabajadores De Hierro, Ciudad De México, Trabajadores De Hierro, Azcapotzalco, Distrito Federal",72 m² construidos,2 recámaras,1 baño,https://departamento.mercadolibre.com.mx/MLM-4128565008-departamento-en-venta-trabajadores-del-hierro-3250000-_JM,https://http2.mlstatic.com/D_NQ_NP_2X_959988-MLM86806333445_062025-E.webp,AZCAPOTZALCO
"Magnífico Depto En Desarrollo Residencial , Con Excelente Ubicación Y Seguridad 24/7 Ideal Para Los Que Buscan Comodidad , Tranquilidad Y Una Excelente Inversión Ven Y Conócelo Te Encantará",3200000,MXN,"C. Sabino 538, Col Del Gas, Ciudad De México, Ampliación Del Gas, Azcapotzalco, Distrito Federal",69 m² construidos,2 recámaras,2 baños,https://departamento.mercadolibre.com.mx/MLM-5741989666-magnifico-depto-en-desarrollo-residencial-con-excelente-ubicacion-y-seguridad-247-ideal-para-los-que-buscan-comodidad-tranquilidad-y-una-excelente-inversion-ven-y-conocelo-te-encantara-_JM,https://http2.mlstatic.com/D_NQ_NP_2X_773403-MLM114745536009_072026-E.webp,AZCAPOTZALCO
Departamento En Venta En Los Reyes,1980000,MXN,"Trebol 1 - 300, Los Reyes, Ciudad De México, Los Reyes, Azcapotzalco, Distrito Federal",65 m² construidos,2 recámaras,1 baño,https://departamento.mercadolibre.com.mx/MLM-4788990616-departamento-en-venta-en-los-reyes-_JM,https://http2.mlstatic.com/D_NQ_NP_2X_878784-MLM107186595629_022026-E.webp,AZCAPOTZALCO
"En Venta Departamento En Calle 16 De Septiembre, Santo Domingo, Azcapozalco, 3 Recamaras, Sala, Comedor, Area De Lavado, Medios De Transporte.",3000000,MXN,"Av. Aquiles Serdán 297, Santo Domingo, Ciudad De México, Santo Domingo, Azcapotzalco, Distrito Federal",72 m² construidos,3 recámaras,1 baño,https://departamento.mercadolibre.com.mx/MLM-2951146789-en-venta-departamento-en-calle-16-de-septiembre-santo-domingo-azcapozalco-3-recamaras-sala-comedor-area-de-lavado-medios-de-transporte-_JM,https://http2.mlstatic.com/D_NQ_NP_2X_945020-MLM111097674932_052026-E.webp,AZCAPOTZALCO
+++venta De Departamento+++,2815200,MXN,"AV 16 DE SEPTIEMBRE 197, Santa Inés, Azcapotzalco, Distrito Federal",63 m² construidos,2 recámaras,1 baño,https://departamento.mercadolibre.com.mx/MLM-5072074772-venta-de-departamento-_JM,https://http2.mlstatic.com/D_NQ_NP_2X_956567-MLM108660565782_032026-E.webp,AZCAPOTZALCO
"Departamento Con Vista Panorámica En Parque Jardin, Azcapotzalco.",3480000,MXN,"Avenida Jardin Al 300, Ampliación Del Gas, Azcapotzalco, Distrito Federal",68 m² de terreno,2 recámaras,2 baños,https://departamento.mercadolibre.com.mx/MLM-5869198494-departamento-con-vista-panoramica-en-parque-jardin-azcapotzalco-_JM,https://http2.mlstatic.com/D_NQ_NP_2X_900819-MLM114094408778_082026-E.webp,AZCAPOTZALCO
"Departamento En Venta, Azcapotzalco, 2 Recamaras",2150000,MXN,"Santa Bárbara, Azcapotzalco, Distrito Federal",57 m² construidos,2 recámaras,1 baño,https://departamento.mercadolibre.com.mx/MLM-2878181461-departamento-en-venta-azcapotzalco-2-recamaras-_JM,https://http2.mlstatic.com/D_NQ_NP_2X_879695-MLM109780641222_042026-E.webp,AZCAPOTZALCO
Departamento En Venta En Parque Jardín Azcapotzalco,3800000,MXN,"Av. Jardín 330, Col Del Gas, Ciudad De México, Del Gas, Azcapotzalco, Distrito Federal",68 m² construidos,2 recámaras,1 baño,https://departamento.mercadolibre.com.mx/MLM-5194070464-departamento-en-venta-en-parque-jardin-azcapotzalco-_JM,https://http2.mlstatic.com/D_NQ_NP_2X_954063-MLM110480247265_042026-E.webp,AZCAPOTZALCO
Departamento En Venta En Azcapotzalco A 15 Minutos De Reforma,2068000,MXN,"Aldana 11, Col Del Gas, Ciudad De México, Del Gas, Azcapotzalco, Distrito Federal",55 m² construidos,2 recámaras,1 baño,https://departamento.mercadolibre.com.mx/MLM-2976239161-departamento-en-venta-en-azcapotzalco-a-15-minutos-de-reforma-_JM,https://http2.mlstatic.com/D_NQ_NP_2X_933291-MLM111572333706_062026-E.webp,AZCAPOTZALCO
Departamentos En Venta En Vida Vallejo,3199000,MXN,"Calz Coltongo 173, Coltongo, Ciudad De México, Coltongo, Azcapotzalco, Distrito Federal",63 m² construidos,2 recámaras,2 baños,https://departamento.mercadolibre.com.mx/MLM-2850600915-departamentos-en-venta-en-vida-vallejo-_JM,https://http2.mlstatic.com/D_NQ_NP_2X_919905-MLM110181322795_042026-E.webp,AZCAPOTZALCO
Departamento En Venta En Azcapotzalco,2943000,MXN,"San Pedro Xalpa, Mexico City, Ampliación San Pedro Xalpa, Azcapotzalco, Distrito Federal",70 m² construidos,2 recámaras,2 baños,https://departamento.mercadolibre.com.mx/MLM-2853219211-departamento-en-venta-en-azcapotzalco-_JM,https://http2.mlstatic.com/D_NQ_NP_2X_686579-MLM109374723820_042026-E.webp,AZCAPOTZALCO
Departamento En Venta En Granjas Azcapotzalco,2580000,MXN,"02519, Av. De Las Granjas 605, El Jaguey, Ciudad De México, Colonia El Jagüey, Azcapotzalco, Distrito Federal",58 m² construidos,2 recámaras,1 baño,https://departamento.mercadolibre.com.mx/MLM-2973387565-departamento-en-venta-en-granjas-azcapotzalco-_JM,https://http2.mlstatic.com/D_NQ_NP_2X_678355-MLM112577346303_062026-E.webp,AZCAPOTZALCO
Departamento En Venta En Vallejo Azcapotzalco,3198000,MXN,"Calz México-Tacuba, Argentina Poniente, Ciudad De México, Las Armas, Azcapotzalco, Distrito Federal",58 m² construidos,2 recámaras,1 baño,https://departamento.mercadolibre.com.mx/MLM-5159469244-departamento-en-venta-en-vallejo-azcapotzalco-_JM,https://http2.mlstatic.com/D_NQ_NP_2X_636490-MLM109377648416_042026-E.webp,AZCAPOTZALCO
Depas Para Familiar Pequeñas !,2067500,MXN,"Aldana 11, Col Del Gas, Ciudad De México, Del Gas, Azcapotzalco, Distrito Federal",55 m² construidos,2 recámaras,1 baño,https://departamento.mercadolibre.com.mx/MLM-5479111242-depas-para-familiar-pequenas--_JM,https://http2.mlstatic.com/D_NQ_NP_2X_986848-MLM112986610337_062026-E.webp,AZCAPOTZALCO
"Depa En Hermoso Condómino, Ven A Visitarnos.",2163000,MXN,"Av Miguel Hidalgo 63, Santa Barbara, Ciudad De México, Santa Bárbara, Azcapotzalco, Distrito Federal",49 m² construidos,2 recámaras,1 baño,https://departamento.mercadolibre.com.mx/MLM-5480381812-depa-en-hermoso-condomino-ven-a-visitarnos-_JM,https://http2.mlstatic.com/D_NQ_NP_2X_659467-MLM112989542149_062026-E.webp,AZCAPOTZALCO
"Departamento En Venta 3 Recamaras, Aquiles Serdan, Atzcapotzalco, Ciudad De Méxi",1700000,MXN,"Presidente Madero, Azcapotzalco, Distrito Federal",70 m² construidos,3 recámaras,1 baño,https://departamento.mercadolibre.com.mx/MLM-5894623584-departamento-en-venta-3-recamaras-aquiles-serdan-atzcapotzalco-ciudad-de-mexi-_JM,https://http2.mlstatic.com/D_NQ_NP_2X_689195-MLM115604073669_082026-E.webp,AZCAPOTZALCO
Azcapotzalco Departamento 3 Recamaras,1800000,MXN,"Presidente Madero, Azcapotzalco, Distrito Federal",70 m² construidos,3 recámaras,1 baño,https://departamento.mercadolibre.com.mx/MLM-3059766995-azcapotzalco-departamento-3-recamaras-_JM,https://http2.mlstatic.com/D_NQ_NP_2X_921894-MLM114657275871_072026-E.webp,AZCAPOTZALCO
Departamento En Venta En Juárez,13469192,MXN,"Havre 41, Benito Juárez, Azcapotzalco, Distrito Federal",206 m² construidos,3 recámaras,3 baños,https://departamento.mercadolibre.com.mx/MLM-2784802413-departamento-en-venta-en-juarez-_JM,https://http2.mlstatic.com/D_NQ_NP_2X_949466-MLM107885299524_032026-E.webp,AZCAPOTZALCO
Departamento En Venta En Juárez,18800000,MXN,"Avenida Paseo De La Reforma 300, Benito Juárez, Azcapotzalco, Distrito Federal",325 m² construidos,2 recámaras,2 baños,https://departamento.mercadolibre.com.mx/MLM-5352457154-departamento-en-venta-en-juarez-_JM,https://http2.mlstatic.com/D_NQ_NP_2X_653926-MLM111759794797_052026-E.webp,AZCAPOTZALCO
Departamento En Venta En Cuauhtémoc,10988880,MXN,"Calle Río Lerma, Benito Juárez, Azcapotzalco, Distrito Federal",189 m² construidos,2 recámaras,2 baños,https://departamento.mercadolibre.com.mx/MLM-3132053067-departamento-en-venta-en-cuauhtemoc-_JM,https://http2.mlstatic.com/D_NQ_NP_2X_601876-MLM113274554536_072026-E.webp,AZCAPOTZALCO
Departamento En Venta En Del Gas,3997855,MXN,"Cerrada 4 Jardín 348, Del Gas Amp, Azcapotzalco, Distrito Federal",85 m² construidos,2 recámaras,2 baños,https://departamento.mercadolibre.com.mx/MLM-4473085426-departamento-en-venta-en-del-gas-_JM,https://http2.mlstatic.com/D_NQ_NP_2X_641296-MLM100018186466_122025-E.webp,AZCAPOTZALCO
Departamento En Venta En Cuauhtémoc,3490000,MXN,"Calle Río Lerma, Benito Juárez, Azcapotzalco, Distrito Federal",40 m² construidos,1 recámara,2 baños,https://departamento.mercadolibre.com.mx/MLM-4761689836-departamento-en-venta-en-cuauhtemoc-_JM,https://http2.mlstatic.com/D_NQ_NP_2X_781873-MLM106205633888_022026-E.webp,AZCAPOTZALCO
Departamento En Venta En Cuauhtémoc,4199000,MXN,"Calle Río Lerma, Benito Juárez, Azcapotzalco, Distrito Federal",47 m² construidos,1 recámara,1 baño,https://departamento.mercadolibre.com.mx/MLM-4761728436-departamento-en-venta-en-cuauhtemoc-_JM,https://http2.mlstatic.com/D_NQ_NP_2X_690260-MLM106830287051_022026-E.webp,AZCAPOTZALCO
Departamento En Venta En Juárez,3544069,MXN,"Liverpool, Benito Juárez, Azcapotzalco, Distrito Federal",33 m² construidos,1 recámara,1 baño,https://departamento.mercadolibre.com.mx/MLM-3041956873-departamento-en-venta-en-juarez-_JM,https://http2.mlstatic.com/D_NQ_NP_2X_707697-MLM113673550661_062026-E.webp,AZCAPOTZALCO
"Venta Departamento El Gas, Azcapotzalco",2550000,MXN,"Del Gas, Azcapotzalco, Distrito Federal",54 m² construidos,2 recámaras,2 baños,https://departamento.mercadolibre.com.mx/MLM-3056690401-venta-departamento-el-gas-azcapotzalco-_JM,https://http2.mlstatic.com/D_NQ_NP_2X_827821-MLM112668423758_062026-E.webp,AZCAPOTZALCO
¡ideal Para Acondicionar!,8800000,MXN,"Frambuesa, Nueva Santa María, Azcapotzalco, Distrito Federal",478 m² construidos,,,https://departamento.mercadolibre.com.mx/MLM-5504722706-ideal-para-acondicionar-_JM,https://http2.mlstatic.com/D_NQ_NP_2X_660922-MLM99897786672_122025-E.webp,AZCAPOTZALCO
"Departamento En Venta En Colonia Obrero Popular, Azcapotzalco, Ciudad De México",2500000,MXN,"Poniente 54  3396, Obrero Popular, Azcapotzalco, Distrito Federal",58 m² construidos,2 recámaras,1 baño,https://departamento.mercadolibre.com.mx/MLM-5408987098-departamento-en-venta-en-colonia-obrero-popular-azcapotzalco-ciudad-de-mexico-_JM,https://http2.mlstatic.com/D_NQ_NP_2X_691287-MLM112288079965_052026-E.webp,AZCAPOTZALCO
"Departamento En Poniente 54 #3396, Obrero Popular, Azcapotzalco",2381700,MXN,"Obrero Popular, Azcapotzalco, Distrito Federal",58 m² construidos,2 recámaras,1 baño,https://departamento.mercadolibre.com.mx/MLM-3088598739-departamento-en-poniente-54-3396-obrero-popular-azcapotzalco-_JM,https://http2.mlstatic.com/D_NQ_NP_2X_735410-MLM112972527710_072026-E.webp,AZCAPOTZALCO
Venta Depto Azcapo Metro Ferreria Precio De Oportunidad,1870000,MXN,"San Andrés, Azcapotzalco, Distrito Federal",60 m² construidos,2 recámaras,1 baño,https://departamento.mercadolibre.com.mx/MLM-5715238814-venta-depto-azcapo-metro-ferreria-precio-de-oportunidad-_JM,https://http2.mlstatic.com/D_NQ_NP_2X_827669-MLM113301507436_072026-E.webp,AZCAPOTZALCO
"Departamento En Venta, En Obrero Popular",2381700,MXN,"Poniente 54 3396, Obrero Popular, Azcapotzalco, Distrito Federal",58 m² construidos,2 recámaras,1 baño,https://departamento.mercadolibre.com.mx/MLM-5450482526-departamento-en-venta-en-obrero-popular-_JM,https://http2.mlstatic.com/D_NQ_NP_2X_955131-MLM112701975983_062026-E.webp,AZCAPOTZALCO
Departamento En Venta Azcapotzalco Av. Cuitláhuac 3125 Col Obrero Popular,3905000,MXN,"Av Cuitláhuac 3125 Azcapotzalco Col, Obrero Popular Departamento En Venta, Obrero Popular, Azcapotzalco, Distrito Federal",48 m² construidos,1 recámara,1 baño,https://departamento.mercadolibre.com.mx/MLM-5364712970-departamento-en-venta-azcapotzalco-av-cuitlahuac-3125-col-obrero-popular-_JM,https://http2.mlstatic.com/D_NQ_NP_2X_737899-MLM110901423734_052026-E.webp,AZCAPOTZALCO
"Departamento En Venta Santa Inés, Azcapotzalco.",2815200,MXN,"Av 16 De Septiembre 197 Edif H, Santa Inés, Azcapotzalco, Distrito Federal",63 m² construidos,2 recámaras,1 baño,https://departamento.mercadolibre.com.mx/MLM-4971137042-departamento-en-venta-santa-ines-azcapotzalco-_JM,https://http2.mlstatic.com/D_NQ_NP_2X_679940-MLM108370578271_032026-E.webp,AZCAPOTZALCO
"Departamento En Calle Norte 83-a 514, Libertad, Azcapotzalco",2598726,MXN,"Libertad, Azcapotzalco, Distrito Federal",56 m² construidos,2 recámaras,2 baños,https://departamento.mercadolibre.com.mx/MLM-3054790499-departamento-en-calle-norte-83-a-514-libertad-azcapotzalco-_JM,https://http2.mlstatic.com/D_NQ_NP_2X_861235-MLM113835908037_062026-E.webp,AZCAPOTZALCO
"Departamento En Venta En Calle 4, Colonia Del Gas,azcapotzalco",5550000,MXN,"Calle 4, Ampliación Del Gas, Azcapotzalco, Distrito Federal",75 m² construidos,3 recámaras,2 baños,https://departamento.mercadolibre.com.mx/MLM-2956708483-departamento-en-venta-en-calle-4-colonia-del-gasazcapotzalco-_JM,https://http2.mlstatic.com/D_NQ_NP_2X_773386-MLM112209443715_052026-E.webp,AZCAPOTZALCO
"Departamento En Venta En Calle 4, Colonia Del Gas, Azcapotzalco",3100000,MXN,"Calle 4, Del Gas, Azcapotzalco, Distrito Federal",49 m² construidos,2 recámaras,1 baño,https://departamento.mercadolibre.com.mx/MLM-2956707165-departamento-en-venta-en-calle-4-colonia-del-gas-azcapotzalco-_JM,https://http2.mlstatic.com/D_NQ_NP_2X_947717-MLM111196185452_052026-E.webp,AZCAPOTZALCO
"Departamento En Venta En Calle 4, Colonia Del Gas, Azcapotzalco",4450000,MXN,"Calle 4, Del Gas, Azcapotzalco, Distrito Federal",76 m² construidos,2 recámaras,2 baños,https://departamento.mercadolibre.com.mx/MLM-5401844414-departamento-en-venta-en-calle-4-colonia-del-gas-azcapotzalco-_JM,https://http2.mlstatic.com/D_NQ_NP_2X_657903-MLM112209356465_052026-E.webp,AZCAPOTZALCO
"Departamento En Avenida De Las Granjas 605, El Jaguey, Azcapotzalco",2544586,MXN,"El Jagüey, Azcapotzalco, Distrito Federal",55 m² construidos,2 recámaras,1 baño,https://departamento.mercadolibre.com.mx/MLM-5587065352-departamento-en-avenida-de-las-granjas-605-el-jaguey-azcapotzalco-_JM,https://http2.mlstatic.com/D_NQ_NP_2X_634958-MLM114038360210_072026-E.webp,AZCAPOTZALCO
Departamento En Venta En El Jaguëy,2696178,MXN,"Av De La Granjas 538, El Jagüey, Azcapotzalco, Distrito Federal",47 m² construidos,2 recámaras,1 baño,https://departamento.mercadolibre.com.mx/MLM-4971137012-departamento-en-venta-en-el-jaguy-_JM,https://http2.mlstatic.com/D_NQ_NP_2X_937637-MLM108370571901_032026-E.webp,AZCAPOTZALCO
"Departamento En Venta En San Pedro Xalpa, Azcapotzalco  5° Piso",2190000,MXN,"San Pedro Xalpa, Azcapotzalco, Distrito Federal",81 m² construidos,2 recámaras,1 baño,https://departamento.mercadolibre.com.mx/MLM-5519305622-departamento-en-venta-en-san-pedro-xalpa-azcapotzalco-5-piso-_JM,https://http2.mlstatic.com/D_NQ_NP_2X_618037-MLM112220466944_062026-E.webp,AZCAPOTZALCO
Departamento Ph En Venta En Obrera Popular Azcapotzalco Cdmx.,3905000,MXN,"Obrero Popular, Azcapotzalco, Distrito Federal",48 m² construidos,1 recámara,1 baño,https://departamento.mercadolibre.com.mx/MLM-2976422743-departamento-ph-en-venta-en-obrera-popular-azcapotzalco-cdmx-_JM,https://http2.mlstatic.com/D_NQ_NP_2X_646369-MLM115663574365_082026-E.webp,AZCAPOTZALCO
"Departamento En Venta En Ampliación Del Gas, Azcapotzalco Cdmx",2736369,MXN,"Ampliación Del Gas, Azcapotzalco, Distrito Federal",55 m² construidos,2 recámaras,1 baño,https://departamento.mercadolibre.com.mx/MLM-5445128564-departamento-en-venta-en-ampliacion-del-gas-azcapotzalco-cdmx-_JM,https://http2.mlstatic.com/D_NQ_NP_2X_684712-MLM113638710152_072026-E.webp,AZCAPOTZALCO
"Departamento En Venta Ampliación Petrolera, Azcapotzalco, Cdmx",4121998,MXN,"Ampliación Petrolera, Azcapotzalco, Distrito Federal",78 m² construidos,2 recámaras,2 baños,https://departamento.mercadolibre.com.mx/MLM-2976423289-departamento-en-venta-ampliacion-petrolera-azcapotzalco-cdmx-_JM,https://http2.mlstatic.com/D_NQ_NP_2X_737850-MLM115663682589_082026-E.webp,AZCAPOTZALCO
Departamento En Venta En Santa Inés Azcapotzalco,2815200,MXN,"Santa Inés, Azcapotzalco, Distrito Federal",63 m² construidos,2 recámaras,1 baño,https://departamento.mercadolibre.com.mx/MLM-3130759725-departamento-en-venta-en-santa-ines-azcapotzalco-_JM,https://http2.mlstatic.com/D_NQ_NP_2X_978160-MLM114621661565_072026-E.webp,AZCAPOTZALCO
Departamento En Venta En Azcapotzalco,2612755,MXN,"Coltongo 186, Centro De Azcapotzalco, Azcapotzalco, Distrito Federal",51 m² construidos,2 recámaras,1 baño,https://departamento.mercadolibre.com.mx/MLM-4971111212-departamento-en-venta-en-azcapotzalco-_JM,https://http2.mlstatic.com/D_NQ_NP_2X_683230-MLM108370531815_032026-E.webp,AZCAPOTZALCO
"Departamento En Calle Mineros Metalúrgicos 162, Trabajadores De Hierro, Azcapotz",3350000,MXN,"Trabajadores De Hierro, Azcapotzalco, Distrito Federal",79 m² construidos,3 recámaras,2 baños,https://departamento.mercadolibre.com.mx/MLM-5647719002-departamento-en-calle-mineros-metalurgicos-162-trabajadores-de-hierro-azcapotz-_JM,https://http2.mlstatic.com/D_NQ_NP_2X_831102-MLM112992294832_072026-E.webp,AZCAPOTZALCO
"Departamento En Venta En Colonia Del Gas, Azcapotzalco, Cdmx",3072470,MXN,"Del Gas, Azcapotzalco, Distrito Federal",48 m² construidos,2 recámaras,1 baño,https://departamento.mercadolibre.com.mx/MLM-2976423945-departamento-en-venta-en-colonia-del-gas-azcapotzalco-cdmx-_JM,https://http2.mlstatic.com/D_NQ_NP_2X_725283-MLM115663861913_082026-E.webp,AZCAPOTZALCO
Departamento En Venta En Obrera Popular En Azcapotzalco En Cdmx,3905000,MXN,"Obrero Popular, Azcapotzalco, Distrito Federal",48 m² construidos,1 recámara,1 baño,https://departamento.mercadolibre.com.mx/MLM-2976423039-departamento-en-venta-en-obrera-popular-en-azcapotzalco-en-cdmx-_JM,https://http2.mlstatic.com/D_NQ_NP_2X_632717-MLM114322362132_082026-E.webp,AZCAPOTZALCO
Departamento En Venta En Del Gas,4450520,MXN,"Calle Sabino 530, Ampliación Del Gas, Azcapotzalco, Distrito Federal",63 m² construidos,2 recámaras,2 baños,https://departamento.mercadolibre.com.mx/MLM-5495592450-departamento-en-venta-en-del-gas-_JM,https://http2.mlstatic.com/D_NQ_NP_2X_863473-MLM112011648628_062026-E.webp,AZCAPOTZALCO
Departamento En Venta En Obrera Popular En Azcapotzalco En Cdmx,3905000,MXN,"Obrero Popular, Azcapotzalco, Distrito Federal",48 m² construidos,1 recámara,1 baño,https://departamento.mercadolibre.com.mx/MLM-5445177266-departamento-en-venta-en-obrera-popular-en-azcapotzalco-en-cdmx-_JM,https://http2.mlstatic.com/D_NQ_NP_2X_797890-MLM114322312666_082026-E.webp,AZCAPOTZALCO
Departamento En Privadas San Isidro,2943625,MXN,"San Pedro Xalpa, Azcapotzalco, Distrito Federal",70 m² construidos,2 recámaras,2 baños,https://departamento.mercadolibre.com.mx/MLM-5656477526-departamento-en-privadas-san-isidro-_JM,https://http2.mlstatic.com/D_NQ_NP_2X_693679-MLM113033349224_072026-E.webp,AZCAPOTZALCO
"Bosques De Claveria,tu Nuevo Destino Para Vivir",3905000,MXN,"Cuitlahuac 3125, Obrero Popular, Azcapotzalco, Distrito Federal",48 m² construidos,1 recámara,1 baño,https://departamento.mercadolibre.com.mx/MLM-5030335412-bosques-de-claveriatu-nuevo-destino-para-vivir-_JM,https://http2.mlstatic.com/D_NQ_NP_2X_934842-MLM108184201918_032026-E.webp,AZCAPOTZALCO
Departamento En Venta En Juárez,6300568,MXN,"Liverpool, Benito Juárez, Azcapotzalco, Distrito Federal",66 m² construidos,2 recámaras,1 baño,https://departamento.mercadolibre.com.mx/MLM-5561565278-departamento-en-venta-en-juarez-_JM,https://http2.mlstatic.com/D_NQ_NP_2X_860244-MLM112505358750_062026-E.webp,AZCAPOTZALCO
Departamento En Venta En Residencial Castilla Azcapotzalco,1993500,MXN,"Centro De Azcapotzalco, Azcapotzalco, Distrito Federal",44 m² construidos,1 recámara,1 baño,https://departamento.mercadolibre.com.mx/MLM-3130272887-departamento-en-venta-en-residencial-castilla-azcapotzalco-_JM,https://http2.mlstatic.com/D_NQ_NP_2X_783253-MLM113368235356_072026-E.webp,AZCAPOTZALCO
"Departamento En Venta, En Azcapotzalco",3350000,MXN,"Mineros Metalurgicos 162, Trabajadores De Hierro, Azcapotzalco, Distrito Federal",79 m² construidos,3 recámaras,2 baños,https://departamento.mercadolibre.com.mx/MLM-5625854364-departamento-en-venta-en-azcapotzalco-_JM,https://http2.mlstatic.com/D_NQ_NP_2X_920169-MLM112870444406_072026-E.webp,AZCAPOTZALCO
Departamento En Venta En Juárez,4596196,MXN,"Liverpool, Benito Juárez, Azcapotzalco, Distrito Federal",41 m² construidos,1 recámara,1 baño,https://departamento.mercadolibre.com.mx/MLM-5561602816-departamento-en-venta-en-juarez-_JM,https://http2.mlstatic.com/D_NQ_NP_2X_809073-MLM113673494313_062026-E.webp,AZCAPOTZALCO
Departamento En Venta En Ampliación Petrolera,3616836,MXN,"San Isidro S/N, Ampliación Petrolera, Azcapotzalco, Distrito Federal",68 m² construidos,3 recámaras,2 baños,https://departamento.mercadolibre.com.mx/MLM-4841599102-departamento-en-venta-en-ampliacion-petrolera-_JM,https://http2.mlstatic.com/D_NQ_NP_2X_990511-MLM107746027785_022026-E.webp,AZCAPOTZALCO
Departamento Con Roof Privado Es Nuevo,3950000,MXN,"Obrero Popular, Azcapotzalco, Distrito Federal",92 m² construidos,1 recámara,1 baño,https://departamento.mercadolibre.com.mx/MLM-5780516172-departamento-con-roof-privado-es-nuevo-_JM,https://http2.mlstatic.com/D_NQ_NP_2X_982311-MLM113687677260_072026-E.webp,AZCAPOTZALCO
Departamento En Venta En Juárez,7006110,MXN,"Liverpool, Benito Juárez, Azcapotzalco, Distrito Federal",66 m² construidos,2 recámaras,1 baño,https://departamento.mercadolibre.com.mx/MLM-3041956875-departamento-en-venta-en-juarez-_JM,https://http2.mlstatic.com/D_NQ_NP_2X_914916-MLM113673550729_062026-E.webp,AZCAPOTZALCO
"Claveria, Departamento En Venta En Bosques Clavería",3905000,MXN,"Avenida Cuitláhuac, Clavería, Azcapotzalco, Distrito Federal",44 m² construidos,1 recámara,1 baño,https://departamento.mercadolibre.com.mx/MLM-5704734122-claveria-departamento-en-venta-en-bosques-claveria-_JM,https://http2.mlstatic.com/D_NQ_NP_2X_968608-MLM113251941880_072026-E.webp,AZCAPOTZALCO
"Departamento En Venta, En Del Gas",2033500,MXN,"Aldana, 11 Edif 32, Azcapotzalco, Distrito Federal",55 m² construidos,2 recámaras,1 baño,https://departamento.mercadolibre.com.mx/MLM-3191856607-departamento-en-venta-en-del-gas-_JM,https://http2.mlstatic.com/D_NQ_NP_2X_838508-MLM113829779298_072026-E.webp,AZCAPOTZALCO
"Departamento En Venta En Santa Barbara, Azcapotzalco",2049000,MXN,"Real De San Martin, 103, Azcapotzalco, Distrito Federal",49 m² construidos,2 recámaras,1 baño,https://departamento.mercadolibre.com.mx/MLM-3192757315-departamento-en-venta-en-santa-barbara-azcapotzalco-_JM,https://http2.mlstatic.com/D_NQ_NP_2X_732983-MLM115135950969_072026-E.webp,AZCAPOTZALCO
Departamento En Venta,3182800,MXN,"Arenal, Azcapotzalco, Distrito Federal",79 m² construidos,2 recámaras,2 baños,https://departamento.mercadolibre.com.mx/MLM-5624953942-departamento-en-venta-_JM,https://http2.mlstatic.com/D_NQ_NP_2X_840356-MLM114064108689_072026-E.webp,AZCAPOTZALCO
"Departamento En Venta, En Azcapotzalco",2598726,MXN,"Norte 83 A, 514, Azcapotzalco, Distrito Federal",56 m² construidos,2 recámaras,2 baños,https://departamento.mercadolibre.com.mx/MLM-5832015278-departamento-en-venta-en-azcapotzalco-_JM,https://http2.mlstatic.com/D_NQ_NP_2X_653322-MLM113936893858_072026-E.webp,AZCAPOTZALCO
Departamento En Venta En Centro De Azcapotzalco.,1993500,MXN,"Av. Aquiles Serdan, 671, Azcapotzalco, Distrito Federal",44 m² construidos,1 recámara,1 baño,https://departamento.mercadolibre.com.mx/MLM-3206597843-departamento-en-venta-en-centro-de-azcapotzalco-_JM,https://http2.mlstatic.com/D_NQ_NP_2X_827282-MLM113936754570_072026-E.webp,AZCAPOTZALCO
Departamento En Venta En Azcapotzalco,2612755,MXN,"Coltongo, 186, Azcapotzalco, Distrito Federal",51 m² construidos,2 recámaras,1 baño,https://departamento.mercadolibre.com.mx/MLM-5832015670-departamento-en-venta-en-azcapotzalco-_JM,https://http2.mlstatic.com/D_NQ_NP_2X_932515-MLM115246889773_072026-E.webp,AZCAPOTZALCO
"Departamento En Venta, En Obrero Popular",2381700,MXN,"Poniente 54, 3396, Azcapotzalco, Distrito Federal",58 m² construidos,2 recámaras,1 baño,https://departamento.mercadolibre.com.mx/MLM-5832014010-departamento-en-venta-en-obrero-popular-_JM,https://http2.mlstatic.com/D_NQ_NP_2X_877681-MLM115246654853_072026-E.webp,AZCAPOTZALCO
Departamento En Venta Real De San Martin,2095000,MXN,"Calzada Real De San Martin, 103, Azcapotzalco, Distrito Federal",49 m² construidos,2 recámaras,1 baño,https://departamento.mercadolibre.com.mx/MLM-5832013132-departamento-en-venta-real-de-san-martin-_JM,https://http2.mlstatic.com/D_NQ_NP_2X_755468-MLM113936781340_072026-E.webp,AZCAPOTZALCO
Departamento En Venta En El Jagüey,2546000,MXN,"Av De Las Granjas, 605, Azcapotzalco, Distrito Federal",55 m² construidos,2 recámaras,1 baño,https://departamento.mercadolibre.com.mx/MLM-3206825933-departamento-en-venta-en-el-jaguey-_JM,https://http2.mlstatic.com/D_NQ_NP_2X_718841-MLM115246701189_072026-E.webp,AZCAPOTZALCO
Departamento En Venta,2672400,MXN,"Arenal, Azcapotzalco, Distrito Federal",66 m² construidos,2 recámaras,2 baños,https://departamento.mercadolibre.com.mx/MLM-5624792268-departamento-en-venta-_JM,https://http2.mlstatic.com/D_NQ_NP_2X_844918-MLM112861883824_072026-E.webp,AZCAPOTZALCO
Departamentos Terraza Propia En Azcapotzalco,2472750,MXN,"Tabachín 31, Azcapotzalco, Distrito Federal",60 m² construidos,2 recámaras,2 baños,https://departamento.mercadolibre.com.mx/MLM-5884365482-departamentos-terraza-propia-en-azcapotzalco-_JM,https://http2.mlstatic.com/D_NQ_NP_2X_981345-MLM115533792293_082026-E.webp,AZCAPOTZALCO
Departamentos En Venta En Azcapotzalco,2329600,MXN,"Tabachín 31, Azcapotzalco, Distrito Federal",60 m² construidos,2 recámaras,1 baño,https://departamento.mercadolibre.com.mx/MLM-3240288851-departamentos-en-venta-en-azcapotzalco-_JM,https://http2.mlstatic.com/D_NQ_NP_2X_722151-MLM114200763002_082026-E.webp,AZCAPOTZALCO
Departamento En Venta San Isidro Azcapotzalco,2450000,MXN,"San Isidro, Azcapotzalco, Distrito Federal",55 m² construidos,2 recámaras,1 baño,https://departamento.mercadolibre.com.mx/MLM-3249794577-departamento-en-venta-san-isidro-azcapotzalco-_JM,https://http2.mlstatic.com/D_NQ_NP_2X_769917-MLM115629329547_082026-E.webp,AZCAPOTZALCO
"Departamento En Venta Santa Catarina, Azcapotzalco",2250000,MXN,"Santa Catarina, Azcapotzalco, Distrito Federal",50 m² construidos,2 recámaras,1 baño,https://departamento.mercadolibre.com.mx/MLM-3249781723-departamento-en-venta-santa-catarina-azcapotzalco-_JM,https://http2.mlstatic.com/D_NQ_NP_2X_602660-MLM115629330333_082026-E.webp,AZCAPOTZALCO
Departamento En Venta De 55 M2 Con Amenidades Y Vigilancia,2450000,MXN,"Calz. San Isidro, Petrolera, Ciudad De México, San Isidro, Azcapotzalco, Distrito Federal",55 m² construidos,2 recámaras,1 baño,https://departamento.mercadolibre.com.mx/MLM-3226690415-departamento-en-venta-de-55-m2-con-amenidades-y-vigilancia-_JM,https://http2.mlstatic.com/D_NQ_NP_2X_709292-MLM114067112660_072026-E.webp,AZCAPOTZALCO
"Venta De Departamento En El Rosario, Azcapotzalco",1050000,MXN,"Alfareros León Felipe S/N, El Rosario, Azcapotzalco, Distrito Federal",62 m² construidos,3 recámaras,1 baño,https://departamento.mercadolibre.com.mx/MLM-5528089110-venta-de-departamento-en-el-rosario-azcapotzalco-_JM,https://http2.mlstatic.com/D_NQ_NP_2X_944006-MLM113418562939_062026-E.webp,AZCAPOTZALCO
Departamento En San Francisco Tetecala,2100000,MXN,"Av. San Isidro 21, San Francisco Tetecala, Azcapotzalco, 02730 Ciudad De México, Cdmx 21, San Francisco Tetecala, Azcapotzalco, Distrito Federal",55 m² construidos,2 recámaras,1 baño,https://departamento.mercadolibre.com.mx/MLM-2824488609-departamento-en-san-francisco-tetecala-_JM,https://http2.mlstatic.com/D_NQ_NP_2X_906517-MLM108819083368_032026-E.webp,AZCAPOTZALCO
Venta De Departamento En Prados Del Rosario,2750000,MXN,"Av Hacienda De Narvarte 225, Trabajadores De Pemex, Ciudad De México, Unidad Habitacional Trabajadores De PEMEX, Azcapotzalco, Distrito Federal",104 m² construidos,3 recámaras,1 baño,https://departamento.mercadolibre.com.mx/MLM-2773623925-venta-de-departamento-en-prados-del-rosario-_JM,https://http2.mlstatic.com/D_NQ_NP_2X_747480-MLM107645717104_032026-E.webp,AZCAPOTZALCO
"Sabino Park, Entrega Inmediata 3 Recamaras Y Cajon",4605520,MXN,"SABINO, Ampliación Del Gas, Azcapotzalco, Distrito Federal",58 m² construidos,2 recámaras,2 baños,https://departamento.mercadolibre.com.mx/MLM-3183646029-sabino-park-entrega-inmediata-3-recamaras-y-cajon-_JM,https://http2.mlstatic.com/D_NQ_NP_2X_716415-MLM115034315153_072026-E.webp,AZCAPOTZALCO
"¡departamento En Venta En El Jagüey, Azcapotzalco!",3032460,MXN,"Soledad 18, El Jaguey, Ciudad De México, Colonia El Jagüey, Azcapotzalco, Distrito Federal",50 m² de terreno,2 recámaras,1 baño,https://departamento.mercadolibre.com.mx/MLM-3096729989-departamento-en-venta-en-el-jaguey-azcapotzalco-_JM,https://http2.mlstatic.com/D_NQ_NP_2X_772813-MLM114256126081_072026-E.webp,AZCAPOTZALCO
¡departamento Con Elevador Y Estacionamiento En Azcapotzalco!,2580600,MXN,"Av. De Las Granjas 605, El Jaguey, Ciudad De México, Colonia El Jagüey, Azcapotzalco, Distrito Federal",55 m² de terreno,2 recámaras,1 baño,https://departamento.mercadolibre.com.mx/MLM-5625957050-departamento-con-elevador-y-estacionamiento-en-azcapotzalco-_JM,https://http2.mlstatic.com/D_NQ_NP_2X_870829-MLM114073764925_072026-E.webp,AZCAPOTZALCO
"Departamento En Venta En Pro-hogar, Azcapotzalco, Ciudad De México",2200000,MXN,"Calle 15, Pro-Hogar, Azcapotzalco, Distrito Federal",47 m² construidos,2 recámaras,1 baño,https://departamento.mercadolibre.com.mx/MLM-5793822404-departamento-en-venta-en-pro-hogar-azcapotzalco-ciudad-de-mexico-_JM,https://http2.mlstatic.com/D_NQ_NP_2X_640343-MLM115036830737_072026-E.webp,AZCAPOTZALCO
"Amplitud, Comodidad Y Excelente Ubicación En Azcapotzalco",2943625,MXN,"Calz. San Isidro 702, San Pedro Xalpa, Ciudad De México, San Pedro Xalpa, Azcapotzalco, Distrito Federal",70 m² de terreno,2 recámaras,2 baños,https://departamento.mercadolibre.com.mx/MLM-5625961178-amplitud-comodidad-y-excelente-ubicacion-en-azcapotzalco-_JM,https://http2.mlstatic.com/D_NQ_NP_2X_990431-MLM114073949317_072026-E.webp,AZCAPOTZALCO
"¡departamento Con 2 Estacionamientos, Elevador Y Amenidades En Azcapotzalco!",3800000,MXN,"Av. Jardín 330, Col Del Gas, Ciudad De México, Del Gas, Azcapotzalco, Distrito Federal",68 m² de terreno,2 recámaras,1 baño,https://departamento.mercadolibre.com.mx/MLM-5625676330-departamento-con-2-estacionamientos-elevador-y-amenidades-en-azcapotzalco-_JM,https://http2.mlstatic.com/D_NQ_NP_2X_911597-MLM114071047107_072026-E.webp,AZCAPOTZALCO
Departamento En Venta En Azcapotzalco.,3905000,MXN,"Clavería, Azcapotzalco, Distrito Federal",48 m² construidos,1 recámara,1 baño,https://departamento.mercadolibre.com.mx/MLM-5357497530-departamento-en-venta-en-azcapotzalco-_JM,https://http2.mlstatic.com/D_NQ_NP_2X_726239-MLM86045249297_062025-E.webp,AZCAPOTZALCO
Departamento En Venta En Urban Plaza-azcapotzalco,3943550,MXN,"Del Gas, Azcapotzalco, Distrito Federal",88 m² construidos,2 recámaras,2 baños,https://departamento.mercadolibre.com.mx/MLM-5071987946-departamento-en-venta-en-urban-plaza-azcapotzalco-_JM,https://http2.mlstatic.com/D_NQ_NP_2X_699963-MLM115304752487_072026-E.webp,AZCAPOTZALCO
"Departamento En Venta-norte 83, Libertad, Azcapotzalco, Cdmx Se Aceptan Créditos.",2598726,MXN,"Nte. 83-A, Libertad, Ciudad De México, Libertad, Azcapotzalco, Distrito Federal",56 m² construidos,2 recámaras,2 baños,https://departamento.mercadolibre.com.mx/MLM-3029953203-departamento-en-venta-norte-83-libertad-azcapotzalco-cdmx-se-aceptan-creditos-_JM,https://http2.mlstatic.com/D_NQ_NP_2X_703004-MLM112326564808_062026-E.webp,AZCAPOTZALCO
Grecia San Álvaro,3750000,MXN,"Grecia 151, San Alvaro, Ciudad De México, San Álvaro, Azcapotzalco, Distrito Federal",98 m² construidos,2 recámaras,2 baños,https://departamento.mercadolibre.com.mx/MLM-2940739489-grecia-san-alvaro-_JM,https://http2.mlstatic.com/D_NQ_NP_2X_896772-MLM112076287032_062026-E.webp,AZCAPOTZALCO
"Departamento En Venta-av 16 De Septiembre, Sta Inés, Azcapotzalco, Cdmx, Se Acepta Crédito Bancario.",2815500,MXN,"Av. 16 De Septiembre 197, Sta Ines, Ciudad De México, Santa Inés, Azcapotzalco, Distrito Federal",63 m² construidos,2 recámaras,1 baño,https://departamento.mercadolibre.com.mx/MLM-3029962849-departamento-en-venta-av-16-de-septiembre-sta-ines-azcapotzalco-cdmx-se-acepta-credito-bancario-_JM,https://http2.mlstatic.com/D_NQ_NP_2X_823262-MLM113477534693_062026-E.webp,AZCAPOTZALCO
Pre Venta Departamento | Del Gas Azcapotzalco,2995361,MXN,"Del Gas, Azcapotzalco, Distrito Federal",48 m² construidos,2 recámaras,1 baño,https://departamento.mercadolibre.com.mx/MLM-2775955163-pre-venta-departamento-del-gas-azcapotzalco-_JM,https://http2.mlstatic.com/D_NQ_NP_2X_621076-MLM113582002154_072026-E.webp,AZCAPOTZALCO
Departamentos Terraza Propia En Azcapotzalco,3130668,MXN,"Tabachín 31, Azcapotzalco, Distrito Federal",60 m² construidos,2 recámaras,2 baños,https://departamento.mercadolibre.com.mx/MLM-5731569110-departamentos-terraza-propia-en-azcapotzalco-_JM,https://http2.mlstatic.com/D_NQ_NP_2X_662466-MLM114665203279_072026-E.webp,AZCAPOTZALCO
Departamentos En Venta En Azcapotzalco,2383056,MXN,"Tabachín 31, Azcapotzalco, Distrito Federal",60 m² construidos,2 recámaras,2 baños,https://departamento.mercadolibre.com.mx/MLM-3145114131-departamentos-en-venta-en-azcapotzalco-_JM,https://http2.mlstatic.com/D_NQ_NP_2X_970164-MLM113418430090_072026-E.webp,AZCAPOTZALCO
"Departamento En Venta-real De San Martín , Santa Barbara, Azcapotzalco, Cdmx",2095000,MXN,"02230 (Antes Miguel Hidalgo 63, Av. Real De San Martín 103, Santa Barbara, Ciudad De México, Santa Bárbara, Azcapotzalco, Distrito Federal",49 m² construidos,2 recámaras,1 baño,https://departamento.mercadolibre.com.mx/MLM-5535213372-departamento-en-venta-real-de-san-martin-santa-barbara-azcapotzalco-cdmx-_JM,https://http2.mlstatic.com/D_NQ_NP_2X_890558-MLM113478358193_062026-E.webp,AZCAPOTZALCO
Departamento En Venta En Azcapotzalco Con Roof Garden Privado | 2 Recámaras,4499000,MXN,"Victoria De Las Democracias, Azcapotzalco, Distrito Federal",137 m² construidos,2 recámaras,2 baños,https://departamento.mercadolibre.com.mx/MLM-3087724989-departamento-en-venta-en-azcapotzalco-con-roof-garden-privado-2-recamaras-_JM,https://http2.mlstatic.com/D_NQ_NP_2X_786068-MLM112967150904_072026-E.webp,AZCAPOTZALCO
Departamento En Venta,1950000,MXN,"Av. Morelos 132, Santiago Ahuizotla, Azcapotzalco, Distrito Federal",66 m² construidos,3 recámaras,1 baño,https://departamento.mercadolibre.com.mx/MLM-5516167928-departamento-en-venta-_JM,https://http2.mlstatic.com/D_NQ_NP_2X_738540-MLM113355958561_062026-E.webp,AZCAPOTZALCO
"Departamento En Venta-calzada San Isidro, San Pedro Xalpa, Azcapotzalco, Cdmx, Se Acepta Crédito Fovissste.",2943625,MXN,"Calz. San Isidro 712, Ciudad De México, Ampliación San Pedro Xalpa, Azcapotzalco, Distrito Federal",70 m² construidos,2 recámaras,2 baños,https://departamento.mercadolibre.com.mx/MLM-3029966619-departamento-en-venta-calzada-san-isidro-san-pedro-xalpa-azcapotzalco-cdmx-se-acepta-credito-fovissste-_JM,https://http2.mlstatic.com/D_NQ_NP_2X_691134-MLM112326210340_062026-E.webp,AZCAPOTZALCO
Departamento En Venta,2095000,MXN,"Primera Cerrada Miguel Hidalgo 63, Santa Bárbara, Azcapotzalco, Distrito Federal",49 m² construidos,2 recámaras,1 baño,https://departamento.mercadolibre.com.mx/MLM-5574497232-departamento-en-venta-_JM,https://http2.mlstatic.com/D_NQ_NP_2X_951387-MLM112586479360_062026-E.webp,AZCAPOTZALCO
"Departamento En Venta-priv. De La Soledad, El Jaguey, Azcapotzalco, Cdmx, Se Aceptan Créditos.",3032460,MXN,"Azcapotzalco, Mexico City, Colonia El Jagüey, Azcapotzalco, Distrito Federal",50 m² construidos,2 recámaras,1 baño,https://departamento.mercadolibre.com.mx/MLM-5535523680-departamento-en-venta-priv-de-la-soledad-el-jaguey-azcapotzalco-cdmx-se-aceptan-creditos-_JM,https://http2.mlstatic.com/D_NQ_NP_2X_858734-MLM113480027109_062026-E.webp,AZCAPOTZALCO
Departamento En Venta,2612755,MXN,"Calzada Coltongo 175, Coltongo, Azcapotzalco, Distrito Federal",51 m² construidos,2 recámaras,1 baño,https://departamento.mercadolibre.com.mx/MLM-5297081816-departamento-en-venta-_JM,https://http2.mlstatic.com/D_NQ_NP_2X_743844-MLM111291717423_052026-E.webp,AZCAPOTZALCO
Departamento En Venta,1993500,MXN,"Avenida Aquiles Serdán 671, Azcapotzalco Centro, Azcapotzalco, Distrito Federal",44 m² construidos,1 recámara,1 baño,https://departamento.mercadolibre.com.mx/MLM-5574686650-departamento-en-venta-_JM,https://http2.mlstatic.com/D_NQ_NP_2X_940719-MLM113766166515_062026-E.webp,AZCAPOTZALCO
Departamento En Centro De Azcapotzalco,1993000,MXN,"Av. Aquiles Serdán 671, Centro De Azcapotzalco, Azcapotzalco, Distrito Federal",44 m² de terreno,1 recámara,1 baño,https://departamento.mercadolibre.com.mx/MLM-3063032497-departamento-en-centro-de-azcapotzalco-_JM,https://http2.mlstatic.com/D_NQ_NP_2X_613777-MLM113923057277_062026-E.webp,AZCAPOTZALCO
Departamento En Santa Bárbara,2163000,MXN,"Departamento En Venta En Col.santa Barabara, Azcapotzalco, Distrito Federal",49 m² de terreno,2 recámaras,1 baño,https://departamento.mercadolibre.com.mx/MLM-3063059861-departamento-en-santa-barbara-_JM,https://http2.mlstatic.com/D_NQ_NP_2X_696774-MLM113923612729_062026-E.webp,AZCAPOTZALCO
"Departamento En Venta En Querétaro 76,  Santa Apolonia, Azcapotzalco Cdmx.",1900000,MXN,"Santa Apolonia, Azcapotzalco, Distrito Federal",55 m² construidos,2 recámaras,1 baño,https://departamento.mercadolibre.com.mx/MLM-3130717431-departamento-en-venta-en-queretaro-76-santa-apolonia-azcapotzalco-cdmx-_JM,https://http2.mlstatic.com/D_NQ_NP_2X_882820-MLM113266917756_072026-E.webp,AZCAPOTZALCO
Departamento En Venta,2598726,MXN,"Salomón 340, Libertad, Azcapotzalco, Distrito Federal",56 m² construidos,2 recámaras,2 baños,https://departamento.mercadolibre.com.mx/MLM-3160823039-departamento-en-venta-_JM,https://http2.mlstatic.com/D_NQ_NP_2X_853251-MLM113580964678_072026-E.webp,AZCAPOTZALCO
Venta De Departamento,3700000,MXN,"Calzada San Isidro, Colonia Ampliación San Pedro Xalpa, Azcapotzalco, Distrito Federal",68 m² construidos,2 recámaras,2 baños,https://departamento.mercadolibre.com.mx/MLM-5602861326-venta-de-departamento-_JM,https://http2.mlstatic.com/D_NQ_NP_2X_753123-MLM112732324804_062026-E.webp,AZCAPOTZALCO
"Vendo Departamento En Azcapotzalco, S.juan Tlihuaca",2200000,MXN,"San Juan Tlihuaca, Azcapotzalco, Distrito Federal",65 m² construidos,2 recámaras,1 baño,https://departamento.mercadolibre.com.mx/MLM-5824225028-vendo-departamento-en-azcapotzalco-sjuan-tlihuaca-_JM,https://http2.mlstatic.com/D_NQ_NP_2X_785803-MLM113907854172_072026-E.webp,AZCAPOTZALCO
Departamento En Venta,2943625,MXN,"Eje Vial 3 Norte 712, San Miguel Amantla, Azcapotzalco, Distrito Federal",70 m² construidos,2 recámaras,2 baños,https://departamento.mercadolibre.com.mx/MLM-5705147386-departamento-en-venta-_JM,https://http2.mlstatic.com/D_NQ_NP_2X_632451-MLM114495596739_072026-E.webp,AZCAPOTZALCO
Exelente Oportunidad De Inversion En La Col. Pro Hogar,2031105000,MXN,"Calle 15 1 - 300, Pro Hogar, Ciudad De México, Pro-Hogar, Azcapotzalco, Distrito Federal",47 m² construidos,2 recámaras,1 baño,https://departamento.mercadolibre.com.mx/MLM-5845627850-exelente-oportunidad-de-inversion-en-la-col-pro-hogar-_JM,https://http2.mlstatic.com/D_NQ_NP_2X_745379-MLM113993073900_072026-E.webp,AZCAPOTZALCO
"Departamento En Venta En Azcapotzalco Con Terraza, Se Acepta Infonavit, Bancario Y Efectivo",2095000,MXN,"Azcapotzalco, Mexico City, San Martín Xochináhuac, Azcapotzalco, Distrito Federal",49 m² construidos,2 recámaras,1 baño,https://departamento.mercadolibre.com.mx/MLM-3006463211-departamento-en-venta-en-azcapotzalco-con-terraza-se-acepta-infonavit-bancario-y-efectivo-_JM,https://http2.mlstatic.com/D_NQ_NP_2X_958526-MLM113169925183_062026-E.webp,AZCAPOTZALCO
Excelente Departamento Venta En Sabino,4606000,MXN,"C. Sabino 530, Col Del Gas, Ciudad De México, Ampliación Del Gas, Azcapotzalco, Distrito Federal",63 m² construidos,2 recámaras,2 baños,https://departamento.mercadolibre.com.mx/MLM-3207463683-excelente-departamento-venta-en-sabino-_JM,https://http2.mlstatic.com/D_NQ_NP_2X_683643-MLM113938885892_072026-E.webp,AZCAPOTZALCO
"Departamento En Venta-avenida Granjas, Azcapotzalco, Ciudad De México Se Acepta Crédito Bancario",2546000,MXN,"Azcapotzalco, Mexico City, Santo Tomas, Azcapotzalco, Distrito Federal",47 m² construidos,2 recámaras,1 baño,https://departamento.mercadolibre.com.mx/MLM-5535206552-departamento-en-venta-avenida-granjas-azcapotzalco-ciudad-de-mexico-se-acepta-credito-bancario-_JM,https://http2.mlstatic.com/D_NQ_NP_2X_919338-MLM112322828618_062026-E.webp,AZCAPOTZALCO
"Apartamento Con Garden Room Privado En Azcapotzalco, Ciudad De México - Venta",3800000,MXN,"Av Azcapotzalco 402, Nextengo, Azcapotzalco, Distrito Federal",78 m² construidos,2 recámaras,1 baño,https://departamento.mercadolibre.com.mx/MLM-2976256511-apartamento-con-garden-room-privado-en-azcapotzalco-ciudad-de-mexico-venta-_JM,https://http2.mlstatic.com/D_NQ_NP_2X_744941-MLM112642830579_062026-E.webp,AZCAPOTZALCO
Departamento En Venta En Coltongo 26-1818.,2612755,MXN,"Azcapotzalco, Coltongo, Coltongo, Azcapotzalco, Distrito Federal",51 m² construidos,2 recámaras,1 baño,https://departamento.mercadolibre.com.mx/MLM-5896448686-departamento-en-venta-en-coltongo-26-1818-_JM,https://http2.mlstatic.com/D_NQ_NP_2X_868139-MLM114281288756_082026-E.webp,AZCAPOTZALCO
"Departamento En Venta En Coltongo, Azcapotzalco Jl 26-1818.",2612755,MXN,"Azcapotzalco, Coltongo, Coltongo, Azcapotzalco, Distrito Federal",51 m² construidos,2 recámaras,1 baño,https://departamento.mercadolibre.com.mx/MLM-5863566602-departamento-en-venta-en-coltongo-azcapotzalco-jl-26-1818-_JM,https://http2.mlstatic.com/D_NQ_NP_2X_804586-MLM115383237825_072026-E.webp,AZCAPOTZALCO
Depto En Venta,3950000,MXN,"Pino 622 - A, Arenal, Azcapotzalco, Distrito Federal",73 m² construidos,2 recámaras,2 baños,https://departamento.mercadolibre.com.mx/MLM-3240110547-depto-en-venta-_JM,https://http2.mlstatic.com/D_NQ_NP_2X_726005-MLM115530959897_082026-E.webp,AZCAPOTZALCO
Departamento En Venta En San Miguel Amantla,1850000,MXN,"Camino A Nextengo, San Miguel Amantla, Azcapotzalco, Distrito Federal",61 m² construidos,2 recámaras,1 baño,https://departamento.mercadolibre.com.mx/MLM-5892508474-departamento-en-venta-en-san-miguel-amantla-_JM,https://http2.mlstatic.com/D_NQ_NP_2X_995691-MLM115586692141_082026-E.webp,AZCAPOTZALCO
Departamento En Venta  En Nextengo,2200000,MXN,"Av Centenario, Nextengo, Azcapotzalco, Distrito Federal",61 m² construidos,2 recámaras,1 baño,https://departamento.mercadolibre.com.mx/MLM-3239815705-departamento-en-venta-en-nextengo-_JM,https://http2.mlstatic.com/D_NQ_NP_2X_703801-MLM115526818175_082026-E.webp,AZCAPOTZALCO
Venta Departamento 2 Ambientes Santa Bárbara,1950000,MXN,"Miguel Hidalgo, 63, Santa Bárbara, Azcapotzalco, Distrito Federal",50 m² construidos,2 recámaras,1 baño,https://departamento.mercadolibre.com.mx/MLM-3240254271-venta-departamento-2-ambientes-santa-barbara-_JM,https://http2.mlstatic.com/D_NQ_NP_2X_988943-MLM115537322965_082026-E.webp,AZCAPOTZALCO
"Departamento En Venta En Ampliacion Del Gas,  Azcapotzalco Jl 25-1974.",2990361,MXN,"Azcapotzalco ,ampliacion Del Gas, Ampliación Del Gas, Azcapotzalco, Distrito Federal",49 m² construidos,2 recámaras,1 baño,https://departamento.mercadolibre.com.mx/MLM-5863528374-departamento-en-venta-en-ampliacion-del-gas-azcapotzalco-jl-25-1974-_JM,https://http2.mlstatic.com/D_NQ_NP_2X_647429-MLM115383162195_072026-E.webp,AZCAPOTZALCO
"Departamento En Venta En Colonia Libertad, Azcapotzalco, Ciudad De México",2748169,MXN,"Avenida De Las Granjas 300, Libertad, Azcapotzalco, Distrito Federal",59 m² construidos,1 recámara,1 baño,https://departamento.mercadolibre.com.mx/MLM-5861248370-departamento-en-venta-en-colonia-libertad-azcapotzalco-ciudad-de-mexico-_JM,https://http2.mlstatic.com/D_NQ_NP_2X_823994-MLM115372921727_072026-E.webp,AZCAPOTZALCO
Venta Departamento 2 Ambientes San Marcos,1950000,MXN,"22 De Febrero, 423, San Marcos, Azcapotzalco, Distrito Federal",52 m² construidos,2 recámaras,1 baño,https://departamento.mercadolibre.com.mx/MLM-3245942931-venta-departamento-2-ambientes-san-marcos-_JM,https://http2.mlstatic.com/D_NQ_NP_2X_664084-MLM115585125335_082026-E.webp,AZCAPOTZALCO
"Departamento En Venta En Colonia Coltongo, Azcapotzalco, Ciudad De México",2354435,MXN,"COLTONGO 173, Coltongo, Azcapotzalco, Distrito Federal",65 m² construidos,2 recámaras,1 baño,https://departamento.mercadolibre.com.mx/MLM-3224422925-departamento-en-venta-en-colonia-coltongo-azcapotzalco-ciudad-de-mexico-_JM,https://http2.mlstatic.com/D_NQ_NP_2X_910835-MLM115373155669_072026-E.webp,AZCAPOTZALCO
Compra Tu Departamento En El Sur De La Cdmx Con Recursos Propios Y Opciones De Financiamiento Accesibles.,2190000,MXN,"Av. División Del Nte. 4439, Col. Prados Coapa 3ra Sección, Tlalpan, C.P 14357, CDMX., Jardín Azpeitia, Azcapotzalco, Distrito Federal",64 m² construidos,3 recámaras,1 baño,https://departamento.mercadolibre.com.mx/MLM-2964733727-compra-tu-departamento-en-el-sur-de-la-cdmx-con-recursos-propios-y-opciones-de-financiamiento-accesibles-_JM,https://http2.mlstatic.com/D_NQ_NP_2X_824042-MLM112392339689_052026-E.webp,AZCAPOTZALCO
"Departamento En Venta En San Mateo, La Preciosa, Azcapotzalco, Ciudad De México",1100000,MXN,"San Mateo 207, La Preciosa, Azcapotzalco, Distrito Federal",47 m² construidos,2 recámaras,1 baño,https://departamento.mercadolibre.com.mx/MLM-5716084952-departamento-en-venta-en-san-mateo-la-preciosa-azcapotzalco-ciudad-de-mexico-_JM,https://http2.mlstatic.com/D_NQ_NP_2X_669292-MLM114555345669_072026-E.webp,AZCAPOTZALCO
Venta Departamento Roof Garden Privado Azcapotzalco Cdmx,2310000,MXN,"Av. Real De San Martín S/N, Santa Bárbara, Azcapotzalco, Distrito Federal",90 m² construidos,2 recámaras,1 baño,https://departamento.mercadolibre.com.mx/MLM-2745006273-venta-departamento-roof-garden-privado-azcapotzalco-cdmx-_JM,https://http2.mlstatic.com/D_NQ_NP_2X_809209-MLM106711448390_022026-E.webp,AZCAPOTZALCO
Venta Departamentos San Martin Xochinahuac T-df0216-0035,1500000,MXN,"AV SAN PABLO XALPA, San Martín Xochináhuac, Azcapotzalco, Distrito Federal",56 m² construidos,2 recámaras,1 baño,https://departamento.mercadolibre.com.mx/MLM-2943291635-venta-departamentos-san-martin-xochinahuac-t-df0216-0035-_JM,https://http2.mlstatic.com/D_NQ_NP_2X_681714-MLM111912625027_052026-E.webp,AZCAPOTZALCO
Venta Departamento Santo Tomas Azcapotzalco 11245,2250000,MXN,"11245 Av De Las Granjas 538 Int 702 D, Santo Tomas, Azcapotzalco, Distrito Federal",46 m² construidos,2 recámaras,1 baño,https://departamento.mercadolibre.com.mx/MLM-5030583682-venta-departamento-santo-tomas-azcapotzalco-11245-_JM,https://http2.mlstatic.com/D_NQ_NP_2X_738068-MLM108968992915_032026-E.webp,AZCAPOTZALCO
Departamento Con Roof Garden Privado + Amenidades,4565520,MXN,"Ampliación Del Gas, Azcapotzalco, Distrito Federal",63 m² construidos,2 recámaras,2 baños,https://departamento.mercadolibre.com.mx/MLM-2678613077-departamento-con-roof-garden-privado-amenidades-_JM,https://http2.mlstatic.com/D_NQ_NP_2X_649944-MLM102026888185_122025-E.webp,AZCAPOTZALCO
Departamento En Venta,2850000,MXN,"Cocoteros, Nueva Santa María, Azcapotzalco, Distrito Federal",64 m² construidos,2 recámaras,1 baño,https://departamento.mercadolibre.com.mx/MLM-3096863559-departamento-en-venta-_JM,https://http2.mlstatic.com/D_NQ_NP_2X_876953-MLM113261776524_072026-E.webp,AZCAPOTZALCO
"Departamento En Venta En Oasis  Azcapotzalco, Cdmx",2695000,MXN,"Ampliación Del Gas, Azcapotzalco, Distrito Federal",65 m² construidos,2 recámaras,2 baños,https://departamento.mercadolibre.com.mx/MLM-5048204936-departamento-en-venta-en-oasis-azcapotzalco-cdmx-_JM,https://http2.mlstatic.com/D_NQ_NP_2X_877859-MLM93564005448_102025-E.webp,AZCAPOTZALCO
"Departamento En Venta Col. Santo Tomas, Azcapotzalco",4582000,MXN,"Santo Tomas, Azcapotzalco, Distrito Federal",97 m² construidos,3 recámaras,3 baños,https://departamento.mercadolibre.com.mx/MLM-2914233455-departamento-en-venta-col-santo-tomas-azcapotzalco-_JM,https://http2.mlstatic.com/D_NQ_NP_2X_888407-MLM111354574519_052026-E.webp,AZCAPOTZALCO
"Departamento En Venta Col. Santo Tomas, Azcapotzalco",3621500,MXN,"Santo Tomas, Azcapotzalco, Distrito Federal",67 m² construidos,2 recámaras,2 baños,https://departamento.mercadolibre.com.mx/MLM-2914296893-departamento-en-venta-col-santo-tomas-azcapotzalco-_JM,https://http2.mlstatic.com/D_NQ_NP_2X_963552-MLM110416636964_052026-E.webp,AZCAPOTZALCO
Venta Departamentos Obrero Popular T-df0112-0709,3590000,MXN,"AV. CUITLAHUAC, Obrero Popular, Azcapotzalco, Distrito Federal",74 m² construidos,2 recámaras,1 baño,https://departamento.mercadolibre.com.mx/MLM-3144928963-venta-departamentos-obrero-popular-t-df0112-0709-_JM,https://http2.mlstatic.com/D_NQ_NP_2X_661326-MLM113414217528_072026-E.webp,AZCAPOTZALCO
Departamento En Venta En San Martin Xochinahuac Azcapotzalco Bj 26-3124,2049000,MXN,"Departamento En Venta En San Martin Xochinahuac Azcapotzalco BJ 26-3124, Azcapotzalco, Distrito Federal",49 m² construidos,2 recámaras,1 baño,https://departamento.mercadolibre.com.mx/MLM-5824001918-departamento-en-venta-en-san-martin-xochinahuac-azcapotzalco-bj-26-3124-_JM,https://http2.mlstatic.com/D_NQ_NP_2X_872372-MLM115211317897_072026-E.webp,AZCAPOTZALCO
"Departamento En Venta En Colonia La Preciosa, Azcapotzalco, Ciudad De México",3127000,MXN,"Centeotl 19, La Preciosa, Azcapotzalco, Distrito Federal",73 m² construidos,2 recámaras,2 baños,https://departamento.mercadolibre.com.mx/MLM-3201540213-departamento-en-venta-en-colonia-la-preciosa-azcapotzalco-ciudad-de-mexico-_JM,https://http2.mlstatic.com/D_NQ_NP_2X_765749-MLM115203637297_072026-E.webp,AZCAPOTZALCO
"Departamento En Venta A 2min. De Metro Camarones, Azcapotzalco",4139846,MXN,"Lázaro Cárdenas, Azcapotzalco, Distrito Federal",78 m² construidos,2 recámaras,2 baños,https://departamento.mercadolibre.com.mx/MLM-2914236241-departamento-en-venta-a-2min-de-metro-camarones-azcapotzalco-_JM,https://http2.mlstatic.com/D_NQ_NP_2X_608457-MLM111354919419_052026-E.webp,AZCAPOTZALCO
Departamento En Venta En Azcapotzalco Coltongo Bj 26-1818,2612755,MXN,"Departamento En Venta En Azcapotzalco Coltongo BJ 26-1818, Coltongo, Azcapotzalco, Distrito Federal",51 m² construidos,2 recámaras,1 baño,https://departamento.mercadolibre.com.mx/MLM-5822910550-departamento-en-venta-en-azcapotzalco-coltongo-bj-26-1818-_JM,https://http2.mlstatic.com/D_NQ_NP_2X_791406-MLM115201925729_072026-E.webp,AZCAPOTZALCO
Departamento En Venta En Ampliación Del Gas 26-2400.,3800000,MXN,"Azcapotzalco , Ampliacion Del Gas, Ampliación Del Gas, Azcapotzalco, Distrito Federal",68 m² construidos,2 recámaras,2 baños,https://departamento.mercadolibre.com.mx/MLM-2939524399-departamento-en-venta-en-ampliacion-del-gas-26-2400-_JM,https://http2.mlstatic.com/D_NQ_NP_2X_674915-MLM110886188464_052026-E.webp,AZCAPOTZALCO
Departamento En Santa Bárbara,2095000,MXN,"Departamento En Renta, Azcapotzalco GIS 26-3116, Azcapotzalco, Distrito Federal",49 m² construidos,2 recámaras,1 baño,https://departamento.mercadolibre.com.mx/MLM-5756664394-departamento-en-santa-barbara-_JM,https://http2.mlstatic.com/D_NQ_NP_2X_784360-MLM113572999952_072026-E.webp,AZCAPOTZALCO
"Departamento En Venta En Coltongo, Azcapotzalco Rt 26-1818.",2612755,MXN,"Azcapotzalco ,coltongo, Coltongo, Azcapotzalco, Distrito Federal",51 m² construidos,2 recámaras,11 baños,https://departamento.mercadolibre.com.mx/MLM-3191776177-departamento-en-venta-en-coltongo-azcapotzalco-rt-26-1818-_JM,https://http2.mlstatic.com/D_NQ_NP_2X_970945-MLM115130352493_072026-E.webp,AZCAPOTZALCO
"Departamento En Venta En Ampliacion Del Gas, Azcapotzalco Cr 26-2400.",3800000,MXN,"Azcapotzalco , Ampliacion Del Gas, Ampliación Del Gas, Azcapotzalco, Distrito Federal",68 m² construidos,2 recámaras,2 baños,https://departamento.mercadolibre.com.mx/MLM-3181579229-departamento-en-venta-en-ampliacion-del-gas-azcapotzalco-cr-26-2400-_JM,https://http2.mlstatic.com/D_NQ_NP_2X_747153-MLM115017332501_072026-E.webp,AZCAPOTZALCO
"Departamento En Venta En Azcapotzalco, Ampliacion Del Gas Rt 26-2400.",3800000,MXN,"Azcapotzalco , Ampliacion Del Gas, Ampliación Del Gas, Azcapotzalco, Distrito Federal",68 m² construidos,2 recámaras,1 baño,https://departamento.mercadolibre.com.mx/MLM-3191864403-departamento-en-venta-en-azcapotzalco-ampliacion-del-gas-rt-26-2400-_JM,https://http2.mlstatic.com/D_NQ_NP_2X_946260-MLM113831655784_072026-E.webp,AZCAPOTZALCO
"Departamento En Venta En Coltongo, Azcapotzalco Gis 26-1818",2612755,MXN,"Departamento En Venta En Coltongo, Azcapotzalco GIS 26-1818., Coltongo, Azcapotzalco, Distrito Federal",51 m² construidos,2 recámaras,1 baño,https://departamento.mercadolibre.com.mx/MLM-3160155389-departamento-en-venta-en-coltongo-azcapotzalco-gis-26-1818-_JM,https://http2.mlstatic.com/D_NQ_NP_2X_832987-MLM113572999884_072026-E.webp,AZCAPOTZALCO
Departamento En Venta En Azcapotzalco Colonia Industrial Vallejo Bj 26-1934,3198445,MXN,"Departamento En Venta En Azcapotzalco Colonia Industrial Vallejo BJ 26-1934, Industrial Vallejo, Azcapotzalco, Distrito Federal",63 m² construidos,2 recámaras,2 baños,https://departamento.mercadolibre.com.mx/MLM-5822898246-departamento-en-venta-en-azcapotzalco-colonia-industrial-vallejo-bj-26-1934-_JM,https://http2.mlstatic.com/D_NQ_NP_2X_980127-MLM113895991540_072026-E.webp,AZCAPOTZALCO
Departamento En Industrial Vallejo,3198446,MXN,"Departamento En Venta En Azcapotzalco Colonia Industrial Vallejo VE 26-1934, Industrial Vallejo, Azcapotzalco, Distrito Federal",63 m² construidos,2 recámaras,2 baños,https://departamento.mercadolibre.com.mx/MLM-3201528975-departamento-en-industrial-vallejo-_JM,https://http2.mlstatic.com/D_NQ_NP_2X_926143-MLM113896235464_072026-E.webp,AZCAPOTZALCO
"Departamento En Venta En San Andrés, Azcapotzalco, Cdmx",2250000,MXN,"Morelos 95, Edif. ""F"", Depto. 402, San Andrés, Azcapotzalco, Distrito Federal",74 m² construidos,2 recámaras,1 baño,https://departamento.mercadolibre.com.mx/MLM-2798093733-departamento-en-venta-en-san-andres-azcapotzalco-cdmx-_JM,https://http2.mlstatic.com/D_NQ_NP_2X_761578-MLM108185582758_032026-E.webp,AZCAPOTZALCO
Venta Departamentos Nueva Santa Maria T-df0075-0728,2900000,MXN,"PIÑON, Nueva Santa María, Azcapotzalco, Distrito Federal",73 m² construidos,2 recámaras,1 baño,https://departamento.mercadolibre.com.mx/MLM-3168326611-venta-departamentos-nueva-santa-maria-t-df0075-0728-_JM,https://http2.mlstatic.com/D_NQ_NP_2X_894306-MLM115404393221_072026-E.webp,AZCAPOTZALCO
Departamento En Venta En Azcapotzalco Coltongo Ve 26-1818,2612755,MXN,"Departamento En Venta En Azcapotzalco Coltongo VE 26-1818, Coltongo, Azcapotzalco, Distrito Federal",51 m² construidos,2 recámaras,1 baño,https://departamento.mercadolibre.com.mx/MLM-3201528961-departamento-en-venta-en-azcapotzalco-coltongo-ve-26-1818-_JM,https://http2.mlstatic.com/D_NQ_NP_2X_686551-MLM115202208959_072026-E.webp,AZCAPOTZALCO
"Departamento En Venta Calzada San Isidro 588 San Pedro Xalpa, Ciudad De México",5100000,MXN,"San Pablo Xalpa, Azcapotzalco, Distrito Federal",137 m² construidos,3 recámaras,3 baños,https://departamento.mercadolibre.com.mx/MLM-4580017408-departamento-en-venta-calzada-san-isidro-588-san-pedro-xalpa-ciudad-de-mexico-_JM,https://http2.mlstatic.com/D_NQ_NP_2X_901328-MLM81832135523_012025-E.webp,AZCAPOTZALCO
"Departamento En Venta Pro-hogar, Azcapotzalco",2350000,MXN,"Pro-Hogar, Azcapotzalco, Distrito Federal",67 m² construidos,2 recámaras,1 baño,https://departamento.mercadolibre.com.mx/MLM-5113438112-departamento-en-venta-pro-hogar-azcapotzalco-_JM,https://http2.mlstatic.com/D_NQ_NP_2X_885611-MLM109097543040_042026-E.webp,AZCAPOTZALCO
Depto En Venta,1550000,MXN,"Edificio Rosario Castellanos Entrada  4, El Rosario, Azcapotzalco, Distrito Federal",65 m² construidos,2 recámaras,1 baño,https://departamento.mercadolibre.com.mx/MLM-5604631404-depto-en-venta-_JM,https://http2.mlstatic.com/D_NQ_NP_2X_881912-MLM113935935785_062026-E.webp,AZCAPOTZALCO
Departamento En Centro De Azcapotzalco,2347000,MXN,"Centro De Azcapotzalco, Azcapotzalco, Distrito Federal",49 m² construidos,2 recámaras,1 baño,https://departamento.mercadolibre.com.mx/MLM-5641669636-departamento-en-centro-de-azcapotzalco-_JM,https://http2.mlstatic.com/D_NQ_NP_2X_682100-MLM104460179864_012026-E.webp,AZCAPOTZALCO
Venta Departamentos Obrero Popular T-df0112-0705,1985000,MXN,"AV. BIOLOGO MAXIMINO MARTINEZ, Obrero Popular, Azcapotzalco, Distrito Federal",61 m² construidos,2 recámaras,1 baño,https://departamento.mercadolibre.com.mx/MLM-5854537100-venta-departamentos-obrero-popular-t-df0112-0705-_JM,https://http2.mlstatic.com/D_NQ_NP_2X_657201-MLM111088934108_052026-E.webp,AZCAPOTZALCO
"Departamento En Venta Santa Ines, Azcapotzalco",3200000,MXN,"Santa Inés, Azcapotzalco, Distrito Federal",110 m² construidos,3 recámaras,2 baños,https://departamento.mercadolibre.com.mx/MLM-2937241767-departamento-en-venta-santa-ines-azcapotzalco-_JM,https://http2.mlstatic.com/D_NQ_NP_2X_672449-MLM99736823051_112025-E.webp,AZCAPOTZALCO
"Venta Departamento San Martin Xochinahuac, Azcapotzalco 11272",2550000,MXN,"11272 Fresnos 2 C202, San Martín Xochináhuac, Azcapotzalco, Distrito Federal",70 m² construidos,2 recámaras,2 baños,https://departamento.mercadolibre.com.mx/MLM-2797775817-venta-departamento-san-martin-xochinahuac-azcapotzalco-11272-_JM,https://http2.mlstatic.com/D_NQ_NP_2X_991574-MLM108175800260_032026-E.webp,AZCAPOTZALCO
"Departamento En Venta En Del Gas, Azcapotzalco, Ciudad De México",4200000,MXN,"Avenida Jardín, Del Gas, Azcapotzalco, Distrito Federal",80 m² construidos,,,https://departamento.mercadolibre.com.mx/MLM-2811122523-departamento-en-venta-en-del-gas-azcapotzalco-ciudad-de-mexico-_JM,https://http2.mlstatic.com/D_NQ_NP_2X_893100-MLM109286605263_032026-E.webp,AZCAPOTZALCO
"Departamento En Venta En Colonia San Pedro Xalpa, Azcapotzalco, Ciudad De México",2950000,MXN,"SAN ISIDRO  680, San Pedro Xalpa, Azcapotzalco, Distrito Federal",70 m² construidos,2 recámaras,2 baños,https://departamento.mercadolibre.com.mx/MLM-2937249641-departamento-en-venta-en-colonia-san-pedro-xalpa-azcapotzalco-ciudad-de-mexico-_JM,https://http2.mlstatic.com/D_NQ_NP_2X_906629-MLM111810599357_052026-E.webp,AZCAPOTZALCO
En Venta Departamento En Azcapotzalco,3700000,MXN,"Azcapotzalco, Distrito Federal",75 m² construidos,3 recámaras,2 baños,https://departamento.mercadolibre.com.mx/MLM-2798019999-en-venta-departamento-en-azcapotzalco-_JM,https://http2.mlstatic.com/D_NQ_NP_2X_774527-MLM108966040341_032026-E.webp,AZCAPOTZALCO
Se Vende Departamento En Av. 22 De Febrero,2000000,MXN,"Av. 22 De Febrero 423, San Marcos, Azcapotzalco, Distrito Federal",47 m² construidos,2 recámaras,1 baño,https://departamento.mercadolibre.com.mx/MLM-5394928798-se-vende-departamento-en-av-22-de-febrero-_JM,https://http2.mlstatic.com/D_NQ_NP_2X_861681-MLM112752152823_062026-E.webp,AZCAPOTZALCO
Departamento 50m2 En Azcapotzalco Pre Venta  2 Recamaras  Enero 28,3100000,MXN,"Del Gas, Azcapotzalco, Distrito Federal",49 m² construidos,2 recámaras,1 baño,https://departamento.mercadolibre.com.mx/MLM-5258974662-departamento-50m2-en-azcapotzalco-pre-venta-2-recamaras-enero-28-_JM,https://http2.mlstatic.com/D_NQ_NP_2X_961554-MLM114714100283_072026-E.webp,AZCAPOTZALCO
"Departamento En Preventa En Plenitud, Azcapotzalco, Cdmx.",5850000,MXN,"Camino A Nextengo,, Plenitud, Azcapotzalco, Distrito Federal",150 m² construidos,3 recámaras,3 baños,https://departamento.mercadolibre.com.mx/MLM-2798017391-departamento-en-preventa-en-plenitud-azcapotzalco-cdmx-_JM,https://http2.mlstatic.com/D_NQ_NP_2X_727721-MLM108183658014_032026-E.webp,AZCAPOTZALCO
"Departamento En Venta En Ex Hacienda Del Rosario, Azcapotzalco, Cdmx",2175000,MXN,"Av. Aquiles Serdán Supermanzana 1, Ex-Hacienda El Rosario, Azcapotzalco, Distrito Federal",78 m² construidos,2 recámaras,1 baño,https://departamento.mercadolibre.com.mx/MLM-5376887494-departamento-en-venta-en-ex-hacienda-del-rosario-azcapotzalco-cdmx-_JM,https://http2.mlstatic.com/D_NQ_NP_2X_772753-MLM111960402745_052026-E.webp,AZCAPOTZALCO
Departamento En Venta Parque Jardín Col. Del Gas Azcapotzalco Da402,4450000,MXN,"Del Gas, Azcapotzalco, Distrito Federal",91 m² construidos,2 recámaras,2 baños,https://departamento.mercadolibre.com.mx/MLM-4948172776-departamento-en-venta-parque-jardin-col-del-gas-azcapotzalco-da402-_JM,https://http2.mlstatic.com/D_NQ_NP_2X_682891-MLM108114429335_032026-E.webp,AZCAPOTZALCO
Departamento 78m2 De 3 Recamaras Balcon 1 Estacionamiento Azcapotzalco,3650748,MXN,"Ampliación Petrolera, Azcapotzalco, Distrito Federal",78 m² construidos,3 recámaras,2 baños,https://departamento.mercadolibre.com.mx/MLM-5132944218-departamento-78m2-de-3-recamaras-balcon-1-estacionamiento-azcapotzalco-_JM,https://http2.mlstatic.com/D_NQ_NP_2X_877050-MLM82942599959_032025-E.webp,AZCAPOTZALCO
Departamento 3 Recamaras 3 Baños En Azcapotzalco 74 M2 Entrega Enero 2026,4064000,MXN,"Arenal, Azcapotzalco, Distrito Federal",73 m² construidos,3 recámaras,3 baños,https://departamento.mercadolibre.com.mx/MLM-4873960196-departamento-3-recamaras-3-banos-en-azcapotzalco-74-m2-entrega-enero-2026-_JM,https://http2.mlstatic.com/D_NQ_NP_2X_829885-MLM92604916563_092025-E.webp,AZCAPOTZALCO
"Departamento En Venta En Colonia Santo Tomás, Azcapotzalco, Ciudad De México",3100000,MXN,"Conjunto Habitacional Las Mercedes S/n, Santo Tomas, Azcapotzalco, Distrito Federal",97 m² construidos,3 recámaras,2 baños,https://departamento.mercadolibre.com.mx/MLM-5674238238-departamento-en-venta-en-colonia-santo-tomas-azcapotzalco-ciudad-de-mexico-_JM,https://http2.mlstatic.com/D_NQ_NP_2X_688870-MLM113107913998_072026-E.webp,AZCAPOTZALCO
Venta Departamentos San Juan Tlihuaca T-df0212-0083,2050000,MXN,"PRIV HORMIGUERO, San Juan Tlihuaca, Azcapotzalco, Distrito Federal",54 m² construidos,3 recámaras,1 baño,https://departamento.mercadolibre.com.mx/MLM-2996560669-venta-departamentos-san-juan-tlihuaca-t-df0212-0083-_JM,https://http2.mlstatic.com/D_NQ_NP_2X_722204-MLM106145798942_022026-E.webp,AZCAPOTZALCO
Departamento 2 Recamaras En Azcapotzalco 62 M2 Entrega Enero 2026,3360000,MXN,"Arenal, Azcapotzalco, Distrito Federal",61 m² construidos,2 recámaras,1 baño,https://departamento.mercadolibre.com.mx/MLM-4873973238-departamento-2-recamaras-en-azcapotzalco-62-m2-entrega-enero-2026-_JM,https://http2.mlstatic.com/D_NQ_NP_2X_600119-MLM92198848120_092025-E.webp,AZCAPOTZALCO
Departamento En Venta En Azcapotzalco,1950000,MXN,"Nopatitla, Santa Maria Malinalco, Azcapotzalco, Distrito Federal",57 m² construidos,2 recámaras,1 baño,https://departamento.mercadolibre.com.mx/MLM-3215260795-departamento-en-venta-en-azcapotzalco-_JM,https://http2.mlstatic.com/D_NQ_NP_2X_936903-MLM115303166437_072026-E.webp,AZCAPOTZALCO
Departamento 2 Recamaras En Azcapotzalco 66 M2 Entrega Enero 2026,3465525,MXN,"Arenal, Azcapotzalco, Distrito Federal",66 m² construidos,2 recámaras,2 baños,https://departamento.mercadolibre.com.mx/MLM-4873650374-departamento-2-recamaras-en-azcapotzalco-66-m2-entrega-enero-2026-_JM,https://http2.mlstatic.com/D_NQ_NP_2X_666498-MLM92604904301_092025-E.webp,AZCAPOTZALCO
"Pent-house  En Venta San Pedro Xalpa, Azcapotzalco",6300000,MXN,"San Pedro Xalpa, Azcapotzalco, Distrito Federal",160 m² construidos,3 recámaras,3 baños,https://departamento.mercadolibre.com.mx/MLM-5357408210-pent-house-en-venta-san-pedro-xalpa-azcapotzalco-_JM,https://http2.mlstatic.com/D_NQ_NP_2X_730648-MLM105702456729_012026-E.webp,AZCAPOTZALCO
"Departamento En Venta Cosmopolita, Azcapotzalco",3300000,MXN,"Cosmopolita, Azcapotzalco, Distrito Federal",65 m² construidos,3 recámaras,2 baños,https://departamento.mercadolibre.com.mx/MLM-5113946844-departamento-en-venta-cosmopolita-azcapotzalco-_JM,https://http2.mlstatic.com/D_NQ_NP_2X_704746-MLM109938618477_042026-E.webp,AZCAPOTZALCO
Venta Departamentos Nueva Santa Maria T-df0075-0726,3600000,MXN,"CLAVELINAS, Nueva Santa María, Azcapotzalco, Distrito Federal",56 m² construidos,2 recámaras,1 baño,https://departamento.mercadolibre.com.mx/MLM-3096602385-venta-departamentos-nueva-santa-maria-t-df0075-0726-_JM,https://http2.mlstatic.com/D_NQ_NP_2X_919164-MLM113034593900_072026-E.webp,AZCAPOTZALCO
"Ultimo Depto. 2do Nivel En Venta, El Recreo, Azcapotzalco.",4329000,MXN,"Heraldo 123, Del Recreo, Azcapotzalco, Distrito Federal",87 m² construidos,3 recámaras,2 baños,https://departamento.mercadolibre.com.mx/MLM-5649426724-ultimo-depto-2do-nivel-en-venta-el-recreo-azcapotzalco-_JM,https://http2.mlstatic.com/D_NQ_NP_2X_827324-MLM114215627581_072026-E.webp,AZCAPOTZALCO
"Departamento En Venta En Azcapotzalco, Santo Tomas Rt 26-1848.",3646500,MXN,"Azcapotzalco ,santo Tomas, Azcapotzalco, Distrito Federal",67 m² construidos,2 recámaras,2 baños,https://departamento.mercadolibre.com.mx/MLM-3191776189-departamento-en-venta-en-azcapotzalco-santo-tomas-rt-26-1848-_JM,https://http2.mlstatic.com/D_NQ_NP_2X_614673-MLM113831655052_072026-E.webp,AZCAPOTZALCO
"Departamento En Venta En El Jagüey, Azcapotzalco, Ciudad De México",2950000,MXN,"Cerrada De Las Granjas 125, El Jagüey, Azcapotzalco, Distrito Federal",66 m² construidos,2 recámaras,1 baño,https://departamento.mercadolibre.com.mx/MLM-5325382580-departamento-en-venta-en-el-jaguey-azcapotzalco-ciudad-de-mexico-_JM,https://http2.mlstatic.com/D_NQ_NP_2X_794124-MLM110832760060_052026-E.webp,AZCAPOTZALCO
Ph En Venta En Azcapotzalco,4200000,MXN,"Grecia 151, San Álvaro, Azcapotzalco, Distrito Federal",65 m² construidos,2 recámaras,2 baños,https://departamento.mercadolibre.com.mx/MLM-5834117044-ph-en-venta-en-azcapotzalco-_JM,https://http2.mlstatic.com/D_NQ_NP_2X_681677-MLM113951515352_072026-E.webp,AZCAPOTZALCO
"Ylf Venta Departamento San Antonio, Azcapotzalco Cdmx",3370000,MXN,"San Antonio, Azcapotzalco, Distrito Federal",95 m² construidos,3 recámaras,2 baños,https://departamento.mercadolibre.com.mx/MLM-3167019325-ylf-venta-departamento-san-antonio-azcapotzalco-cdmx-_JM,https://http2.mlstatic.com/D_NQ_NP_2X_847629-MLM113630382330_072026-E.webp,AZCAPOTZALCO
Venta Departamentos Francisco Villa T-df0212-0099,1925000,MXN,"VICTOR HERNANDEZ, Francisco Villa, Azcapotzalco, Distrito Federal",77 m² construidos,3 recámaras,1 baño,https://departamento.mercadolibre.com.mx/MLM-5780588262-venta-departamentos-francisco-villa-t-df0212-0099-_JM,https://http2.mlstatic.com/D_NQ_NP_2X_826630-MLM113687018276_072026-E.webp,AZCAPOTZALCO
Departamento En Venta En Ampliación Petrolera,2650000,MXN,"Miguel Lerdo De Tejada, Ampliación Petrolera, Azcapotzalco, Distrito Federal",64 m² construidos,2 recámaras,2 baños,https://departamento.mercadolibre.com.mx/MLM-5844266940-departamento-en-venta-en-ampliacion-petrolera-_JM,https://http2.mlstatic.com/D_NQ_NP_2X_843108-MLM113988894718_072026-E.webp,AZCAPOTZALCO
"Departamento En Venta En Santa Barbara, Azcapotzalco Gis 26-3124",1950000,MXN,"Departamento En Venta En Santa Barbara, Azcapotzalco GIS 26-3124, Azcapotzalco, Distrito Federal",49 m² construidos,2 recámaras,1 baño,https://departamento.mercadolibre.com.mx/MLM-5756664396-departamento-en-venta-en-santa-barbara-azcapotzalco-gis-26-3124-_JM,https://http2.mlstatic.com/D_NQ_NP_2X_765905-MLM113572999974_072026-E.webp,AZCAPOTZALCO
Departamento Remodelado En Venta En El Condómino Real De San Martín,2296000,MXN,"Santa Bárbara, Azcapotzalco, Distrito Federal",49 m² construidos,2 recámaras,1 baño,https://departamento.mercadolibre.com.mx/MLM-2754521961-departamento-remodelado-en-venta-en-el-condomino-real-de-san-martin-_JM,https://http2.mlstatic.com/D_NQ_NP_2X_681484-MLM107087694368_022026-E.webp,AZCAPOTZALCO
"Departamento En Venta En Colonia El Jagüey, Azcapotzalco, Ciudad De México",4000000,MXN,"Av. De Las Granjas 605, El Jagüey, Azcapotzalco, Distrito Federal",107 m² construidos,3 recámaras,2 baños,https://departamento.mercadolibre.com.mx/MLM-5535219906-departamento-en-venta-en-colonia-el-jaguey-azcapotzalco-ciudad-de-mexico-_JM,https://http2.mlstatic.com/D_NQ_NP_2X_736110-MLM113479709425_062026-E.webp,AZCAPOTZALCO
Venta Departamentos Unidad Cuitlahuac T-df0221-0032,3400000,MXN,"AVENIDA JARDIN, Unidad Cuitlahuac, Azcapotzalco, Distrito Federal",68 m² construidos,2 recámaras,1 baño,https://departamento.mercadolibre.com.mx/MLM-3214604537-venta-departamentos-unidad-cuitlahuac-t-df0221-0032-_JM,https://http2.mlstatic.com/D_NQ_NP_2X_932644-MLM113982767496_072026-E.webp,AZCAPOTZALCO
"Pent-house En Venta San Pedro Xalpa, Azcapotzalco",6300000,MXN,"San Pedro Xalpa, Azcapotzalco, Distrito Federal",160 m² construidos,3 recámaras,3 baños,https://departamento.mercadolibre.com.mx/MLM-4832351536-pent-house-en-venta-san-pedro-xalpa-azcapotzalco-_JM,https://http2.mlstatic.com/D_NQ_NP_2X_964451-MLM107585927225_022026-E.webp,AZCAPOTZALCO
Departamento 52m2 Preventa 2 Recamaras Entrega Enero 28,3350000,MXN,"Del Gas, Azcapotzalco, Distrito Federal",52 m² construidos,2 recámaras,2 baños,https://departamento.mercadolibre.com.mx/MLM-2897255747-departamento-52m2-preventa-2-recamaras-entrega-enero-28-_JM,https://http2.mlstatic.com/D_NQ_NP_2X_821808-MLM111006719043_042026-E.webp,AZCAPOTZALCO
"Departamento Nuevo Metro Camarones, Azcapotzalco",3616836,MXN,"Ampliación Petrolera, Azcapotzalco, Distrito Federal",78 m² construidos,3 recámaras,2 baños,https://departamento.mercadolibre.com.mx/MLM-5395529436-departamento-nuevo-metro-camarones-azcapotzalco-_JM,https://http2.mlstatic.com/D_NQ_NP_2X_845231-MLM100766972775_122025-E.webp,AZCAPOTZALCO
"Departamento En Venta Av Jardín, Ampliación Del Gas, Azcapotzalco Hv52",3990000,MXN,"Ampliación Del Gas, Azcapotzalco, Distrito Federal",83 m² construidos,3 recámaras,2 baños,https://departamento.mercadolibre.com.mx/MLM-2979118091-departamento-en-venta-av-jardin-ampliacion-del-gas-azcapotzalco-hv52-_JM,https://http2.mlstatic.com/D_NQ_NP_2X_683524-MLM112698364315_062026-E.webp,AZCAPOTZALCO
Departamento En Venta En Ampliación Petrolera,3500524,MXN,"Departamentos En Venta En Ampliación Petrolera S/N, Ampliación Petrolera, Azcapotzalco, Distrito Federal",74 m² construidos,3 recámaras,2 baños,https://departamento.mercadolibre.com.mx/MLM-4791442330-departamento-en-venta-en-ampliacion-petrolera-_JM,https://http2.mlstatic.com/D_NQ_NP_2X_932731-MLM107375671963_022026-E.webp,AZCAPOTZALCO
"Departamento En Venta Ampliación Del Gas, Azcapotzalco",3500000,MXN,"Ampliación Del Gas, Azcapotzalco, Distrito Federal",65 m² construidos,2 recámaras,2 baños,https://departamento.mercadolibre.com.mx/MLM-2937241785-departamento-en-venta-ampliacion-del-gas-azcapotzalco-_JM,https://http2.mlstatic.com/D_NQ_NP_2X_613732-MLM99735862923_112025-E.webp,AZCAPOTZALCO
"¡increible Venta De Departamentos, Ciudad De México!",2699009,MXN,"Jardín Azpeitia, Azcapotzalco, Distrito Federal",54 m² construidos,2 recámaras,1 baño,https://departamento.mercadolibre.com.mx/MLM-2746881673-increible-venta-de-departamentos-ciudad-de-mexico-_JM,https://http2.mlstatic.com/D_NQ_NP_2X_838561-MLM107457776953_022026-E.webp,AZCAPOTZALCO
"Departamento Nuevo En Pre-venta Cdmx, Azcapotzalco.",3466000,MXN,"CALLE PINO 588, Arenal, Azcapotzalco, Distrito Federal",61 m² construidos,2 recámaras,1 baño,https://departamento.mercadolibre.com.mx/MLM-5780512314-departamento-nuevo-en-pre-venta-cdmx-azcapotzalco-_JM,https://http2.mlstatic.com/D_NQ_NP_2X_749714-MLM114973573465_072026-E.webp,AZCAPOTZALCO
Departamento  En Venta En Inclusiv Con Roof Garden Privado. Enttrega Inmediata,3890000,MXN,"Calle 4, Del Gas, Azcapotzalco, Distrito Federal",63 m² construidos,2 recámaras,2 baños,https://departamento.mercadolibre.com.mx/MLM-3215261121-departamento-en-venta-en-inclusiv-con-roof-garden-privado-enttrega-inmediata-_JM,https://http2.mlstatic.com/D_NQ_NP_2X_888979-MLM115303203025_072026-E.webp,AZCAPOTZALCO
Departamento En  Venta En Santo Domingo Azcapotzalco Gis 25-2365,2781700,MXN,"Santo Domingo Azcapotzalco, Azcapotzalco, Distrito Federal",64 m² construidos,2 recámaras,2 baños,https://departamento.mercadolibre.com.mx/MLM-5756664288-departamento-en-venta-en-santo-domingo-azcapotzalco-gis-25-2365-_JM,https://http2.mlstatic.com/D_NQ_NP_2X_750149-MLM113572974648_072026-E.webp,AZCAPOTZALCO
Se Vende Departamento En Puerta Jardín,4100000,MXN,"Av. Jardin 257, Ampliación Del Gas, Azcapotzalco, Distrito Federal",81 m² construidos,,,https://departamento.mercadolibre.com.mx/MLM-2940775991-se-vende-departamento-en-puerta-jardin-_JM,https://http2.mlstatic.com/D_NQ_NP_2X_998608-MLM110901480306_052026-E.webp,AZCAPOTZALCO
Departamento En Venta En Azcapotzalco,3621500,MXN,"Ampliación Del Gas, Azcapotzalco, Distrito Federal",60 m² construidos,2 recámaras,2 baños,https://departamento.mercadolibre.com.mx/MLM-5357408254-departamento-en-venta-en-azcapotzalco-_JM,https://http2.mlstatic.com/D_NQ_NP_2X_836403-MLM99250180454_112025-E.webp,AZCAPOTZALCO
Se Vende Departamento En San Pedro Xalpa,2200000,MXN,"San Pedro Xalpa, Azcapotzalco, Distrito Federal",48 m² construidos,1 recámara,1 baño,https://departamento.mercadolibre.com.mx/MLM-5759580288-se-vende-departamento-en-san-pedro-xalpa-_JM,https://http2.mlstatic.com/D_NQ_NP_2X_708478-MLM113594366434_072026-E.webp,AZCAPOTZALCO
Departamento En Venta En Ampliación Del Gas Azcapotzalco Gis 25-1971,3121163,MXN,"Ampliación Del Gas Azcapotzalco, Ampliación Del Gas, Azcapotzalco, Distrito Federal",52 m² construidos,2 recámaras,1 baño,https://departamento.mercadolibre.com.mx/MLM-3160155263-departamento-en-venta-en-ampliacion-del-gas-azcapotzalco-gis-25-1971-_JM,https://http2.mlstatic.com/D_NQ_NP_2X_889963-MLM113572973694_072026-E.webp,AZCAPOTZALCO
Departamento En Venta En Ampliación Del Gas Azcapotzalco Gis 25-1973,4135000,MXN,"Ampliación Del Gas Azcapotzalco, Ampliación Del Gas, Azcapotzalco, Distrito Federal",72 m² construidos,2 recámaras,1 baño,https://departamento.mercadolibre.com.mx/MLM-5756664272-departamento-en-venta-en-ampliacion-del-gas-azcapotzalco-gis-25-1973-_JM,https://http2.mlstatic.com/D_NQ_NP_2X_907071-MLM114846682289_072026-E.webp,AZCAPOTZALCO
Departamento En Venta En Ampliación Del Gas Azcapotzalco Gis 25-1970,3692818,MXN,"Ampliación Del Gas Azcapotzalco, Ampliación Del Gas, Azcapotzalco, Distrito Federal",60 m² construidos,2 recámaras,2 baños,https://departamento.mercadolibre.com.mx/MLM-5757111518-departamento-en-venta-en-ampliacion-del-gas-azcapotzalco-gis-25-1970-_JM,https://http2.mlstatic.com/D_NQ_NP_2X_775456-MLM113572973720_072026-E.webp,AZCAPOTZALCO
Departamento En Venta En Ampliación Del Gas Azcapotzalco Gis 25-1974,2990361,MXN,"Ampliación Del Gas Azcapotzalco, Ampliación Del Gas, Azcapotzalco, Distrito Federal",49 m² construidos,2 recámaras,1 baño,https://departamento.mercadolibre.com.mx/MLM-5757111514-departamento-en-venta-en-ampliacion-del-gas-azcapotzalco-gis-25-1974-_JM,https://http2.mlstatic.com/D_NQ_NP_2X_814340-MLM113572973592_072026-E.webp,AZCAPOTZALCO
"Departamentos En Venta En Garden Azcapotzalco, Colonia Santo Tomás, Azcapotzalco, Cdmx",4582000,MXN,"Garden Azcapotzalco S/N, Santo Tomas, Azcapotzalco, Distrito Federal",97 m² construidos,3 recámaras,3 baños,https://departamento.mercadolibre.com.mx/MLM-2745032489-departamentos-en-venta-en-garden-azcapotzalco-colonia-santo-tomas-azcapotzalco-cdmx-_JM,https://http2.mlstatic.com/D_NQ_NP_2X_805024-MLM107375601821_022026-E.webp,AZCAPOTZALCO
Departamento En Venta En San Isidro,2700000,MXN,"Av. Renacimiento, San Isidro, Azcapotzalco, Distrito Federal",60 m² construidos,2 recámaras,2 baños,https://departamento.mercadolibre.com.mx/MLM-5844268280-departamento-en-venta-en-san-isidro-_JM,https://http2.mlstatic.com/D_NQ_NP_2X_908929-MLM115304697939_072026-E.webp,AZCAPOTZALCO
Departamento En Venta En Azcapotzalco Ampliacion Del Gas Mg 26-322,4083710,MXN,"Azcapotzalco Ampliacion Del Gas, Ampliación Del Gas, Azcapotzalco, Distrito Federal",74 m² construidos,3 recámaras,2 baños,https://departamento.mercadolibre.com.mx/MLM-2947893475-departamento-en-venta-en-azcapotzalco-ampliacion-del-gas-mg-26-322-_JM,https://http2.mlstatic.com/D_NQ_NP_2X_702849-MLM111029718694_052026-E.webp,AZCAPOTZALCO
Venta Departamentos Petrolera T-df0253-0021,1850000,MXN,"AV. MIGUEL HIDALGO, Petrolera, Azcapotzalco, Distrito Federal",65 m² construidos,2 recámaras,1 baño,https://departamento.mercadolibre.com.mx/MLM-3214084311-venta-departamentos-petrolera-t-df0253-0021-_JM,https://http2.mlstatic.com/D_NQ_NP_2X_811893-MLM113979676286_072026-E.webp,AZCAPOTZALCO
Venta Departamentos Unidad Cuitlahuac T-df0221-0045,1890000,MXN,"UNIDAD CUITLAHUAC, Unidad Cuitlahuac, Azcapotzalco, Distrito Federal",70 m² construidos,3 recámaras,1 baño,https://departamento.mercadolibre.com.mx/MLM-3214592157-venta-departamentos-unidad-cuitlahuac-t-df0221-0045-_JM,https://http2.mlstatic.com/D_NQ_NP_2X_884091-MLM113982740232_072026-E.webp,AZCAPOTZALCO
"Departamento En Venta Tezozomoc, Azcapotzalco",3190000,MXN,"Tezozomoc, Azcapotzalco, Distrito Federal",105 m² construidos,4 recámaras,2 baños,https://departamento.mercadolibre.com.mx/MLM-5357408240-departamento-en-venta-tezozomoc-azcapotzalco-_JM,https://http2.mlstatic.com/D_NQ_NP_2X_796955-MLM100083935389_122025-E.webp,AZCAPOTZALCO
"Departamento Santo Tomas Azcapotzalco, Cdmx",3501500,MXN,"Santo Tomas, Azcapotzalco, Distrito Federal",67 m² construidos,2 recámaras,2 baños,https://departamento.mercadolibre.com.mx/MLM-5395541276-departamento-santo-tomas-azcapotzalco-cdmx-_JM,https://http2.mlstatic.com/D_NQ_NP_2X_915473-MLM100275535284_122025-E.webp,AZCAPOTZALCO
Claveria- Azcapotzalco,3905000,MXN,"Avenida Cuitlahuac 3125, Clavería, Azcapotzalco, Distrito Federal",92 m² construidos,1 recámara,1 baño,https://departamento.mercadolibre.com.mx/MLM-5793402716-claveria-azcapotzalco-_JM,https://http2.mlstatic.com/D_NQ_NP_2X_742792-MLM115034190661_072026-E.webp,AZCAPOTZALCO
Departamento  Preventa Enero 27 De 66m2 En Azcapotzalco 2 Recamaras,3465525,MXN,"Arenal, Azcapotzalco, Distrito Federal",66 m² construidos,2 recámaras,2 baños,https://departamento.mercadolibre.com.mx/MLM-2897257231-departamento-preventa-enero-27-de-66m2-en-azcapotzalco-2-recamaras-_JM,https://http2.mlstatic.com/D_NQ_NP_2X_750225-MLM111006915697_042026-E.webp,AZCAPOTZALCO
"Departamento En Venta Sto Tomas, Azcapotzalco",4995000,MXN,"Santo Tomas, Azcapotzalco, Distrito Federal",79 m² construidos,2 recámaras,2 baños,https://departamento.mercadolibre.com.mx/MLM-5357382982-departamento-en-venta-sto-tomas-azcapotzalco-_JM,https://http2.mlstatic.com/D_NQ_NP_2X_949359-MLM99255763074_112025-E.webp,AZCAPOTZALCO
"Departamento En Venta Francisco Villa, Acapotzalco",2900000,MXN,"Francisco Villa, Azcapotzalco, Distrito Federal",94 m² construidos,3 recámaras,2 baños,https://departamento.mercadolibre.com.mx/MLM-3081316465-departamento-en-venta-francisco-villa-acapotzalco-_JM,https://http2.mlstatic.com/D_NQ_NP_2X_916405-MLM114130625155_072026-E.webp,AZCAPOTZALCO
Venta Departamentos Petrolera T-df0253-0020,2200000,MXN,"C. RAFAEL ALDUCIN, Petrolera, Azcapotzalco, Distrito Federal",71 m² construidos,3 recámaras,1 baño,https://departamento.mercadolibre.com.mx/MLM-5717731286-venta-departamentos-petrolera-t-df0253-0020-_JM,https://http2.mlstatic.com/D_NQ_NP_2X_974668-MLM114567706923_072026-E.webp,AZCAPOTZALCO
"Departamento En Venta En Nextengo, Azcapotzalco, Cdmx",1690000,MXN,"Industria, Nextengo, Azcapotzalco, Distrito Federal",53 m² construidos,1 recámara,1 baño,https://departamento.mercadolibre.com.mx/MLM-5823729930-departamento-en-venta-en-nextengo-azcapotzalco-cdmx-_JM,https://http2.mlstatic.com/D_NQ_NP_2X_724745-MLM113903159684_072026-E.webp,AZCAPOTZALCO
Hermoso Departamento Sobre Avenida Cdmx,2550000,MXN,"Calz De La Naranja 11, San Miguel Amantla, Azcapotzalco, 02700 Ciudad De México, CDMX, Mexico, San Miguel Amantla, Azcapotzalco, Distrito Federal",60 m² construidos,2 recámaras,2 baños,https://departamento.mercadolibre.com.mx/MLM-3239539715-hermoso-departamento-sobre-avenida-cdmx-_JM,https://http2.mlstatic.com/D_NQ_NP_2X_693486-MLM115523623303_082026-E.webp,AZCAPOTZALCO
"Departamento En Colonia Del Gas, Azcapotzalco Con 2 Recámaras, 58 M², Id: 100481",3300000,MXN,"San Francisco Xocotitla, Azcapotzalco, Distrito Federal",58 m² construidos,2 recámaras,1 baño,https://departamento.mercadolibre.com.mx/MLM-2880822165-departamento-en-colonia-del-gas-azcapotzalco-con-2-recamaras-58-m-id-100481-_JM,https://http2.mlstatic.com/D_NQ_NP_2X_685734-MLM110715263433_042026-E.webp,AZCAPOTZALCO
"Departamento En Santa Cruz Acayucan, Azcapotzalco Con 5 Recámaras, 320 M², Id: 169660",8000000,MXN,"Santa Cruz Acayucan, Santa Cruz Acayucan, Azcapotzalco, Distrito Federal",320 m² construidos,5 recámaras,3 baños,https://departamento.mercadolibre.com.mx/MLM-2874147797-departamento-en-santa-cruz-acayucan-azcapotzalco-con-5-recamaras-320-m-id-169660-_JM,https://http2.mlstatic.com/D_NQ_NP_2X_715901-MLM109710045824_042026-E.webp,AZCAPOTZALCO
San Isidro 588,4600000,MXN,"Calzada San Isidro, San Pedro Xalpa, Azcapotzalco, Distrito Federal",144 m² construidos,3 recámaras,3 baños,https://departamento.mercadolibre.com.mx/MLM-5833453890-san-isidro-588-_JM,https://http2.mlstatic.com/D_NQ_NP_2X_876802-MLM115257879415_072026-E.webp,AZCAPOTZALCO
Departamento En Col. San Juan Tlihuaca / 60m2,2650000,MXN,"San Juan Tlihuaca, Azcapotzalco, Distrito Federal",60 m² construidos,2 recámaras,1 baño,https://departamento.mercadolibre.com.mx/MLM-3213983361-departamento-en-col-san-juan-tlihuaca-60m2-_JM,https://http2.mlstatic.com/D_NQ_NP_2X_809662-MLM115353544715_072026-E.webp,AZCAPOTZALCO
"Departamento En Venta En Ex-hacienda El Rosario, Azcapotzalco",2350000,MXN,"Manuel Salazar, Ex-Hacienda El Rosario, Azcapotzalco, Distrito Federal",65 m² construidos,2 recámaras,2 baños,https://departamento.mercadolibre.com.mx/MLM-5833453992-departamento-en-venta-en-ex-hacienda-el-rosario-azcapotzalco-_JM,https://http2.mlstatic.com/D_NQ_NP_2X_925629-MLM115257860329_072026-E.webp,AZCAPOTZALCO
"Departamento En Venta En Corintio 680 San Isidro , Azcapotzalco",4600000,MXN,"Calle San Isidro 680, San Pedro Xalpa, Azcapotzalco, Distrito Federal",91 m² construidos,3 recámaras,2 baños,https://departamento.mercadolibre.com.mx/MLM-3002704073-departamento-en-venta-en-corintio-680-san-isidro-azcapotzalco-_JM,https://http2.mlstatic.com/D_NQ_NP_2X_954038-MLM111973733040_062026-E.webp,AZCAPOTZALCO
Venta De Departamento En Cuitlahuac 2939,3620000,MXN,"Av. Cuitlahuac 2939, Obrero Popular, Azcapotzalco, Distrito Federal",45 m² construidos,2 recámaras,1 baño,https://departamento.mercadolibre.com.mx/MLM-5480351930-venta-de-departamento-en-cuitlahuac-2939-_JM,https://http2.mlstatic.com/D_NQ_NP_2X_886816-MLM112998084635_062026-E.webp,AZCAPOTZALCO
"Venta De  Departamento, Euzkadi, Azcapotzalco.",2980000,MXN,"COOK 111, Euzkadi, Azcapotzalco, Distrito Federal",122 m² construidos,3 recámaras,1 baño,https://departamento.mercadolibre.com.mx/MLM-2798120763-venta-de-departamento-euzkadi-azcapotzalco-_JM,https://http2.mlstatic.com/D_NQ_NP_2X_898884-MLM108186170694_032026-E.webp,AZCAPOTZALCO
"Departamento En Venta En Ampliación Del Gas, Azcapotzalco, Ciudad De México",5850000,MXN,"Av. Jardín S/N, Ampliación Del Gas, Azcapotzalco, Distrito Federal",125 m² construidos,3 recámaras,2 baños,https://departamento.mercadolibre.com.mx/MLM-5747273700-departamento-en-venta-en-ampliacion-del-gas-azcapotzalco-ciudad-de-mexico-_JM,https://http2.mlstatic.com/D_NQ_NP_2X_858188-MLM114787932083_072026-E.webp,AZCAPOTZALCO
Departamento En Venta En Tres Lagos Azcapotzalco Con Amenidades,3180000,MXN,"Rio Consulado 800, Arenal, Azcapotzalco, Distrito Federal",60 m² construidos,2 recámaras,1 baño,https://departamento.mercadolibre.com.mx/MLM-5837335260-departamento-en-venta-en-tres-lagos-azcapotzalco-con-amenidades-_JM,https://http2.mlstatic.com/D_NQ_NP_2X_610049-MLM115271538759_072026-E.webp,AZCAPOTZALCO
Venta Depto San Pedro Xalpa Azcapotzalco,4290000,MXN,"Ampliación San Pedro Xalpa, Azcapotzalco, Distrito Federal",60 m² construidos,1 recámara,1 baño,https://departamento.mercadolibre.com.mx/MLM-2988237185-venta-depto-san-pedro-xalpa-azcapotzalco-_JM,https://http2.mlstatic.com/D_NQ_NP_2X_768382-MLM101477225611_122025-E.webp,AZCAPOTZALCO
"Departamento En Venta En Ampliación Del Gas, Azcapotzalco, Ciudad De México",3540000,MXN,"S/C S/N, Ampliación Del Gas, Azcapotzalco, Distrito Federal",67 m² construidos,2 recámaras,1 baño,https://departamento.mercadolibre.com.mx/MLM-3042421981-departamento-en-venta-en-ampliacion-del-gas-azcapotzalco-ciudad-de-mexico-_JM,https://http2.mlstatic.com/D_NQ_NP_2X_978358-MLM112516545440_062026-E.webp,AZCAPOTZALCO
"Departamento En Santo Tomas, Azcapotzalco Con 2 Recámaras, 51 M², Id: 174391",2500000,MXN,"Calzada Azcapotzalco - La Villa, Santo Tomas, Azcapotzalco, Distrito Federal",51 m² construidos,2 recámaras,1 baño,https://departamento.mercadolibre.com.mx/MLM-5575827368-departamento-en-santo-tomas-azcapotzalco-con-2-recamaras-51-m-id-174391-_JM,https://http2.mlstatic.com/D_NQ_NP_2X_952519-MLM113769662989_062026-E.webp,AZCAPOTZALCO
"Departamento En Santa Apolonia, Azcapotzalco Con 2 Recámaras, 50 M², Id: 144840",2499000,MXN,"Santa Cruz Acayucan, Santa Apolonia, Azcapotzalco, Distrito Federal",50 m² construidos,2 recámaras,1 baño,https://departamento.mercadolibre.com.mx/MLM-3068503755-departamento-en-santa-apolonia-azcapotzalco-con-2-recamaras-50-m-id-144840-_JM,https://http2.mlstatic.com/D_NQ_NP_2X_761561-MLM112790139324_072026-E.webp,AZCAPOTZALCO
San Isidro,4500000,MXN,"San Isidro, San Pedro Xalpa, Azcapotzalco, Distrito Federal",159 m² construidos,3 recámaras,2 baños,https://departamento.mercadolibre.com.mx/MLM-5833536122-san-isidro-_JM,https://http2.mlstatic.com/D_NQ_NP_2X_871383-MLM115257866133_072026-E.webp,AZCAPOTZALCO
Departamento En Venta En Santo Tomas,4607000,MXN,"SANTO TOMAS, Santo Tomas, Azcapotzalco, Distrito Federal",97 m² construidos,3 recámaras,3 baños,https://departamento.mercadolibre.com.mx/MLM-3174918231-departamento-en-venta-en-santo-tomas-_JM,https://http2.mlstatic.com/D_NQ_NP_2X_604384-MLM113680358114_072026-E.webp,AZCAPOTZALCO
"Penthouse Nuevo En Venta, San Isidro, Azcapotzalco",5699000,MXN,"San Isidro 588, San Pedro Xalpa Amp, Azcapotzalco, Distrito Federal",166 m² construidos,4 recámaras,2 baños,https://departamento.mercadolibre.com.mx/MLM-5490819234-penthouse-nuevo-en-venta-san-isidro-azcapotzalco-_JM,https://http2.mlstatic.com/D_NQ_NP_2X_947045-MLM111968353816_062026-E.webp,AZCAPOTZALCO
"Departamento En Venta En Col Santo Tomas, Alcaldia Azcapotzalco, Ciudad De Mexico.",2783588,MXN,"Calzada Santo Tomas, Santo Tomas, Azcapotzalco, Distrito Federal",67 m² construidos,2 recámaras,2 baños,https://departamento.mercadolibre.com.mx/MLM-3183523587-departamento-en-venta-en-col-santo-tomas-alcaldia-azcapotzalco-ciudad-de-mexico-_JM,https://http2.mlstatic.com/D_NQ_NP_2X_724949-MLM115032728765_072026-E.webp,AZCAPOTZALCO
Departamento 68 M² En Vida Vallejo (coltongo),2806372,MXN,"Calz. Coltongo 173, Coltongo, Azcapotzalco, Distrito Federal",68 m² construidos,2 recámaras,1 baño,https://departamento.mercadolibre.com.mx/MLM-3002624033-departamento-68-m-en-vida-vallejo-coltongo-_JM,https://http2.mlstatic.com/D_NQ_NP_2X_643333-MLM113098824313_062026-E.webp,AZCAPOTZALCO
Departamento En Venta En Azcapotzalco,3600000,MXN,"Calz. San Isidro 143, Petrolera, Ciudad De México, Petrolera, Azcapotzalco, Distrito Federal",73 m² construidos,2 recámaras,2 baños,https://departamento.mercadolibre.com.mx/MLM-4358154354-departamento-en-venta-en-azcapotzalco-_JM,https://http2.mlstatic.com/D_NQ_NP_2X_933665-MLM97995838451_112025-E.webp,AZCAPOTZALCO
Departamento En Piso 10 Con Acabados Premium En Corintio Granjas 300,2970964,MXN,"Av. De Las Granjas 300, San Sebastián, Azcapotzalco, Distrito Federal",63 m² construidos,2 recámaras,1 baño,https://departamento.mercadolibre.com.mx/MLM-5490791566-departamento-en-piso-10-con-acabados-premium-en-corintio-granjas-300-_JM,https://http2.mlstatic.com/D_NQ_NP_2X_957291-MLM113097078419_062026-E.webp,AZCAPOTZALCO
"Departamento En Venta Cerca Del Ipn Casco De Sto Tomas En Integrara Azcapotzalco En Poniente 54, Obrero Popular, Azcapotzaco, Cdmx - Althcmazopp543396a411v1v1-canid18435289413",2272000,MXN,"Poniente 54 #3396, Obrero Popular, Azcapotzalco, Distrito Federal",60 m² construidos,2 recámaras,1 baño,https://departamento.mercadolibre.com.mx/MLM-2862319171-departamento-en-venta-cerca-del-ipn-casco-de-sto-tomas-en-integrara-azcapotzalco-en-poniente-54-obrero-popular-azcapotzaco-cdmx-althcmazopp543396a411v1v1-canid18435289413-_JM,https://http2.mlstatic.com/D_NQ_NP_2X_899359-MLM109519274674_042026-E.webp,AZCAPOTZALCO
Departamento En Venta,2980000,MXN,"Av. 16 De Septiembre 197, Sta Ines, Ciudad De México, Santa Inés, Azcapotzalco, Distrito Federal",72 m² construidos,3 recámaras,2 baños,https://departamento.mercadolibre.com.mx/MLM-3189200229-departamento-en-venta-_JM,https://http2.mlstatic.com/D_NQ_NP_2X_920723-MLM112646004439_062026-E.webp,AZCAPOTZALCO
Departamento En Venta En Azcapotzalco,2899000,MXN,"Eje 3 Norte San Isidro 164 Torre E  903, Industrial San Antonio, Azcapotzalco, Distrito Federal",65 m² construidos,2 recámaras,2 baños,https://departamento.mercadolibre.com.mx/MLM-2959449351-departamento-en-venta-en-azcapotzalco-_JM,https://http2.mlstatic.com/D_NQ_NP_2X_719067-MLM111248866338_052026-E.webp,AZCAPOTZALCO
Departamento En Venta Sabino Colonia Ampliacion Del Gas Azcapotzalco,4520672,MXN,"Sabino, Ampliación Del Gas, Azcapotzalco, Distrito Federal",58 m² construidos,2 recámaras,2 baños,https://departamento.mercadolibre.com.mx/MLM-3215600361-departamento-en-venta-sabino-colonia-ampliacion-del-gas-azcapotzalco-_JM,https://http2.mlstatic.com/D_NQ_NP_2X_807709-MLM113991155806_072026-E.webp,AZCAPOTZALCO
Departamento En Venta Sabino Colonia Ampliacion Del Gas Azcapotzalco,3796665,MXN,"Sabino, Ampliación Del Gas, Azcapotzalco, Distrito Federal",62 m² construidos,2 recámaras,2 baños,https://departamento.mercadolibre.com.mx/MLM-3215574601-departamento-en-venta-sabino-colonia-ampliacion-del-gas-azcapotzalco-_JM,https://http2.mlstatic.com/D_NQ_NP_2X_907713-MLM113991206412_072026-E.webp,AZCAPOTZALCO
Departamento En Venta Sabino Colonia Ampliacion Del Gas Azcapotzalco,4605520,MXN,"Sabino, Ampliación Del Gas, Azcapotzalco, Distrito Federal",63 m² construidos,2 recámaras,2 baños,https://departamento.mercadolibre.com.mx/MLM-3215600353-departamento-en-venta-sabino-colonia-ampliacion-del-gas-azcapotzalco-_JM,https://http2.mlstatic.com/D_NQ_NP_2X_661379-MLM115307110717_072026-E.webp,AZCAPOTZALCO
"Departamento En Venta En Azcapotzalco, Ampliacion Del Gas Cmb 26-2400.",3800001,MXN,"Col Del Gas, Mexico City, Ampliación Del Gas, Azcapotzalco, Distrito Federal",68 m² construidos,2 recámaras,2 baños,https://departamento.mercadolibre.com.mx/MLM-5164897038-departamento-en-venta-en-azcapotzalco-ampliacion-del-gas-cmb-26-2400-_JM,https://http2.mlstatic.com/D_NQ_NP_2X_793243-MLM110277303743_042026-E.webp,AZCAPOTZALCO
"Departamento En Venta En Azcapotzalco , Ampliacion Del Gas Cmb 26-2400.",3927000,MXN,"Col Del Gas, Mexico City, Ampliación Del Gas, Azcapotzalco, Distrito Federal",68 m² construidos,2 recámaras,2 baños,https://departamento.mercadolibre.com.mx/MLM-5030569804-departamento-en-venta-en-azcapotzalco-ampliacion-del-gas-cmb-26-2400-_JM,https://http2.mlstatic.com/D_NQ_NP_2X_718509-MLM108184917502_032026-E.webp,AZCAPOTZALCO
"El Departamento Numero Doscientos Tres,  Ubicado En La Calle De Durango.",1630000,MXN,"Cda. Del Aguila, Santa Apolonia, Ciudad De México, Santa Cruz Acayucan, Azcapotzalco, Distrito Federal",46 m² construidos,2 recámaras,1 baño,https://departamento.mercadolibre.com.mx/MLM-2976283301-el-departamento-numero-doscientos-tres-ubicado-en-la-calle-de-durango-_JM,https://http2.mlstatic.com/D_NQ_NP_2X_851274-MLM112641779331_062026-E.webp,AZCAPOTZALCO
"Departamento En Venta En Azcapotzalco, Santo Tomas Cmb 26-1848.",3646500,MXN,"C. Michoacan 37, Santo Tomas, Azcapotzalco, 02020 Ciudad De México, CDMX, Mexico, Santo Tomas, Azcapotzalco, Distrito Federal",67 m² construidos,2 recámaras,2 baños,https://departamento.mercadolibre.com.mx/MLM-2952551573-departamento-en-venta-en-azcapotzalco-santo-tomas-cmb-26-1848-_JM,https://http2.mlstatic.com/D_NQ_NP_2X_922521-MLM111119302302_052026-E.webp,AZCAPOTZALCO
Departamento En Venta San Salvador Xochimanca Azcapotzalco,4391287,MXN,"Poniente, San Salvador Xochimanca, Azcapotzalco, Distrito Federal",73 m² construidos,3 recámaras,2 baños,https://departamento.mercadolibre.com.mx/MLM-3215587125-departamento-en-venta-san-salvador-xochimanca-azcapotzalco-_JM,https://http2.mlstatic.com/D_NQ_NP_2X_752975-MLM113991200448_072026-E.webp,AZCAPOTZALCO
Departamento En Venta San Salvador Xochimanca Azcapotzalco,4338570,MXN,"Nte 71, San Salvador Xochimanca, Azcapotzalco, Distrito Federal",70 m² construidos,3 recámaras,2 baños,https://departamento.mercadolibre.com.mx/MLM-3215574179-departamento-en-venta-san-salvador-xochimanca-azcapotzalco-_JM,https://http2.mlstatic.com/D_NQ_NP_2X_712308-MLM113991150292_072026-E.webp,AZCAPOTZALCO
Tres Lagos Azcapotzalco Departamento,3550000,MXN,"Av. Río Consulado 800, Col Del Gas, Azcapotzalco, 02970 Ciudad De México, CDMX, Mexico, Ampliación Del Gas, Azcapotzalco, Distrito Federal",61 m² construidos,2 recámaras,1 baño,https://departamento.mercadolibre.com.mx/MLM-5886541930-tres-lagos-azcapotzalco-departamento-_JM,https://http2.mlstatic.com/D_NQ_NP_2X_645293-MLM114124158064_082026-E.webp,AZCAPOTZALCO
"Preventa Departamentos A 15 Min De Polanco Y Reforma. Desde 52 M2, 2 Recámaras, 1 Baño",3100000,MXN,"C. 4 320, Col Del Gas, Ciudad De México, Ampliación Del Gas, Azcapotzalco, Distrito Federal",50 m² construidos,2 recámaras,1 baño,https://departamento.mercadolibre.com.mx/MLM-5849747840-preventa-departamentos-a-15-min-de-polanco-y-reforma-desde-52-m2-2-recamaras-1-bano-_JM,https://http2.mlstatic.com/D_NQ_NP_2X_843347-MLM115220242475_072026-E.webp,AZCAPOTZALCO
Se Vende Bonito Departamento,1500000,MXN,"San Pedro Xalpa, Mexico City, San Pedro Xalpa, Azcapotzalco, Distrito Federal",50 m² construidos,3 recámaras,1 baño,https://departamento.mercadolibre.com.mx/MLM-5779653508-se-vende-bonito-departamento-_JM,https://http2.mlstatic.com/D_NQ_NP_2X_957819-MLM114965888081_072026-E.webp,AZCAPOTZALCO
"Departamento En 10 Piso, Dos Años De Uso Preferentemente Comprar Con Crédito, Buen Lugar Para Vivir Avenidas Principales Cercanas Y Metro",4350000,MXN,"Mexico City, San Miguel Amantla, Azcapotzalco, Distrito Federal",67 m² construidos,2 recámaras,2 baños,https://departamento.mercadolibre.com.mx/MLM-5730683504-departamento-en-10-piso-dos-anos-de-uso-preferentemente-comprar-con-credito-buen-lugar-para-vivir-avenidas-principales-cercanas-y-metro-_JM,https://http2.mlstatic.com/D_NQ_NP_2X_873737-MLM114656368291_072026-E.webp,AZCAPOTZALCO
"Bonito Depto Exterior Recién Remodelado, Excelentes Acabados",2500000,MXN,"Av. Morelos 95, San Andres, Ciudad De México, San Andrés, Azcapotzalco, Distrito Federal",71 m² construidos,2 recámaras,1 baño,https://departamento.mercadolibre.com.mx/MLM-3227757597-bonito-depto-exterior-recien-remodelado-excelentes-acabados-_JM,https://http2.mlstatic.com/D_NQ_NP_2X_769567-MLM110666912203_042026-E.webp,AZCAPOTZALCO
"Excelente Ubicación, Parque Tezozomoc, Escuelas, Comercios, Cercanos.",3400000,MXN,"Hacienda San Nicolás El Grande, Hacienda Del Rosario, Ex El Rosario, Ciudad De México, Azcapotzalco, Distrito Federal",98 m² construidos,2 recámaras,1 baño,https://departamento.mercadolibre.com.mx/MLM-3136083705-excelente-ubicacion-parque-tezozomoc-escuelas-comercios-cercanos-_JM,https://http2.mlstatic.com/D_NQ_NP_2X_635175-MLM113305020342_072026-E.webp,AZCAPOTZALCO
"Departamento Dentro De Condominio En Excelente Ubicación, Escuelas, Hospitales, Mercado, Centro Comercial Cercanos, Transporte Público Cercano, Accesibilidad Diversas, Excelente Estado.",1100000,MXN,"Emilio Carranza 1 - 300, San Pedro Xalpa, Ciudad De México, Ampliación San Pedro Xalpa, Azcapotzalco, Distrito Federal",40 m² construidos,2 recámaras,1 baño,https://departamento.mercadolibre.com.mx/MLM-5780514664-departamento-dentro-de-condominio-en-excelente-ubicacion-escuelas-hospitales-mercado-centro-comercial-cercanos-transporte-publico-cercano-accesibilidad-diversas-excelente-estado-_JM,https://http2.mlstatic.com/D_NQ_NP_2X_683668-MLM113686379040_072026-E.webp,AZCAPOTZALCO
"Departamento En Preventa 2 Y 3 Recámaras,",3560866,MXN,"Calz. Camarones 1 - 300, Obrero Popular, Ciudad De México, Obrero Popular, Azcapotzalco, Distrito Federal",65 m² construidos,3 recámaras,2 baños,https://departamento.mercadolibre.com.mx/MLM-5731163402-departamento-en-preventa-2-y-3-recamaras-_JM,https://http2.mlstatic.com/D_NQ_NP_2X_867677-MLM113402491418_072026-E.webp,AZCAPOTZALCO
"Departamento Nuevo Cercano A Transporte, Plazas Comerciales, Mercado Público, Tianguis Y Parque Ecológico, Espacios Para Actividad Física Tanto Privados Como Públicos.",5800000,MXN,"C. Cam. A Nextengo 194, Plenitud, Ciudad De México, Plenitud, Azcapotzalco, Distrito Federal",135 m² construidos,3 recámaras,3 baños,https://departamento.mercadolibre.com.mx/MLM-3097329263-departamento-nuevo-cercano-a-transporte-plazas-comerciales-mercado-publico-tianguis-y-parque-ecologico-espacios-para-actividad-fisica-tanto-privados-como-publicos-_JM,https://http2.mlstatic.com/D_NQ_NP_2X_762390-MLM113039649488_072026-E.webp,AZCAPOTZALCO
"Completamente Equipado, Listo Para Mudarte! Informes Aquí: 5551068255",2300000,MXN,"San Francisco Tetecala, Mexico City, San Francisco Tetecala, Azcapotzalco, Distrito Federal",58 m² construidos,2 recámaras,1 baño,https://departamento.mercadolibre.com.mx/MLM-5802946472-completamente-equipado-listo-para-mudarte-informes-aqui-5551068255-_JM,https://http2.mlstatic.com/D_NQ_NP_2X_670802-MLM113568808592_072026-E.webp,AZCAPOTZALCO
Remate Garden House Corintio Vallejo Azcapotzalco Recursos Propios,2800000,MXN,"Santa Cruz De Las Salinas, Azcapotzalco, Distrito Federal",70 m² construidos,2 recámaras,2 baños,https://departamento.mercadolibre.com.mx/MLM-3136278551-remate-garden-house-corintio-vallejo-azcapotzalco-recursos-propios-_JM,https://http2.mlstatic.com/D_NQ_NP_2X_739738-MLM114727644007_072026-E.webp,AZCAPOTZALCO
Venta De Departamento En Azcapotzalco,950000,MXN,"Azcapotzalco, Mexico City, San Álvaro, Azcapotzalco, Distrito Federal",67 m² construidos,2 recámaras,1 baño,https://departamento.mercadolibre.com.mx/MLM-2870301581-venta-de-departamento-en-azcapotzalco-_JM,https://http2.mlstatic.com/D_NQ_NP_2X_785178-MLM110522662627_042026-E.webp,AZCAPOTZALCO
Floresta,3990900,MXN,"NORTE 71, San Salvador Xochimanca, Azcapotzalco, Distrito Federal",58 m² construidos,2 recámaras,2 baños,https://departamento.mercadolibre.com.mx/MLM-5904533610-floresta-_JM,https://http2.mlstatic.com/D_NQ_NP_2X_731713-MLM115682399995_082026-E.webp,AZCAPOTZALCO
