titulo,precio,moneda,ubicacion,superficie,recamaras,banos,link,imagen,municipio
"Departamento En Venta, Atizapán De Zaragoza, 2 Recámaras",3150000,MXN,"San Miguel Xochimanga, Atizapán De Zaragoza, Estado De México",100 m² construidos,2 recámaras,2 baños,https://departamento.mercadolibre.com.mx/MLM-4794579416-departamento-en-venta-atizapan-de-zaragoza-2-recamaras-_JM,https://http2.mlstatic.com/D_NQ_NP_2X_610221-MLM107399354435_022026-E.webp,ATIZAPAN DE ZARAGOZA
"Departamento En Venta, Atizapán De Zaragoza, 3 Recámaras",2850000,MXN,"San Miguel Xochimanga, Atizapán De Zaragoza, Estado De México",81 m² construidos,3 recámaras,2 baños,https://departamento.mercadolibre.com.mx/MLM-5205050526-departamento-en-venta-atizapan-de-zaragoza-3-recamaras-_JM,https://http2.mlstatic.com/D_NQ_NP_2X_914896-MLM110568425277_042026-E.webp,ATIZAPAN DE ZARAGOZA
"Departamento En Venta, Ph Lomas De Valle Escondido, 5 Recamaras",33728800,MXN,"Lomas De Valle Escondido, Atizapán De Zaragoza, Estado De México",829 m² construidos,5 recámaras,6 baños,https://departamento.mercadolibre.com.mx/MLM-4794561110-departamento-en-venta-ph-lomas-de-valle-escondido-5-recamaras-_JM,https://http2.mlstatic.com/D_NQ_NP_2X_797160-MLM107396011495_022026-E.webp,ATIZAPAN DE ZARAGOZA
Departamento / Venta / Atizapán,2550000,MXN,"San Miguel Xochimanga, Atizapán De Zaragoza, Estado De México",67 m² construidos,2 recámaras,2 baños,https://departamento.mercadolibre.com.mx/MLM-5534035294-departamento-venta-atizapan-_JM,https://http2.mlstatic.com/D_NQ_NP_2X_941813-MLM113357446008_072026-E.webp,ATIZAPAN DE ZARAGOZA
Departamento / Venta / Atizapán,2850000,MXN,"San Miguel Xochimanga, Atizapán De Zaragoza, Estado De México",80 m² construidos,3 recámaras,2 baños,https://departamento.mercadolibre.com.mx/MLM-5533130892-departamento-venta-atizapan-_JM,https://http2.mlstatic.com/D_NQ_NP_2X_695861-MLM114606509367_072026-E.webp,ATIZAPAN DE ZARAGOZA
Venta O Renta  Lujoso Departamento En Zona Esmeralda (escrituras Gratis Julio),3594000,MXN,"Residencial Lago Esmeralda, Atizapán De Zaragoza, Estado De México",70 m² construidos,2 recámaras,2 baños,https://departamento.mercadolibre.com.mx/MLM-5171438626-venta-o-renta-lujoso-departamento-en-zona-esmeralda-escrituras-gratis-julio-_JM,https://http2.mlstatic.com/D_NQ_NP_2X_843141-MLM115017139125_072026-E.webp,ATIZAPAN DE ZARAGOZA
"Venta Departamento Planta Baja En Bosque Esmeralda, Park View, Atizapán.",2450000,MXN,"Residencial Lago Esmeralda, Atizapán De Zaragoza, Estado De México",53 m² construidos,2 recámaras,2 baños,https://departamento.mercadolibre.com.mx/MLM-2801271629-venta-departamento-planta-baja-en-bosque-esmeralda-park-view-atizapan-_JM,https://http2.mlstatic.com/D_NQ_NP_2X_988882-MLM108258129194_032026-E.webp,ATIZAPAN DE ZARAGOZA
"Departamento En Venta En Colonia Nuevo Madin, Atizapán De Zaragoza, Estado De México",2450000,MXN,"Lago Ercina M11, Nuevo Madin, Atizapán De Zaragoza, Estado De México",52 m² construidos,2 recámaras,2 baños,https://departamento.mercadolibre.com.mx/MLM-5730685922-departamento-en-venta-en-colonia-nuevo-madin-atizapan-de-zaragoza-estado-de-mexico-_JM,https://http2.mlstatic.com/D_NQ_NP_2X_951753-MLM113401151760_072026-E.webp,ATIZAPAN DE ZARAGOZA
Departamento En Venta En Adolfo López Mateos,13044380,MXN,"Blvd. Bellavista, Atizapán De Zaragoza, Estado De México",310 m² construidos,3 recámaras,3 baños,https://departamento.mercadolibre.com.mx/MLM-5495630700-departamento-en-venta-en-adolfo-lopez-mateos-_JM,https://http2.mlstatic.com/D_NQ_NP_2X_677594-MLM113144348475_062026-E.webp,ATIZAPAN DE ZARAGOZA
Vendo Departamento  Rincon De La Montaña Atizapan De Zaragoza Estado De Mexico,2950000,MXN,"Nuevo León 18, MZ 1 - 300, Lomas De San Lorenzo, Cdad. López Mateos, Lomas De San Lorenzo, Atizapán De Zaragoza, Estado De México",100 m² construidos,2 recámaras,2 baños,https://departamento.mercadolibre.com.mx/MLM-3240657635-vendo-departamento-rincon-de-la-montana-atizapan-de-zaragoza-estado-de-mexico-_JM,https://http2.mlstatic.com/D_NQ_NP_2X_803667-MLM114201942254_082026-E.webp,ATIZAPAN DE ZARAGOZA
Departamento En Venta Planta Baja En Atizapán,3600000,MXN,"Lomas De Atizapan, Ciudad López Mateos, Lomas De Atizapan 1a Secc., Atizapán De Zaragoza, Estado De México",101 m² construidos,3 recámaras,2 baños,https://departamento.mercadolibre.com.mx/MLM-4979691084-departamento-en-venta-planta-baja-en-atizapan-_JM,https://http2.mlstatic.com/D_NQ_NP_2X_670319-MLM107701719006_032026-E.webp,ATIZAPAN DE ZARAGOZA
"Departamento En Venta Zona Esmeralda, Preventa 2027",11055000,MXN,"La Estadia, Ciudad López Mateos, Rancho Blanco, Atizapán De Zaragoza, Estado De México",272 m² construidos,3 recámaras,4 baños,https://departamento.mercadolibre.com.mx/MLM-2926898615-departamento-en-venta-zona-esmeralda-preventa-2027-_JM,https://http2.mlstatic.com/D_NQ_NP_2X_943786-MLM110659262736_052026-E.webp,ATIZAPAN DE ZARAGOZA
Departamento En Venta Atizapán,4170000,MXN,"C. Coporo 102, Rincon De Los Bosques, 52967 Cdad. López Mateos, Méx., Mexico, Rincón De Los Bosques, Atizapán De Zaragoza, Estado De México",129 m² construidos,3 recámaras,2 baños,https://departamento.mercadolibre.com.mx/MLM-2697959957-departamento-en-venta-atizapan-_JM,https://http2.mlstatic.com/D_NQ_NP_2X_916569-MLM105259577403_012026-E.webp,ATIZAPAN DE ZARAGOZA
Departamento En Venta Con 3 Habitaciones En Lomas De Atizapan,3950000,MXN,"Jardines De Atizapán, Atizapán De Zaragoza, Estado De México",93 m² construidos,3 recámaras,2 baños,https://departamento.mercadolibre.com.mx/MLM-2982643541-departamento-en-venta-con-3-habitaciones-en-lomas-de-atizapan-_JM,https://http2.mlstatic.com/D_NQ_NP_2X_862955-MLM111687498456_062026-E.webp,ATIZAPAN DE ZARAGOZA
Departamento En Venta Zona Esmeralda,8335000,MXN,"La Estadia, Ciudad López Mateos, Rancho Blanco, Atizapán De Zaragoza, Estado De México",204 m² construidos,3 recámaras,3 baños,https://departamento.mercadolibre.com.mx/MLM-2926894565-departamento-en-venta-zona-esmeralda-_JM,https://http2.mlstatic.com/D_NQ_NP_2X_879746-MLM111611581631_052026-E.webp,ATIZAPAN DE ZARAGOZA
Departamento En Preventa En Zona Esmeralda,9015000,MXN,"La Estadia, Ciudad López Mateos, La Estadía, Atizapán De Zaragoza, Estado De México",221 m² construidos,3 recámaras,4 baños,https://departamento.mercadolibre.com.mx/MLM-2927050957-departamento-en-preventa-en-zona-esmeralda-_JM,https://http2.mlstatic.com/D_NQ_NP_2X_687699-MLM111611359541_052026-E.webp,ATIZAPAN DE ZARAGOZA
Departamento En Venta En Zona Esmeralda,7223000,MXN,"La Estadia, Ciudad López Mateos, La Estadía, Atizapán De Zaragoza, Estado De México",176 m² construidos,2 recámaras,2 baños,https://departamento.mercadolibre.com.mx/MLM-5332960514-departamento-en-venta-en-zona-esmeralda-_JM,https://http2.mlstatic.com/D_NQ_NP_2X_898801-MLM110658324128_052026-E.webp,ATIZAPAN DE ZARAGOZA
Departamento En Venta Zona Esmeralda,7663295,MXN,"GPRM+VW, 52989 Ciudad López Mateos, State Of Mexico, Mexico, Lago Esmeralda, Atizapán De Zaragoza, Estado De México",163 m² construidos,2 recámaras,1 baño,https://departamento.mercadolibre.com.mx/MLM-4667550308-departamento-en-venta-zona-esmeralda-_JM,https://http2.mlstatic.com/D_NQ_NP_2X_706277-MLM107598958863_022026-E.webp,ATIZAPAN DE ZARAGOZA
"Departamento En Venta, City Esmeralda",3200000,MXN,"Bosque Esmeralda, Atizapán De Zaragoza, Estado De México",68 m² construidos,2 recámaras,2 baños,https://departamento.mercadolibre.com.mx/MLM-2864887317-departamento-en-venta-city-esmeralda-_JM,https://http2.mlstatic.com/D_NQ_NP_2X_767955-MLM114971904429_072026-E.webp,ATIZAPAN DE ZARAGOZA
Departamento En Pre Venta Atizapán,4400000,MXN,"C. Coporo 102, Rincon De Los Bosques, 52967 Cdad. López Mateos, Méx., Mexico, Rincón De Los Bosques, Atizapán De Zaragoza, Estado De México",129 m² construidos,3 recámaras,2 baños,https://departamento.mercadolibre.com.mx/MLM-2698289181-departamento-en-pre-venta-atizapan-_JM,https://http2.mlstatic.com/D_NQ_NP_2X_842631-MLM105259517397_012026-E.webp,ATIZAPAN DE ZARAGOZA
"Departamento En Venta En Carretera A Bellavista, Atizapan De Zaragoza, Edo. Mex.",5290000,MXN,"Lomas De Bellavista, Atizapán De Zaragoza, Estado De México",140 m² construidos,3 recámaras,3 baños,https://departamento.mercadolibre.com.mx/MLM-2903128915-departamento-en-venta-en-carretera-a-bellavista-atizapan-de-zaragoza-edo-mex-_JM,https://http2.mlstatic.com/D_NQ_NP_2X_875070-MLM113687566954_072026-E.webp,ATIZAPAN DE ZARAGOZA
"Estrena Departamento En Rincón De La Montaña, Atizapán De Zaragoza",3463000,MXN,"Pedro Guzman 48, Rincón De La Montaña, Atizapán De Zaragoza, Estado De México",100 m² construidos,3 recámaras,2 baños,https://departamento.mercadolibre.com.mx/MLM-4956333212-estrena-departamento-en-rincon-de-la-montana-atizapan-de-zaragoza-_JM,https://http2.mlstatic.com/D_NQ_NP_2X_734306-MLM107477194516_032026-E.webp,ATIZAPAN DE ZARAGOZA
Amplio Departamento Vilaqua-kinder Copan,3450000,MXN,"El Calvario, Atizapán De Zaragoza, Estado De México",127 m² construidos,3 recámaras,2 baños,https://departamento.mercadolibre.com.mx/MLM-4033373726-amplio-departamento-vilaqua-kinder-copan-_JM,https://http2.mlstatic.com/D_NQ_NP_2X_661988-MLM91214298004_092025-E.webp,ATIZAPAN DE ZARAGOZA
Departamento En Venta Barrio Norte Atizapan De Zaragoza Con Elevador,2300000,MXN,"Leandro Valle 3-MZ 029, MZ 029, Barrio Nte, Cdad. López Mateos, Barrio Atizapán, Atizapán De Zaragoza, Estado De México",70 m² construidos,2 recámaras,2 baños,https://departamento.mercadolibre.com.mx/MLM-5717471356-departamento-en-venta-barrio-norte-atizapan-de-zaragoza-con-elevador-_JM,https://http2.mlstatic.com/D_NQ_NP_2X_862029-MLM114563123989_072026-E.webp,ATIZAPAN DE ZARAGOZA
Departamento En Venta Atizapán,4500000,MXN,"Ahorro Popular 157, MZ 006, Mexico Nuevo, Cdad. López Mateos, México Nuevo, Atizapán De Zaragoza, Estado De México",146 m² construidos,3 recámaras,2 baños,https://departamento.mercadolibre.com.mx/MLM-2684990973-departamento-en-venta-atizapan-_JM,https://http2.mlstatic.com/D_NQ_NP_2X_963926-MLM104689217561_012026-E.webp,ATIZAPAN DE ZARAGOZA
Se Vende Departamento Torre Molinos Jardines De Atizapan,3700000,MXN,"Jardines De Atizapan, Ciudad López Mateos, Adolfo López Mateos, Atizapán De Zaragoza, Estado De México",106 m² construidos,3 recámaras,2 baños,https://departamento.mercadolibre.com.mx/MLM-4846796234-se-vende-departamento-torre-molinos-jardines-de-atizapan-_JM,https://http2.mlstatic.com/D_NQ_NP_2X_954148-MLM107811005447_022026-E.webp,ATIZAPAN DE ZARAGOZA
Departamento En Venta Sky View Esmeralda,4400000,MXN,"GPVM+X9 Ciudad López Mateos, State Of Mexico, Mexico, Lago Esmeralda, Atizapán De Zaragoza, Estado De México",92 m² construidos,3 recámaras,2 baños,https://departamento.mercadolibre.com.mx/MLM-2962871069-departamento-en-venta-sky-view-esmeralda-_JM,https://http2.mlstatic.com/D_NQ_NP_2X_871501-MLM112356815105_052026-E.webp,ATIZAPAN DE ZARAGOZA
Departamento En Venta Grand Viure/ Bosque Esmeralda/ Seguridad Y Amenidades,10500000,MXN,"Bosque Esmeralda, Atizapán De Zaragoza, Estado De México",224 m² construidos,3 recámaras,3 baños,https://departamento.mercadolibre.com.mx/MLM-5833451506-departamento-en-venta-grand-viure-bosque-esmeralda-seguridad-y-amenidades-_JM,https://http2.mlstatic.com/D_NQ_NP_2X_874742-MLM113946607124_072026-E.webp,ATIZAPAN DE ZARAGOZA
"En Venta Departamento En Reserva Escondida, Precio Inmejorable Para Que Los Acabados Sean A Tu Gusto",8500000,MXN,"Av. Parque De Los Ciervos 4, MZ 001, Rancho De San Juan, Cd. Adolfo López Mateos, Rancho San Juan, Atizapán De Zaragoza, Estado De México",253 m² construidos,2 recámaras,3 baños,https://departamento.mercadolibre.com.mx/MLM-4721935860-en-venta-departamento-en-reserva-escondida-precio-inmejorable-para-que-los-acabados-sean-a-tu-gusto-_JM,https://http2.mlstatic.com/D_NQ_NP_2X_838559-MLM105506859744_012026-E.webp,ATIZAPAN DE ZARAGOZA
Vendo Hermosa Residencia En Hacienda De Vallescondido Atizapan De Zaragoza Estado De Mexico,38000000,MXN,"Cto. Valle Del Espíritu Santo MZ 012, Lomas De Valle Escondido, Cdad. López Mateos, Lomas De Valle Escondido, Atizapán De Zaragoza, Estado De México",657 m² construidos,4 recámaras,4 baños,https://departamento.mercadolibre.com.mx/MLM-3189461739-vendo-hermosa-residencia-en-hacienda-de-vallescondido-atizapan-de-zaragoza-estado-de-mexico-_JM,https://http2.mlstatic.com/D_NQ_NP_2X_820107-MLM113803923398_072026-E.webp,ATIZAPAN DE ZARAGOZA
Departamento En Venta Atizapán,5900000,MXN,"Esfuerzo Campesino 53, Mexico Nuevo, 52966 Adolfo López Mateos, Méx., Mexico, México Nuevo, Atizapán De Zaragoza, Estado De México",146 m² construidos,3 recámaras,2 baños,https://departamento.mercadolibre.com.mx/MLM-4661983126-departamento-en-venta-atizapan-_JM,https://http2.mlstatic.com/D_NQ_NP_2X_963926-MLM104689217561_012026-E.webp,ATIZAPAN DE ZARAGOZA
"Departamento Ph En Venta Reserva Escondida, Valle Escondido, Atizapan",9500000,MXN,"Rancho San Juan, Atizapán De Zaragoza, Estado De México",256 m² construidos,3 recámaras,3 baños,https://departamento.mercadolibre.com.mx/MLM-5731571560-departamento-ph-en-venta-reserva-escondida-valle-escondido-atizapan-_JM,https://http2.mlstatic.com/D_NQ_NP_2X_907219-MLM113409389274_072026-E.webp,ATIZAPAN DE ZARAGOZA
Hermoso Departamento Totalmente Remodelado,3200000,MXN,"Hermoso Departamento En Venta, Atizapán De Zaragoza, Estado De México",,2 recámaras,2 baños,https://departamento.mercadolibre.com.mx/MLM-3120091955-hermoso-departamento-totalmente-remodelado-_JM,https://http2.mlstatic.com/D_NQ_NP_2X_815456-MLM113193070616_072026-E.webp,ATIZAPAN DE ZARAGOZA
"Departamento En Pre Venta, Cumbre 424, Lago Esmeralda",2310000,MXN,"Residencial Lago Esmeralda, Atizapán De Zaragoza, Estado De México",42 m² construidos,2 recámaras,1 baño,https://departamento.mercadolibre.com.mx/MLM-5113841192-departamento-en-pre-venta-cumbre-424-lago-esmeralda-_JM,https://http2.mlstatic.com/D_NQ_NP_2X_611369-MLM113721056877_062026-E.webp,ATIZAPAN DE ZARAGOZA
Gran Oportunidad: Inmueble En Venta En Atizapán De Zaragoza Con Departamentos Rentados,3250000,MXN,"3ra Cerrada Leandro  11, Barrio Norte, Atizapán De Zaragoza, Estado De México",260 m² construidos,4 recámaras,4 baños,https://departamento.mercadolibre.com.mx/MLM-5649492028-gran-oportunidad-inmueble-en-venta-en-atizapan-de-zaragoza-con-departamentos-rentados-_JM,https://http2.mlstatic.com/D_NQ_NP_2X_619097-MLM112999703150_072026-E.webp,ATIZAPAN DE ZARAGOZA
"Departamentos En Venta, Jardines De Atizapán Desde $3,150,000.00",3150000,MXN,"Jardines De Atizapán, Atizapán De Zaragoza, Estado De México",125 m² construidos,2 recámaras,2 baños,https://departamento.mercadolibre.com.mx/MLM-5725668122-departamentos-en-venta-jardines-de-atizapan-desde-315000000-_JM,https://http2.mlstatic.com/D_NQ_NP_2X_905215-MLM114676223387_072026-E.webp,ATIZAPAN DE ZARAGOZA
"Departamento En Venta En Gran Viure Zona Esmeralda, 3 Habitaciones, Cuarto De Tv, 3 Lugares De Estacionamiento, Gimnasio, Salones De Fiesta, Business Center Y Cancha De Padel",10500000,MXN,"Vialidad Privada Manzana 8 Lote 3, Bosque Esmeralda, Cdad. López Mateos, Bosque Esmeralda, Atizapán De Zaragoza, Estado De México",220 m² construidos,3 recámaras,3 baños,https://departamento.mercadolibre.com.mx/MLM-2821640337-departamento-en-venta-en-gran-viure-zona-esmeralda-3-habitaciones-cuarto-de-tv-3-lugares-de-estacionamiento-gimnasio-salones-de-fiesta-business-center-y-cancha-de-padel-_JM,https://http2.mlstatic.com/D_NQ_NP_2X_974715-MLM109564950715_032026-E.webp,ATIZAPAN DE ZARAGOZA
Pent House En Venta En Fuentes De Satélite,4650000,MXN,"Fuentes De Satélite, Atizapán De Zaragoza, Estado De México",180 m² construidos,3 recámaras,2 baños,https://departamento.mercadolibre.com.mx/MLM-2769860489-pent-house-en-venta-en-fuentes-de-satelite-_JM,https://http2.mlstatic.com/D_NQ_NP_2X_973928-MLM93220105783_092025-E.webp,ATIZAPAN DE ZARAGOZA
Es Venta De Departamento En Bosque Esmeralda,4100000,MXN,"Bosque Esmeralda, Atizapán De Zaragoza, Estado De México",110 m² construidos,3 recámaras,2 baños,https://departamento.mercadolibre.com.mx/MLM-5561572134-es-venta-de-departamento-en-bosque-esmeralda-_JM,https://http2.mlstatic.com/D_NQ_NP_2X_715210-MLM113674760107_062026-E.webp,ATIZAPAN DE ZARAGOZA
"Preventa Departamentos, México Nuevo, Atizapán",3450000,MXN,"México Nuevo, Atizapán De Zaragoza, Estado De México",102 m² construidos,3 recámaras,2 baños,https://departamento.mercadolibre.com.mx/MLM-2836778363-preventa-departamentos-mexico-nuevo-atizapan-_JM,https://http2.mlstatic.com/D_NQ_NP_2X_660168-MLM109099577054_042026-E.webp,ATIZAPAN DE ZARAGOZA
"Venta O Permuta De Edificio De 8 Departamentos Con 8 Bodegas Y 16 Estacionamientos, Con Roof Garden  En Atizapan De Zaragoza, Colonia Mexico Nuevo, Super Ubicados, Un Año De Construidos!",40000000,MXN,"Av. Pedro Velázquez, Mexico Nuevo, Cdad. López Mateos, Adolfo López Mateos, Atizapán De Zaragoza, Estado De México","1,087 m² construidos",8 recámaras,4 baños,https://departamento.mercadolibre.com.mx/MLM-2947957283-venta-o-permuta-de-edificio-de-8-departamentos-con-8-bodegas-y-16-estacionamientos-con-roof-garden-en-atizapan-de-zaragoza-colonia-mexico-nuevo-super-ubicados-un-ano-de-construidos-_JM,https://http2.mlstatic.com/D_NQ_NP_2X_705652-MLM112003700151_052026-E.webp,ATIZAPAN DE ZARAGOZA
Venta De Departamento En Fracc. Veranda Lago Esmeralda,5500000,MXN,"CONJ. HABITACIONAL VERANDA 52989 Cdad. López Mateos, Méx., Mexico, Lago Esmeralda, Atizapán De Zaragoza, Estado De México",172 m² construidos,3 recámaras,4 baños,https://departamento.mercadolibre.com.mx/MLM-5306219834-venta-de-departamento-en-fracc-veranda-lago-esmeralda-_JM,https://http2.mlstatic.com/D_NQ_NP_2X_618293-MLM111365430687_052026-E.webp,ATIZAPAN DE ZARAGOZA
Venta Departamento En Reserva Escondida.,10800000,MXN,"Av. Parque De Los Ciervos 123, MZ 001, Valle Escondido Y Club De Golf Valle Escondido, Cdad. López Mateos, Bosque Esmeralda, Atizapán De Zaragoza, Estado De México",198 m² construidos,2 recámaras,3 baños,https://departamento.mercadolibre.com.mx/MLM-2951120727-venta-departamento-en-reserva-escondida-_JM,https://http2.mlstatic.com/D_NQ_NP_2X_619365-MLM111094464488_052026-E.webp,ATIZAPAN DE ZARAGOZA
"Vive El Lujo De La Zona Esmeralda En Este Amplisimo Y Confortable Departamento, Ubicado En Edificio De Solo 3 Departamentos (1 Por Piso) En Bosque Esmeralda.",9300000,MXN,"Bosque Esmeralda, Ciudad López Mateos, Bosque Esmeralda, Atizapán De Zaragoza, Estado De México",250 m² construidos,3 recámaras,5 baños,https://departamento.mercadolibre.com.mx/MLM-3014836737-vive-el-lujo-de-la-zona-esmeralda-en-este-amplisimo-y-confortable-departamento-ubicado-en-edificio-de-solo-3-departamentos-1-por-piso-en-bosque-esmeralda-_JM,https://http2.mlstatic.com/D_NQ_NP_2X_681943-MLM113322776703_062026-E.webp,ATIZAPAN DE ZARAGOZA
Departamentos En Venta Lago Esmeralda,2500000,MXN,"Vía Dr Jorge Jiménez Cantú, Los Cajones, 52989 Cdad. López Mateos, Méx., Mexico, Nuevo Madin, Atizapán De Zaragoza, Estado De México",45 m² construidos,2 recámaras,1 baño,https://departamento.mercadolibre.com.mx/MLM-3160674891-departamentos-en-venta-lago-esmeralda-_JM,https://http2.mlstatic.com/D_NQ_NP_2X_849592-MLM114852145195_072026-E.webp,ATIZAPAN DE ZARAGOZA
Departamento En Venta En Residencial San Mateo | 2 Recámaras Con Opción A 3,2149000,MXN,"Atizapán Centro, Atizapán De Zaragoza, Estado De México",63 m² construidos,2 recámaras,1 baño,https://departamento.mercadolibre.com.mx/MLM-2911334613-departamento-en-venta-en-residencial-san-mateo-2-recamaras-con-opcion-a-3-_JM,https://http2.mlstatic.com/D_NQ_NP_2X_940927-MLM111284797797_052026-E.webp,ATIZAPAN DE ZARAGOZA
Hermoso Departamento En Un Fraccionamiento Con Seguridad Y Amenidades,2900000,MXN,"Av Pdte Adolfo López Mateos 45B, MZ 001, Lomas De Atizapan, Cdad. López Mateos, Lomas De Atizapan 1a Secc., Atizapán De Zaragoza, Estado De México",70 m² construidos,2 recámaras,2 baños,https://departamento.mercadolibre.com.mx/MLM-2845773571-hermoso-departamento-en-un-fraccionamiento-con-seguridad-y-amenidades-_JM,https://http2.mlstatic.com/D_NQ_NP_2X_838147-MLM109237156688_042026-E.webp,ATIZAPAN DE ZARAGOZA
"Departamento En Venta, Skyview, Zona Esmeralda, Lago Esmeralda, A Estrenar, 91 M2",4110000,MXN,"Lago Esmeralda, Residencial Lago Esmeralda, Atizapán De Zaragoza, Estado De México",92 m² construidos,3 recámaras,2 baños,https://departamento.mercadolibre.com.mx/MLM-4213358502-departamento-en-venta-skyview-zona-esmeralda-lago-esmeralda-a-estrenar-91-m2-_JM,https://http2.mlstatic.com/D_NQ_NP_2X_874072-MLM95238209971_102025-E.webp,ATIZAPAN DE ZARAGOZA
"Departamento En Venta, Albar, Lago Esmeralda",2250000,MXN,"Lago Ballen 304, 52989 Lago Esmeralda, Méx., Mexico, Lago Esmeralda, Atizapán De Zaragoza, Estado De México",38 m² construidos,2 recámaras,1 baño,https://departamento.mercadolibre.com.mx/MLM-2746873327-departamento-en-venta-albar-lago-esmeralda-_JM,https://http2.mlstatic.com/D_NQ_NP_2X_959289-MLM106788019856_022026-E.webp,ATIZAPAN DE ZARAGOZA
"Departamento En Venta En Coporo, Atizapán De Zaragoza, México",3120000,MXN,"COPORO 64, Cóporo, Atizapán De Zaragoza, Estado De México",140 m² construidos,3 recámaras,2 baños,https://departamento.mercadolibre.com.mx/MLM-4633866712-departamento-en-venta-en-coporo-atizapan-de-zaragoza-mexico-_JM,https://http2.mlstatic.com/D_NQ_NP_2X_664708-MLM103494438342_012026-E.webp,ATIZAPAN DE ZARAGOZA
"Departamento En Venta, Para Estrenar Con Vistas Panorámicas, Muy Amplio Y Luminoso. Calle Lincoln, Condado De Sayavedra. - Hain",5200000,MXN,"Priv. De Lincoln, Condado De Sayavedra, Cdad. López Mateos, Condado De Sayavedra, Atizapán De Zaragoza, Estado De México",139 m² construidos,3 recámaras,2 baños,https://departamento.mercadolibre.com.mx/MLM-3227105613-departamento-en-venta-para-estrenar-con-vistas-panoramicas-muy-amplio-y-luminoso-calle-lincoln-condado-de-sayavedra-hain-_JM,https://http2.mlstatic.com/D_NQ_NP_2X_790903-MLM105908548823_012026-E.webp,ATIZAPAN DE ZARAGOZA
Departamento En Venta En Lomas De Atizapán Muy Amplio Y Con Estilo Minimalista,3200000,MXN,"Lomas De Atizapán, Atizapán De Zaragoza, Estado De México",122 m² construidos,3 recámaras,2 baños,https://departamento.mercadolibre.com.mx/MLM-5091453044-departamento-en-venta-en-lomas-de-atizapan-muy-amplio-y-con-estilo-minimalista-_JM,https://http2.mlstatic.com/D_NQ_NP_2X_814492-MLM115083744413_072026-E.webp,ATIZAPAN DE ZARAGOZA
"Departamento En Venta En Bosque Esmeralda, Atizapán De Zaragoza, México",3650000,MXN,"Cima Esmeralda 0, Bosque Esmeralda, Atizapán De Zaragoza, Estado De México",100 m² construidos,2 recámaras,2 baños,https://departamento.mercadolibre.com.mx/MLM-4635910230-departamento-en-venta-en-bosque-esmeralda-atizapan-de-zaragoza-mexico-_JM,https://http2.mlstatic.com/D_NQ_NP_2X_635051-MLM104016846955_012026-E.webp,ATIZAPAN DE ZARAGOZA
Excelente Departamento En Primer Piso En Real Antigua. Zona Esmeralda,8900000,MXN,"Aeropuerto 11454, MZ 041, Valle Escondido Y Club De Golf Valle Escondido, Cdad. López Mateos, Valle Escondido, Atizapán De Zaragoza, Estado De México",253 m² construidos,3 recámaras,3 baños,https://departamento.mercadolibre.com.mx/MLM-2776234773-excelente-departamento-en-primer-piso-en-real-antigua-zona-esmeralda-_JM,https://http2.mlstatic.com/D_NQ_NP_2X_736495-MLM107702869104_032026-E.webp,ATIZAPAN DE ZARAGOZA
Departamento En Venta En Bosque Esmeralda,8750000,MXN,"Aeropuerto 11454, Rancho San Juan, Atizapán De Zaragoza, Atizapán De Zaragoza, Estado De México",250 m² construidos,4 recámaras,5 baños,https://departamento.mercadolibre.com.mx/MLM-4829882258-departamento-en-venta-en-bosque-esmeralda-_JM,https://http2.mlstatic.com/D_NQ_NP_2X_867660-MLM107523524175_022026-E.webp,ATIZAPAN DE ZARAGOZA
"Departamentos En Preventa, Ubicados En México Nuevo, Residencial Boutique 16 Departamentos. Acceso Inmediato A Servicios, Vialidades Y Zonas Comerciales, Facilidades De Pago",3400000,MXN,"Veracruz, Mexico Nuevo, Cdad. López Mateos, Ciudad Adolfo López Mateos, Atizapán De Zaragoza, Estado De México",102 m² construidos,2 recámaras,2 baños,https://departamento.mercadolibre.com.mx/MLM-5752370260-departamentos-en-preventa-ubicados-en-mexico-nuevo-residencial-boutique-16-departamentos-acceso-inmediato-a-servicios-vialidades-y-zonas-comerciales-facilidades-de-pago-_JM,https://http2.mlstatic.com/D_NQ_NP_2X_834001-MLM104902112181_012026-E.webp,ATIZAPAN DE ZARAGOZA
"Departamento En Venta, Ubicado Frente A La Comer Zona Esmeralda, Cerca De Escuelas, Comercios Y Autopista Chamapa-la Venta",3400000,MXN,"Bosque De Arrayan, Bosque Esmeralda, Cdad. López Mateos, Ciudad Adolfo López Mateos, Atizapán De Zaragoza, Estado De México",78 m² construidos,2 recámaras,2 baños,https://departamento.mercadolibre.com.mx/MLM-5752416100-departamento-en-venta-ubicado-frente-a-la-comer-zona-esmeralda-cerca-de-escuelas-comercios-y-autopista-chamapa-la-venta-_JM,https://http2.mlstatic.com/D_NQ_NP_2X_764248-MLM113547755194_072026-E.webp,ATIZAPAN DE ZARAGOZA
"Venta De Lujoso Departamento En Venta , Solo Para Exigentes !!",10800000,MXN,"Aeropuerto 11454, MZ 041, Valle Escondido Y Club De Golf Valle Escondido, Cdad. López Mateos, Valle Escondido, Atizapán De Zaragoza, Estado De México",250 m² construidos,3 recámaras,3 baños,https://departamento.mercadolibre.com.mx/MLM-2947593225-venta-de-lujoso-departamento-en-venta-solo-para-exigentes--_JM,https://http2.mlstatic.com/D_NQ_NP_2X_616371-MLM83476049791_042025-E.webp,ATIZAPAN DE ZARAGOZA
Venta Departamento En México Nuevo,4500000,MXN,"Esfuerzo Campesino 25, MZ 006, Mexico Nuevo, Cdad. López Mateos, México Nuevo, Atizapán De Zaragoza, Estado De México",2 m² construidos,3 recámaras,2 baños,https://departamento.mercadolibre.com.mx/MLM-5383711458-venta-departamento-en-mexico-nuevo-_JM,https://http2.mlstatic.com/D_NQ_NP_2X_805919-MLM83559556134_042025-E.webp,ATIZAPAN DE ZARAGOZA
"Departamento En Venta, Valle Esmeralda, Ubicado Atrás De La Comer Ze, Cerca De Autopista Chamapa-lechería",3300000,MXN,"Bosque De Arrayan, Bosque Esmeralda, Cdad. López Mateos, Ciudad Adolfo López Mateos, Atizapán De Zaragoza, Estado De México",76 m² construidos,2 recámaras,2 baños,https://departamento.mercadolibre.com.mx/MLM-4748235176-departamento-en-venta-valle-esmeralda-ubicado-atras-de-la-comer-ze-cerca-de-autopista-chamapa-lecheria-_JM,https://http2.mlstatic.com/D_NQ_NP_2X_748427-MLM105987335652_022026-E.webp,ATIZAPAN DE ZARAGOZA
Moderno Departamento Con Hermosas Amenidades En Venta,3250000,MXN,"Colonia, Lago Garda SN-1, Lago Esmeralda, Lago Esmeralda, Atizapán De Zaragoza, Estado De México",68 m² construidos,2 recámaras,2 baños,https://departamento.mercadolibre.com.mx/MLM-3029685793-moderno-departamento-con-hermosas-amenidades-en-venta-_JM,https://http2.mlstatic.com/D_NQ_NP_2X_932796-MLM113472187233_062026-E.webp,ATIZAPAN DE ZARAGOZA
Venta De Casa En   Vila Loma,8350000,MXN,"Blvd. Valle Escondido 22, La Cruz, Cdad. López Mateos, Lomas De Bellavista, Atizapán De Zaragoza, Estado De México",245 m² construidos,3 recámaras,2 baños,https://departamento.mercadolibre.com.mx/MLM-5382715352-venta-de-casa-en-vila-loma-_JM,https://http2.mlstatic.com/D_NQ_NP_2X_943554-MLM92547501152_092025-E.webp,ATIZAPAN DE ZARAGOZA
"Departamentos En Preventa En México Nuevo, Atizapán De Zaragoza",3450000,MXN,"México Nuevo, Atizapán De Zaragoza, Estado De México",98 m² construidos,2 recámaras,2 baños,https://departamento.mercadolibre.com.mx/MLM-5512304322-departamentos-en-preventa-en-mexico-nuevo-atizapan-de-zaragoza-_JM,https://http2.mlstatic.com/D_NQ_NP_2X_843123-MLM113322533241_062026-E.webp,ATIZAPAN DE ZARAGOZA
Departamento En Venta En Bosque Esmeralda,8250000,MXN,"Bosque De Jade, Bosque Esmeralda, Cdad. López Mateos, Bosque Esmeralda, Atizapán De Zaragoza, Estado De México",150 m² construidos,3 recámaras,2 baños,https://departamento.mercadolibre.com.mx/MLM-2947761301-departamento-en-venta-en-bosque-esmeralda-_JM,https://http2.mlstatic.com/D_NQ_NP_2X_985908-MLM92550942250_092025-E.webp,ATIZAPAN DE ZARAGOZA
Departamento En Venta En Bosque Esmeralda,3250000,MXN,"Lago Garda 1, 52989 Cdad. López Mateos, Méx., Mexico, Bosque Esmeralda, Atizapán De Zaragoza, Estado De México",67 m² construidos,2 recámaras,2 baños,https://departamento.mercadolibre.com.mx/MLM-4687077612-departamento-en-venta-en-bosque-esmeralda-_JM,https://http2.mlstatic.com/D_NQ_NP_2X_750989-MLM104711842026_012026-E.webp,ATIZAPAN DE ZARAGOZA
Casa En Venta En Esquina Bellavista Atizapán,5450000,MXN,"Blvd. Bellavista, Lomas De Bellavista, Cdad. López Mateos, Rincón De Bellavista, Atizapán De Zaragoza, Estado De México",137 m² construidos,3 recámaras,2 baños,https://departamento.mercadolibre.com.mx/MLM-4756926212-casa-en-venta-en-esquina-bellavista-atizapan-_JM,https://http2.mlstatic.com/D_NQ_NP_2X_724043-MLM113937416808_072026-E.webp,ATIZAPAN DE ZARAGOZA
"Excelente Departamento En Venta, Listo Para Habitarse. Seminuevo, Cuenta Con Amenidades Como Gimnasio, Ludoteca, Jardines, Rooftop Con Asadores, Elevador Y Accesos Con Biométricos, Seguridad 24 Horas",2700000,MXN,"C. Lago Ercina MZ 023, Los Cajones, Cdad. López Mateos, Adolfo López Mateos, Atizapán De Zaragoza, Estado De México",52 m² construidos,2 recámaras,2 baños,https://departamento.mercadolibre.com.mx/MLM-3097686097-excelente-departamento-en-venta-listo-para-habitarse-seminuevo-cuenta-con-amenidades-como-gimnasio-ludoteca-jardines-rooftop-con-asadores-elevador-y-accesos-con-biometricos-seguridad-24-horas-_JM,https://http2.mlstatic.com/D_NQ_NP_2X_700675-MLM114264378835_072026-E.webp,ATIZAPAN DE ZARAGOZA
Venta Departamento En Enquadro Atizapán,3950000,MXN,"Lomas De Atizapán, Atizapán De Zaragoza, Estado De México",96 m² construidos,3 recámaras,2 baños,https://departamento.mercadolibre.com.mx/MLM-2881215103-venta-departamento-en-enquadro-atizapan-_JM,https://http2.mlstatic.com/D_NQ_NP_2X_992622-MLM109828767562_042026-E.webp,ATIZAPAN DE ZARAGOZA
Venta Departamento En Bosque Esmeralda City Center,4500000,MXN,"Bosque Esmeralda, Atizapán De Zaragoza, Estado De México",73 m² construidos,2 recámaras,2 baños,https://departamento.mercadolibre.com.mx/MLM-2881215085-venta-departamento-en-bosque-esmeralda-city-center-_JM,https://http2.mlstatic.com/D_NQ_NP_2X_987933-MLM109828766956_042026-E.webp,ATIZAPAN DE ZARAGOZA
Departamento En Venta En Rincon De La Montaña Dhv274,2950000,MXN,"Rincón De La Montaña, Atizapán De Zaragoza, Estado De México",100 m² construidos,2 recámaras,2 baños,https://departamento.mercadolibre.com.mx/MLM-5262373756-departamento-en-venta-en-rincon-de-la-montana-dhv274-_JM,https://http2.mlstatic.com/D_NQ_NP_2X_818158-MLM111038733485_042026-E.webp,ATIZAPAN DE ZARAGOZA
"Venta Departamento,plaza Antigua, Hacienda Valle Escondido",8500000,MXN,"Hacienda De Valle Escondido, Atizapán De Zaragoza, Estado De México",188 m² construidos,3 recámaras,4 baños,https://departamento.mercadolibre.com.mx/MLM-2881215123-venta-departamentoplaza-antigua-hacienda-valle-escondido-_JM,https://http2.mlstatic.com/D_NQ_NP_2X_817762-MLM110723697867_042026-E.webp,ATIZAPAN DE ZARAGOZA
Venta Departamento En  Camino Real De Calacoaya Atizapán,4950000,MXN,"La Cruz, Atizapán De Zaragoza, Estado De México",150 m² construidos,3 recámaras,2 baños,https://departamento.mercadolibre.com.mx/MLM-5730763448-venta-departamento-en-camino-real-de-calacoaya-atizapan-_JM,https://http2.mlstatic.com/D_NQ_NP_2X_952078-MLM113401794704_072026-E.webp,ATIZAPAN DE ZARAGOZA
Venta De Modernos Departamentos En Rincon De La Montaña,3235000,MXN,"Rincón De La Montaña, Atizapán De Zaragoza, Estado De México",100 m² construidos,2 recámaras,2 baños,https://departamento.mercadolibre.com.mx/MLM-2881215077-venta-de-modernos-departamentos-en-rincon-de-la-montana-_JM,https://http2.mlstatic.com/D_NQ_NP_2X_776775-MLM110723631857_042026-E.webp,ATIZAPAN DE ZARAGOZA
Venta Departamento En Lomas Lindas,1750000,MXN,"Lomas Lindas I Sección, Atizapán De Zaragoza, Estado De México",75 m² construidos,3 recámaras,1 baño,https://departamento.mercadolibre.com.mx/MLM-5808865824-venta-departamento-en-lomas-lindas-_JM,https://http2.mlstatic.com/D_NQ_NP_2X_846568-MLM113835003860_072026-E.webp,ATIZAPAN DE ZARAGOZA
"Bonito Departamento En Primer Piso,  Listo Para Habitarse Estancia, Cocina Equipada Área De Lavado Dos Recamaras Dos Baños Completos Dos Estacionamientos ,jardín Y Área Para Mascotas Vigilancia 24 Hr",3600000,MXN,"Bosque De Acanto, La Estadia, Cdad. López Mateos, Adolfo López Mateos, Atizapán De Zaragoza, Estado De México",70 m² construidos,2 recámaras,2 baños,https://departamento.mercadolibre.com.mx/MLM-5451516094-bonito-departamento-en-primer-piso-listo-para-habitarse-estancia-cocina-equipada-area-de-lavado-dos-recamaras-dos-banos-completos-dos-estacionamientos-jardin-y-area-para-mascotas-vigilancia-24-hr-_JM,https://http2.mlstatic.com/D_NQ_NP_2X_947372-MLM111637995438_062026-E.webp,ATIZAPAN DE ZARAGOZA
"Apartamento En Venta En Las Colonias, Atizapán De Zaragoza, Ubicación Estratégica",3400000,MXN,"Av. De Las Granjas 33, Las Colonias, Atizapán De Zaragoza, Estado De México",60 m² construidos,3 recámaras,2 baños,https://departamento.mercadolibre.com.mx/MLM-3076072255-apartamento-en-venta-en-las-colonias-atizapan-de-zaragoza-ubicacion-estrategica-_JM,https://http2.mlstatic.com/D_NQ_NP_2X_878628-MLM113042000926_072026-E.webp,ATIZAPAN DE ZARAGOZA
Departamento En Venta En Bosque Esmeralda,3750000,MXN,"Bosque De Jade SN, Bosque Esmeralda, Atizapán De Zaragoza, Estado De México",108 m² construidos,3 recámaras,2 baños,https://departamento.mercadolibre.com.mx/MLM-2996401339-departamento-en-venta-en-bosque-esmeralda-_JM,https://http2.mlstatic.com/D_NQ_NP_2X_770233-MLM84422928104_052025-E.webp,ATIZAPAN DE ZARAGOZA
"Bonito Depto  En Villas De La Hacienda, Doc En Regla",1270000,MXN,"Del Lazo  5, Villas De La Hacienda, Atizapán De Zaragoza, Estado De México",63 m² construidos,2 recámaras,1 baño,https://departamento.mercadolibre.com.mx/MLM-2457023505-bonito-depto-en-villas-de-la-hacienda-doc-en-regla-_JM,https://http2.mlstatic.com/D_NQ_NP_2X_744705-MLM92803032505_092025-E.webp,ATIZAPAN DE ZARAGOZA
"Exclusivos Dptos.,  Green Vista Ii, Atizapan De Zaragoza, 139 M2, 3 Rec., 3.5 Baños ,1  Estc.",2975000,MXN,"CUITLAHUAC 10, Las Colonias, Atizapán De Zaragoza, Estado De México",139 m² construidos,3 recámaras,3 baños,https://departamento.mercadolibre.com.mx/MLM-2760944683-exclusivos-dptos-green-vista-ii-atizapan-de-zaragoza-139-m2-3-rec-35-banos-1-estc-_JM,https://http2.mlstatic.com/D_NQ_NP_2X_887611-MLM107334176912_032026-E.webp,ATIZAPAN DE ZARAGOZA
Departamento En Venta En Calacoaya Atizapán De Zaragoza,2500000,MXN,"Calacoaya, Atizapán De Zaragoza, Estado De México",90 m² construidos,2 recámaras,1 baño,https://departamento.mercadolibre.com.mx/MLM-5625953258-departamento-en-venta-en-calacoaya-atizapan-de-zaragoza-_JM,https://http2.mlstatic.com/D_NQ_NP_2X_695654-MLM114852581827_072026-E.webp,ATIZAPAN DE ZARAGOZA
"Departamento En Venta Rincón De La Montaña, Atizapán De Zaragoza, México",2700000,MXN,"Rincón De La Montaña, Atizapán De Zaragoza, Estado De México",100 m² construidos,2 recámaras,2 baños,https://departamento.mercadolibre.com.mx/MLM-5519308478-departamento-en-venta-rincon-de-la-montana-atizapan-de-zaragoza-mexico-_JM,https://http2.mlstatic.com/D_NQ_NP_2X_873341-MLM113368012849_062026-E.webp,ATIZAPAN DE ZARAGOZA
Torre Boston En City Esmeralda En Residencial Lago Esmeralda,3150000,MXN,"Residencial Lago Esmeralda, Atizapán De Zaragoza, Estado De México",68 m² construidos,2 recámaras,2 baños,https://departamento.mercadolibre.com.mx/MLM-5357381718-torre-boston-en-city-esmeralda-en-residencial-lago-esmeralda-_JM,https://http2.mlstatic.com/D_NQ_NP_2X_870373-MLM94554534929_102025-E.webp,ATIZAPAN DE ZARAGOZA
Park View En Venta En Lago Esmeralda,2535000,MXN,"Residencial Lago Esmeralda, Atizapán De Zaragoza, Estado De México",52 m² construidos,2 recámaras,2 baños,https://departamento.mercadolibre.com.mx/MLM-5357495452-park-view-en-venta-en-lago-esmeralda-_JM,https://http2.mlstatic.com/D_NQ_NP_2X_680239-MLM85881898013_062025-E.webp,ATIZAPAN DE ZARAGOZA
"Departamento En Venta En Torre Denver, City Esmeralda",3800000,MXN,"Bosque Esmeralda, Atizapán De Zaragoza, Estado De México",67 m² construidos,2 recámaras,2 baños,https://departamento.mercadolibre.com.mx/MLM-5136695350-departamento-en-venta-en-torre-denver-city-esmeralda-_JM,https://http2.mlstatic.com/D_NQ_NP_2X_995484-MLM110057785593_042026-E.webp,ATIZAPAN DE ZARAGOZA
Preventa La Montaña En La Estadía,9800000,MXN,"La Estadía, Atizapán De Zaragoza, Estado De México",180 m² construidos,3 recámaras,3 baños,https://departamento.mercadolibre.com.mx/MLM-5874321224-preventa-la-montana-en-la-estadia-_JM,https://http2.mlstatic.com/D_NQ_NP_2X_970096-MLM105315672850_012026-E.webp,ATIZAPAN DE ZARAGOZA
"Departamento En Venta En Mexico Nuevo, Atizapán De Zaragoza, México",4500000,MXN,"Sin Calle, México Nuevo, Atizapán De Zaragoza, Estado De México",138 m² construidos,3 recámaras,2 baños,https://departamento.mercadolibre.com.mx/MLM-2423177263-departamento-en-venta-en-mexico-nuevo-atizapan-de-zaragoza-mexico-_JM,https://http2.mlstatic.com/D_NQ_NP_2X_854310-MLM90650442770_082025-E.webp,ATIZAPAN DE ZARAGOZA
Park View Lago Esmeralda,2550000,MXN,"Residencial Lago Esmeralda, Atizapán De Zaragoza, Estado De México",52 m² construidos,2 recámaras,2 baños,https://departamento.mercadolibre.com.mx/MLM-5650606804-park-view-lago-esmeralda-_JM,https://http2.mlstatic.com/D_NQ_NP_2X_717157-MLM113783722038_072026-E.webp,ATIZAPAN DE ZARAGOZA
Rincón De La Montaña En Atizapán,3380000,MXN,"Lomas De San Lorenzo, Atizapán De Zaragoza, Estado De México",100 m² construidos,2 recámaras,2 baños,https://departamento.mercadolibre.com.mx/MLM-5747048990-rincon-de-la-montana-en-atizapan-_JM,https://http2.mlstatic.com/D_NQ_NP_2X_821912-MLM85880566445_062025-E.webp,ATIZAPAN DE ZARAGOZA
"Departamento 4 Recámaras En Venta En Real Antigua, Zona Esmeralda",9000000,MXN,"Valle Escondido, Atizapán De Zaragoza, Estado De México",250 m² construidos,4 recámaras,4 baños,https://departamento.mercadolibre.com.mx/MLM-2745591443-departamento-4-recamaras-en-venta-en-real-antigua-zona-esmeralda-_JM,https://http2.mlstatic.com/D_NQ_NP_2X_619083-MLM106729027386_022026-E.webp,ATIZAPAN DE ZARAGOZA
Álbar En En Residencial Lago Esmeralda,2100000,MXN,"Residencial Lago Esmeralda, Atizapán De Zaragoza, Estado De México",38 m² construidos,2 recámaras,1 baño,https://departamento.mercadolibre.com.mx/MLM-3152356449-albar-en-en-residencial-lago-esmeralda-_JM,https://http2.mlstatic.com/D_NQ_NP_2X_884193-MLM114767768929_072026-E.webp,ATIZAPAN DE ZARAGOZA
Departamento En Venta En Fuentes De Satélite,5190000,MXN,"Fuentes De Satélite, Atizapán De Zaragoza, Estado De México",212 m² construidos,3 recámaras,2 baños,https://departamento.mercadolibre.com.mx/MLM-5446759976-departamento-en-venta-en-fuentes-de-satelite-_JM,https://http2.mlstatic.com/D_NQ_NP_2X_930495-MLM111591185942_062026-E.webp,ATIZAPAN DE ZARAGOZA
Departamento Minimalista Para Estrenar  En Venta En Atizapán,3214250,MXN,"México Nuevo, Atizapán De Zaragoza, Estado De México",85 m² construidos,2 recámaras,2 baños,https://departamento.mercadolibre.com.mx/MLM-5833535744-departamento-minimalista-para-estrenar-en-venta-en-atizapan-_JM,https://http2.mlstatic.com/D_NQ_NP_2X_957188-MLM113946694076_072026-E.webp,ATIZAPAN DE ZARAGOZA
Preventa Cumbre 424 En Lago Esmeralda,2310000,MXN,"Residencial Lago Esmeralda, Atizapán De Zaragoza, Estado De México",45 m² construidos,2 recámaras,1 baño,https://departamento.mercadolibre.com.mx/MLM-5258688430-preventa-cumbre-424-en-lago-esmeralda-_JM,https://http2.mlstatic.com/D_NQ_NP_2X_697462-MLM113408512934_072026-E.webp,ATIZAPAN DE ZARAGOZA
Departamento En Atizapán De Zaragoza · 2 Recámaras,2057000,MXN,"Barrio Nte, Atizapán De Zaragoza, Atizapán De Zaragoza, Atizapán De Zaragoza, Estado De México",68 m² construidos,2 recámaras,1 baño,https://departamento.mercadolibre.com.mx/MLM-3086947025-departamento-en-atizapan-de-zaragoza-2-recamaras-_JM,https://http2.mlstatic.com/D_NQ_NP_2X_822731-MLM112961909732_072026-E.webp,ATIZAPAN DE ZARAGOZA
Departamento En Venta En Atizapan Centro,2250000,MXN,"Av. Porfirio Díaz, Atizapan Centro, Cdad. López Mateos, Adolfo López Mateos, Atizapán De Zaragoza, Estado De México",78 m² construidos,3 recámaras,1 baño,https://departamento.mercadolibre.com.mx/MLM-5781699286-departamento-en-venta-en-atizapan-centro-_JM,https://http2.mlstatic.com/D_NQ_NP_2X_817266-MLM114978914719_072026-E.webp,ATIZAPAN DE ZARAGOZA
"Venta Departamento Sky View, Lago Esmeralda, Atizapan",4800000,MXN,"Residencial Lago Esmeralda, Atizapán De Zaragoza, Estado De México",92 m² construidos,3 recámaras,2 baños,https://departamento.mercadolibre.com.mx/MLM-5516842200-venta-departamento-sky-view-lago-esmeralda-atizapan-_JM,https://http2.mlstatic.com/D_NQ_NP_2X_870535-MLM112211398142_062026-E.webp,ATIZAPAN DE ZARAGOZA
"Departamento En Venta, Lomas De Guadalupe, Atizapán De Zaragoza",3700000,MXN,"Lomas De Guadalupe, Atizapán De Zaragoza, Estado De México",120 m² construidos,3 recámaras,2 baños,https://departamento.mercadolibre.com.mx/MLM-2865271377-departamento-en-venta-lomas-de-guadalupe-atizapan-de-zaragoza-_JM,https://http2.mlstatic.com/D_NQ_NP_2X_985968-MLM110438379885_042026-E.webp,ATIZAPAN DE ZARAGOZA
Maravilloso Departamento En Venta Ph Reserva Escondida Zona Esmeralda  Atizapán,13000000,MXN,"Rancho San Juan, Atizapán De Zaragoza, Estado De México",212 m² construidos,3 recámaras,3 baños,https://departamento.mercadolibre.com.mx/MLM-5445165928-maravilloso-departamento-en-venta-ph-reserva-escondida-zona-esmeralda-atizapan-_JM,https://http2.mlstatic.com/D_NQ_NP_2X_828721-MLM114313899404_082026-E.webp,ATIZAPAN DE ZARAGOZA
"Departamento En Venta En Colonia Bosque Esmeralda, Atizapán De Zaragoza, Estado De México",11380000,MXN,"BOSQUE ESMERALDA ORIENTE 9, Bosque Esmeralda, Atizapán De Zaragoza, Estado De México",236 m² construidos,3 recámaras,4 baños,https://departamento.mercadolibre.com.mx/MLM-3038868049-departamento-en-venta-en-colonia-bosque-esmeralda-atizapan-de-zaragoza-estado-de-mexico-_JM,https://http2.mlstatic.com/D_NQ_NP_2X_830911-MLM112467331562_062026-E.webp,ATIZAPAN DE ZARAGOZA
Venta Departamento Terra Viure Bosque Esmeralda Atizapan,11400000,MXN,"Bosque Esmeralda, Atizapán De Zaragoza, Estado De México",236 m² construidos,3 recámaras,3 baños,https://departamento.mercadolibre.com.mx/MLM-5723213184-venta-departamento-terra-viure-bosque-esmeralda-atizapan-_JM,https://http2.mlstatic.com/D_NQ_NP_2X_882953-MLM113356219432_072026-E.webp,ATIZAPAN DE ZARAGOZA
Departamento En Venta En Residencial Lago Esmeralda,11600000,MXN,"Kristal Towers, Atizapán De Zaragoza, Estado De México",236 m² construidos,3 recámaras,3 baños,https://departamento.mercadolibre.com.mx/MLM-3141102933-departamento-en-venta-en-residencial-lago-esmeralda-_JM,https://http2.mlstatic.com/D_NQ_NP_2X_788292-MLM113374217050_072026-E.webp,ATIZAPAN DE ZARAGOZA
"Departamento En Venta En Colonia Bosque Esmeralda, Atizapán De Zaragoza, Estado De México",12500000,MXN,"Bosque Esmeralda Oriente 9, Bosque Esmeralda, Atizapán De Zaragoza, Estado De México",230 m² construidos,3 recámaras,4 baños,https://departamento.mercadolibre.com.mx/MLM-3126929205-departamento-en-venta-en-colonia-bosque-esmeralda-atizapan-de-zaragoza-estado-de-mexico-_JM,https://http2.mlstatic.com/D_NQ_NP_2X_685636-MLM113241080594_072026-E.webp,ATIZAPAN DE ZARAGOZA
Venta Departamento Id Vertical Bellavista Atizapan Estado De México,10957279,MXN,"Las Colonias, Atizapán De Zaragoza, Estado De México",310 m² construidos,3 recámaras,3 baños,https://departamento.mercadolibre.com.mx/MLM-3139552281-venta-departamento-id-vertical-bellavista-atizapan-estado-de-mexico-_JM,https://http2.mlstatic.com/D_NQ_NP_2X_831110-MLM114602096843_072026-E.webp,ATIZAPAN DE ZARAGOZA
Departamento En Venta En Grand Viure,10500000,MXN,"Bosque Esmeralda, Atizapán De Zaragoza, Estado De México",220 m² construidos,3 recámaras,3 baños,https://departamento.mercadolibre.com.mx/MLM-5389850390-departamento-en-venta-en-grand-viure-_JM,https://http2.mlstatic.com/D_NQ_NP_2X_841193-MLM112066659551_052026-E.webp,ATIZAPAN DE ZARAGOZA
"Departamento En Venta En Colonia Rincón De La Montaña, Atizapán De Zaragoza, Estado De México",3380000,MXN,"Av. Pirules 48, Rincón De La Montaña, Atizapán De Zaragoza, Estado De México",100 m² construidos,2 recámaras,2 baños,https://departamento.mercadolibre.com.mx/MLM-2763394475-departamento-en-venta-en-colonia-rincon-de-la-montana-atizapan-de-zaragoza-estado-de-mexico-_JM,https://http2.mlstatic.com/D_NQ_NP_2X_840256-MLM108128939905_032026-E.webp,ATIZAPAN DE ZARAGOZA
Venta Departamento Terra Viure Bosque Esmeralda Atizapan Estado De México,12700000,MXN,"Bosque Esmeralda, Atizapán De Zaragoza, Estado De México",235 m² construidos,3 recámaras,3 baños,https://departamento.mercadolibre.com.mx/MLM-5723250726-venta-departamento-terra-viure-bosque-esmeralda-atizapan-estado-de-mexico-_JM,https://http2.mlstatic.com/D_NQ_NP_2X_746674-MLM114604842875_072026-E.webp,ATIZAPAN DE ZARAGOZA
"Departamento En Venta En Colonia Nuevo Madin, Atizapán De Zaragoza, Estado De México",2385000,MXN,"Calle Lago Ercina MZ11, Nuevo Madin, Atizapán De Zaragoza, Estado De México",52 m² construidos,2 recámaras,2 baños,https://departamento.mercadolibre.com.mx/MLM-3144812905-departamento-en-venta-en-colonia-nuevo-madin-atizapan-de-zaragoza-estado-de-mexico-_JM,https://http2.mlstatic.com/D_NQ_NP_2X_636216-MLM113410121036_072026-E.webp,ATIZAPAN DE ZARAGOZA
Departamento En Venta En Atizapán Torre Molinos,3952000,MXN,"Jardines De Atizapán, Atizapán De Zaragoza, Estado De México",117 m² construidos,2 recámaras,2 baños,https://departamento.mercadolibre.com.mx/MLM-5594245714-departamento-en-venta-en-atizapan-torre-molinos-_JM,https://http2.mlstatic.com/D_NQ_NP_2X_613619-MLM82093799562_022025-E.webp,ATIZAPAN DE ZARAGOZA
"Departamento En Venta En Colonia México Nuevo, Atizapán De Zaragoza, Estado De México",4550000,MXN,"Gustavo Baz Prada 26- A MZN-3, México Nuevo, Atizapán De Zaragoza, Estado De México",92 m² construidos,3 recámaras,2 baños,https://departamento.mercadolibre.com.mx/MLM-2955095651-departamento-en-venta-en-colonia-mexico-nuevo-atizapan-de-zaragoza-estado-de-mexico-_JM,https://http2.mlstatic.com/D_NQ_NP_2X_813520-MLM111173531594_052026-E.webp,ATIZAPAN DE ZARAGOZA
Departamento En Venta En Zona Esmeralda,3250000,MXN,"Lago Garda, Atizapán De Zaragoza, Estado De México",72 m² construidos,2 recámaras,2 baños,https://departamento.mercadolibre.com.mx/MLM-2891492925-departamento-en-venta-en-zona-esmeralda-_JM,https://http2.mlstatic.com/D_NQ_NP_2X_971968-MLM110905549623_042026-E.webp,ATIZAPAN DE ZARAGOZA
Departamento En Venta En Fraccionamiento Alameda,3250000,MXN,"Alameda, Atizapán De Zaragoza, Estado De México",76 m² construidos,2 recámaras,2 baños,https://departamento.mercadolibre.com.mx/MLM-2915333693-departamento-en-venta-en-fraccionamiento-alameda-_JM,https://http2.mlstatic.com/D_NQ_NP_2X_894377-MLM111372997539_052026-E.webp,ATIZAPAN DE ZARAGOZA
Departamento En Venta En Rancho San Juan Estado De México,15000000,MXN,"Rancho San Juan, Atizapán De Zaragoza, Estado De México",250 m² construidos,3 recámaras,2 baños,https://departamento.mercadolibre.com.mx/MLM-5666136782-departamento-en-venta-en-rancho-san-juan-estado-de-mexico-_JM,https://http2.mlstatic.com/D_NQ_NP_2X_954721-MLM115663428171_082026-E.webp,ATIZAPAN DE ZARAGOZA
"Departamento En Venta En Colonia Lomas De Bellavista, Atizapán De Zaragoza, Estado De México",6845629,MXN,"Blvr. Bellavista Mz III Lote 5, Lomas De Bellavista, Atizapán De Zaragoza, Estado De México",170 m² construidos,3 recámaras,3 baños,https://departamento.mercadolibre.com.mx/MLM-2755640813-departamento-en-venta-en-colonia-lomas-de-bellavista-atizapan-de-zaragoza-estado-de-mexico-_JM,https://http2.mlstatic.com/D_NQ_NP_2X_999078-MLM107813333353_022026-E.webp,ATIZAPAN DE ZARAGOZA
Departamento En Venta En Residencial Lago Esmeralda,3600000,MXN,"Residencial Lago Esmeralda, Atizapán De Zaragoza, Estado De México",70 m² construidos,2 recámaras,2 baños,https://departamento.mercadolibre.com.mx/MLM-3086315981-departamento-en-venta-en-residencial-lago-esmeralda-_JM,https://http2.mlstatic.com/D_NQ_NP_2X_801739-MLM112957481606_072026-E.webp,ATIZAPAN DE ZARAGOZA
Departamento En Venta En Las Colonias,3500000,MXN,"Cerrada Azaleas 0, Atizapán De Zaragoza, Estado De México",125 m² construidos,3 recámaras,2 baños,https://departamento.mercadolibre.com.mx/MLM-5725980312-departamento-en-venta-en-las-colonias-_JM,https://http2.mlstatic.com/D_NQ_NP_2X_628729-MLM113374210882_072026-E.webp,ATIZAPAN DE ZARAGOZA
"Departamento En Venta En Colonia Bosque Esmeralda, Atizapán De Zaragoza, Estado De México",4150000,MXN,"Jilotzingo 1, Bosque Esmeralda, Atizapán De Zaragoza, Estado De México",129 m² construidos,3 recámaras,3 baños,https://departamento.mercadolibre.com.mx/MLM-4847068690-departamento-en-venta-en-colonia-bosque-esmeralda-atizapan-de-zaragoza-estado-de-mexico-_JM,https://http2.mlstatic.com/D_NQ_NP_2X_630019-MLM107813828921_022026-E.webp,ATIZAPAN DE ZARAGOZA
Departamento En Venta En El Calvario,4900000,MXN,"Subida Del Calvario 0, Atizapán De Zaragoza, Estado De México",138 m² construidos,3 recámaras,3 baños,https://departamento.mercadolibre.com.mx/MLM-5266949208-departamento-en-venta-en-el-calvario-_JM,https://http2.mlstatic.com/D_NQ_NP_2X_935960-MLM111065216403_042026-E.webp,ATIZAPAN DE ZARAGOZA
"Departamento En Venta En Colonia Bosque Esmeralda, Atizapán De Zaragoza, Estado De México",11250000,MXN,"Bosque Esmeralda Oriente 9, Bosque Esmeralda, Atizapán De Zaragoza, Estado De México",235 m² construidos,3 recámaras,2 baños,https://departamento.mercadolibre.com.mx/MLM-4846977926-departamento-en-venta-en-colonia-bosque-esmeralda-atizapan-de-zaragoza-estado-de-mexico-_JM,https://http2.mlstatic.com/D_NQ_NP_2X_670346-MLM107813326731_022026-E.webp,ATIZAPAN DE ZARAGOZA
Depa En Venta En Lago Esmeralda - Zona Esmeralda,4550000,MXN,"Residencial Lago Esmeralda, Atizapán De Zaragoza, Estado De México",132 m² construidos,2 recámaras,2 baños,https://departamento.mercadolibre.com.mx/MLM-3113624441-depa-en-venta-en-lago-esmeralda-zona-esmeralda-_JM,https://http2.mlstatic.com/D_NQ_NP_2X_725908-MLM113147602418_072026-E.webp,ATIZAPAN DE ZARAGOZA
Departamento En Venta En Fraccionamiento Alameda,3449000,MXN,"Av. Universidad, Atizapán De Zaragoza, Estado De México",91 m² construidos,2 recámaras,2 baños,https://departamento.mercadolibre.com.mx/MLM-5306253536-departamento-en-venta-en-fraccionamiento-alameda-_JM,https://http2.mlstatic.com/D_NQ_NP_2X_761438-MLM110434762002_052026-E.webp,ATIZAPAN DE ZARAGOZA
Departamento En Venta En Los Cajones,5254590,MXN,"Id Vertical Bellavista, Atizapán De Zaragoza, Estado De México",117 m² construidos,3 recámaras,2 baños,https://departamento.mercadolibre.com.mx/MLM-4761666186-departamento-en-venta-en-los-cajones-_JM,https://http2.mlstatic.com/D_NQ_NP_2X_784885-MLM106831505015_022026-E.webp,ATIZAPAN DE ZARAGOZA
"Departamento En Venta En Colonia Lomas De Bellavista, Atizapán De Zaragoza, Estado De México",5436860,MXN,"Blvd. Bellavista S/N, Lomas De Bellavista, Atizapán De Zaragoza, Estado De México",115 m² construidos,2 recámaras,2 baños,https://departamento.mercadolibre.com.mx/MLM-2755614629-departamento-en-venta-en-colonia-lomas-de-bellavista-atizapan-de-zaragoza-estado-de-mexico-_JM,https://http2.mlstatic.com/D_NQ_NP_2X_602399-MLM107118559068_022026-E.webp,ATIZAPAN DE ZARAGOZA
"Departamento En Venta En Colonia Lomas De Bellavista, Atizapán De Zaragoza, Estado De México",7879000,MXN,"Blvr. Bellavista Mz. III Lt 5, Lomas De Bellavista, Atizapán De Zaragoza, Estado De México",170 m² construidos,3 recámaras,3 baños,https://departamento.mercadolibre.com.mx/MLM-5702312880-departamento-en-venta-en-colonia-lomas-de-bellavista-atizapan-de-zaragoza-estado-de-mexico-_JM,https://http2.mlstatic.com/D_NQ_NP_2X_754077-MLM113241047844_072026-E.webp,ATIZAPAN DE ZARAGOZA
"Departamento En Venta En Colonia México Nuevo, Atizapán De Zaragoza, Estado De México",3555050,MXN,"Gustavo Baz Prada 26-A MNZ-3, México Nuevo, Atizapán De Zaragoza, Estado De México",93 m² construidos,3 recámaras,2 baños,https://departamento.mercadolibre.com.mx/MLM-3042116143-departamento-en-venta-en-colonia-mexico-nuevo-atizapan-de-zaragoza-estado-de-mexico-_JM,https://http2.mlstatic.com/D_NQ_NP_2X_710880-MLM112511234864_062026-E.webp,ATIZAPAN DE ZARAGOZA
"Departamento En Venta En Colonia Lomas De Bellavista, Atizapán De Zaragoza, Estado De México",10957279,MXN,"Blvr. Bellavista Mz. III Lote 5, Lomas De Bellavista, Atizapán De Zaragoza, Estado De México",274 m² construidos,3 recámaras,3 baños,https://departamento.mercadolibre.com.mx/MLM-4847094036-departamento-en-venta-en-colonia-lomas-de-bellavista-atizapan-de-zaragoza-estado-de-mexico-_JM,https://http2.mlstatic.com/D_NQ_NP_2X_949257-MLM107813697859_022026-E.webp,ATIZAPAN DE ZARAGOZA
"Departamento En Venta En Colonia Bosque Esmeralda, Atizapán De Zaragoza, Estado De México",11650000,MXN,"Bosque Esmeralda Oriente  9, Bosque Esmeralda, Atizapán De Zaragoza, Estado De México",232 m² construidos,3 recámaras,4 baños,https://departamento.mercadolibre.com.mx/MLM-5702312854-departamento-en-venta-en-colonia-bosque-esmeralda-atizapan-de-zaragoza-estado-de-mexico-_JM,https://http2.mlstatic.com/D_NQ_NP_2X_846048-MLM114479664485_072026-E.webp,ATIZAPAN DE ZARAGOZA
"Departamento En Venta En Colonia Calacoaya, Atizapán De Zaragoza, Estado De México",2800000,MXN,"Sin Calle 0, Calacoaya, Atizapán De Zaragoza, Estado De México",80 m² construidos,2 recámaras,2 baños,https://departamento.mercadolibre.com.mx/MLM-3005855085-departamento-en-venta-en-colonia-calacoaya-atizapan-de-zaragoza-estado-de-mexico-_JM,https://http2.mlstatic.com/D_NQ_NP_2X_671449-MLM112019817850_062026-E.webp,ATIZAPAN DE ZARAGOZA
"Departamento En Venta En Colonia Rancho Blanco Ejido De Espíritu Santo, Atizapán De Zaragoza, Estado De México",4200000,MXN,"Sendero Peña Del Aire 54, Atizapán De Zaragoza, Estado De México",150 m² construidos,2 recámaras,3 baños,https://departamento.mercadolibre.com.mx/MLM-5266978034-departamento-en-venta-en-colonia-rancho-blanco-ejido-de-espiritu-santo-atizapan-de-zaragoza-estado-de-mexico-_JM,https://http2.mlstatic.com/D_NQ_NP_2X_887956-MLM110146988732_042026-E.webp,ATIZAPAN DE ZARAGOZA
"Departamento En Venta En Colonia Rancho Blanco Ejido De Espíritu Santo, Atizapán De Zaragoza, Estado De México",6230000,MXN,"Sendero Peña De Aire 54, Atizapán De Zaragoza, Estado De México",150 m² construidos,2 recámaras,3 baños,https://departamento.mercadolibre.com.mx/MLM-5266952570-departamento-en-venta-en-colonia-rancho-blanco-ejido-de-espiritu-santo-atizapan-de-zaragoza-estado-de-mexico-_JM,https://http2.mlstatic.com/D_NQ_NP_2X_668442-MLM110146985494_042026-E.webp,ATIZAPAN DE ZARAGOZA
"Departamento En Venta En Colonia Rancho Blanco Ejido De Espíritu Santo, Atizapán De Zaragoza, Estado De México",6580000,MXN,"Sendero Peña Del Aire 54, Atizapán De Zaragoza, Estado De México",151 m² construidos,2 recámaras,3 baños,https://departamento.mercadolibre.com.mx/MLM-5266952548-departamento-en-venta-en-colonia-rancho-blanco-ejido-de-espiritu-santo-atizapan-de-zaragoza-estado-de-mexico-_JM,https://http2.mlstatic.com/D_NQ_NP_2X_658984-MLM111066593207_042026-E.webp,ATIZAPAN DE ZARAGOZA
"Departamento En Venta En Colonia Rancho Blanco Ejido De Espíritu Santo, Atizapán De Zaragoza, Estado De México",6230000,MXN,"Sendero Peña Del Aire 54, Atizapán De Zaragoza, Estado De México",150 m² construidos,2 recámaras,3 baños,https://departamento.mercadolibre.com.mx/MLM-2963299309-departamento-en-venta-en-colonia-rancho-blanco-ejido-de-espiritu-santo-atizapan-de-zaragoza-estado-de-mexico-_JM,https://http2.mlstatic.com/D_NQ_NP_2X_883589-MLM111330570320_052026-E.webp,ATIZAPAN DE ZARAGOZA
Departamento En Venta En Nuevo Madin,2600000,MXN,"Calle Lago Ercina MZ 0, Atizapán De Zaragoza, Estado De México",52 m² construidos,1 recámara,2 baños,https://departamento.mercadolibre.com.mx/MLM-5488224244-departamento-en-venta-en-nuevo-madin-_JM,https://http2.mlstatic.com/D_NQ_NP_2X_828545-MLM111948812150_062026-E.webp,ATIZAPAN DE ZARAGOZA
Departamento En Venta En Residencial Lago Esmeralda,2400000,MXN,"Dr. Jorge Jimenez Cantu, Atizapán De Zaragoza, Estado De México",38 m² construidos,2 recámaras,1 baño,https://departamento.mercadolibre.com.mx/MLM-3086280231-departamento-en-venta-en-residencial-lago-esmeralda-_JM,https://http2.mlstatic.com/D_NQ_NP_2X_714770-MLM112957491184_072026-E.webp,ATIZAPAN DE ZARAGOZA
"Departamento En Venta En Colonia Rancho Blanco Ejido De Espíritu Santo, Atizapán De Zaragoza, Estado De México",3487236,MXN,"Sendero Del Escobal  Mza 34 Lt 33-3, Atizapán De Zaragoza, Estado De México",80 m² construidos,2 recámaras,2 baños,https://departamento.mercadolibre.com.mx/MLM-2911507561-departamento-en-venta-en-colonia-rancho-blanco-ejido-de-espiritu-santo-atizapan-de-zaragoza-estado-de-mexico-_JM,https://http2.mlstatic.com/D_NQ_NP_2X_813438-MLM110356986928_052026-E.webp,ATIZAPAN DE ZARAGOZA
"Departamento En Venta En Alíes, Ciudad López Mateos",6400000,MXN,"Ciudad Adolfo López Mateos, Atizapán De Zaragoza, Estado De México",155 m² construidos,3 recámaras,3 baños,https://departamento.mercadolibre.com.mx/MLM-3120992335-departamento-en-venta-en-alies-ciudad-lopez-mateos-_JM,https://http2.mlstatic.com/D_NQ_NP_2X_752667-MLM106001633921_012026-E.webp,ATIZAPAN DE ZARAGOZA
Departamento En Venta Ciuda Lopez Mateos -atizapan De Zaragoza,2200000,MXN,"Ciudad Adolfo López Mateos, Atizapán De Zaragoza, Estado De México",78 m² construidos,1 recámara,1 baño,https://departamento.mercadolibre.com.mx/MLM-5780510922-departamento-en-venta-ciuda-lopez-mateos-atizapan-de-zaragoza-_JM,https://http2.mlstatic.com/D_NQ_NP_2X_750508-MLM113686775368_072026-E.webp,ATIZAPAN DE ZARAGOZA
Departamento En Venta  Loma Antigua,8200000,MXN,"Av. Bosque Esmeralda S/N, Bosque Esmeralda, Atizapán De Zaragoza, Estado De México",204 m² construidos,3 recámaras,3 baños,https://departamento.mercadolibre.com.mx/MLM-5561098256-departamento-en-venta-loma-antigua-_JM,https://http2.mlstatic.com/D_NQ_NP_2X_919458-MLM112503394190_062026-E.webp,ATIZAPAN DE ZARAGOZA
Departamento En Venta En Reserva De Los Jinetes. Las Arboledas,6500000,MXN,"Avenida Juárez 120, Las Arboledas, Atizapán De Zaragoza, Estado De México",119 m² construidos,3 recámaras,2 baños,https://departamento.mercadolibre.com.mx/MLM-5527449262-departamento-en-venta-en-reserva-de-los-jinetes-las-arboledas-_JM,https://http2.mlstatic.com/D_NQ_NP_2X_871763-MLM112262048048_062026-E.webp,ATIZAPAN DE ZARAGOZA
"Departamento En Venta Lago Esmeralda: 2 Rec, 2 Autos,2 Baños Seguridad, Ubicación Y Plusvalía Garantizada",3490000,MXN,"Ciudad López Mateos, Residencial Lago Esmeralda, Atizapán De Zaragoza, Estado De México",78 m² construidos,2 recámaras,2 baños,https://departamento.mercadolibre.com.mx/MLM-4997560658-departamento-en-venta-lago-esmeralda-2-rec-2-autos2-banos-seguridad-ubicacion-y-plusvalia-garantizada-_JM,https://http2.mlstatic.com/D_NQ_NP_2X_823737-MLM108665646151_032026-E.webp,ATIZAPAN DE ZARAGOZA
"Departamento En Venta En Colonia Valle Escondido, Atizapán De Zaragoza, Estado De México",7357278,MXN,"Av Parque De Los Ciervos  2, Valle Escondido, Atizapán De Zaragoza, Estado De México",200 m² construidos,3 recámaras,3 baños,https://departamento.mercadolibre.com.mx/MLM-5058299620-departamento-en-venta-en-colonia-valle-escondido-atizapan-de-zaragoza-estado-de-mexico-_JM,https://http2.mlstatic.com/D_NQ_NP_2X_809062-MLM108491877312_032026-E.webp,ATIZAPAN DE ZARAGOZA
"Departamento En Venta En Colonia Rancho Blanco Ejido De Espíritu Santo, Atizapán De Zaragoza, Estado De México",6800000,MXN,"C. Joaquin Patiño --, Atizapán De Zaragoza, Estado De México",250 m² construidos,2 recámaras,2 baños,https://departamento.mercadolibre.com.mx/MLM-2755549659-departamento-en-venta-en-colonia-rancho-blanco-ejido-de-espiritu-santo-atizapan-de-zaragoza-estado-de-mexico-_JM,https://http2.mlstatic.com/D_NQ_NP_2X_653108-MLM107813218463_022026-E.webp,ATIZAPAN DE ZARAGOZA
Departamento En Venta En Atizapan De Zaragoza Kristal Towers (m2d3801),11600000,MXN,"Viejo Madín, Atizapán De Zaragoza, Estado De México",236 m² construidos,3 recámaras,3 baños,https://departamento.mercadolibre.com.mx/MLM-3247317255-departamento-en-venta-en-atizapan-de-zaragoza-kristal-towers-m2d3801-_JM,https://http2.mlstatic.com/D_NQ_NP_2X_680602-MLM114267827848_082026-E.webp,ATIZAPAN DE ZARAGOZA
"Departamentos En Venta En Park View $2,350,000",2350000,MXN,"Ciudad Adolfo López Mateos, Atizapán De Zaragoza, Estado De México",52 m² construidos,2 recámaras,2 baños,https://departamento.mercadolibre.com.mx/MLM-5857168160-departamentos-en-venta-en-park-view-2350000-_JM,https://http2.mlstatic.com/D_NQ_NP_2X_753040-MLM114034224688_072026-E.webp,ATIZAPAN DE ZARAGOZA
"Departamentos En Venta En Park View $2,450,000",2450000,MXN,"Ciudad Adolfo López Mateos, Atizapán De Zaragoza, Estado De México",52 m² construidos,2 recámaras,2 baños,https://departamento.mercadolibre.com.mx/MLM-5857120686-departamentos-en-venta-en-park-view-2450000-_JM,https://http2.mlstatic.com/D_NQ_NP_2X_774860-MLM114034258148_072026-E.webp,ATIZAPAN DE ZARAGOZA
Villa Antigua En Zona Esmeralda,15800000,MXN,"Club De Golf Valle Escondido, Atizapán De Zaragoza, Estado De México",382 m² construidos,3 recámaras,4 baños,https://departamento.mercadolibre.com.mx/MLM-3222520491-villa-antigua-en-zona-esmeralda-_JM,https://http2.mlstatic.com/D_NQ_NP_2X_797799-MLM114036401332_072026-E.webp,ATIZAPAN DE ZARAGOZA
Venta Departamento Terra Viure Bosque Esmeralda Atizapán Estado De México,13150000,MXN,"Av. Bosque Esmeralda Ote. 9, Bosque Esmeralda, Atizapán De Zaragoza, Estado De México",173 m² construidos,3 recámaras,2 baños,https://departamento.mercadolibre.com.mx/MLM-3232412025-venta-departamento-terra-viure-bosque-esmeralda-atizapan-estado-de-mexico-_JM,https://http2.mlstatic.com/D_NQ_NP_2X_622390-MLM114117784012_082026-E.webp,ATIZAPAN DE ZARAGOZA
Venta Departamento Terra Viure Bosque Esmeralda Atizapán Estado De México,12500000,MXN,"Av. Bosque Esmeralda Ote. 9, Bosque Esmeralda, Atizapán De Zaragoza, Estado De México",200 m² construidos,3 recámaras,3 baños,https://departamento.mercadolibre.com.mx/MLM-5872970508-venta-departamento-terra-viure-bosque-esmeralda-atizapan-estado-de-mexico-_JM,https://http2.mlstatic.com/D_NQ_NP_2X_723159-MLM114117519816_082026-E.webp,ATIZAPAN DE ZARAGOZA
"Preventa Departamentos En Torres Livet, Jilotzingo",4087200,MXN,"Rancho Blanco, Atizapán De Zaragoza, Estado De México",113 m² construidos,2 recámaras,2 baños,https://departamento.mercadolibre.com.mx/MLM-3249793211-preventa-departamentos-en-torres-livet-jilotzingo-_JM,https://http2.mlstatic.com/D_NQ_NP_2X_783310-MLM114289926306_082026-E.webp,ATIZAPAN DE ZARAGOZA
"Departamento De Lujo Con Vista Panorámica, Id Vertical Bellavista, Atizapán",6950000,MXN,"Los Cajones, Atizapán De Zaragoza, Estado De México",178 m² construidos,3 recámaras,3 baños,https://departamento.mercadolibre.com.mx/MLM-3249818447-departamento-de-lujo-con-vista-panoramica-id-vertical-bellavista-atizapan-_JM,https://http2.mlstatic.com/D_NQ_NP_2X_744320-MLM114289939156_082026-E.webp,ATIZAPAN DE ZARAGOZA
"Preventa Departamentos En Torres Livet, Jilotzingo",4420000,MXN,"Rancho Blanco, Atizapán De Zaragoza, Estado De México",126 m² construidos,3 recámaras,2 baños,https://departamento.mercadolibre.com.mx/MLM-3249792865-preventa-departamentos-en-torres-livet-jilotzingo-_JM,https://http2.mlstatic.com/D_NQ_NP_2X_660199-MLM115629139041_082026-E.webp,ATIZAPAN DE ZARAGOZA
Depas En Preventa Exclusiva Residencial Notre Dame Atizapán,21119000,MXN,"Rancho Blanco, Atizapán De Zaragoza, Estado De México",381 m² construidos,3 recámaras,3 baños,https://departamento.mercadolibre.com.mx/MLM-3249821603-depas-en-preventa-exclusiva-residencial-notre-dame-atizapan-_JM,https://http2.mlstatic.com/D_NQ_NP_2X_768663-MLM115629544041_082026-E.webp,ATIZAPAN DE ZARAGOZA
"Depas En Preventa Exclusiva Residencial Notre Dame, Atizapán",15350000,MXN,"Rancho Blanco, Atizapán De Zaragoza, Estado De México",304 m² construidos,3 recámaras,4 baños,https://departamento.mercadolibre.com.mx/MLM-3249821591-depas-en-preventa-exclusiva-residencial-notre-dame-atizapan-_JM,https://http2.mlstatic.com/D_NQ_NP_2X_621270-MLM115629543321_082026-E.webp,ATIZAPAN DE ZARAGOZA
Último Departamento Monte Alto En Venta Con Terraza Privada Y Pérgola Jilotzing,5895000,MXN,"Rancho Blanco, Atizapán De Zaragoza, Estado De México",300 m² construidos,3 recámaras,2 baños,https://departamento.mercadolibre.com.mx/MLM-3249794949-ultimo-departamento-monte-alto-en-venta-con-terraza-privada-y-pergola-jilotzing-_JM,https://http2.mlstatic.com/D_NQ_NP_2X_953825-MLM115629348889_082026-E.webp,ATIZAPAN DE ZARAGOZA
Último Departamento Monte Alto En Venta Con Terraza Privada Y Pérgola Jilotzing,5895000,MXN,"Rancho Blanco, Atizapán De Zaragoza, Estado De México",300 m² construidos,3 recámaras,2 baños,https://departamento.mercadolibre.com.mx/MLM-3249819229-ultimo-departamento-monte-alto-en-venta-con-terraza-privada-y-pergola-jilotzing-_JM,https://http2.mlstatic.com/D_NQ_NP_2X_726618-MLM115629191251_082026-E.webp,ATIZAPAN DE ZARAGOZA
Último Departamento En Venta Monte Alto Con Terraza Privada Jilotzingo,4995000,MXN,"Lomas De Valle Escondido, Atizapán De Zaragoza, Estado De México",210 m² construidos,3 recámaras,2 baños,https://departamento.mercadolibre.com.mx/MLM-3215986775-ultimo-departamento-en-venta-monte-alto-con-terraza-privada-jilotzingo-_JM,https://http2.mlstatic.com/D_NQ_NP_2X_639898-MLM113994997274_072026-E.webp,ATIZAPAN DE ZARAGOZA
Último Departamento Monte Alto En Venta Con Terraza Privada Y Pérgola Jilotzing,5895000,MXN,"Rancho Blanco, Atizapán De Zaragoza, Estado De México",300 m² construidos,3 recámaras,2 baños,https://departamento.mercadolibre.com.mx/MLM-3249780721-ultimo-departamento-monte-alto-en-venta-con-terraza-privada-y-pergola-jilotzing-_JM,https://http2.mlstatic.com/D_NQ_NP_2X_676847-MLM115629184303_082026-E.webp,ATIZAPAN DE ZARAGOZA
"Venta De Departamento En Terra Viure, Bosque Esmeralda",12900000,MXN,"Bosque Esmeralda, Atizapán De Zaragoza, Estado De México",230 m² construidos,3 recámaras,3 baños,https://departamento.mercadolibre.com.mx/MLM-3246913327-venta-de-departamento-en-terra-viure-bosque-esmeralda-_JM,https://http2.mlstatic.com/D_NQ_NP_2X_908950-MLM114263939100_082026-E.webp,ATIZAPAN DE ZARAGOZA
"Departamento Con Elevador Y Amenidades, Residencial Cerezos Atizapán",3390000,MXN,"Ciudad Adolfo López Mateos, Atizapán De Zaragoza, Estado De México",127 m² construidos,3 recámaras,2 baños,https://departamento.mercadolibre.com.mx/MLM-3249796019-departamento-con-elevador-y-amenidades-residencial-cerezos-atizapan-_JM,https://http2.mlstatic.com/D_NQ_NP_2X_759248-MLM115629539125_082026-E.webp,ATIZAPAN DE ZARAGOZA
"Depas En Preventa Exclusiva Residencial Notre Dame , Atizapán",9015000,MXN,"Rancho Blanco, Atizapán De Zaragoza, Estado De México",221 m² construidos,3 recámaras,4 baños,https://departamento.mercadolibre.com.mx/MLM-3249821577-depas-en-preventa-exclusiva-residencial-notre-dame-atizapan-_JM,https://http2.mlstatic.com/D_NQ_NP_2X_913188-MLM115629543037_082026-E.webp,ATIZAPAN DE ZARAGOZA
Depas En Preventa Exclusiva Residencial Notre Dame Rancho Blanco Atizpan,7223000,MXN,"Rancho Blanco, Atizapán De Zaragoza, Estado De México",176 m² construidos,2 recámaras,2 baños,https://departamento.mercadolibre.com.mx/MLM-3249821553-depas-en-preventa-exclusiva-residencial-notre-dame-rancho-blanco-atizpan-_JM,https://http2.mlstatic.com/D_NQ_NP_2X_621008-MLM114290324032_082026-E.webp,ATIZAPAN DE ZARAGOZA
"Depas En Preventa Exclusiva Residencial Notre Dame, Atizapán",11055000,MXN,"Rancho Blanco, Atizapán De Zaragoza, Estado De México",272 m² construidos,3 recámaras,4 baños,https://departamento.mercadolibre.com.mx/MLM-3249821567-depas-en-preventa-exclusiva-residencial-notre-dame-atizapan-_JM,https://http2.mlstatic.com/D_NQ_NP_2X_740233-MLM115629595353_082026-E.webp,ATIZAPAN DE ZARAGOZA
"Depas En Preventa Exclusiva Residencial Notre Dame, Atizapan",8335000,MXN,"Rancho Blanco, Atizapán De Zaragoza, Estado De México",204 m² construidos,3 recámaras,3 baños,https://departamento.mercadolibre.com.mx/MLM-3249783097-depas-en-preventa-exclusiva-residencial-notre-dame-atizapan-_JM,https://http2.mlstatic.com/D_NQ_NP_2X_712613-MLM115629541999_082026-E.webp,ATIZAPAN DE ZARAGOZA
"Departamento En Arbolada Del Bosque, Atizapán",3100000,MXN,"Adolfo López Mateos, Atizapán De Zaragoza, Estado De México",102 m² construidos,3 recámaras,2 baños,https://departamento.mercadolibre.com.mx/MLM-3249792963-departamento-en-arbolada-del-bosque-atizapan-_JM,https://http2.mlstatic.com/D_NQ_NP_2X_777923-MLM114289967328_082026-E.webp,ATIZAPAN DE ZARAGOZA
Depas En Preventa Exclusiva Residencial Notre Dame Atizapán,18075000,MXN,"Rancho Blanco, Atizapán De Zaragoza, Estado De México",358 m² construidos,3 recámaras,4 baños,https://departamento.mercadolibre.com.mx/MLM-3249796125-depas-en-preventa-exclusiva-residencial-notre-dame-atizapan-_JM,https://http2.mlstatic.com/D_NQ_NP_2X_623516-MLM115629513785_082026-E.webp,ATIZAPAN DE ZARAGOZA
"Hermoso Departamento En Venta Ubicado A  10 Min. Del  Club De Golf Hacienda, Tecnológico De Monterrey Y Lago De Guadalupe.",3800000,MXN,"Ciudad López Mateos, Las Colonias, Atizapán De Zaragoza, Estado De México",116 m² construidos,3 recámaras,2 baños,https://departamento.mercadolibre.com.mx/MLM-3245946379-hermoso-departamento-en-venta-ubicado-a-10-min-del-club-de-golf-hacienda-tecnologico-de-monterrey-y-lago-de-guadalupe-_JM,https://http2.mlstatic.com/D_NQ_NP_2X_743341-MLM114249172378_082026-E.webp,ATIZAPAN DE ZARAGOZA
"Hermoso Departamento En Venta Ubicado A  10 Min. Del  Club De Golf Hacienda, Tecnológico De Monterrey Y Lago De Guadalupe.",3800000,MXN,"Ciudad López Mateos, Las Colonias, Atizapán De Zaragoza, Estado De México",116 m² construidos,3 recámaras,2 baños,https://departamento.mercadolibre.com.mx/MLM-3239757033-hermoso-departamento-en-venta-ubicado-a-10-min-del-club-de-golf-hacienda-tecnologico-de-monterrey-y-lago-de-guadalupe-_JM,https://http2.mlstatic.com/D_NQ_NP_2X_984698-MLM115526284527_082026-E.webp,ATIZAPAN DE ZARAGOZA
Departamento En Venta En Atizapan,1200000,MXN,"Ex Hacienda Del Pedregal Lopez Mateos 2da Secc, Ciudad López Mateos, Ex-Hacienda El Pedregal, Atizapán De Zaragoza, Estado De México",49 m² construidos,2 recámaras,1 baño,https://departamento.mercadolibre.com.mx/MLM-3221455331-departamento-en-venta-en-atizapan-_JM,https://http2.mlstatic.com/D_NQ_NP_2X_925527-MLM113596299616_072026-E.webp,ATIZAPAN DE ZARAGOZA
Vendo Departamento  En Planta Baja En Lomas De Atizapan Atizapan De Zaragoza Estado De Mexico,1950000,MXN,"Av. Adolfo Ruiz Cortines, Lomas De Atizapan, Cdad. López Mateos, Lomas De Atizapán, Atizapán De Zaragoza, Estado De México",65 m² construidos,2 recámaras,1 baño,https://departamento.mercadolibre.com.mx/MLM-3227646867-vendo-departamento-en-planta-baja-en-lomas-de-atizapan-atizapan-de-zaragoza-estado-de-mexico-_JM,https://http2.mlstatic.com/D_NQ_NP_2X_977725-MLM114075854448_072026-E.webp,ATIZAPAN DE ZARAGOZA
Casa En Venta En Paseo De Las Villas,1900000,MXN,"P.º De Las Villas 122, MZ 012, Villas De La Hacienda, Cdad. López Mateos, Villas De La Hacienda, Atizapán De Zaragoza, Estado De México",62 m² construidos,2 recámaras,1 baño,https://departamento.mercadolibre.com.mx/MLM-3246651241-casa-en-venta-en-paseo-de-las-villas-_JM,https://http2.mlstatic.com/D_NQ_NP_2X_804802-MLM115594848219_082026-E.webp,ATIZAPAN DE ZARAGOZA
"Departamento Venta Barrio Norte, Atizapán De Zaragoza, Edo. De Méx.",1900000,MXN,"3a. Cerrada De Progreso, Barrio Norte, Atizapán De Zaragoza, Estado De México",77 m² construidos,2 recámaras,2 baños,https://departamento.mercadolibre.com.mx/MLM-5576695820-departamento-venta-barrio-norte-atizapan-de-zaragoza-edo-de-mex-_JM,https://http2.mlstatic.com/D_NQ_NP_2X_882079-MLM113773454963_062026-E.webp,ATIZAPAN DE ZARAGOZA
Departamento En Venta Residencial Valle Esmeralda,3490000,MXN,"Bosque De Arrayán, Atizapán De Zaragoza, Estado De México",73 m² construidos,2 recámaras,2 baños,https://departamento.mercadolibre.com.mx/MLM-5779756082-departamento-en-venta-residencial-valle-esmeralda-_JM,https://http2.mlstatic.com/D_NQ_NP_2X_938194-MLM114968465165_072026-E.webp,ATIZAPAN DE ZARAGOZA
Triada En Lago Esmeralda,3588750,MXN,"Residencial Lago Esmeralda, Atizapán De Zaragoza, Estado De México",70 m² construidos,2 recámaras,2 baños,https://departamento.mercadolibre.com.mx/MLM-5357381716-triada-en-lago-esmeralda-_JM,https://http2.mlstatic.com/D_NQ_NP_2X_929638-MLM113892571294_072026-E.webp,ATIZAPAN DE ZARAGOZA
Departamento En Venta 106mts 3 Recamaras 2 Estacionamiento,3125000,MXN,"Mar Egeo, Lomas Lindas, Cdad. López Mateos, Lomas Lindas, Atizapán De Zaragoza, Estado De México",106 m² construidos,3 recámaras,3 baños,https://departamento.mercadolibre.com.mx/MLM-2880797369-departamento-en-venta-106mts-3-recamaras-2-estacionamiento-_JM,https://http2.mlstatic.com/D_NQ_NP_2X_601875-MLM110715556171_042026-E.webp,ATIZAPAN DE ZARAGOZA
Venta Departamento Nuevo Park View Atizapán Estado De México,2800000,MXN,"Lago Ercina, Residencial Lago Esmeralda, Atizapán De Zaragoza, Estado De México",52 m² construidos,2 recámaras,2 baños,https://departamento.mercadolibre.com.mx/MLM-5791522170-venta-departamento-nuevo-park-view-atizapan-estado-de-mexico-_JM,https://http2.mlstatic.com/D_NQ_NP_2X_959366-MLM115019992379_072026-E.webp,ATIZAPAN DE ZARAGOZA
Departamento En Venta Zona Esmeralda,5830000,MXN,"Cda. Del Mirador 7, 52800 - 53100 Viejo Madín, Méx., Mexico, Lago Esmeralda, Atizapán De Zaragoza, Estado De México",101 m² construidos,2 recámaras,1 baño,https://departamento.mercadolibre.com.mx/MLM-4667530960-departamento-en-venta-zona-esmeralda-_JM,https://http2.mlstatic.com/D_NQ_NP_2X_614091-MLM107597495325_022026-E.webp,ATIZAPAN DE ZARAGOZA
Departamento En Venta Zona Esmeralda,9139334,MXN,"GPRM+VW, 52989 Ciudad López Mateos, State Of Mexico, Mexico, Lago Esmeralda, Atizapán De Zaragoza, Estado De México",174 m² construidos,2 recámaras,1 baño,https://departamento.mercadolibre.com.mx/MLM-2687599057-departamento-en-venta-zona-esmeralda-_JM,https://http2.mlstatic.com/D_NQ_NP_2X_656175-MLM107595496637_022026-E.webp,ATIZAPAN DE ZARAGOZA
"Departamentos En Venta En Park View $2,350,000.00",2350000,MXN,"Ciudad Adolfo López Mateos, Atizapán De Zaragoza, Estado De México",52 m² construidos,2 recámaras,2 baños,https://departamento.mercadolibre.com.mx/MLM-5715357530-departamentos-en-venta-en-park-view-235000000-_JM,https://http2.mlstatic.com/D_NQ_NP_2X_809955-MLM113303904730_072026-E.webp,ATIZAPAN DE ZARAGOZA
"Departamentos En Venta En Park View  Desde $2,535,000 Hasta $2,785,000",2535000,MXN,"Ciudad Adolfo López Mateos, Atizapán De Zaragoza, Estado De México",52 m² construidos,2 recámaras,2 baños,https://departamento.mercadolibre.com.mx/MLM-3135965555-departamentos-en-venta-en-park-view-desde-2535000-hasta-2785000-_JM,https://http2.mlstatic.com/D_NQ_NP_2X_901604-MLM114548410163_072026-E.webp,ATIZAPAN DE ZARAGOZA
"Departamento En Venta En Fraccionamiento Villas De La Hacienda, Atizapán",2200000,MXN,"Villas De La Hacienda, Ciudad López Mateos, Villas De La Hacienda, Atizapán De Zaragoza, Estado De México",80 m² construidos,3 recámaras,2 baños,https://departamento.mercadolibre.com.mx/MLM-3053876039-departamento-en-venta-en-fraccionamiento-villas-de-la-hacienda-atizapan-_JM,https://http2.mlstatic.com/D_NQ_NP_2X_689612-MLM113818320837_062026-E.webp,ATIZAPAN DE ZARAGOZA
"Departamento En Venta, Jardines De Atizapan, Estado De Mexico",3661500,MXN,"Gral. De Div. Rodolfo Casillas 10S, Jardines De Atizapan, 52978 Cdad. López Mateos, Méx., Mexico, Jardines De Atizapán, Atizapán De Zaragoza, Estado De México",106 m² construidos,2 recámaras,2 baños,https://departamento.mercadolibre.com.mx/MLM-4846980650-departamento-en-venta-jardines-de-atizapan-estado-de-mexico-_JM,https://http2.mlstatic.com/D_NQ_NP_2X_661808-MLM107812899063_022026-E.webp,ATIZAPAN DE ZARAGOZA
"Ph De Lujo Con 3 Recamaras, Terraza, Balcon, Cuarto De Servicio, Area De Lavado, Seguridad 24/7 En Real Antigua Zona Esmeralda Atizapan De Zaragoza",11500000,MXN,"Aeropuerto 11454, Valle Escondido Y Club De Golf Valle Escondido, 52938 Cdad. López Mateos, Méx., Mexico, Valle Escondido, Atizapán De Zaragoza, Estado De México",262 m² construidos,3 recámaras,3 baños,https://departamento.mercadolibre.com.mx/MLM-5555035158-ph-de-lujo-con-3-recamaras-terraza-balcon-cuarto-de-servicio-area-de-lavado-seguridad-247-en-real-antigua-zona-esmeralda-atizapan-de-zaragoza-_JM,https://http2.mlstatic.com/D_NQ_NP_2X_952105-MLM93155088870_092025-E.webp,ATIZAPAN DE ZARAGOZA
Sky View En Lago Esmeralda,4110000,MXN,"Residencial Lago Esmeralda, Atizapán De Zaragoza, Estado De México",92 m² construidos,3 recámaras,2 baños,https://departamento.mercadolibre.com.mx/MLM-5357495436-sky-view-en-lago-esmeralda-_JM,https://http2.mlstatic.com/D_NQ_NP_2X_730765-MLM85881596787_062025-E.webp,ATIZAPAN DE ZARAGOZA
Reserva Escondida En Zona Esmeralda (preventa),8854336,MXN,"Rancho San Juan, Atizapán De Zaragoza, Estado De México",193 m² construidos,3 recámaras,3 baños,https://departamento.mercadolibre.com.mx/MLM-5132926026-reserva-escondida-en-zona-esmeralda-preventa-_JM,https://http2.mlstatic.com/D_NQ_NP_2X_786731-MLM95576483383_102025-E.webp,ATIZAPAN DE ZARAGOZA
Departamento City Esmeralda En Piso 18 Con Vista Y Amenidades Premium,3650000,MXN,"Residencial Lago Esmeralda, Atizapán De Zaragoza, Estado De México",73 m² construidos,2 recámaras,2 baños,https://departamento.mercadolibre.com.mx/MLM-5147730068-departamento-city-esmeralda-en-piso-18-con-vista-y-amenidades-premium-_JM,https://http2.mlstatic.com/D_NQ_NP_2X_640174-MLM113589320718_072026-E.webp,ATIZAPAN DE ZARAGOZA
Reserva Escondida Torrre Nogal En Zona Esmeralda,14000000,MXN,"Rancho San Juan, Atizapán De Zaragoza, Estado De México",183 m² construidos,3 recámaras,3 baños,https://departamento.mercadolibre.com.mx/MLM-5811395704-reserva-escondida-torrre-nogal-en-zona-esmeralda-_JM,https://http2.mlstatic.com/D_NQ_NP_2X_882775-MLM106138205520_022026-E.webp,ATIZAPAN DE ZARAGOZA
Venta De Departamento,2310000,MXN,"Avenida De La Manzana, San Miguel Xochimanga, Atizapán De Zaragoza, Estado De México",61 m² construidos,2 recámaras,2 baños,https://departamento.mercadolibre.com.mx/MLM-2901254237-venta-de-departamento-_JM,https://http2.mlstatic.com/D_NQ_NP_2X_704234-MLM110161094468_042026-E.webp,ATIZAPAN DE ZARAGOZA
Se Vende Departamento De 69 Mts. 3er Nivel En Atizapan Centro  Solo De Contado,1200000,MXN,"Atizapan Centro, Ciudad López Mateos, Adolfo López Mateos, Atizapán De Zaragoza, Estado De México",69 m² construidos,3 recámaras,1 baño,https://departamento.mercadolibre.com.mx/MLM-3207188953-se-vende-departamento-de-69-mts-3er-nivel-en-atizapan-centro-solo-de-contado-_JM,https://http2.mlstatic.com/D_NQ_NP_2X_790579-MLM100580061538_122025-E.webp,ATIZAPAN DE ZARAGOZA
Departamento En Venta En Lomas Lindas,2800000,MXN,"Camino A Quinta Saulo 001, Lomas Lindas I Sección, Atizapán De Zaragoza, Estado De México",100 m² construidos,2 recámaras,2 baños,https://departamento.mercadolibre.com.mx/MLM-5080237574-departamento-en-venta-en-lomas-lindas-_JM,https://http2.mlstatic.com/D_NQ_NP_2X_916856-MLM109559938597_032026-E.webp,ATIZAPAN DE ZARAGOZA
"Departamentos En Torre Uno, Jardines De Atizapán",3150000,MXN,"Jardines De Atizapán, Atizapán De Zaragoza, Estado De México",125 m² construidos,2 recámaras,2 baños,https://departamento.mercadolibre.com.mx/MLM-3203823209-departamentos-en-torre-uno-jardines-de-atizapan-_JM,https://http2.mlstatic.com/D_NQ_NP_2X_698130-MLM113917546104_072026-E.webp,ATIZAPAN DE ZARAGOZA
Departamento Venta Nuevo De Lujo En Zona Esmeralda,11150002,MXN,"Viejo Madín, Atizapán De Zaragoza, Estado De México",217 m² construidos,3 recámaras,3 baños,https://departamento.mercadolibre.com.mx/MLM-5833440762-departamento-venta-nuevo-de-lujo-en-zona-esmeralda-_JM,https://http2.mlstatic.com/D_NQ_NP_2X_776017-MLM115257826117_072026-E.webp,ATIZAPAN DE ZARAGOZA
"Departamentos En Torre Uno, Jardines De Atizapán",3600000,MXN,"Ciudad Adolfo López Mateos, Atizapán De Zaragoza, Estado De México",125 m² construidos,2 recámaras,2 baños,https://departamento.mercadolibre.com.mx/MLM-3208711913-departamentos-en-torre-uno-jardines-de-atizapan-_JM,https://http2.mlstatic.com/D_NQ_NP_2X_904987-MLM115261340501_072026-E.webp,ATIZAPAN DE ZARAGOZA
"Departamento En Venta En Rincón De La Montaña, Atizapán De Zaragoza En $2,800,00",2800000,MXN,"Lomas De San Lorenzo, Atizapán De Zaragoza, Estado De México",90 m² construidos,2 recámaras,2 baños,https://departamento.mercadolibre.com.mx/MLM-2973114021-departamento-en-venta-en-rincon-de-la-montana-atizapan-de-zaragoza-en-280000-_JM,https://http2.mlstatic.com/D_NQ_NP_2X_810011-MLM114682452435_072026-E.webp,ATIZAPAN DE ZARAGOZA
"Departamento En Venta, En Mexico Nuevo, Moderno Y Con Excelente Ubicación",4450000,MXN,"Oxxo, México Nuevo, Atizapán De Zaragoza, Estado De México",160 m² construidos,3 recámaras,2 baños,https://departamento.mercadolibre.com.mx/MLM-3993254960-departamento-en-venta-en-mexico-nuevo-moderno-y-con-excelente-ubicacion-_JM,https://http2.mlstatic.com/D_NQ_NP_2X_888835-MLM77501605130_072024-E.webp,ATIZAPAN DE ZARAGOZA
Punta Esmeralda,3800000,MXN,"Bosque Esmeralda, Atizapán De Zaragoza, Estado De México",106 m² construidos,3 recámaras,2 baños,https://departamento.mercadolibre.com.mx/MLM-2937240581-punta-esmeralda-_JM,https://http2.mlstatic.com/D_NQ_NP_2X_841044-MLM85881317561_062025-E.webp,ATIZAPAN DE ZARAGOZA
Departamento Semiamueblado (opcional) En Venta O Renta En Reserva Escondida,12250000,MXN,"Hacienda De Valle Escondido, Atizapán De Zaragoza, Estado De México",225 m² construidos,3 recámaras,3 baños,https://departamento.mercadolibre.com.mx/MLM-5770136498-departamento-semiamueblado-opcional-en-venta-o-renta-en-reserva-escondida-_JM,https://http2.mlstatic.com/D_NQ_NP_2X_965479-MLM113642555368_072026-E.webp,ATIZAPAN DE ZARAGOZA
Venta De Bonito Departamento En Lomas De Atizapán,3600000,MXN,"Lomas De Atizapán, Atizapán De Zaragoza, Estado De México",107 m² construidos,3 recámaras,2 baños,https://departamento.mercadolibre.com.mx/MLM-5609900720-venta-de-bonito-departamento-en-lomas-de-atizapan-_JM,https://http2.mlstatic.com/D_NQ_NP_2X_721334-MLM112776192830_062026-E.webp,ATIZAPAN DE ZARAGOZA
"Venta  Y Renta, Departamentos Reserva Escondida, Zona Esmeralda",10500000,MXN,"Ciudad Adolfo López Mateos, Atizapán De Zaragoza, Estado De México",195 m² construidos,3 recámaras,3 baños,https://departamento.mercadolibre.com.mx/MLM-2914071319-venta-y-renta-departamentos-reserva-escondida-zona-esmeralda-_JM,https://http2.mlstatic.com/D_NQ_NP_2X_783247-MLM111351761931_052026-E.webp,ATIZAPAN DE ZARAGOZA
"Venta De Departamentos En Albar, Zona Esmerlda",2100000,MXN,"Bosque Esmeralda, Atizapán De Zaragoza, Estado De México",38 m² construidos,2 recámaras,1 baño,https://departamento.mercadolibre.com.mx/MLM-5570108952-venta-de-departamentos-en-albar-zona-esmerlda-_JM,https://http2.mlstatic.com/D_NQ_NP_2X_861046-MLM112555464644_062026-E.webp,ATIZAPAN DE ZARAGOZA
Venta: Espectacular Departamento A Estrenar,11500000,MXN,"Club De Golf Valle Escondido, Atizapán De Zaragoza, Estado De México",225 m² construidos,3 recámaras,3 baños,https://departamento.mercadolibre.com.mx/MLM-2996724335-venta-espectacular-departamento-a-estrenar-_JM,https://http2.mlstatic.com/D_NQ_NP_2X_970608-MLM113003966979_062026-E.webp,ATIZAPAN DE ZARAGOZA
"Departamento En Venta Lago Esmeralda, Zona Esmeralda",6029000,MXN,"Residencial Lago Esmeralda, Atizapán De Zaragoza, Estado De México",100 m² construidos,2 recámaras,2 baños,https://departamento.mercadolibre.com.mx/MLM-5357408736-departamento-en-venta-lago-esmeralda-zona-esmeralda-_JM,https://http2.mlstatic.com/D_NQ_NP_2X_667603-MLM114035772804_072026-E.webp,ATIZAPAN DE ZARAGOZA
Loft De Lujo Amueblado En Venta En Residencial Arboro,5500000,MXN,"Bosque Esmeralda, Atizapán De Zaragoza, Estado De México",127 m² construidos,1 recámara,1 baño,https://departamento.mercadolibre.com.mx/MLM-5609913276-loft-de-lujo-amueblado-en-venta-en-residencial-arboro-_JM,https://http2.mlstatic.com/D_NQ_NP_2X_857659-MLM112776215520_062026-E.webp,ATIZAPAN DE ZARAGOZA
Exclusivo Departamento Con Terraza En Venta-loma Antigua Ze,8200000,MXN,"Bosque Esmeralda, Atizapán De Zaragoza, Estado De México",204 m² construidos,3 recámaras,3 baños,https://departamento.mercadolibre.com.mx/MLM-3063249925-exclusivo-departamento-con-terraza-en-venta-loma-antigua-ze-_JM,https://http2.mlstatic.com/D_NQ_NP_2X_986857-MLM112737593084_062026-E.webp,ATIZAPAN DE ZARAGOZA
"Departamento En Venta Lago Esmeralda, Zona Esmeralda",7154000,MXN,"Residencial Lago Esmeralda, Atizapán De Zaragoza, Estado De México",123 m² construidos,2 recámaras,2 baños,https://departamento.mercadolibre.com.mx/MLM-2937316565-departamento-en-venta-lago-esmeralda-zona-esmeralda-_JM,https://http2.mlstatic.com/D_NQ_NP_2X_771712-MLM115355964747_072026-E.webp,ATIZAPAN DE ZARAGOZA
"Departamento En Venta En Sky View Desde $4,110,000 Hasta $4, 365,000",4110000,MXN,"Residencial Lago Esmeralda, Atizapán De Zaragoza, Estado De México",92 m² construidos,3 recámaras,2 baños,https://departamento.mercadolibre.com.mx/MLM-5715458336-departamento-en-venta-en-sky-view-desde-4110000-hasta-4-365000-_JM,https://http2.mlstatic.com/D_NQ_NP_2X_601644-MLM114548440387_072026-E.webp,ATIZAPAN DE ZARAGOZA
"Departamento En Venta En Triada Zona Esmeralda $4,100,000.00",4100000,MXN,"Bosque Esmeralda, Atizapán De Zaragoza, Estado De México",70 m² construidos,2 recámaras,2 baños,https://departamento.mercadolibre.com.mx/MLM-5715458076-departamento-en-venta-en-triada-zona-esmeralda-410000000-_JM,https://http2.mlstatic.com/D_NQ_NP_2X_820775-MLM113303879346_072026-E.webp,ATIZAPAN DE ZARAGOZA
"Departamento En Venta En Terra Viure, Zona Esmeralda",11850000,MXN,"Jorge Jiménez Cantú, Av Rancho Viejo 11-local 2, Cdad. López Mateos, Bosque Esmeralda, Atizapán De Zaragoza, Estado De México",245 m² construidos,3 recámaras,3 baños,https://departamento.mercadolibre.com.mx/MLM-5159078522-departamento-en-venta-en-terra-viure-zona-esmeralda-_JM,https://http2.mlstatic.com/D_NQ_NP_2X_936460-MLM109374865506_042026-E.webp,ATIZAPAN DE ZARAGOZA
Preventa Penthouse La Montaña  En La Estadia,17800000,MXN,"La Estadía, Atizapán De Zaragoza, Estado De México",330 m² construidos,3 recámaras,3 baños,https://departamento.mercadolibre.com.mx/MLM-3193846975-preventa-penthouse-la-montana-en-la-estadia-_JM,https://http2.mlstatic.com/D_NQ_NP_2X_630910-MLM106301043786_022026-E.webp,ATIZAPAN DE ZARAGOZA
"Departamento En Venta En Lago Esmeralda, Atizapán Desde $2,050,000",2050000,MXN,"Residencial Lago Esmeralda, Atizapán De Zaragoza, Estado De México",38 m² construidos,2 recámaras,1 baño,https://departamento.mercadolibre.com.mx/MLM-3135965325-departamento-en-venta-en-lago-esmeralda-atizapan-desde-2050000-_JM,https://http2.mlstatic.com/D_NQ_NP_2X_703877-MLM113303905354_072026-E.webp,ATIZAPAN DE ZARAGOZA
¡oportunidad! Preventa Departamento 3 Recámaras Y Amenidades En Atizapán De Zaragoza,4171545,MXN,"Coporo, Ciudad Adolfo López Mateos, Atizapán De Zaragoza, Estado De México",129 m² construidos,3 recámaras,2 baños,https://departamento.mercadolibre.com.mx/MLM-5809238268-oportunidad-preventa-departamento-3-recamaras-y-amenidades-en-atizapan-de-zaragoza-_JM,https://http2.mlstatic.com/D_NQ_NP_2X_885181-MLM113836457958_072026-E.webp,ATIZAPAN DE ZARAGOZA
"Departamento En Venta En Triada Zona Esmeralda Desde $3,588,000.00",3588000,MXN,"Ciudad Adolfo López Mateos, Atizapán De Zaragoza, Estado De México",70 m² construidos,2 recámaras,2 baños,https://departamento.mercadolibre.com.mx/MLM-5715458830-departamento-en-venta-en-triada-zona-esmeralda-desde-358800000-_JM,https://http2.mlstatic.com/D_NQ_NP_2X_919940-MLM114548490055_072026-E.webp,ATIZAPAN DE ZARAGOZA
"Departamento  En Venta, Cima Esmeralda",3650000,MXN,"Bosque Esmeralda, Atizapán De Zaragoza, Estado De México",100 m² construidos,2 recámaras,2 baños,https://departamento.mercadolibre.com.mx/MLM-5065257434-departamento-en-venta-cima-esmeralda-_JM,https://http2.mlstatic.com/D_NQ_NP_2X_719489-MLM108577735860_032026-E.webp,ATIZAPAN DE ZARAGOZA
"Departamento En Venta Y Renta  Totalmente Remodelado Calacoaya, Atizapan",5200000,MXN,"Ciudad Adolfo López Mateos, Atizapán De Zaragoza, Estado De México",155 m² construidos,3 recámaras,3 baños,https://departamento.mercadolibre.com.mx/MLM-3184602637-departamento-en-venta-y-renta-totalmente-remodelado-calacoaya-atizapan-_JM,https://http2.mlstatic.com/D_NQ_NP_2X_939854-MLM115043324031_072026-E.webp,ATIZAPAN DE ZARAGOZA
Departamento En Venta En Triada Esmeralda,3950000,MXN,"Bosque Esmeralda, Atizapán De Zaragoza, Estado De México",70 m² construidos,2 recámaras,2 baños,https://departamento.mercadolibre.com.mx/MLM-3063448015-departamento-en-venta-en-triada-esmeralda-_JM,https://http2.mlstatic.com/D_NQ_NP_2X_695454-MLM113932252303_062026-E.webp,ATIZAPAN DE ZARAGOZA
Venta De Departamento En Terra Viure. Zona Esmeralda,11900000,MXN,"Bosque Esmeralda, Atizapán De Zaragoza, Estado De México",245 m² construidos,3 recámaras,3 baños,https://departamento.mercadolibre.com.mx/MLM-3208536173-venta-de-departamento-en-terra-viure-zona-esmeralda-_JM,https://http2.mlstatic.com/D_NQ_NP_2X_618690-MLM113947939720_072026-E.webp,ATIZAPAN DE ZARAGOZA
Departamento Nuevo En Venta En Zona Esmeralda. Terra Viure.,13150000,MXN,"Bosque Esmeralda, Atizapán De Zaragoza, Estado De México",235 m² construidos,3 recámaras,2 baños,https://departamento.mercadolibre.com.mx/MLM-3168720873-departamento-nuevo-en-venta-en-zona-esmeralda-terra-viure-_JM,https://http2.mlstatic.com/D_NQ_NP_2X_894560-MLM113642513238_072026-E.webp,ATIZAPAN DE ZARAGOZA
Venta Exclusiva Departamento En Desarrollo Senderos,5600000,MXN,"Rancho Blanco, Atizapán De Zaragoza, Estado De México",200 m² construidos,3 recámaras,3 baños,https://departamento.mercadolibre.com.mx/MLM-3045833035-venta-exclusiva-departamento-en-desarrollo-senderos-_JM,https://http2.mlstatic.com/D_NQ_NP_2X_919946-MLM113730001041_062026-E.webp,ATIZAPAN DE ZARAGOZA
Departamentos  Torre Molinos 260,3991000,MXN,"Jardines De Atizapán, Atizapán De Zaragoza, Estado De México",117 m² construidos,2 recámaras,2 baños,https://departamento.mercadolibre.com.mx/MLM-2919694101-departamentos-torre-molinos-260-_JM,https://http2.mlstatic.com/D_NQ_NP_2X_659709-MLM85715299417_062025-E.webp,ATIZAPAN DE ZARAGOZA
Departamento En Pre Venta En Jilotzingo,4500000,MXN,"Rancho Blanco, Atizapán De Zaragoza, Estado De México",136 m² construidos,3 recámaras,2 baños,https://departamento.mercadolibre.com.mx/MLM-5139251200-departamento-en-pre-venta-en-jilotzingo-_JM,https://http2.mlstatic.com/D_NQ_NP_2X_918302-MLM110081814711_042026-E.webp,ATIZAPAN DE ZARAGOZA
"Departamentos En Venta En Jardines De Atizapán En $4,023,335.00",4023335,MXN,"Jardines De Atizapán, Atizapán De Zaragoza, Estado De México",118 m² construidos,2 recámaras,2 baños,https://departamento.mercadolibre.com.mx/MLM-5715357896-departamentos-en-venta-en-jardines-de-atizapan-en-402333500-_JM,https://http2.mlstatic.com/D_NQ_NP_2X_995397-MLM114548333751_072026-E.webp,ATIZAPAN DE ZARAGOZA
"Departamento En Venta En Prado Largo, Atizapán",10600000,MXN,"Av. Valle Del Espiritu Santo Sn, Prado Largo, Atizapán De Zaragoza, Estado De México",237 m² construidos,3 recámaras,3 baños,https://departamento.mercadolibre.com.mx/MLM-4841601836-departamento-en-venta-en-prado-largo-atizapan-_JM,https://http2.mlstatic.com/D_NQ_NP_2X_783167-MLM107058003794_022026-E.webp,ATIZAPAN DE ZARAGOZA
Venta De Departamentos En Villa Salvatore,4100000,MXN,"México Nuevo, Atizapán De Zaragoza, Estado De México",129 m² construidos,3 recámaras,2 baños,https://departamento.mercadolibre.com.mx/MLM-3045824587-venta-de-departamentos-en-villa-salvatore-_JM,https://http2.mlstatic.com/D_NQ_NP_2X_928222-MLM112555692420_062026-E.webp,ATIZAPAN DE ZARAGOZA
"Departamento En Venta En Rancho Blanco $2,550,000.00",2550000,MXN,"Rancho Blanco, Atizapán De Zaragoza, Estado De México",90 m² construidos,2 recámaras,1 baño,https://departamento.mercadolibre.com.mx/MLM-5715357958-departamento-en-venta-en-rancho-blanco-255000000-_JM,https://http2.mlstatic.com/D_NQ_NP_2X_670976-MLM113303928888_072026-E.webp,ATIZAPAN DE ZARAGOZA
"Venta Departamento Desde $3,380,000 En Rincón De La Montaña",3380000,MXN,"Rincón De La Montaña, Atizapán De Zaragoza, Estado De México",100 m² construidos,2 recámaras,2 baños,https://departamento.mercadolibre.com.mx/MLM-5147730078-venta-departamento-desde-3380000-en-rincon-de-la-montana-_JM,https://http2.mlstatic.com/D_NQ_NP_2X_846967-MLM114864383641_072026-E.webp,ATIZAPAN DE ZARAGOZA
"Departamento En Venta En Racho Blanco En $2,650,000.00",2650000,MXN,"Rancho Blanco, Atizapán De Zaragoza, Estado De México",100 m² construidos,2 recámaras,2 baños,https://departamento.mercadolibre.com.mx/MLM-5715357948-departamento-en-venta-en-racho-blanco-en-265000000-_JM,https://http2.mlstatic.com/D_NQ_NP_2X_806996-MLM114548424533_072026-E.webp,ATIZAPAN DE ZARAGOZA
"Departamentos En Preventa Lago Esmeralda Desde $5,745,569.00",5745569,MXN,"Residencial Lago Esmeralda, Atizapán De Zaragoza, Estado De México",101 m² construidos,2 recámaras,2 baños,https://departamento.mercadolibre.com.mx/MLM-5715457530-departamentos-en-preventa-lago-esmeralda-desde-574556900-_JM,https://http2.mlstatic.com/D_NQ_NP_2X_774881-MLM113303789754_072026-E.webp,ATIZAPAN DE ZARAGOZA
"Departamentos En Preventa Lago Esmeralda Desde $8,021,594.00",8021594,MXN,"Residencial Lago Esmeralda, Atizapán De Zaragoza, Estado De México",163 m² construidos,3 recámaras,3 baños,https://departamento.mercadolibre.com.mx/MLM-3135964751-departamentos-en-preventa-lago-esmeralda-desde-802159400-_JM,https://http2.mlstatic.com/D_NQ_NP_2X_973290-MLM113303787958_072026-E.webp,ATIZAPAN DE ZARAGOZA
"Departamentos En Preventa Cumbres 424 Desde $2,190,000",2190000,MXN,"Residencial Lago Esmeralda, Atizapán De Zaragoza, Estado De México",42 m² construidos,2 recámaras,1 baño,https://departamento.mercadolibre.com.mx/MLM-5715357568-departamentos-en-preventa-cumbres-424-desde-2190000-_JM,https://http2.mlstatic.com/D_NQ_NP_2X_804281-MLM113303908330_072026-E.webp,ATIZAPAN DE ZARAGOZA
"Departamentos En Preventa Lago Esmeralda Desde $7,938,035.00",7938035,MXN,"Residencial Lago Esmeralda, Atizapán De Zaragoza, Estado De México",163 m² construidos,3 recámaras,4 baños,https://departamento.mercadolibre.com.mx/MLM-5715457488-departamentos-en-preventa-lago-esmeralda-desde-793803500-_JM,https://http2.mlstatic.com/D_NQ_NP_2X_927618-MLM113303756288_072026-E.webp,ATIZAPAN DE ZARAGOZA
"Departamentos En Preventa Lago Esmeralda Desde $7,083,247.00",7083247,MXN,"Residencial Lago Esmeralda, Atizapán De Zaragoza, Estado De México",123 m² construidos,2 recámaras,2 baños,https://departamento.mercadolibre.com.mx/MLM-5715356984-departamentos-en-preventa-lago-esmeralda-desde-708324700-_JM,https://http2.mlstatic.com/D_NQ_NP_2X_956080-MLM113303807746_072026-E.webp,ATIZAPAN DE ZARAGOZA
Venta De Ultimos Departamentos En City Esmeralda,3700000,MXN,"Bosque Esmeralda, Atizapán De Zaragoza, Estado De México",73 m² construidos,2 recámaras,2 baños,https://departamento.mercadolibre.com.mx/MLM-3045830901-venta-de-ultimos-departamentos-en-city-esmeralda-_JM,https://http2.mlstatic.com/D_NQ_NP_2X_671226-MLM112555349446_062026-E.webp,ATIZAPAN DE ZARAGOZA
Venta Departamentos Nuevos En Rincón De La Montaña,3463000,MXN,"Rincón De La Montaña, Atizapán De Zaragoza, Estado De México",100 m² construidos,2 recámaras,2 baños,https://departamento.mercadolibre.com.mx/MLM-5147730076-venta-departamentos-nuevos-en-rincon-de-la-montana-_JM,https://http2.mlstatic.com/D_NQ_NP_2X_953491-MLM113589301234_072026-E.webp,ATIZAPAN DE ZARAGOZA
Brisa En Lago Esmeralda,5200000,MXN,"Residencial Lago Esmeralda, Atizapán De Zaragoza, Estado De México",134 m² construidos,3 recámaras,3 baños,https://departamento.mercadolibre.com.mx/MLM-2779011375-brisa-en-lago-esmeralda-_JM,https://http2.mlstatic.com/D_NQ_NP_2X_714368-MLM107904152420_032026-E.webp,ATIZAPAN DE ZARAGOZA
"Departamentos En Venta En Anatolia Residencia Desde $3,100,000.00",3100000,MXN,"Lomas Lindas II Sección, Atizapán De Zaragoza, Estado De México",138 m² construidos,3 recámaras,2 baños,https://departamento.mercadolibre.com.mx/MLM-5715357638-departamentos-en-venta-en-anatolia-residencia-desde-310000000-_JM,https://http2.mlstatic.com/D_NQ_NP_2X_740954-MLM113303919972_072026-E.webp,ATIZAPAN DE ZARAGOZA
Departamentos En Cumbres Cuatro 24 En Venta,2100000,MXN,"Residencial Lago Esmeralda, Atizapán De Zaragoza, Estado De México",44 m² construidos,2 recámaras,2 baños,https://departamento.mercadolibre.com.mx/MLM-3045822335-departamentos-en-cumbres-cuatro-24-en-venta-_JM,https://http2.mlstatic.com/D_NQ_NP_2X_761418-MLM112555324332_062026-E.webp,ATIZAPAN DE ZARAGOZA
"Departamento En Venta Cima Esmeralda, Zona Esmeralda",3490000,MXN,"Bosque Esmeralda, Atizapán De Zaragoza, Estado De México",100 m² construidos,2 recámaras,2 baños,https://departamento.mercadolibre.com.mx/MLM-3207929093-departamento-en-venta-cima-esmeralda-zona-esmeralda-_JM,https://http2.mlstatic.com/D_NQ_NP_2X_819745-MLM113942849788_072026-E.webp,ATIZAPAN DE ZARAGOZA
Preventa Departamento En Lago Esmeralda,5376914,MXN,"Atizapán, Atizapán De Zaragoza, Estado De México",101 m² construidos,2 recámaras,2 baños,https://departamento.mercadolibre.com.mx/MLM-5147813174-preventa-departamento-en-lago-esmeralda-_JM,https://http2.mlstatic.com/D_NQ_NP_2X_601598-MLM113589318282_072026-E.webp,ATIZAPAN DE ZARAGOZA
Preventa Departamento En  Lago Esmeralda,7428704,MXN,"Atizapán, Atizapán De Zaragoza, Estado De México",163 m² construidos,3 recámaras,3 baños,https://departamento.mercadolibre.com.mx/MLM-2848185999-preventa-departamento-en-lago-esmeralda-_JM,https://http2.mlstatic.com/D_NQ_NP_2X_907623-MLM114864380831_072026-E.webp,ATIZAPAN DE ZARAGOZA
"Departamento En Venta En Veranda, Lago Esmeralda En $ 3,500,000.00",3500000,MXN,"Residencial Lago Esmeralda, Atizapán De Zaragoza, Estado De México",79 m² construidos,2 recámaras,2 baños,https://departamento.mercadolibre.com.mx/MLM-5715458148-departamento-en-venta-en-veranda-lago-esmeralda-en-350000000-_JM,https://http2.mlstatic.com/D_NQ_NP_2X_951399-MLM113303889430_072026-E.webp,ATIZAPAN DE ZARAGOZA
Departamento. Con Amenidades Y Muy Buena Ubicación,3300000,MXN,"Bosque Esmeralda, Atizapán De Zaragoza, Estado De México",74 m² construidos,2 recámaras,2 baños,https://departamento.mercadolibre.com.mx/MLM-5107982220-departamento-con-amenidades-y-muy-buena-ubicacion-_JM,https://http2.mlstatic.com/D_NQ_NP_2X_747217-MLM109895847663_032026-E.webp,ATIZAPAN DE ZARAGOZA
Ribera Vivero En Bosque Esmeralda,4300000,MXN,"Bosque Esmeralda, Atizapán De Zaragoza, Estado De México",134 m² construidos,3 recámaras,3 baños,https://departamento.mercadolibre.com.mx/MLM-5585761406-ribera-vivero-en-bosque-esmeralda-_JM,https://http2.mlstatic.com/D_NQ_NP_2X_927698-MLM112641135454_062026-E.webp,ATIZAPAN DE ZARAGOZA
"Venta Departamento Tipo Penthouse En Dos Niveles En Zona Esmeralda Con Balcon Y Areas Verdes, Juegos Infantiles, Vigilancia 24/7, 2 Lugares De Estacionamiento",5100000,MXN,"Bosque De Acanto, La Estadia, Cdad. López Mateos, Bosque Esmeralda, Atizapán De Zaragoza, Estado De México",134 m² construidos,3 recámaras,3 baños,https://departamento.mercadolibre.com.mx/MLM-5058711574-venta-departamento-tipo-penthouse-en-dos-niveles-en-zona-esmeralda-con-balcon-y-areas-verdes-juegos-infantiles-vigilancia-247-2-lugares-de-estacionamiento-_JM,https://http2.mlstatic.com/D_NQ_NP_2X_917993-MLM109292843411_032026-E.webp,ATIZAPAN DE ZARAGOZA
Rento Bonito Departamento En Jardines De Atizapan,22000,MXN,"Cda. Rodolfo Casillas 35b, MZ 1 - 300, Atizapan Centro, Cdad. López Mateos, Jardines De Atizapán, Atizapán De Zaragoza, Estado De México",95 m² construidos,2 recámaras,2 baños,https://departamento.mercadolibre.com.mx/MLM-2929373705-rento-bonito-departamento-en-jardines-de-atizapan-_JM,https://http2.mlstatic.com/D_NQ_NP_2X_981165-MLM110691398268_052026-E.webp,ATIZAPAN DE ZARAGOZA
"Departamento En Venta En Colinas De Atizapán, Se Acepta Crédito Infonavit, Crédito Bancario Y Efectivo, Informes 55 8642 76048",1773000,MXN,"Colinas De Atizapan, Ciudad López Mateos, Lomas De Atizapán, Atizapán De Zaragoza, Estado De México",67 m² construidos,2 recámaras,1 baño,https://departamento.mercadolibre.com.mx/MLM-3246324245-departamento-en-venta-en-colinas-de-atizapan-se-acepta-credito-infonavit-credito-bancario-y-efectivo-informes-55-8642-76048-_JM,https://http2.mlstatic.com/D_NQ_NP_2X_705693-MLM107671762232_032026-E.webp,ATIZAPAN DE ZARAGOZA
Departamento En Venta Reserva Escondida,12250000,MXN,"Av. Parque De Los Ciervos 2, MZ 001, Rancho De San Juan, Cd. Adolfo López Mateos, Rancho San Juan, Atizapán De Zaragoza, Estado De México",195 m² construidos,3 recámaras,4 baños,https://departamento.mercadolibre.com.mx/MLM-5769747962-departamento-en-venta-reserva-escondida-_JM,https://http2.mlstatic.com/D_NQ_NP_2X_679230-MLM114918843243_072026-E.webp,ATIZAPAN DE ZARAGOZA
"Reserva Escondida. Departamento En Venta. Las Mejores Vistas, Amplios Espacios, Cuarto De Servicio, Increíbles Amenidades",12000000,MXN,"Av. Parque De Los Ciervos 2, MZ 001, Rancho De San Juan, Cd. Adolfo López Mateos, Atizapán, Atizapán De Zaragoza, Estado De México",225 m² construidos,3 recámaras,5 baños,https://departamento.mercadolibre.com.mx/MLM-2969743441-reserva-escondida-departamento-en-venta-las-mejores-vistas-amplios-espacios-cuarto-de-servicio-increibles-amenidades-_JM,https://http2.mlstatic.com/D_NQ_NP_2X_919005-MLM111446350446_052026-E.webp,ATIZAPAN DE ZARAGOZA
Venta De Casas En Miralago,3500000,MXN,"Bosque Esmeralda, Atizapán De Zaragoza, Estado De México",105 m² construidos,2 recámaras,2 baños,https://departamento.mercadolibre.com.mx/MLM-5570108980-venta-de-casas-en-miralago-_JM,https://http2.mlstatic.com/D_NQ_NP_2X_904099-MLM112555324806_062026-E.webp,ATIZAPAN DE ZARAGOZA
Venta De Departamentos En Triada Esmeralda,3300000,MXN,"Bosque Esmeralda, Atizapán De Zaragoza, Estado De México",70 m² construidos,2 recámaras,2 baños,https://departamento.mercadolibre.com.mx/MLM-3045811127-venta-de-departamentos-en-triada-esmeralda-_JM,https://http2.mlstatic.com/D_NQ_NP_2X_781176-MLM112555323986_062026-E.webp,ATIZAPAN DE ZARAGOZA
Venta De Departamento,1900000,MXN,"Calle Ignacio Zaragoza Sur 2, Lomas De Atizapan 1a Secc., Atizapán De Zaragoza, Estado De México",70 m² construidos,2 recámaras,1 baño,https://departamento.mercadolibre.com.mx/MLM-3214590799-venta-de-departamento-_JM,https://http2.mlstatic.com/D_NQ_NP_2X_800037-MLM113982668144_072026-E.webp,ATIZAPAN DE ZARAGOZA
"Departamento En Venta En Jardines De Atizapan, Atizapan De Zaragoza Jl 26-2353.",5262100,MXN,"Atizapan De Zaragoza ,jardines De Atizapan, Jardines De Atizapán, Atizapán De Zaragoza, Estado De México",117 m² construidos,2 recámaras,2 baños,https://departamento.mercadolibre.com.mx/MLM-5863566628-departamento-en-venta-en-jardines-de-atizapan-atizapan-de-zaragoza-jl-26-2353-_JM,https://http2.mlstatic.com/D_NQ_NP_2X_728469-MLM115383239151_072026-E.webp,ATIZAPAN DE ZARAGOZA
Venta Departamento 2 Ambientes Lomas De San Lorenzo Ampliación,2600000,MXN,"Av. Pedro Guzmán Campos, 17, Lomas De San Lorenzo Ampliación, Atizapán De Zaragoza, Estado De México",100 m² construidos,2 recámaras,2 baños,https://departamento.mercadolibre.com.mx/MLM-3247229445-venta-departamento-2-ambientes-lomas-de-san-lorenzo-ampliacion-_JM,https://http2.mlstatic.com/D_NQ_NP_2X_754900-MLM114267423156_082026-E.webp,ATIZAPAN DE ZARAGOZA
Venta De Departamento En Zona Esmeralda,3850000,MXN,"C S/N, Residencial Lago Esmeralda, Atizapán De Zaragoza, Estado De México",70 m² construidos,2 recámaras,2 baños,https://departamento.mercadolibre.com.mx/MLM-3239978435-venta-de-departamento-en-zona-esmeralda-_JM,https://http2.mlstatic.com/D_NQ_NP_2X_879370-MLM115529654233_082026-E.webp,ATIZAPAN DE ZARAGOZA
Departamento En Atizapan,1780000,MXN,"Aguilas, Atizapán De Zaragoza, Estado De México",110 m² construidos,3 recámaras,1 baño,https://departamento.mercadolibre.com.mx/MLM-3246321245-departamento-en-atizapan-_JM,https://http2.mlstatic.com/D_NQ_NP_2X_983205-MLM115591968845_082026-E.webp,ATIZAPAN DE ZARAGOZA
Venta Departamento 3 Ambientes Lomas Lindas Ii Sección,3150000,MXN,"Mar Egeo, 8, Lomas Lindas II Sección, Atizapán De Zaragoza, Estado De México",146 m² construidos,3 recámaras,2 baños,https://departamento.mercadolibre.com.mx/MLM-5876528076-venta-departamento-3-ambientes-lomas-lindas-ii-seccion-_JM,https://http2.mlstatic.com/D_NQ_NP_2X_750099-MLM115472428925_082026-E.webp,ATIZAPAN DE ZARAGOZA
Venta De Departamento En City Esmeralda,3400000,MXN,"C S/N, Bosque Esmeralda, Atizapán De Zaragoza, Estado De México",70 m² construidos,2 recámaras,2 baños,https://departamento.mercadolibre.com.mx/MLM-3239978543-venta-de-departamento-en-city-esmeralda-_JM,https://http2.mlstatic.com/D_NQ_NP_2X_885877-MLM115529660857_082026-E.webp,ATIZAPAN DE ZARAGOZA
Venta Departamento 3 Ambientes Lomas Lindas Ii Sección,3275000,MXN,"Mar Egeo, 8, Lomas Lindas II Sección, Atizapán De Zaragoza, Estado De México",146 m² construidos,3 recámaras,2 baños,https://departamento.mercadolibre.com.mx/MLM-5876527882-venta-departamento-3-ambientes-lomas-lindas-ii-seccion-_JM,https://http2.mlstatic.com/D_NQ_NP_2X_791276-MLM115472350863_082026-E.webp,ATIZAPAN DE ZARAGOZA
"Departamento En Venta En Lomas De Atizapán, Atizapán De Zaragoza",1900000,MXN,"Lomas De Atizapán, Atizapán De Zaragoza, Estado De México",64 m² construidos,1 recámara,1 baño,https://departamento.mercadolibre.com.mx/MLM-3058401635-departamento-en-venta-en-lomas-de-atizapan-atizapan-de-zaragoza-_JM,https://http2.mlstatic.com/D_NQ_NP_2X_799042-MLM114604950841_072026-E.webp,ATIZAPAN DE ZARAGOZA
Venta Departamento,1080000,MXN,"Lomas Lindas II Sección, Atizapán De Zaragoza, Estado De México",50 m² construidos,2 recámaras,1 baño,https://departamento.mercadolibre.com.mx/MLM-5874394366-venta-departamento-_JM,https://http2.mlstatic.com/D_NQ_NP_2X_718824-MLM107022391391_022026-E.webp,ATIZAPAN DE ZARAGOZA
"Departamento En Las Colonias, Atizapan",1480000,MXN,"Av. De Las Colonias 8, Edificio G-004, Las Colonias, Atizapán De Zaragoza, Estado De México",90 m² construidos,3 recámaras,2 baños,https://departamento.mercadolibre.com.mx/MLM-2992781269-departamento-en-las-colonias-atizapan-_JM,https://http2.mlstatic.com/D_NQ_NP_2X_759903-MLM112938503283_062026-E.webp,ATIZAPAN DE ZARAGOZA
Venta Departamento Terra Viure Bosque Esmeralda Atizapan De Zaragoza,11400000,MXN,"Bosque Esmeralda, Atizapán De Zaragoza, Estado De México",192 m² construidos,3 recámaras,3 baños,https://departamento.mercadolibre.com.mx/MLM-4965334478-venta-departamento-terra-viure-bosque-esmeralda-atizapan-de-zaragoza-_JM,https://http2.mlstatic.com/D_NQ_NP_2X_743822-MLM92696083017_092025-E.webp,ATIZAPAN DE ZARAGOZA
"Departamento En Venta Villas De La Hacienda, Atizapán De Zaragoza",1200000,MXN,"Villas De La Hacienda, Atizapán De Zaragoza, Estado De México",42 m² construidos,2 recámaras,1 baño,https://departamento.mercadolibre.com.mx/MLM-5271785234-departamento-en-venta-villas-de-la-hacienda-atizapan-de-zaragoza-_JM,https://http2.mlstatic.com/D_NQ_NP_2X_911739-MLM111088809743_042026-E.webp,ATIZAPAN DE ZARAGOZA
"Departamento En Venta En Calacoaya, Atizapán, Edo. Méx",3500000,MXN,"Prolongación Emilio G. Baz, Calacoaya, Atizapán De Zaragoza, Estado De México",121 m² construidos,2 recámaras,2 baños,https://departamento.mercadolibre.com.mx/MLM-5058124940-departamento-en-venta-en-calacoaya-atizapan-edo-mex-_JM,https://http2.mlstatic.com/D_NQ_NP_2X_685927-MLM108488877444_032026-E.webp,ATIZAPAN DE ZARAGOZA
Venta Departamento Terra Viure Bosque Esmeralda,11750000,MXN,"Bosque Esmeralda, Atizapán De Zaragoza, Estado De México",220 m² construidos,3 recámaras,2 baños,https://departamento.mercadolibre.com.mx/MLM-4873648038-venta-departamento-terra-viure-bosque-esmeralda-_JM,https://http2.mlstatic.com/D_NQ_NP_2X_792863-MLM92508811195_092025-E.webp,ATIZAPAN DE ZARAGOZA
"Departamentos En Venta Terraviure, Bosque Esmeralda",11302629,MXN,"Bosque Esmeralda, Bosque Esmeralda, Atizapán De Zaragoza, Estado De México",218 m² construidos,2 recámaras,3 baños,https://departamento.mercadolibre.com.mx/MLM-2794629031-departamentos-en-venta-terraviure-bosque-esmeralda-_JM,https://http2.mlstatic.com/D_NQ_NP_2X_846463-MLM82295777611_022025-E.webp,ATIZAPAN DE ZARAGOZA
Departamento En Venta Jardines De Atizapán,3991520,MXN,"Rodolfo Casillas, Jardines De Atizapán, Atizapán De Zaragoza, Estado De México",117 m² construidos,2 recámaras,2 baños,https://departamento.mercadolibre.com.mx/MLM-3215280239-departamento-en-venta-jardines-de-atizapan-_JM,https://http2.mlstatic.com/D_NQ_NP_2X_888493-MLM113988441934_072026-E.webp,ATIZAPAN DE ZARAGOZA
Venta Departamento Terra Viure Bosque Esmeralda,12000000,MXN,"Bosque Esmeralda, Atizapán De Zaragoza, Estado De México",235 m² construidos,3 recámaras,2 baños,https://departamento.mercadolibre.com.mx/MLM-4874009500-venta-departamento-terra-viure-bosque-esmeralda-_JM,https://http2.mlstatic.com/D_NQ_NP_2X_727274-MLM92102699994_092025-E.webp,ATIZAPAN DE ZARAGOZA
Departamento En Venta En Lago Esmeralda 26-1688.,3321000,MXN,"Atizapan De Zaragoza, Lago Esmeralda, Residencial Lago Esmeralda, Atizapán De Zaragoza, Estado De México",67 m² construidos,2 recámaras,2 baños,https://departamento.mercadolibre.com.mx/MLM-5360596376-departamento-en-venta-en-lago-esmeralda-26-1688-_JM,https://http2.mlstatic.com/D_NQ_NP_2X_798195-MLM110862206950_052026-E.webp,ATIZAPAN DE ZARAGOZA
"Departamento En Venta En Ex Hacienda Del Pedregal, Atizapán De Zaragoza",970000,MXN,"Blvd. Ignacio Zaragoza 8, Condominio Candelabro Ed. C Depto. 202, Ex-Hacienda El Pedregal, Atizapán De Zaragoza, Estado De México",48 m² construidos,2 recámaras,1 baño,https://departamento.mercadolibre.com.mx/MLM-2818187009-departamento-en-venta-en-ex-hacienda-del-pedregal-atizapan-de-zaragoza-_JM,https://http2.mlstatic.com/D_NQ_NP_2X_665799-MLM108974738082_032026-E.webp,ATIZAPAN DE ZARAGOZA
"Departamento En Venta En Bosque Esmeralda, Atizapán De Zaragoza 26-3315 Mm",8200000,MXN,"Departamento En Venta En Bosque Esmeralda, Atizapán De Zaragoza 26-3315 MM, Bosque Esmeralda, Atizapán De Zaragoza, Estado De México",204 m² construidos,3 recámaras,4 baños,https://departamento.mercadolibre.com.mx/MLM-5602917146-departamento-en-venta-en-bosque-esmeralda-atizapan-de-zaragoza-26-3315-mm-_JM,https://http2.mlstatic.com/D_NQ_NP_2X_965006-MLM112731807326_062026-E.webp,ATIZAPAN DE ZARAGOZA
"Departamento En Venta En Colonia Lomas Lindas Ii Sección, Atizapán De Zaragoza, Estado De México",1250000,MXN,"Mar De Java  S/n, Lomas Lindas II Sección, Atizapán De Zaragoza, Estado De México",58 m² construidos,2 recámaras,1 baño,https://departamento.mercadolibre.com.mx/MLM-5088376532-departamento-en-venta-en-colonia-lomas-lindas-ii-seccion-atizapan-de-zaragoza-estado-de-mexico-_JM,https://http2.mlstatic.com/D_NQ_NP_2X_931761-MLM109662518475_032026-E.webp,ATIZAPAN DE ZARAGOZA
Departamento En Condominio En Pre-venta En Colinas De Atizapán,1776000,MXN,"Ciudad Adolfo López Mateos, Atizapán De Zaragoza, Estado De México",67 m² construidos,2 recámaras,1 baño,https://departamento.mercadolibre.com.mx/MLM-4829520384-departamento-en-condominio-en-pre-venta-en-colinas-de-atizapan-_JM,https://http2.mlstatic.com/D_NQ_NP_2X_670528-MLM113726207596_072026-E.webp,ATIZAPAN DE ZARAGOZA
Departamento En México Nuevo,4329000,MXN,"México Nuevo, Atizapán De Zaragoza, Estado De México",133 m² de terreno,2 recámaras,2 baños,https://departamento.mercadolibre.com.mx/MLM-2935079311-departamento-en-mexico-nuevo-_JM,https://http2.mlstatic.com/D_NQ_NP_2X_621515-MLM110942141962_052026-E.webp,ATIZAPAN DE ZARAGOZA
"Departamento En Venta, Jardines De Atizapan, Remodelado, Vigilancia.",1920000,MXN,"Jardines De Atizapán, Atizapán De Zaragoza, Estado De México",60 m² construidos,2 recámaras,1 baño,https://departamento.mercadolibre.com.mx/MLM-5506329358-departamento-en-venta-jardines-de-atizapan-remodelado-vigilancia-_JM,https://http2.mlstatic.com/D_NQ_NP_2X_792437-MLM113504007214_072026-E.webp,ATIZAPAN DE ZARAGOZA
"Departamento Venta, Uam, Primer Piso, Excelente Estado, Custerna.",1600000,MXN,"Universidad Autonoma Metropolitana, Atizapán De Zaragoza, Estado De México",78 m² construidos,2 recámaras,2 baños,https://departamento.mercadolibre.com.mx/MLM-2874535309-departamento-venta-uam-primer-piso-excelente-estado-custerna-_JM,https://http2.mlstatic.com/D_NQ_NP_2X_783210-MLM80457376994_112024-E.webp,ATIZAPAN DE ZARAGOZA
Venta Departamento Vista Antigua 1 Lago Esmeralda Atizapan De Zaragoza,5500000,MXN,"Residencial Lago Esmeralda, Atizapán De Zaragoza, Estado De México",128 m² construidos,3 recámaras,2 baños,https://departamento.mercadolibre.com.mx/MLM-2797631167-venta-departamento-vista-antigua-1-lago-esmeralda-atizapan-de-zaragoza-_JM,https://http2.mlstatic.com/D_NQ_NP_2X_983417-MLM108172109800_032026-E.webp,ATIZAPAN DE ZARAGOZA
"Departamento En Venta En Colonia Bosque Esmeralda, Atizapán De Zaragoza, Estado De México",3200000,MXN,"Lago Garda S/n, Bosque Esmeralda, Atizapán De Zaragoza, Estado De México",67 m² construidos,2 recámaras,2 baños,https://departamento.mercadolibre.com.mx/MLM-2746090873-departamento-en-venta-en-colonia-bosque-esmeralda-atizapan-de-zaragoza-estado-de-mexico-_JM,https://http2.mlstatic.com/D_NQ_NP_2X_962815-MLM106758233506_022026-E.webp,ATIZAPAN DE ZARAGOZA
Departamento / Venta / Nuevo /atizapan,2350000,MXN,"San Miguel Xochimanga, Atizapán De Zaragoza, Estado De México",71 m² construidos,2 recámaras,2 baños,https://departamento.mercadolibre.com.mx/MLM-5246237138-departamento-venta-nuevo-atizapan-_JM,https://http2.mlstatic.com/D_NQ_NP_2X_904354-MLM84735045842_052025-E.webp,ATIZAPAN DE ZARAGOZA
Venta De Departamento Nuevo En Desarrollo En Atizapan De Zaragoza,2850000,MXN,"San Miguel Xochimanga, Atizapán De Zaragoza, Estado De México",80 m² construidos,3 recámaras,2 baños,https://departamento.mercadolibre.com.mx/MLM-2806901431-venta-de-departamento-nuevo-en-desarrollo-en-atizapan-de-zaragoza-_JM,https://http2.mlstatic.com/D_NQ_NP_2X_933562-MLM93564029352_102025-E.webp,ATIZAPAN DE ZARAGOZA
"Departamento En Venta Con Seguridad En Zona Esmeralda, Atizapán De Zaragoza",10300000,MXN,"Ciudad Adolfo López Mateos, Atizapán De Zaragoza, Estado De México",182 m² construidos,3 recámaras,3 baños,https://departamento.mercadolibre.com.mx/MLM-3058401583-departamento-en-venta-con-seguridad-en-zona-esmeralda-atizapan-de-zaragoza-_JM,https://http2.mlstatic.com/D_NQ_NP_2X_911427-MLM114604951709_072026-E.webp,ATIZAPAN DE ZARAGOZA
Departamento Residencial  Mirabilia  Mexico Nuevo Atizapan,4600000,MXN,"México Nuevo, Atizapán De Zaragoza, Estado De México",100 m² construidos,3 recámaras,2 baños,https://departamento.mercadolibre.com.mx/MLM-5389854228-departamento-residencial-mirabilia-mexico-nuevo-atizapan-_JM,https://http2.mlstatic.com/D_NQ_NP_2X_889740-MLM112067570199_052026-E.webp,ATIZAPAN DE ZARAGOZA
"Departamento En Planta Baja En Venta, En Punta Esmeralda, Atizapan De Zaragoza",3750000,MXN,"Bosque De Jade, Punta Esmeralda 3A 103, Bosque Esmeralda, Atizapán De Zaragoza, Estado De México",107 m² construidos,3 recámaras,2 baños,https://departamento.mercadolibre.com.mx/MLM-5030638784-departamento-en-planta-baja-en-venta-en-punta-esmeralda-atizapan-de-zaragoza-_JM,https://http2.mlstatic.com/D_NQ_NP_2X_785355-MLM108187149544_032026-E.webp,ATIZAPAN DE ZARAGOZA
"Departamento Y Locales En Venta , En Atizapán De Zaragoza",3950000,MXN,"Ex-Hacienda El Pedregal, Atizapán De Zaragoza, Estado De México",348 m² construidos,8 recámaras,7 baños,https://departamento.mercadolibre.com.mx/MLM-2806876747-departamento-y-locales-en-venta-en-atizapan-de-zaragoza-_JM,https://http2.mlstatic.com/D_NQ_NP_2X_674905-MLM93564049574_102025-E.webp,ATIZAPAN DE ZARAGOZA
Departamento Residencial  Mirabilia  Mexico Nuevo Atizapan,4100000,MXN,"México Nuevo, Atizapán De Zaragoza, Estado De México",80 m² construidos,2 recámaras,2 baños,https://departamento.mercadolibre.com.mx/MLM-2947956973-departamento-residencial-mirabilia-mexico-nuevo-atizapan-_JM,https://http2.mlstatic.com/D_NQ_NP_2X_922275-MLM111030541626_052026-E.webp,ATIZAPAN DE ZARAGOZA
"Departamento En Venta En Lago Esmeralda, Atizapán, Mex.",3500000,MXN,"Lago Esmeralda S/N Edif. 3, Depto. A-102, Mz. 3, Lt. 2, Lago Esmeralda, Atizapán De Zaragoza, Estado De México",78 m² construidos,2 recámaras,2 baños,https://departamento.mercadolibre.com.mx/MLM-2798107781-departamento-en-venta-en-lago-esmeralda-atizapan-mex-_JM,https://http2.mlstatic.com/D_NQ_NP_2X_862937-MLM108185611178_032026-E.webp,ATIZAPAN DE ZARAGOZA
"Departamento En Venta En Park View, Zona Esmeralda",2450000,MXN,"Ciudad Adolfo López Mateos, Atizapán De Zaragoza, Estado De México",52 m² construidos,2 recámaras,2 baños,https://departamento.mercadolibre.com.mx/MLM-5699424688-departamento-en-venta-en-park-view-zona-esmeralda-_JM,https://http2.mlstatic.com/D_NQ_NP_2X_944335-MLM114771189571_072026-E.webp,ATIZAPAN DE ZARAGOZA
Venta Departamento Real Antigua  Zona Esmeralda Atizapan De Zaragoza,11000000,MXN,"Hacienda De Valle Escondido, Atizapán De Zaragoza, Estado De México",290 m² construidos,3 recámaras,4 baños,https://departamento.mercadolibre.com.mx/MLM-4873957694-venta-departamento-real-antigua-zona-esmeralda-atizapan-de-zaragoza-_JM,https://http2.mlstatic.com/D_NQ_NP_2X_965496-MLM115305204183_072026-E.webp,ATIZAPAN DE ZARAGOZA
"Departamento En Venta, Torre Molinos, Jardines De Atizapán, Atizapán De Zaragoza",3800000,MXN,"Rodolfo Casillas 35 Torre 3E Depto 301, Jardines De Atizapán, Atizapán De Zaragoza, Estado De México",96 m² construidos,2 recámaras,2 baños,https://departamento.mercadolibre.com.mx/MLM-5676207068-departamento-en-venta-torre-molinos-jardines-de-atizapan-atizapan-de-zaragoza-_JM,https://http2.mlstatic.com/D_NQ_NP_2X_886713-MLM114346974301_072026-E.webp,ATIZAPAN DE ZARAGOZA
"Departamentos En Venta En Lago Esmeralda, Atizapán De Zaragoza",4450000,MXN,"Residencial Lago Esmeralda, Atizapán De Zaragoza, Estado De México",92 m² construidos,3 recámaras,2 baños,https://departamento.mercadolibre.com.mx/MLM-2999424139-departamentos-en-venta-en-lago-esmeralda-atizapan-de-zaragoza-_JM,https://http2.mlstatic.com/D_NQ_NP_2X_823810-MLM113047481209_062026-E.webp,ATIZAPAN DE ZARAGOZA
Venta Departamento Reserva Escondida Atizapan De Zaragoza,11500000,MXN,"Hacienda De Valle Escondido, Atizapán De Zaragoza, Estado De México",248 m² construidos,3 recámaras,3 baños,https://departamento.mercadolibre.com.mx/MLM-2973740505-venta-departamento-reserva-escondida-atizapan-de-zaragoza-_JM,https://http2.mlstatic.com/D_NQ_NP_2X_924649-MLM111529187776_062026-E.webp,ATIZAPAN DE ZARAGOZA
Venta Departamento  Reserva Escondida Atizapan De Zaragoza,9400000,MXN,"Adolfo López Mateos, Atizapán De Zaragoza, Estado De México",220 m² construidos,3 recámaras,3 baños,https://departamento.mercadolibre.com.mx/MLM-4965359888-venta-departamento-reserva-escondida-atizapan-de-zaragoza-_JM,https://http2.mlstatic.com/D_NQ_NP_2X_935670-MLM92693024175_092025-E.webp,ATIZAPAN DE ZARAGOZA
"Departamento En Venta En Calacoaya, Atizapán De Zaragoza",5250000,MXN,"Calacoaya, Atizapán De Zaragoza, Estado De México",149 m² construidos,3 recámaras,3 baños,https://departamento.mercadolibre.com.mx/MLM-2985535775-departamento-en-venta-en-calacoaya-atizapan-de-zaragoza-_JM,https://http2.mlstatic.com/D_NQ_NP_2X_719483-MLM112822071629_062026-E.webp,ATIZAPAN DE ZARAGOZA
Venta Departamento Reserva Escondida Atizapan De Zaragoza,9000000,MXN,"Hacienda De Valle Escondido, Atizapán De Zaragoza, Estado De México",254 m² construidos,2 recámaras,2 baños,https://departamento.mercadolibre.com.mx/MLM-5439165658-venta-departamento-reserva-escondida-atizapan-de-zaragoza-_JM,https://http2.mlstatic.com/D_NQ_NP_2X_755568-MLM111529084072_062026-E.webp,ATIZAPAN DE ZARAGOZA
"Departamento De 2 Niveles En Venta En Mirage Iii, El Calvario, Atizapán, Mex.",4570000,MXN,"Camino A Madín, Conjunto Mirage III, Edif. Gaugin 5 Depto 302, El Calvario, Atizapán De Zaragoza, Estado De México",150 m² construidos,3 recámaras,2 baños,https://departamento.mercadolibre.com.mx/MLM-3045792419-departamento-de-2-niveles-en-venta-en-mirage-iii-el-calvario-atizapan-mex-_JM,https://http2.mlstatic.com/D_NQ_NP_2X_918736-MLM112554443978_062026-E.webp,ATIZAPAN DE ZARAGOZA
"Departamento En Venta En Colonia Las Colonias, Atizapán De Zaragoza, Estado De México",3250000,MXN,"Atizapán  S/n, Las Colonias, Atizapán De Zaragoza, Estado De México",121 m² construidos,3 recámaras,2 baños,https://departamento.mercadolibre.com.mx/MLM-5824018470-departamento-en-venta-en-colonia-las-colonias-atizapan-de-zaragoza-estado-de-mexico-_JM,https://http2.mlstatic.com/D_NQ_NP_2X_682781-MLM115210507295_072026-E.webp,ATIZAPAN DE ZARAGOZA
"Departamento En Venta En México Nuevo, Atizapán De Zaragoza",5490000,MXN,"CDA SONORA, México Nuevo, Atizapán De Zaragoza, Estado De México",246 m² construidos,3 recámaras,3 baños,https://departamento.mercadolibre.com.mx/MLM-5832749864-departamento-en-venta-en-mexico-nuevo-atizapan-de-zaragoza-_JM,https://http2.mlstatic.com/D_NQ_NP_2X_773547-MLM113942391514_072026-E.webp,ATIZAPAN DE ZARAGOZA
Departamento - México Nuevo,2850000,MXN,"Venta Depto A Estrenar EN Enquadro Atizapan ($2,850,000) Tramito TU Infonavit, Atizapán De Zaragoza, Estado De México",70 m² de terreno,2 recámaras,2 baños,https://departamento.mercadolibre.com.mx/MLM-5580430048-departamento-mexico-nuevo-_JM,https://http2.mlstatic.com/D_NQ_NP_2X_994322-MLM113790518497_062026-E.webp,ATIZAPAN DE ZARAGOZA
Venta Departamento Ph Atizapan De Zaragoza,8100000,MXN,"Atizapán, Atizapán De Zaragoza, Estado De México",240 m² construidos,3 recámaras,3 baños,https://departamento.mercadolibre.com.mx/MLM-4874086776-venta-departamento-ph-atizapan-de-zaragoza-_JM,https://http2.mlstatic.com/D_NQ_NP_2X_711888-MLM92506762477_092025-E.webp,ATIZAPAN DE ZARAGOZA
"Departamento En Venta En Jardines De Atizapán, Atizapán De Zaragoza 26-2353 Mm",5262100,MXN,"Departamento En Venta En Jardines De Atizapán, Atizapán De Zaragoza 26-2353 MM, Jardines De Atizapán, Atizapán De Zaragoza, Estado De México",117 m² construidos,2 recámaras,2 baños,https://departamento.mercadolibre.com.mx/MLM-5475251650-departamento-en-venta-en-jardines-de-atizapan-atizapan-de-zaragoza-26-2353-mm-_JM,https://http2.mlstatic.com/D_NQ_NP_2X_919519-MLM112957844089_062026-E.webp,ATIZAPAN DE ZARAGOZA
"Ph En Venta Con Seguridad En México Nuevo, Atizapán De Zaragoza",5900000,MXN,"México Nuevo, Atizapán De Zaragoza, Estado De México",280 m² construidos,3 recámaras,2 baños,https://departamento.mercadolibre.com.mx/MLM-3058227045-ph-en-venta-con-seguridad-en-mexico-nuevo-atizapan-de-zaragoza-_JM,https://http2.mlstatic.com/D_NQ_NP_2X_927442-MLM113356270500_072026-E.webp,ATIZAPAN DE ZARAGOZA
Se Vende Departamento En Fuentes De Satélite,5190000,MXN,"Fuentes De Satélite, Atizapán De Zaragoza, Estado De México",210 m² construidos,3 recámaras,2 baños,https://departamento.mercadolibre.com.mx/MLM-2806877589-se-vende-departamento-en-fuentes-de-satelite-_JM,https://http2.mlstatic.com/D_NQ_NP_2X_964906-MLM93563993246_102025-E.webp,ATIZAPAN DE ZARAGOZA
Venta Departamento Cima Esmeralda Atizapan 11350,3700000,MXN,"11350 CIMA Esmeralda Bosque De Lavanda, Bosque Esmeralda, Atizapán De Zaragoza, Estado De México",100 m² construidos,2 recámaras,2 baños,https://departamento.mercadolibre.com.mx/MLM-3110052687-venta-departamento-cima-esmeralda-atizapan-11350-_JM,https://http2.mlstatic.com/D_NQ_NP_2X_920270-MLM113125978868_072026-E.webp,ATIZAPAN DE ZARAGOZA
Venta De Departamentos En Atizapán,3260000,MXN,"Lomas De San Lorenzo, Atizapán De Zaragoza, Estado De México",100 m² construidos,2 recámaras,2 baños,https://departamento.mercadolibre.com.mx/MLM-2806901811-venta-de-departamentos-en-atizapan-_JM,https://http2.mlstatic.com/D_NQ_NP_2X_807120-MLM93564053358_102025-E.webp,ATIZAPAN DE ZARAGOZA
"Mhl Departamento En Venta City Esmeralda, Atizapán De Zaragoza",3490000,MXN,"Bosque Esmeralda, Atizapán De Zaragoza, Estado De México",72 m² construidos,2 recámaras,2 baños,https://departamento.mercadolibre.com.mx/MLM-5767943962-mhl-departamento-en-venta-city-esmeralda-atizapan-de-zaragoza-_JM,https://http2.mlstatic.com/D_NQ_NP_2X_624951-MLM114909769563_072026-E.webp,ATIZAPAN DE ZARAGOZA
"Departamento En Venta Bosque Esmeralda, Amenidades, Vigilancia,la Cima.",3300000,MXN,"Bosque Esmeralda, Atizapán De Zaragoza, Estado De México",62 m² construidos,2 recámaras,2 baños,https://departamento.mercadolibre.com.mx/MLM-5209617978-departamento-en-venta-bosque-esmeralda-amenidades-vigilanciala-cima-_JM,https://http2.mlstatic.com/D_NQ_NP_2X_693808-MLM80457377600_112024-E.webp,ATIZAPAN DE ZARAGOZA
"Moderno Departamento En Renta En Terra Viure, Zona Esmeralda  ¡tu Nuevo Hogar D",11200000,MXN,"Bosques De Atizapán, Atizapán De Zaragoza, Estado De México",240 m² construidos,3 recámaras,3 baños,https://departamento.mercadolibre.com.mx/MLM-5694613106-moderno-departamento-en-renta-en-terra-viure-zona-esmeralda-tu-nuevo-hogar-d-_JM,https://http2.mlstatic.com/D_NQ_NP_2X_710437-MLM115528158997_082026-E.webp,ATIZAPAN DE ZARAGOZA
Venta Departamento Vista Antigua Iii Lago Esmeralda Atizapan De  Zaragoza,6500000,MXN,"Residencial Lago Esmeralda, Atizapán De Zaragoza, Estado De México",160 m² construidos,3 recámaras,4 baños,https://departamento.mercadolibre.com.mx/MLM-5031042490-venta-departamento-vista-antigua-iii-lago-esmeralda-atizapan-de-zaragoza-_JM,https://http2.mlstatic.com/D_NQ_NP_2X_766712-MLM114664836315_072026-E.webp,ATIZAPAN DE ZARAGOZA
"Departamento En Venta  En Barrio Norte, Atizapán De Zaragoza, Estado De México",1670000,MXN,"PRIVADA 1ra DE LA PALMA 25 EDIF B-303 LT2, Barrio Norte, Atizapán De Zaragoza, Estado De México",64 m² construidos,2 recámaras,1 baño,https://departamento.mercadolibre.com.mx/MLM-2811223317-departamento-en-venta-en-barrio-norte-atizapan-de-zaragoza-estado-de-mexico-_JM,https://http2.mlstatic.com/D_NQ_NP_2X_840517-MLM109288470215_032026-E.webp,ATIZAPAN DE ZARAGOZA
"Penthouse En Venta Con Seguridad En México Nuevo, Atizapán De Zaragoza",8800000,MXN,"México Nuevo, Atizapán De Zaragoza, Estado De México",280 m² construidos,3 recámaras,2 baños,https://departamento.mercadolibre.com.mx/MLM-3058414603-penthouse-en-venta-con-seguridad-en-mexico-nuevo-atizapan-de-zaragoza-_JM,https://http2.mlstatic.com/D_NQ_NP_2X_669061-MLM114604952823_072026-E.webp,ATIZAPAN DE ZARAGOZA
"Departamento En Pre-venta En Jardines De Atizapán, Atizapán De Zaragoza",3300000,MXN,"Jardines De Atizapán, Atizapán De Zaragoza, Estado De México",125 m² construidos,2 recámaras,2 baños,https://departamento.mercadolibre.com.mx/MLM-5723253152-departamento-en-pre-venta-en-jardines-de-atizapan-atizapan-de-zaragoza-_JM,https://http2.mlstatic.com/D_NQ_NP_2X_690809-MLM114605184729_072026-E.webp,ATIZAPAN DE ZARAGOZA
"Departamento En Venta Con Seguridad 24 Hrs. Y Amenidades,  Adolfo   López Mateos",6032000,MXN,"Adolfo López Mateos, Atizapán De Zaragoza, Estado De México",126 m² construidos,2 recámaras,2 baños,https://departamento.mercadolibre.com.mx/MLM-5594244060-departamento-en-venta-con-seguridad-24-hrs-y-amenidades-adolfo-lopez-mateos-_JM,https://http2.mlstatic.com/D_NQ_NP_2X_601257-MLM113356272648_072026-E.webp,ATIZAPAN DE ZARAGOZA
Departamento En Lomas Lindas Ii Sección,1490000,MXN,"Lomas Lindas II Seccion, Atizapán De Zaragoza, Estado De México",54 m² de terreno,2 recámaras,1 baño,https://departamento.mercadolibre.com.mx/MLM-3183806939-departamento-en-lomas-lindas-ii-seccion-_JM,https://http2.mlstatic.com/D_NQ_NP_2X_760026-MLM113743019738_072026-E.webp,ATIZAPAN DE ZARAGOZA
"Departamento En Venta En Avenida Las Colonias, Jardines De Atizapan Rg 26-180.",4750000,MXN,"Atizapan De Zaragoza , Jardines De Atizapan, Jardines De Atizapán, Atizapán De Zaragoza, Estado De México",291 m² construidos,3 recámaras,2 baños,https://departamento.mercadolibre.com.mx/MLM-2947906403-departamento-en-venta-en-avenida-las-colonias-jardines-de-atizapan-rg-26-180-_JM,https://http2.mlstatic.com/D_NQ_NP_2X_751099-MLM111029804976_052026-E.webp,ATIZAPAN DE ZARAGOZA
"Departamento En Venta Con Seguridad En Jardínes De Atizapán, Atizapán",4100000,MXN,"Jardines De Atizapán, Atizapán De Zaragoza, Estado De México",105 m² construidos,2 recámaras,2 baños,https://departamento.mercadolibre.com.mx/MLM-3058414683-departamento-en-venta-con-seguridad-en-jardines-de-atizapan-atizapan-_JM,https://http2.mlstatic.com/D_NQ_NP_2X_801376-MLM113356270868_072026-E.webp,ATIZAPAN DE ZARAGOZA
"Departamento En Venta Con Seguridad En Las Colonias, Atizapán De Zaragoza",4055000,MXN,"Las Colonias, Atizapán De Zaragoza, Estado De México",120 m² construidos,3 recámaras,2 baños,https://departamento.mercadolibre.com.mx/MLM-3058401531-departamento-en-venta-con-seguridad-en-las-colonias-atizapan-de-zaragoza-_JM,https://http2.mlstatic.com/D_NQ_NP_2X_930250-MLM114604984671_072026-E.webp,ATIZAPAN DE ZARAGOZA
Venta Departamento Loma Antigua Bosque Esmeralda Atizapan De Zaragoza,8500000,MXN,"Bosque Esmeralda, Atizapán De Zaragoza, Estado De México",208 m² construidos,3 recámaras,3 baños,https://departamento.mercadolibre.com.mx/MLM-4874992662-venta-departamento-loma-antigua-bosque-esmeralda-atizapan-de-zaragoza-_JM,https://http2.mlstatic.com/D_NQ_NP_2X_626865-MLM92507760345_092025-E.webp,ATIZAPAN DE ZARAGOZA
"Departamento En Venta Con Seguridad En Las Colonias, Atizapán De Zaragoza",5548000,MXN,"Las Colonias, Atizapán De Zaragoza, Estado De México",121 m² construidos,3 recámaras,2 baños,https://departamento.mercadolibre.com.mx/MLM-5594244050-departamento-en-venta-con-seguridad-en-las-colonias-atizapan-de-zaragoza-_JM,https://http2.mlstatic.com/D_NQ_NP_2X_699737-MLM114605036403_072026-E.webp,ATIZAPAN DE ZARAGOZA
"Departamento En Venta En Lomas De San Lorenzo, Atizapan De Zaragoza, Edo. Mex.",3583000,MXN,"Pedro Guzman, Torre 48, No. 17, Lomas De San Lorenzo, Atizapán De Zaragoza, Estado De México",100 m² construidos,2 recámaras,2 baños,https://departamento.mercadolibre.com.mx/MLM-5030317020-departamento-en-venta-en-lomas-de-san-lorenzo-atizapan-de-zaragoza-edo-mex-_JM,https://http2.mlstatic.com/D_NQ_NP_2X_658506-MLM108965718897_032026-E.webp,ATIZAPAN DE ZARAGOZA
"Departamento En Venta Con Seguridad En Lomas De Atizapán, Atizapán Dezaragoza",3350000,MXN,"Lomas De Atizapán, Atizapán De Zaragoza, Estado De México",110 m² construidos,3 recámaras,2 baños,https://departamento.mercadolibre.com.mx/MLM-5153550164-departamento-en-venta-con-seguridad-en-lomas-de-atizapan-atizapan-dezaragoza-_JM,https://http2.mlstatic.com/D_NQ_NP_2X_936664-MLM114604975983_072026-E.webp,ATIZAPAN DE ZARAGOZA
Venta Departamento Loma Antigua Bosque Esmeralda Atizapan De Zaragoza,8200000,MXN,"Bosque Esmeralda, Atizapán De Zaragoza, Estado De México",204 m² construidos,3 recámaras,3 baños,https://departamento.mercadolibre.com.mx/MLM-5455430976-venta-departamento-loma-antigua-bosque-esmeralda-atizapan-de-zaragoza-_JM,https://http2.mlstatic.com/D_NQ_NP_2X_697716-MLM112757818911_062026-E.webp,ATIZAPAN DE ZARAGOZA
"Departamento En Venta En Colonia El Calvario, Atizapán De Zaragoza, Estado De México",3990000,MXN,"Vilalba S/n, El Calvario, Atizapán De Zaragoza, Estado De México",150 m² construidos,3 recámaras,2 baños,https://departamento.mercadolibre.com.mx/MLM-5823994496-departamento-en-venta-en-colonia-el-calvario-atizapan-de-zaragoza-estado-de-mexico-_JM,https://http2.mlstatic.com/D_NQ_NP_2X_990679-MLM113904415602_072026-E.webp,ATIZAPAN DE ZARAGOZA
"Departamento En Pre Venta Con Seguridad En México Nuevo, Atizapán De Zaragoza",3450000,MXN,"México Nuevo, Atizapán De Zaragoza, Estado De México",119 m² construidos,3 recámaras,2 baños,https://departamento.mercadolibre.com.mx/MLM-3058227027-departamento-en-pre-venta-con-seguridad-en-mexico-nuevo-atizapan-de-zaragoza-_JM,https://http2.mlstatic.com/D_NQ_NP_2X_787901-MLM114604956745_072026-E.webp,ATIZAPAN DE ZARAGOZA
Venta Departamento Real Antigua Atizapan De Zaragoza,11500000,MXN,"Hacienda De Valle Escondido, Atizapán De Zaragoza, Estado De México",230 m² construidos,3 recámaras,4 baños,https://departamento.mercadolibre.com.mx/MLM-4965359858-venta-departamento-real-antigua-atizapan-de-zaragoza-_JM,https://http2.mlstatic.com/D_NQ_NP_2X_607193-MLM92693036185_092025-E.webp,ATIZAPAN DE ZARAGOZA
"Departamentos En Preventa En México Nuevo, Atizapán De Zaragoza",3950000,MXN,"México Nuevo, Atizapán De Zaragoza, Estado De México",120 m² construidos,3 recámaras,2 baños,https://departamento.mercadolibre.com.mx/MLM-5512305962-departamentos-en-preventa-en-mexico-nuevo-atizapan-de-zaragoza-_JM,https://http2.mlstatic.com/D_NQ_NP_2X_864945-MLM112178658806_062026-E.webp,ATIZAPAN DE ZARAGOZA
"Departamentos Nuevos En Venta Jardines De Atizapán, Atizapán De Zaragoza",3860000,MXN,"Jardines De Atizapán, Atizapán De Zaragoza, Estado De México",106 m² construidos,2 recámaras,2 baños,https://departamento.mercadolibre.com.mx/MLM-5091426908-departamentos-nuevos-en-venta-jardines-de-atizapan-atizapan-de-zaragoza-_JM,https://http2.mlstatic.com/D_NQ_NP_2X_811104-MLM94995052603_102025-E.webp,ATIZAPAN DE ZARAGOZA
Departamento En Barrio Norte,2200000,MXN,"Calle La Palma, Atizapán De Zaragoza, Estado De México",84 m² de terreno,2 recámaras,1 baño,https://departamento.mercadolibre.com.mx/MLM-2911682997-departamento-en-barrio-norte-_JM,https://http2.mlstatic.com/D_NQ_NP_2X_975616-MLM111296152547_052026-E.webp,ATIZAPAN DE ZARAGOZA
Departamentos En Venta Jardines De Atizapán,3600000,MXN,"Jardines De Atizapán, Atizapán De Zaragoza, Estado De México",95 m² construidos,3 recámaras,2 baños,https://departamento.mercadolibre.com.mx/MLM-5436167062-departamentos-en-venta-jardines-de-atizapan-_JM,https://http2.mlstatic.com/D_NQ_NP_2X_770992-MLM112557832981_062026-E.webp,ATIZAPAN DE ZARAGOZA
"Departamento En Venta En Jardines De Atizapán, Atizapán De Zaragoza.",2060000,MXN,"Nochebuena 4, Jardines De Atizapán, Atizapán De Zaragoza, Estado De México",72 m² construidos,3 recámaras,1 baño,https://departamento.mercadolibre.com.mx/MLM-3202096003-departamento-en-venta-en-jardines-de-atizapan-atizapan-de-zaragoza-_JM,https://http2.mlstatic.com/D_NQ_NP_2X_984158-MLM113905074836_072026-E.webp,ATIZAPAN DE ZARAGOZA
Hermoso Departamento En Venta En Triada Con Excelentes Acabados,3850000,MXN,"Lago Como, Lago Esmeralda, Atizapán De Zaragoza, Estado De México",70 m² construidos,2 recámaras,2 baños,https://departamento.mercadolibre.com.mx/MLM-2985798687-hermoso-departamento-en-venta-en-triada-con-excelentes-acabados-_JM,https://http2.mlstatic.com/D_NQ_NP_2X_968543-MLM112825069035_062026-E.webp,ATIZAPAN DE ZARAGOZA
Bonito Departamento Ubicado A Cinco Minutos De Galerías Atizapán,3800000,MXN,"Mexico Nuevo, Ciudad López Mateos, México Nuevo, Atizapán De Zaragoza, Estado De México",130 m² construidos,3 recámaras,2 baños,https://departamento.mercadolibre.com.mx/MLM-5716330484-bonito-departamento-ubicado-a-cinco-minutos-de-galerias-atizapan-_JM,https://http2.mlstatic.com/D_NQ_NP_2X_935450-MLM113310692724_072026-E.webp,ATIZAPAN DE ZARAGOZA
Departamento En Venta Vista Al Bosque Punta Esmeralda,4100000,MXN,"Bosque De Jade, Bosque Esmeralda, Cdad. López Mateos, Bosque Esmeralda, Atizapán De Zaragoza, Estado De México",108 m² construidos,3 recámaras,2 baños,https://departamento.mercadolibre.com.mx/MLM-5491342618-departamento-en-venta-vista-al-bosque-punta-esmeralda-_JM,https://http2.mlstatic.com/D_NQ_NP_2X_663802-MLM113103573181_062026-E.webp,ATIZAPAN DE ZARAGOZA
Venta  Departamento Vista Antigua Ll Lago Esmeralda Atizapan De Zaragoza,6350000,MXN,"Residencial Lago Esmeralda, Atizapán De Zaragoza, Estado De México",160 m² construidos,3 recámaras,4 baños,https://departamento.mercadolibre.com.mx/MLM-5832738072-venta-departamento-vista-antigua-ll-lago-esmeralda-atizapan-de-zaragoza-_JM,https://http2.mlstatic.com/D_NQ_NP_2X_885975-MLM115252878447_072026-E.webp,ATIZAPAN DE ZARAGOZA
Departamento En Venta En City Esmeralda Con Excelentes Acabados,3400000,MXN,"Lago Garda, Cdad. López Mateos, Lago Esmeralda, Atizapán De Zaragoza, Estado De México",73 m² construidos,2 recámaras,2 baños,https://departamento.mercadolibre.com.mx/MLM-5462519344-departamento-en-venta-en-city-esmeralda-con-excelentes-acabados-_JM,https://http2.mlstatic.com/D_NQ_NP_2X_982482-MLM112824333329_062026-E.webp,ATIZAPAN DE ZARAGOZA
Departamento Con Terraza En Park View,2850000,MXN,"Lago Esmeralda, Residencial Lago Esmeralda, Atizapán De Zaragoza, Estado De México",52 m² construidos,2 recámaras,2 baños,https://departamento.mercadolibre.com.mx/MLM-5147259092-departamento-con-terraza-en-park-view-_JM,https://http2.mlstatic.com/D_NQ_NP_2X_765734-MLM110129154439_042026-E.webp,ATIZAPAN DE ZARAGOZA
Venta Departamento La Vista Residences Lago Esmeralda,9180000000,MXN,"Residencial Lago Esmeralda, Atizapán De Zaragoza, Estado De México",205 m² construidos,3 recámaras,3 baños,https://departamento.mercadolibre.com.mx/MLM-3096574407-venta-departamento-la-vista-residences-lago-esmeralda-_JM,https://http2.mlstatic.com/D_NQ_NP_2X_949000-MLM113683386724_072026-E.webp,ATIZAPAN DE ZARAGOZA
"Departamento En Venta En Colonia Lago Esmeralda, Atizapán De Zaragoza, Estado De México",5750000,MXN,"Lago Esmeralda 3, Lago Esmeralda, Atizapán De Zaragoza, Estado De México",95 m² construidos,2 recámaras,2 baños,https://departamento.mercadolibre.com.mx/MLM-5797197746-departamento-en-venta-en-colonia-lago-esmeralda-atizapan-de-zaragoza-estado-de-mexico-_JM,https://http2.mlstatic.com/D_NQ_NP_2X_701085-MLM113760359486_072026-E.webp,ATIZAPAN DE ZARAGOZA
"Departamento En Venta En San Miguel Xochimanga, Atizapán, Edo. Méx",2200000,MXN,"Xicotencatl, San Miguel Xochimanga, Atizapán De Zaragoza, Estado De México",76 m² construidos,2 recámaras,2 baños,https://departamento.mercadolibre.com.mx/MLM-5364474958-departamento-en-venta-en-san-miguel-xochimanga-atizapan-edo-mex-_JM,https://http2.mlstatic.com/D_NQ_NP_2X_844629-MLM111865283137_052026-E.webp,ATIZAPAN DE ZARAGOZA
"Departamento En Venta En Colonia Hacienda De Valle Escondido, Atizapán De Zaragoza, Estado De México",12500000,MXN,". 0, Hacienda De Valle Escondido, Atizapán De Zaragoza, Estado De México",240 m² construidos,3 recámaras,5 baños,https://departamento.mercadolibre.com.mx/MLM-5856121370-departamento-en-venta-en-colonia-hacienda-de-valle-escondido-atizapan-de-zaragoza-estado-de-mexico-_JM,https://http2.mlstatic.com/D_NQ_NP_2X_718629-MLM115351661151_072026-E.webp,ATIZAPAN DE ZARAGOZA
Departamento En Venta En Atizapán De Zaragoza,1700000,MXN,"Av. De Las Colonias, Las Colonias, Cdad. López Mateos, Las Colonias, Atizapán De Zaragoza, Estado De México",72 m² construidos,3 recámaras,1 baño,https://departamento.mercadolibre.com.mx/MLM-5132646636-departamento-en-venta-en-atizapan-de-zaragoza-_JM,https://http2.mlstatic.com/D_NQ_NP_2X_619544-MLM110044040899_042026-E.webp,ATIZAPAN DE ZARAGOZA
"Se Vende Departamento En Pre Venta,  Barrio Norte, Atizapan De Zaragoza, Dhv282",1680000,MXN,"Barrio Norte, Atizapán De Zaragoza, Estado De México",55 m² construidos,2 recámaras,2 baños,https://departamento.mercadolibre.com.mx/MLM-5262360646-se-vende-departamento-en-pre-venta-barrio-norte-atizapan-de-zaragoza-dhv282-_JM,https://http2.mlstatic.com/D_NQ_NP_2X_699795-MLM110120684810_042026-E.webp,ATIZAPAN DE ZARAGOZA
"Departamentos Torre 48, Rincón De La Montaña.",3430000,MXN,"Av. Pirules Ampliacion, Lomas De San Lorenzo 48, Lomas De San Lorenzo, Atizapán De Zaragoza, Estado De México",100 m² construidos,3 recámaras,2 baños,https://departamento.mercadolibre.com.mx/MLM-3002623851-departamentos-torre-48-rincon-de-la-montana-_JM,https://http2.mlstatic.com/D_NQ_NP_2X_737559-MLM113098811091_062026-E.webp,ATIZAPAN DE ZARAGOZA
"Departamento En Barrio Norte, Atizapán De Zaragoza Con 3 Recámaras, 110 M², Id: 58285",3590000,MXN,"Calle Estado De México, Barrio Norte, Atizapán De Zaragoza, Estado De México",110 m² construidos,3 recámaras,2 baños,https://departamento.mercadolibre.com.mx/MLM-3068277479-departamento-en-barrio-norte-atizapan-de-zaragoza-con-3-recamaras-110-m-id-58285-_JM,https://http2.mlstatic.com/D_NQ_NP_2X_895573-MLM112790185928_072026-E.webp,ATIZAPAN DE ZARAGOZA
Lindo Departamento En Real De Atizapán,1800000,MXN,"Av. Real De Atizapán, Real De Atizapan, Cdad. López Mateos, Real De Atizapán, Atizapán De Zaragoza, Estado De México",62 m² construidos,2 recámaras,1 baño,https://departamento.mercadolibre.com.mx/MLM-5114218478-lindo-departamento-en-real-de-atizapan-_JM,https://http2.mlstatic.com/D_NQ_NP_2X_868971-MLM109102365664_042026-E.webp,ATIZAPAN DE ZARAGOZA
Departamento En Venta En Atizapan,3483000,MXN,"Pirules, Lomas De San Lorenzo, Atizapán De Zaragoza, Estado De México",100 m² construidos,2 recámaras,2 baños,https://departamento.mercadolibre.com.mx/MLM-3174791281-departamento-en-venta-en-atizapan-_JM,https://http2.mlstatic.com/D_NQ_NP_2X_950519-MLM113680395956_072026-E.webp,ATIZAPAN DE ZARAGOZA
Departamento En Venta En Atizapan,3463000,MXN,"Pirules, Lomas De San Lorenzo, Atizapán De Zaragoza, Estado De México",100 m² construidos,2 recámaras,2 baños,https://departamento.mercadolibre.com.mx/MLM-3174791285-departamento-en-venta-en-atizapan-_JM,https://http2.mlstatic.com/D_NQ_NP_2X_943113-MLM114966269767_072026-E.webp,ATIZAPAN DE ZARAGOZA
Departamento En Venta En Reserva Escondida,9500000,MXN,"AV PARQUE DE LOS CIERVOS, Rancho San Juan, Atizapán De Zaragoza, Estado De México",222 m² construidos,3 recámaras,2 baños,https://departamento.mercadolibre.com.mx/MLM-5833453894-departamento-en-venta-en-reserva-escondida-_JM,https://http2.mlstatic.com/D_NQ_NP_2X_615575-MLM113946780310_072026-E.webp,ATIZAPAN DE ZARAGOZA
"Departamentos Torre 48, Rincón De La Montaña , Atizapan De Zaragoza",3500000,MXN,"Av. Pirules Ampliacion, Lomas De San Lorenzo 48, Lomas De San Lorenzo, Atizapán De Zaragoza, Estado De México",100 m² construidos,2 recámaras,2 baños,https://departamento.mercadolibre.com.mx/MLM-5555372576-departamentos-torre-48-rincon-de-la-montana-atizapan-de-zaragoza-_JM,https://http2.mlstatic.com/D_NQ_NP_2X_948649-MLM113630684281_062026-E.webp,ATIZAPAN DE ZARAGOZA
"Departamento En Venta, Lomas Lindas 601",3150000,MXN,"Mar Egeo, Lomas Lindas II Sección, Atizapán De Zaragoza, Estado De México",146 m² construidos,3 recámaras,2 baños,https://departamento.mercadolibre.com.mx/MLM-5833453476-departamento-en-venta-lomas-lindas-601-_JM,https://http2.mlstatic.com/D_NQ_NP_2X_949435-MLM113946766912_072026-E.webp,ATIZAPAN DE ZARAGOZA
"Departamento En Venta, Lomas Lindas 201",3150000,MXN,"Mar Egeo, Lomas Lindas II Sección, Atizapán De Zaragoza, Estado De México",146 m² construidos,3 recámaras,2 baños,https://departamento.mercadolibre.com.mx/MLM-5833536138-departamento-en-venta-lomas-lindas-201-_JM,https://http2.mlstatic.com/D_NQ_NP_2X_908160-MLM113946766622_072026-E.webp,ATIZAPAN DE ZARAGOZA
"Departamento En Venta, Lomas Lindas Ph",3150000,MXN,"Mar Egeo, Lomas Lindas II Sección, Atizapán De Zaragoza, Estado De México",142 m² construidos,3 recámaras,2 baños,https://departamento.mercadolibre.com.mx/MLM-5833536158-departamento-en-venta-lomas-lindas-ph-_JM,https://http2.mlstatic.com/D_NQ_NP_2X_967426-MLM115257843605_072026-E.webp,ATIZAPAN DE ZARAGOZA
"Departamento En Venta, Lomas Lindas 501",3150000,MXN,"Mar Egeo, Lomas Lindas II Sección, Atizapán De Zaragoza, Estado De México",146 m² construidos,3 recámaras,2 baños,https://departamento.mercadolibre.com.mx/MLM-5833441104-departamento-en-venta-lomas-lindas-501-_JM,https://http2.mlstatic.com/D_NQ_NP_2X_621053-MLM113946766798_072026-E.webp,ATIZAPAN DE ZARAGOZA
"Departamento En Venta, Lomas Lindas 401",3290482,MXN,"Mar Egeo, Lomas Lindas II Sección, Atizapán De Zaragoza, Estado De México",142 m² construidos,3 recámaras,2 baños,https://departamento.mercadolibre.com.mx/MLM-5833441102-departamento-en-venta-lomas-lindas-401-_JM,https://http2.mlstatic.com/D_NQ_NP_2X_782488-MLM115257843331_072026-E.webp,ATIZAPAN DE ZARAGOZA
"Departamento En Venta, Lomas Lindas 301",2950000,MXN,"Mar Egeo, Lomas Lindas II Sección, Atizapán De Zaragoza, Estado De México",146 m² construidos,3 recámaras,2 baños,https://departamento.mercadolibre.com.mx/MLM-5833441098-departamento-en-venta-lomas-lindas-301-_JM,https://http2.mlstatic.com/D_NQ_NP_2X_698671-MLM115257843291_072026-E.webp,ATIZAPAN DE ZARAGOZA
"Departamento En Venta, Lomas Lindas 101",3150000,MXN,"Mar Egeo, Lomas Lindas II Sección, Atizapán De Zaragoza, Estado De México",142 m² construidos,3 recámaras,2 baños,https://departamento.mercadolibre.com.mx/MLM-5833441094-departamento-en-venta-lomas-lindas-101-_JM,https://http2.mlstatic.com/D_NQ_NP_2X_970655-MLM113946766506_072026-E.webp,ATIZAPAN DE ZARAGOZA
Excelente Departamento En Rincon De La Montaña,2790000,MXN,"PEDRO GUZMAN 17, Rincón De La Montaña, Atizapán De Zaragoza, Estado De México",96 m² construidos,3 recámaras,2 baños,https://departamento.mercadolibre.com.mx/MLM-2907985515-excelente-departamento-en-rincon-de-la-montana-_JM,https://http2.mlstatic.com/D_NQ_NP_2X_851500-MLM111210866753_052026-E.webp,ATIZAPAN DE ZARAGOZA
"Departamento En Venta En Adolfo Lopez Mateos, Atizapán De Zaragoza, México",1850000,MXN,"Calle Ignacio Comonfort Sn, Adolfo López Mateos, Atizapán De Zaragoza, Estado De México",68 m² construidos,2 recámaras,1 baño,https://departamento.mercadolibre.com.mx/MLM-5454160724-departamento-en-venta-en-adolfo-lopez-mateos-atizapan-de-zaragoza-mexico-_JM,https://http2.mlstatic.com/D_NQ_NP_2X_873559-MLM111667300186_062026-E.webp,ATIZAPAN DE ZARAGOZA
Departamento En Venta En Barrio Norte,2000000,MXN,"Barrio Nte, Ciudad López Mateos, Barrio Norte, Atizapán De Zaragoza, Estado De México",70 m² construidos,2 recámaras,1 baño,https://departamento.mercadolibre.com.mx/MLM-2811245849-departamento-en-venta-en-barrio-norte-_JM,https://http2.mlstatic.com/D_NQ_NP_2X_830283-MLM109287931203_032026-E.webp,ATIZAPAN DE ZARAGOZA
"Se Vende Departamento En Pre Venta,  Barrio Norte, Atizapan De Zaragoza, Dhv286",1810092,MXN,"Barrio Norte, Atizapán De Zaragoza, Estado De México",55 m² construidos,2 recámaras,2 baños,https://departamento.mercadolibre.com.mx/MLM-5262348284-se-vende-departamento-en-pre-venta-barrio-norte-atizapan-de-zaragoza-dhv286-_JM,https://http2.mlstatic.com/D_NQ_NP_2X_668946-MLM111038729639_042026-E.webp,ATIZAPAN DE ZARAGOZA
"Depa En Venta, Col. Coporo, Atizapan De Zaragoza, Edo Mex",2290000,MXN,"Cóporo, Atizapán De Zaragoza, Estado De México",136 m² construidos,3 recámaras,2 baños,https://departamento.mercadolibre.com.mx/MLM-2988178003-depa-en-venta-col-coporo-atizapan-de-zaragoza-edo-mex-_JM,https://http2.mlstatic.com/D_NQ_NP_2X_928192-MLM100979279844_122025-E.webp,ATIZAPAN DE ZARAGOZA
"Departamento En Venta Las Alamedas, Atizapan De Zaragoza.edo Méx",4200000,MXN,"Lomas De Atizapán, Atizapán De Zaragoza, Estado De México",130 m² construidos,3 recámaras,3 baños,https://departamento.mercadolibre.com.mx/MLM-2737683717-departamento-en-venta-las-alamedas-atizapan-de-zaragozaedo-mex-_JM,https://http2.mlstatic.com/D_NQ_NP_2X_927153-MLM106296265298_022026-E.webp,ATIZAPAN DE ZARAGOZA
"Departamento En Venta En Barrio Norte, Atizapán De Zaragoza, México",1975000,MXN,"Complejo La Palma S/N, Barrio Norte, Atizapán De Zaragoza, Estado De México",70 m² construidos,2 recámaras,1 baño,https://departamento.mercadolibre.com.mx/MLM-5454088642-departamento-en-venta-en-barrio-norte-atizapan-de-zaragoza-mexico-_JM,https://http2.mlstatic.com/D_NQ_NP_2X_848782-MLM112747844519_062026-E.webp,ATIZAPAN DE ZARAGOZA
"Se Vende Departamento En Pre Venta,  Barrio Norte, Atizapan De Zaragoza, Dhv288",2015216,MXN,"Barrio Norte, Atizapán De Zaragoza, Estado De México",61 m² construidos,2 recámaras,2 baños,https://departamento.mercadolibre.com.mx/MLM-5262386424-se-vende-departamento-en-pre-venta-barrio-norte-atizapan-de-zaragoza-dhv288-_JM,https://http2.mlstatic.com/D_NQ_NP_2X_974529-MLM111038604375_042026-E.webp,ATIZAPAN DE ZARAGOZA
"Departamento En Venta Jardines De Atizapán, Atizapán De Zaragoza Edo Méx",2950000,MXN,"Jardines De Atizapán, Atizapán De Zaragoza, Estado De México",153 m² construidos,3 recámaras,3 baños,https://departamento.mercadolibre.com.mx/MLM-5370515714-departamento-en-venta-jardines-de-atizapan-atizapan-de-zaragoza-edo-mex-_JM,https://http2.mlstatic.com/D_NQ_NP_2X_934095-MLM111917830381_052026-E.webp,ATIZAPAN DE ZARAGOZA
"Departamento Venta Barrio Norte, Atizapán De Zaragoza, Edo.",1900000,MXN,"3a. Cerrada De Progreso, Atizapán De Zaragoza, Estado De México",77 m² construidos,2 recámaras,2 baños,https://departamento.mercadolibre.com.mx/MLM-5496684458-departamento-venta-barrio-norte-atizapan-de-zaragoza-edo-_JM,https://http2.mlstatic.com/D_NQ_NP_2X_899105-MLM112019060354_062026-E.webp,ATIZAPAN DE ZARAGOZA
"Departamento En Venta Rincón De La Montaña, Atizapán De Zaragoza, Edo. De Mex.",2900000,MXN,"Lomas De San Lorenzo, Atizapán De Zaragoza, Estado De México",110 m² construidos,3 recámaras,2 baños,https://departamento.mercadolibre.com.mx/MLM-5227912708-departamento-en-venta-rincon-de-la-montana-atizapan-de-zaragoza-edo-de-mex-_JM,https://http2.mlstatic.com/D_NQ_NP_2X_618276-MLM109857738722_042026-E.webp,ATIZAPAN DE ZARAGOZA
"Departamento En Venta En Bosque Esmeralda, Atizapán De Zaragoza, México",4100000,MXN,"Triada Sn, Bosque Esmeralda, Atizapán De Zaragoza, Estado De México",70 m² construidos,2 recámaras,2 baños,https://departamento.mercadolibre.com.mx/MLM-5369646706-departamento-en-venta-en-bosque-esmeralda-atizapan-de-zaragoza-mexico-_JM,https://http2.mlstatic.com/D_NQ_NP_2X_616101-MLM111908830181_052026-E.webp,ATIZAPAN DE ZARAGOZA
"Departamento En Venta En Colonia Club De Golf Valle Escondido, Atizapán De Zaragoza, Estado De México",13500000,MXN,"Fracc. Club De Golf S/N, Club De Golf Valle Escondido, Atizapán De Zaragoza, Estado De México",195 m² construidos,3 recámaras,5 baños,https://departamento.mercadolibre.com.mx/MLM-3126924523-departamento-en-venta-en-colonia-club-de-golf-valle-escondido-atizapan-de-zaragoza-estado-de-mexico-_JM,https://http2.mlstatic.com/D_NQ_NP_2X_788925-MLM113239707320_072026-E.webp,ATIZAPAN DE ZARAGOZA
"Se Vende Departamento En Pre Venta,  Barrio Norte, Atizapan De Zaragoza, Dhv283",1888836,MXN,"Barrio Norte, Atizapán De Zaragoza, Estado De México",59 m² construidos,2 recámaras,2 baños,https://departamento.mercadolibre.com.mx/MLM-5262386426-se-vende-departamento-en-pre-venta-barrio-norte-atizapan-de-zaragoza-dhv283-_JM,https://http2.mlstatic.com/D_NQ_NP_2X_914784-MLM111038729907_042026-E.webp,ATIZAPAN DE ZARAGOZA
"Departamento En Venta En Lomas De San Lorenzo, Atizapán De Zaragoza, México",2700000,MXN,"Pedro Guzmán 17, Lomas De San Lorenzo, Atizapán De Zaragoza, Estado De México",100 m² construidos,2 recámaras,2 baños,https://departamento.mercadolibre.com.mx/MLM-3201001863-departamento-en-venta-en-lomas-de-san-lorenzo-atizapan-de-zaragoza-mexico-_JM,https://http2.mlstatic.com/D_NQ_NP_2X_646767-MLM115198648827_072026-E.webp,ATIZAPAN DE ZARAGOZA
"Departamento En Venta En Lomas De San Lorenzo, Atizapán De Zaragoza, México",2850000,MXN,"Pedro Guzmán 17, Lomas De San Lorenzo, Atizapán De Zaragoza, Estado De México",100 m² construidos,2 recámaras,2 baños,https://departamento.mercadolibre.com.mx/MLM-2978836399-departamento-en-venta-en-lomas-de-san-lorenzo-atizapan-de-zaragoza-mexico-_JM,https://http2.mlstatic.com/D_NQ_NP_2X_855827-MLM112689811953_062026-E.webp,ATIZAPAN DE ZARAGOZA
"Departamento En Venta En Lomas De San Lorenzo, Atizapán De Zaragoza, México",2990000,MXN,"Pedro Guzmán Sn, Lomas De San Lorenzo, Atizapán De Zaragoza, Estado De México",100 m² construidos,2 recámaras,2 baños,https://departamento.mercadolibre.com.mx/MLM-2753745219-departamento-en-venta-en-lomas-de-san-lorenzo-atizapan-de-zaragoza-mexico-_JM,https://http2.mlstatic.com/D_NQ_NP_2X_833020-MLM107740891645_022026-E.webp,ATIZAPAN DE ZARAGOZA
"Departamento En Venta En Colonia Rancho Blanco Ejido De Espíritu Santo, Atizapán De Zaragoza, Estado De México",4995000,MXN,"Cerrada De Los Pelillos 10, Atizapán De Zaragoza, Estado De México",150 m² construidos,3 recámaras,2 baños,https://departamento.mercadolibre.com.mx/MLM-3182995715-departamento-en-venta-en-colonia-rancho-blanco-ejido-de-espiritu-santo-atizapan-de-zaragoza-estado-de-mexico-_JM,https://http2.mlstatic.com/D_NQ_NP_2X_623955-MLM115025317833_072026-E.webp,ATIZAPAN DE ZARAGOZA
Departamento En Venta Residence Brisa,4850000,MXN,"LAGO BALLEN 701, Atizapán De Zaragoza, Estado De México",134 m² construidos,,3 baños,https://departamento.mercadolibre.com.mx/MLM-3092116221-departamento-en-venta-residence-brisa-_JM,https://http2.mlstatic.com/D_NQ_NP_2X_750861-MLM112996643014_072026-E.webp,ATIZAPAN DE ZARAGOZA
"Departamento En Venta En Lomas Lindas Ii Sección, Atizapán De Zaragoza, México",2850000,MXN,"S/C S/N, Lomas Lindas II Sección, Atizapán De Zaragoza, Estado De México",96 m² construidos,3 recámaras,2 baños,https://departamento.mercadolibre.com.mx/MLM-2962896755-departamento-en-venta-en-lomas-lindas-ii-seccion-atizapan-de-zaragoza-mexico-_JM,https://http2.mlstatic.com/D_NQ_NP_2X_745647-MLM112358337761_052026-E.webp,ATIZAPAN DE ZARAGOZA
"Venta Departamento En Barrio Norte, Atizapán De Zaragoza",1750000,MXN,"Barrio Norte, Atizapán De Zaragoza, Estado De México",71 m² construidos,2 recámaras,1 baño,https://departamento.mercadolibre.com.mx/MLM-5723245314-venta-departamento-en-barrio-norte-atizapan-de-zaragoza-_JM,https://http2.mlstatic.com/D_NQ_NP_2X_693690-MLM113355204738_072026-E.webp,ATIZAPAN DE ZARAGOZA
"Departamento En Venta En City Esmeralda, Lago Esmeralda",3250000,MXN,"Calle Lago Garda 0, Atizapán De Zaragoza, Estado De México",68 m² construidos,,2 baños,https://departamento.mercadolibre.com.mx/MLM-2886647069-departamento-en-venta-en-city-esmeralda-lago-esmeralda-_JM,https://http2.mlstatic.com/D_NQ_NP_2X_705802-MLM109914505474_042026-E.webp,ATIZAPAN DE ZARAGOZA
"Penthouse En Venta, Atizapán De Zaragoza",8200000,MXN,"Cuitláhuac (Green Vista II), Atizapán De Zaragoza 35, Atizapán De Zaragoza, Estado De México",290 m² construidos,,3 baños,https://departamento.mercadolibre.com.mx/MLM-5236360460-penthouse-en-venta-atizapan-de-zaragoza-_JM,https://http2.mlstatic.com/D_NQ_NP_2X_952510-MLM109914867858_042026-E.webp,ATIZAPAN DE ZARAGOZA
"Se Vende Departamento En Pre Venta,  Barrio Norte, Atizapan De Zaragoza, Dhv285",2015216,MXN,"Barrio Norte, Atizapán De Zaragoza, Estado De México",61 m² construidos,2 recámaras,2 baños,https://departamento.mercadolibre.com.mx/MLM-5262373702-se-vende-departamento-en-pre-venta-barrio-norte-atizapan-de-zaragoza-dhv285-_JM,https://http2.mlstatic.com/D_NQ_NP_2X_627517-MLM111038619341_042026-E.webp,ATIZAPAN DE ZARAGOZA
¡¡ Excelente Oportunidad Departamento En Venta En City Esmer,3300000,MXN,"Calle Largo Garda S/N Manzana 3 Lote 1 0, Atizapán De Zaragoza, Estado De México",72 m² construidos,,2 baños,https://departamento.mercadolibre.com.mx/MLM-5236331484--excelente-oportunidad-departamento-en-venta-en-city-esmer-_JM,https://http2.mlstatic.com/D_NQ_NP_2X_868555-MLM109914448934_042026-E.webp,ATIZAPAN DE ZARAGOZA
"Departamento En Venta Lago Esmeralda, Atizapán De Zaragoza",2385000,MXN,"Lago Ercina, Lago Esmeralda, Atizapán De Zaragoza, Estado De México",52 m² construidos,2 recámaras,2 baños,https://departamento.mercadolibre.com.mx/MLM-5833536496-departamento-en-venta-lago-esmeralda-atizapan-de-zaragoza-_JM,https://http2.mlstatic.com/D_NQ_NP_2X_910946-MLM113946777654_072026-E.webp,ATIZAPAN DE ZARAGOZA
"Se Vende Departamento En Pre Venta,  Barrio Norte, Atizapan De Zaragoza, Dhv281",2141926,MXN,"Barrio Norte, Atizapán De Zaragoza, Estado De México",61 m² construidos,2 recámaras,2 baños,https://departamento.mercadolibre.com.mx/MLM-5262373704-se-vende-departamento-en-pre-venta-barrio-norte-atizapan-de-zaragoza-dhv281-_JM,https://http2.mlstatic.com/D_NQ_NP_2X_641626-MLM111038619607_042026-E.webp,ATIZAPAN DE ZARAGOZA
"Se Vende Departamento En Pre Venta,  Barrio Norte, Atizapan De Zaragoza, Dhv287",1933210,MXN,"Barrio Norte, Atizapán De Zaragoza, Estado De México",59 m² construidos,2 recámaras,2 baños,https://departamento.mercadolibre.com.mx/MLM-5262348282-se-vende-departamento-en-pre-venta-barrio-norte-atizapan-de-zaragoza-dhv287-_JM,https://http2.mlstatic.com/D_NQ_NP_2X_697661-MLM111038619187_042026-E.webp,ATIZAPAN DE ZARAGOZA
Venta Amplio Departamento En Coporo Barrio Norte,3100000,MXN,"Barrio Norte, Atizapán De Zaragoza, Estado De México",110 m² construidos,2 recámaras,2 baños,https://departamento.mercadolibre.com.mx/MLM-5773655048-venta-amplio-departamento-en-coporo-barrio-norte-_JM,https://http2.mlstatic.com/D_NQ_NP_2X_854490-MLM114941665727_072026-E.webp,ATIZAPAN DE ZARAGOZA
"Departamento En Venta En Bosque Esmeralda, Atizapán De Zaragoza, México",3650000,MXN,"Torre Esmeralda Sn, Bosque Esmeralda, Atizapán De Zaragoza, Estado De México",78 m² construidos,2 recámaras,2 baños,https://departamento.mercadolibre.com.mx/MLM-2999554703-departamento-en-venta-en-bosque-esmeralda-atizapan-de-zaragoza-mexico-_JM,https://http2.mlstatic.com/D_NQ_NP_2X_621949-MLM111926893600_062026-E.webp,ATIZAPAN DE ZARAGOZA
"Hermosos Departamentos En Rincon De La Montaña, Atizapan De Zaragoza",3600000,MXN,"Rincón De La Montaña, Atizapán De Zaragoza, Estado De México",100 m² construidos,2 recámaras,2 baños,https://departamento.mercadolibre.com.mx/MLM-5057744030-hermosos-departamentos-en-rincon-de-la-montana-atizapan-de-zaragoza-_JM,https://http2.mlstatic.com/D_NQ_NP_2X_997724-MLM108486780780_032026-E.webp,ATIZAPAN DE ZARAGOZA
Se Vende Departamento En Villas De La Hacienda,1300000,MXN,"Escaramuza, Atizapán De Zaragoza, Estado De México",51 m² construidos,2 recámaras,1 baño,https://departamento.mercadolibre.com.mx/MLM-5833453776-se-vende-departamento-en-villas-de-la-hacienda-_JM,https://http2.mlstatic.com/D_NQ_NP_2X_858373-MLM115257875297_072026-E.webp,ATIZAPAN DE ZARAGOZA
Excelente Departamento En Venta (rincon De La Monstaña),2850000,MXN,"PEDRO GUZMAN 17, Rincón De La Montaña, Atizapán De Zaragoza, Estado De México",100 m² construidos,2 recámaras,2 baños,https://departamento.mercadolibre.com.mx/MLM-5295743014-excelente-departamento-en-venta-rincon-de-la-monstana-_JM,https://http2.mlstatic.com/D_NQ_NP_2X_976091-MLM110348720588_052026-E.webp,ATIZAPAN DE ZARAGOZA
"Departamento En Venta En Los Cajones, Atizapán De Zaragoza, México",2600000,MXN,"S/C S/N, Los Cajones, Atizapán De Zaragoza, Estado De México",52 m² construidos,2 recámaras,1 baño,https://departamento.mercadolibre.com.mx/MLM-5455703698-departamento-en-venta-en-los-cajones-atizapan-de-zaragoza-mexico-_JM,https://http2.mlstatic.com/D_NQ_NP_2X_821008-MLM111681087418_062026-E.webp,ATIZAPAN DE ZARAGOZA
"Departamento En Venta En Los Cajones, Atizapán De Zaragoza, México",2850000,MXN,"Park View Esmeralda S/N, Los Cajones, Atizapán De Zaragoza, Estado De México",63 m² construidos,2 recámaras,2 baños,https://departamento.mercadolibre.com.mx/MLM-5486086334-departamento-en-venta-en-los-cajones-atizapan-de-zaragoza-mexico-_JM,https://http2.mlstatic.com/D_NQ_NP_2X_990044-MLM113053205421_062026-E.webp,ATIZAPAN DE ZARAGOZA
Departamento En Venta En Lomas Lindas,1350000,MXN,"C. Mar De Java, Lomas Lindas, Cdad. López Mateos, Lomas Lindas II Sección, Atizapán De Zaragoza, Estado De México",58 m² construidos,2 recámaras,1 baño,https://departamento.mercadolibre.com.mx/MLM-5070798904-departamento-en-venta-en-lomas-lindas-_JM,https://http2.mlstatic.com/D_NQ_NP_2X_906617-MLM108682564454_032026-E.webp,ATIZAPAN DE ZARAGOZA
"Departamento En Venta En Colonia Lomas Lindas Ii Sección, Atizapán De Zaragoza, Estado De México",3063000,MXN,"Mar Egeo SN, Lomas Lindas II Sección, Atizapán De Zaragoza, Estado De México",107 m² construidos,3 recámaras,2 baños,https://departamento.mercadolibre.com.mx/MLM-3126755615-departamento-en-venta-en-colonia-lomas-lindas-ii-seccion-atizapan-de-zaragoza-estado-de-mexico-_JM,https://http2.mlstatic.com/D_NQ_NP_2X_789087-MLM113238585816_072026-E.webp,ATIZAPAN DE ZARAGOZA
Hermosa Casa Recién Remodelada En Las Alamedas,5400000,MXN,"C. Pinzón, Las Alamedas, Cdad. López Mateos, Las Alamedas, Atizapán De Zaragoza, Estado De México",320 m² construidos,4 recámaras,3 baños,https://departamento.mercadolibre.com.mx/MLM-5170716394-hermosa-casa-recien-remodelada-en-las-alamedas-_JM,https://http2.mlstatic.com/D_NQ_NP_2X_900535-MLM110327264417_042026-E.webp,ATIZAPAN DE ZARAGOZA
Departamento En Venta En Lomas De Atizapán,2350000,MXN,"Ciudad López Mateos, Lomas De Atizapan 1a Secc., Atizapán De Zaragoza, Estado De México",78 m² construidos,2 recámaras,1 baño,https://departamento.mercadolibre.com.mx/MLM-5133102316-departamento-en-venta-en-lomas-de-atizapan-_JM,https://http2.mlstatic.com/D_NQ_NP_2X_899509-MLM110047153519_042026-E.webp,ATIZAPAN DE ZARAGOZA
Hermosa Casa En Venta En Bosque Esmeralda,5350000,MXN,"Bosque Esmeralda, Ciudad López Mateos, Bosque Esmeralda, Atizapán De Zaragoza, Estado De México",134 m² construidos,3 recámaras,2 baños,https://departamento.mercadolibre.com.mx/MLM-2839213063-hermosa-casa-en-venta-en-bosque-esmeralda-_JM,https://http2.mlstatic.com/D_NQ_NP_2X_755316-MLM109974390225_042026-E.webp,ATIZAPAN DE ZARAGOZA
Departamento En Venta Cerca De Unitec Atizapán,3000000,MXN,"Capistrano, Ciudad López Mateos, Capistrano, Atizapán De Zaragoza, Estado De México",110 m² construidos,2 recámaras,2 baños,https://departamento.mercadolibre.com.mx/MLM-5170463414-departamento-en-venta-cerca-de-unitec-atizapan-_JM,https://http2.mlstatic.com/D_NQ_NP_2X_636601-MLM109459880584_042026-E.webp,ATIZAPAN DE ZARAGOZA
Departamento Nuevo En Venta En Atizapán De Zaragoza,3150000,MXN,"Mar Egeo, Lomas Lindas, Cdad. López Mateos, Lomas Lindas I Sección, Atizapán De Zaragoza, Estado De México",106 m² construidos,3 recámaras,2 baños,https://departamento.mercadolibre.com.mx/MLM-5194473282-departamento-nuevo-en-venta-en-atizapan-de-zaragoza-_JM,https://http2.mlstatic.com/D_NQ_NP_2X_764367-MLM110486386263_042026-E.webp,ATIZAPAN DE ZARAGOZA
Hermoso Departamento En La Cañada,3500000,MXN,"La Cañada, Ciudad López Mateos, La Cañada, Atizapán De Zaragoza, Estado De México",111 m² construidos,3 recámaras,2 baños,https://departamento.mercadolibre.com.mx/MLM-5102572898-hermoso-departamento-en-la-canada-_JM,https://http2.mlstatic.com/D_NQ_NP_2X_633429-MLM108998076130_032026-E.webp,ATIZAPAN DE ZARAGOZA
Hermoso Departamento En Venta En Park View,2400000,MXN,"Ciudad López Mateos, Lago Esmeralda, Atizapán De Zaragoza, Estado De México",52 m² construidos,2 recámaras,2 baños,https://departamento.mercadolibre.com.mx/MLM-2817680949-hermoso-departamento-en-venta-en-park-view-_JM,https://http2.mlstatic.com/D_NQ_NP_2X_783726-MLM109460470741_032026-E.webp,ATIZAPAN DE ZARAGOZA
Hermoso Departamento En Venta En Rincón De La Montaña.,2800000,MXN,"Calle Pedro Guzmán 17, MZ 091, Rincón De La Montaña, Cdad. López Mateos, Lomas De San Lorenzo, Atizapán De Zaragoza, Estado De México",97 m² construidos,2 recámaras,2 baños,https://departamento.mercadolibre.com.mx/MLM-2853918889-hermoso-departamento-en-venta-en-rincon-de-la-montana-_JM,https://http2.mlstatic.com/D_NQ_NP_2X_688607-MLM109387511930_042026-E.webp,ATIZAPAN DE ZARAGOZA
"Departamento En Venta En Colonia Las Alamedas, Atizapán De Zaragoza, Estado De México",2900000,MXN,"BOULEVAR ATIZAPÁN 74, Las Alamedas, Atizapán De Zaragoza, Estado De México",98 m² construidos,2 recámaras,2 baños,https://departamento.mercadolibre.com.mx/MLM-5869525338-departamento-en-venta-en-colonia-las-alamedas-atizapan-de-zaragoza-estado-de-mexico-_JM,https://http2.mlstatic.com/D_NQ_NP_2X_816199-MLM115422761163_082026-E.webp,ATIZAPAN DE ZARAGOZA
"Departamento En Venta En Colonia Nuevo Madin, Atizapán De Zaragoza, Estado De México",3950000,MXN,"Manzana 23 23, Nuevo Madin, Atizapán De Zaragoza, Estado De México",92 m² construidos,1 recámara,2 baños,https://departamento.mercadolibre.com.mx/MLM-5869515400-departamento-en-venta-en-colonia-nuevo-madin-atizapan-de-zaragoza-estado-de-mexico-_JM,https://http2.mlstatic.com/D_NQ_NP_2X_903688-MLM114097034270_082026-E.webp,ATIZAPAN DE ZARAGOZA
"Departamento En Venta En Colonia Calacoaya, Atizapán De Zaragoza, Estado De México",4747600,MXN,"Calacoaya 1, Calacoaya, Atizapán De Zaragoza, Estado De México",122 m² construidos,3 recámaras,2 baños,https://departamento.mercadolibre.com.mx/MLM-5869516692-departamento-en-venta-en-colonia-calacoaya-atizapan-de-zaragoza-estado-de-mexico-_JM,https://http2.mlstatic.com/D_NQ_NP_2X_792249-MLM115423102775_082026-E.webp,ATIZAPAN DE ZARAGOZA
"Departamento En Venta En Atizapan De Zaragoza , Ex Hacienda Del Pedregal Cmb 26-2169.",2500000,MXN,"Ex Hacienda Del Pedregal Tierra De Enmedio, Ciudad López Mateos, Ex-Hacienda El Pedregal, Atizapán De Zaragoza, Estado De México",75 m² construidos,2 recámaras,2 baños,https://departamento.mercadolibre.com.mx/MLM-4949065396-departamento-en-venta-en-atizapan-de-zaragoza-ex-hacienda-del-pedregal-cmb-26-2169-_JM,https://http2.mlstatic.com/D_NQ_NP_2X_847623-MLM107409678322_032026-E.webp,ATIZAPAN DE ZARAGOZA
"Departamento En Venta En Atizapan De Zaragoza, Bosque Esmeralda Cmb 26-3315.",8200000,MXN,"Av. Bosque Esmeralda Ote., Bosque Esmeralda, Cdad. López Mateos, Bosque Esmeralda, Atizapán De Zaragoza, Estado De México",204 m² construidos,3 recámaras,5 baños,https://departamento.mercadolibre.com.mx/MLM-5514513536-departamento-en-venta-en-atizapan-de-zaragoza-bosque-esmeralda-cmb-26-3315-_JM,https://http2.mlstatic.com/D_NQ_NP_2X_956764-MLM112204362030_062026-E.webp,ATIZAPAN DE ZARAGOZA
"Departamento En Venta En Colonia Los Cajones, Atizapán De Zaragoza, Estado De México",2515000,MXN,"Lago Esmeralda Mz 003, Los Cajones, Atizapán De Zaragoza, Estado De México",52 m² construidos,2 recámaras,3 baños,https://departamento.mercadolibre.com.mx/MLM-4836965344-departamento-en-venta-en-colonia-los-cajones-atizapan-de-zaragoza-estado-de-mexico-_JM,https://http2.mlstatic.com/D_NQ_NP_2X_679087-MLM107667556029_022026-E.webp,ATIZAPAN DE ZARAGOZA
"Departamento En Venta En Colonia Rancho Blanco Ejido De Espíritu Santo, Atizapán De Zaragoza, Estado De México",2650000,MXN,"Sendero Del Escobal 13, Atizapán De Zaragoza, Estado De México",100 m² construidos,2 recámaras,2 baños,https://departamento.mercadolibre.com.mx/MLM-4837362282-departamento-en-venta-en-colonia-rancho-blanco-ejido-de-espiritu-santo-atizapan-de-zaragoza-estado-de-mexico-_JM,https://http2.mlstatic.com/D_NQ_NP_2X_641451-MLM106981148992_022026-E.webp,ATIZAPAN DE ZARAGOZA
"Departamento En Venta En Atizapan De Zaragoza, Jardines De Atizapan Cmb 26-2352.",4210690,MXN,"Jardines De Atizapan, Ciudad López Mateos, Jardines De Atizapán, Atizapán De Zaragoza, Estado De México",117 m² construidos,2 recámaras,2 baños,https://departamento.mercadolibre.com.mx/MLM-2804070339-departamento-en-venta-en-atizapan-de-zaragoza-jardines-de-atizapan-cmb-26-2352-_JM,https://http2.mlstatic.com/D_NQ_NP_2X_712954-MLM108713484901_032026-E.webp,ATIZAPAN DE ZARAGOZA
"Departamento En Venta En Colonia 27 De Septiembre, Atizapán De Zaragoza, Estado De México",3200000,MXN,"Veracruz 26, Atizapán De Zaragoza, Estado De México",108 m² construidos,2 recámaras,2 baños,https://departamento.mercadolibre.com.mx/MLM-4984720022-departamento-en-venta-en-colonia-27-de-septiembre-atizapan-de-zaragoza-estado-de-mexico-_JM,https://http2.mlstatic.com/D_NQ_NP_2X_616098-MLM107762360680_032026-E.webp,ATIZAPAN DE ZARAGOZA
"Departamento En Venta En Bosque Esmeralda, Atizapán De Zaragoza  Rah263315ref",8200000,MXN,"Bosque Esmeralda, Ciudad López Mateos, Bosque Esmeralda, Atizapán De Zaragoza, Estado De México",204 m² construidos,3 recámaras,5 baños,https://departamento.mercadolibre.com.mx/MLM-5633113334-departamento-en-venta-en-bosque-esmeralda-atizapan-de-zaragoza-rah263315ref-_JM,https://http2.mlstatic.com/D_NQ_NP_2X_959198-MLM114059409877_072026-E.webp,ATIZAPAN DE ZARAGOZA
"Departamento En Venta En Colonia Club De Golf Valle Escondido, Atizapán De Zaragoza, Estado De México",12500000,MXN,"Av Parque De Los Ciervos  4, Club De Golf Valle Escondido, Atizapán De Zaragoza, Estado De México",195 m² construidos,3 recámaras,4 baños,https://departamento.mercadolibre.com.mx/MLM-2739999501-departamento-en-venta-en-colonia-club-de-golf-valle-escondido-atizapan-de-zaragoza-estado-de-mexico-_JM,https://http2.mlstatic.com/D_NQ_NP_2X_649677-MLM107112045377_022026-E.webp,ATIZAPAN DE ZARAGOZA
"Departamento En Venta En Atizapan De Zaragoza, Jardines De Atizapan  Edlt 26-2348.",3991520,MXN,"Jardines De Atizapan, Ciudad López Mateos, Jardines De Atizapán, Atizapán De Zaragoza, Estado De México",117 m² construidos,2 recámaras,2 baños,https://departamento.mercadolibre.com.mx/MLM-5004939818-departamento-en-venta-en-atizapan-de-zaragoza-jardines-de-atizapan-edlt-26-2348-_JM,https://http2.mlstatic.com/D_NQ_NP_2X_872832-MLM108711668537_032026-E.webp,ATIZAPAN DE ZARAGOZA
Departamento Con Excelente Ubicación En Zona Esmeralda,3600000,MXN,"C. Bosque Esmeralda Manzana 2-Lote 1, Bosque Esmeralda, 52800 - 53100 Cdad. López Mateos, Méx., Mexico, Bosque Esmeralda, Atizapán De Zaragoza, Estado De México",100 m² construidos,2 recámaras,2 baños,https://departamento.mercadolibre.com.mx/MLM-3236272537-departamento-con-excelente-ubicacion-en-zona-esmeralda-_JM,https://http2.mlstatic.com/D_NQ_NP_2X_970017-MLM115479853061_082026-E.webp,ATIZAPAN DE ZARAGOZA
"Excelente Depa, Lomas Lindas Il, Atizapan",2100000,MXN,"Av. Océano Pacífico 3, Lomas Lindas II Secc., Lomas Lindas, 52947 Cdad. López Mateos, Méx., Mexico, Lomas Lindas II Sección, Atizapán De Zaragoza, Estado De México",70 m² construidos,2 recámaras,2 baños,https://departamento.mercadolibre.com.mx/MLM-5757706740-excelente-depa-lomas-lindas-il-atizapan-_JM,https://http2.mlstatic.com/D_NQ_NP_2X_768243-MLM113408780445_062026-E.webp,ATIZAPAN DE ZARAGOZA
"Departamento Con Sala,comedor, Cocina Integral, 2 Recamaras, Estudio Y  1 Baño. Un Cajón De Estacionamiento, Áreas Verdes Comunes",1900000,MXN,"Ciudad López Mateos, Las Colonias, Atizapán De Zaragoza, Estado De México",75 m² construidos,2 recámaras,1 baño,https://departamento.mercadolibre.com.mx/MLM-5707976880-departamento-con-salacomedor-cocina-integral-2-recamaras-estudio-y-1-bano-un-cajon-de-estacionamiento-areas-verdes-comunes-_JM,https://http2.mlstatic.com/D_NQ_NP_2X_766942-MLM113269346290_072026-E.webp,ATIZAPAN DE ZARAGOZA
"Sky View Esmeralda En Atizapán Frente A Presa Madín Y A 5 Minutos De Galerías Atizapán, Costco Y Demás Servicios De Restaurantes Y Otras Tiendas Como Liverpool Sears, Walmart Y Seven Eleven",3990000,MXN,"Sky View Esmeralda, C. Lago Ercina MZ 023, Bosque Esmeralda, Cdad. López Mateos, Atizapán, Atizapán De Zaragoza, Estado De México",92 m² construidos,3 recámaras,2 baños,https://departamento.mercadolibre.com.mx/MLM-3093407369-sky-view-esmeralda-en-atizapan-frente-a-presa-madin-y-a-5-minutos-de-galerias-atizapan-costco-y-demas-servicios-de-restaurantes-y-otras-tiendas-como-liverpool-sears-walmart-y-seven-eleven-_JM,https://http2.mlstatic.com/D_NQ_NP_2X_667472-MLM114228273951_072026-E.webp,ATIZAPAN DE ZARAGOZA
"Venta Departamento Remodelado En Atizapán, Edo. De México.",2100000,MXN,"AV TOLUCA 32 SUR LOMAS DE ATIZAPAN ATIZAPAN DE ZARAGOZA, Lomas De Atizapan, 52977 Cdad. López Mateos, Méx., Mexico, Atizapán, Atizapán De Zaragoza, Estado De México",70 m² construidos,2 recámaras,1 baño,https://departamento.mercadolibre.com.mx/MLM-3135577061-venta-departamento-remodelado-en-atizapan-edo-de-mexico-_JM,https://http2.mlstatic.com/D_NQ_NP_2X_824034-MLM112664735183_062026-E.webp,ATIZAPAN DE ZARAGOZA
Venta De Departamento En Torres Del Bosque Atizapán,3050000,MXN,"Barrio Norte, Atizapán De Zaragoza, Estado De México",133 m² construidos,3 recámaras,2 baños,https://departamento.mercadolibre.com.mx/MLM-4826549996-venta-de-departamento-en-torres-del-bosque-atizapan-_JM,https://http2.mlstatic.com/D_NQ_NP_2X_830460-MLM91214042194_092025-E.webp,ATIZAPAN DE ZARAGOZA
"Remate - Departamento Residencial En Venta En Colonia Las Colonias, Atizapán De Zaragoza, Estado De México - Aut416",840000,MXN,"Remate - Departamento Residencial En Venta En Colonia Las Colonias, Atizapán De Zaragoza, Estado De México - Aut416, Atizapán De Zaragoza, Estado De México",76 m² construidos,3 recámaras,1 baño,https://departamento.mercadolibre.com.mx/MLM-5178662848-remate-departamento-residencial-en-venta-en-colonia-las-colonias-atizapan-de-zaragoza-estado-de-mexico-aut416-_JM,https://http2.mlstatic.com/D_NQ_NP_2X_943619-MLM109519246798_042026-E.webp,ATIZAPAN DE ZARAGOZA
Departamento En Venta Residencial Lago Esmeralda,2250000,MXN,"Residencial Lago Esmeralda, Atizapán De Zaragoza, Estado De México",132 m² construidos,3 recámaras,2 baños,https://departamento.mercadolibre.com.mx/MLM-5585034634-departamento-en-venta-residencial-lago-esmeralda-_JM,https://http2.mlstatic.com/D_NQ_NP_2X_656726-MLM112637338454_062026-E.webp,ATIZAPAN DE ZARAGOZA
Estrena En Cumbre 424: Preventa Exclusiva En Zona Esmeralda | Entrega 2027 | Aceptamos Créditos,2190000,MXN,"Ciudad López Mateos, Lago Esmeralda, Atizapán De Zaragoza, Estado De México",43 m² construidos,2 recámaras,1 baño,https://departamento.mercadolibre.com.mx/MLM-5662802194-estrena-en-cumbre-424-preventa-exclusiva-en-zona-esmeralda-entrega-2027-aceptamos-creditos-_JM,https://http2.mlstatic.com/D_NQ_NP_2X_686952-MLM113068772676_072026-E.webp,ATIZAPAN DE ZARAGOZA
Departamento En Monte Xilo En Venta De Oportunidad,3900000,MXN,"Rancho Blanco, Atizapán De Zaragoza, Estado De México",150 m² construidos,2 recámaras,2 baños,https://departamento.mercadolibre.com.mx/MLM-2913886361-departamento-en-monte-xilo-en-venta-de-oportunidad-_JM,https://http2.mlstatic.com/D_NQ_NP_2X_752401-MLM114611916343_072026-E.webp,ATIZAPAN DE ZARAGOZA
Departamento En Venta En Atizapan De Zaragoza,950000,MXN,"Boulevard Ignacio Zaragoza, Hacienda Del Pedregal, Atizapán De Zaragoza, Estado De México",49 m² construidos,2 recámaras,1 baño,https://departamento.mercadolibre.com.mx/MLM-5291497890-departamento-en-venta-en-atizapan-de-zaragoza-_JM,https://http2.mlstatic.com/D_NQ_NP_2X_716884-MLM111241013563_052026-E.webp,ATIZAPAN DE ZARAGOZA
Venta Estupendo Departamento En Jardines De Atizapán,1850000,MXN,"Jardines De Atizapán, Atizapán De Zaragoza, Estado De México",91 m² construidos,3 recámaras,1 baño,https://departamento.mercadolibre.com.mx/MLM-2881176471-venta-estupendo-departamento-en-jardines-de-atizapan-_JM,https://http2.mlstatic.com/D_NQ_NP_2X_638149-MLM109828767046_042026-E.webp,ATIZAPAN DE ZARAGOZA
"Departamento En Venta En Colonia Bosque Esmeralda, Atizapán De Zaragoza, Estado De México",3600000,MXN,"Lago Garda S/n, Bosque Esmeralda, Atizapán De Zaragoza, Estado De México",73 m² construidos,2 recámaras,2 baños,https://departamento.mercadolibre.com.mx/MLM-5903066714-departamento-en-venta-en-colonia-bosque-esmeralda-atizapan-de-zaragoza-estado-de-mexico-_JM,https://http2.mlstatic.com/D_NQ_NP_2X_999358-MLM114326618888_082026-E.webp,ATIZAPAN DE ZARAGOZA
"Hermoso Departamento En Venta Ubicado A  10 Min. Del  Club De Golf Hacienda, Tecnológico De Monterrey Y Lago De Guadalupe.",3800000,MXN,"Ciudad López Mateos, Las Colonias, Atizapán De Zaragoza, Estado De México",116 m² construidos,3 recámaras,2 baños,https://departamento.mercadolibre.com.mx/MLM-5902555754-hermoso-departamento-en-venta-ubicado-a-10-min-del-club-de-golf-hacienda-tecnologico-de-monterrey-y-lago-de-guadalupe-_JM,https://http2.mlstatic.com/D_NQ_NP_2X_663328-MLM114320542654_082026-E.webp,ATIZAPAN DE ZARAGOZA
Departamento En Venta En Rancho  San Juan Estado De México,12500000,MXN,"Rancho San Juan, Atizapán De Zaragoza, Estado De México",212 m² construidos,3 recámaras,3 baños,https://departamento.mercadolibre.com.mx/MLM-5902656666-departamento-en-venta-en-rancho-san-juan-estado-de-mexico-_JM,https://http2.mlstatic.com/D_NQ_NP_2X_810384-MLM114322293968_082026-E.webp,ATIZAPAN DE ZARAGOZA
